Instance,INF_avg,INF_sd,INF_r1,INF_kr,INF_sk,SUP_avg,SUP_sd,SUP_r1,SUP_kr,SUP_sk,INC_avg,INC_sd,INC_r1,INC_kr,INC_sk,IND_avg,IND_sd,IND_r1,IND_kr,IND_sk
156,0.2050000000,0.0415331193,-0.4513788099,1.4738500315,-0.1884300309,0.2950000000,0.1150000000,-0.7882727514,1.9831868811,-0.7160351771,0.5000000000,0.1431782106,-0.8333333333,1.8173706127,0.5365988858,0.2250000000,0.0642261629,-0.1076923077,2.1900826446,-0.4246357877
