Instance,FV_avg_avg,FV_avg_sd,FV_sd_avg,FV_sd_sd,FV_r1_avg,FV_r1_sd,FV_kr_avg,FV_kr_sd,FV_sk_avg,FV_sk_sd,FD_avg_avg,FD_avg_sd,FD_sd_avg,FD_sd_sd,FD_r1_avg,FD_r1_sd,FD_kr_avg,FD_kr_sd,FD_sk_avg,FD_sk_sd,IN_avg_avg,IN_avg_sd,IN_sd_avg,IN_sd_sd,IN_r1_avg,IN_r1_sd,IN_kr_avg,IN_kr_sd,IN_sk_avg,IN_sk_sd
212,0.4943278352,0.3002602149,0.0007630993,0.0004338647,0.6151465333,0.2349268447,2.1659146170,0.6126460786,0.0390946292,0.4982566180,0.0000175666,0.0000883513,0.0000925906,0.0000574407,-0.0774768519,0.2560096448,2.5038081310,0.8730923764,0.2767553866,0.6315693371,0.5013000000,0.0462094146,0.0650398462,0.0164565613,-0.1291017256,0.2206228056,2.0925660462,0.5232371459,0.1537557237,0.4361825850
