Instance,INF_avg,INF_sd,INF_r1,INF_kr,INF_sk,SUP_avg,SUP_sd,SUP_r1,SUP_kr,SUP_sk,INC_avg,INC_sd,INC_r1,INC_kr,INC_sk,IND_avg,IND_sd,IND_r1,IND_kr,IND_sk
325,0.2457000000,0.0445029213,0.1790447642,2.7843055586,0.3022299208,0.2392000000,0.0469186530,0.2974639788,2.6507181098,0.1415868500,0.5151000000,0.0516622686,0.0017661441,2.6196925918,0.0011734470,0.0693000000,0.0172194657,-0.0703734895,2.5173457805,0.2023239010
