Instance,INF_avg,INF_sd,INF_r1,INF_kr,INF_sk,SUP_avg,SUP_sd,SUP_r1,SUP_kr,SUP_sk,INC_avg,INC_sd,INC_r1,INC_kr,INC_sk,IND_avg,IND_sd,IND_r1,IND_kr,IND_sk
442,0.2700000000,0.1734935157,-0.1562812396,2.1798545270,0.2366839057,0.2400000000,0.1496662955,-0.4677103718,2.1339285714,0.7301958931,0.4900000000,0.1700000000,-0.1592632719,1.7425198453,-0.0879299817,0.2900000000,0.0830662386,-0.1320754717,3.4902331443,-0.8584034742
