Instance,INF_avg,INF_sd,INF_r1,INF_kr,INF_sk,SUP_avg,SUP_sd,SUP_r1,SUP_kr,SUP_sk,INC_avg,INC_sd,INC_r1,INC_kr,INC_sk,IND_avg,IND_sd,IND_r1,IND_kr,IND_sk
257,0.3627450980,0.1342528845,0.0235482895,2.5609898994,-0.2238688771,0.1862745098,0.1010137010,0.0500755963,2.3536085214,0.6193989986,0.4509803922,0.1588840359,0.2164480434,2.8128660378,0.3634141586,0.3568627451,0.1107105429,0.2619182747,2.4930605517,0.3899844313
