Instance,INF_avg,INF_sd,INF_r1,INF_kr,INF_sk,SUP_avg,SUP_sd,SUP_r1,SUP_kr,SUP_sk,INC_avg,INC_sd,INC_r1,INC_kr,INC_sk,IND_avg,IND_sd,IND_r1,IND_kr,IND_sk
181,0.2670000000,0.0368917335,-0.3472457783,1.8480258011,-0.4187242950,0.2740000000,0.0562494444,-0.3859910581,2.3165271121,-0.7643396182,0.4590000000,0.0613921819,-0.5286571373,1.7618712400,0.4036870959,0.0660000000,0.0168522995,0.2209631728,4.8952588772,1.5194148272
