Instance,FV_avg_avg,FV_avg_sd,FV_sd_avg,FV_sd_sd,FV_r1_avg,FV_r1_sd,FV_kr_avg,FV_kr_sd,FV_sk_avg,FV_sk_sd,FD_avg_avg,FD_avg_sd,FD_sd_avg,FD_sd_sd,FD_r1_avg,FD_r1_sd,FD_kr_avg,FD_kr_sd,FD_sk_avg,FD_sk_sd,IN_avg_avg,IN_avg_sd,IN_sd_avg,IN_sd_sd,IN_r1_avg,IN_r1_sd,IN_kr_avg,IN_kr_sd,IN_sk_avg,IN_sk_sd
111,0.4989618657,0.3027359712,0.0004316345,0.0003562006,0.5903724682,0.2889680520,2.1523089980,0.4665369955,0.0428962101,0.3852683312,0.0000111494,0.0000451075,0.0000348925,0.0000224865,-0.0645790661,0.3649482924,2.2739750989,0.6995785508,0.0646975682,0.4654981156,0.5044000000,0.0441388718,0.0510257331,0.0097864480,-0.0730961425,0.3522763584,2.1715068739,0.6089961208,0.1528697710,0.3778248779
