Instance,INF_avg,INF_sd,INF_r1,INF_kr,INF_sk,SUP_avg,SUP_sd,SUP_r1,SUP_kr,SUP_sk,INC_avg,INC_sd,INC_r1,INC_kr,INC_sk,IND_avg,IND_sd,IND_r1,IND_kr,IND_sk
161,0.3600000000,0.1200000000,-0.5648854962,1.3981481481,0.1111111111,0.2000000000,0.1095445115,0.2000000000,2.5000000000,0.9128709292,0.4400000000,0.1019803903,-0.5079365079,1.9556213018,0.2715454179,0.3600000000,0.0800000000,-0.3380281690,2.0781250000,0.8437500000
