Instance,FV_avg_avg,FV_avg_sd,FV_sd_avg,FV_sd_sd,FV_r1_avg,FV_r1_sd,FV_kr_avg,FV_kr_sd,FV_sk_avg,FV_sk_sd,FD_avg_avg,FD_avg_sd,FD_sd_avg,FD_sd_sd,FD_r1_avg,FD_r1_sd,FD_kr_avg,FD_kr_sd,FD_sk_avg,FD_sk_sd,IN_avg_avg,IN_avg_sd,IN_sd_avg,IN_sd_sd,IN_r1_avg,IN_r1_sd,IN_kr_avg,IN_kr_sd,IN_sk_avg,IN_sk_sd
445,0.4966025726,0.3018115967,0.0003701838,0.0002452445,0.7927207650,0.1409842105,2.2330653994,0.5612336979,0.0557084100,0.3920517671,0.0000025821,0.0000146126,0.0000451137,0.0000281014,-0.0801456818,0.2012997275,2.3890826276,0.3562415016,-0.0403206518,0.4002505021,0.5042000000,0.0329842387,0.1079163375,0.0172761138,-0.1255776742,0.2030689651,2.6267883072,0.5608322951,-0.0963133220,0.3829304640
