Instance,FV_avg_avg,FV_avg_sd,FV_sd_avg,FV_sd_sd,FV_r1_avg,FV_r1_sd,FV_kr_avg,FV_kr_sd,FV_sk_avg,FV_sk_sd,FD_avg_avg,FD_avg_sd,FD_sd_avg,FD_sd_sd,FD_r1_avg,FD_r1_sd,FD_kr_avg,FD_kr_sd,FD_sk_avg,FD_sk_sd,IN_avg_avg,IN_avg_sd,IN_sd_avg,IN_sd_sd,IN_r1_avg,IN_r1_sd,IN_kr_avg,IN_kr_sd,IN_sk_avg,IN_sk_sd
362,0.4973398375,0.3019980438,0.0008071959,0.0007510152,0.9483559680,0.0308251279,2.3169058669,0.3687412802,0.0584543781,0.3947231528,0.0000004454,0.0000173524,0.0000158755,0.0000102594,0.1633663328,0.1507932813,3.0272236776,0.6954541251,-0.0287033596,0.2826777140,0.4959025000,0.0269753660,0.0378553212,0.0032522731,0.1281118370,0.1290518638,3.0355030773,0.6121170999,-0.0043710754,0.2141438938
