Instance,INF_avg,INF_sd,INF_r1,INF_kr,INF_sk,SUP_avg,SUP_sd,SUP_r1,SUP_kr,SUP_sk,INC_avg,INC_sd,INC_r1,INC_kr,INC_sk,IND_avg,IND_sd,IND_r1,IND_kr,IND_sk
410,0.4728217822,0.1134722364,0.8967845529,2.1562706697,0.1821993387,0.0980198020,0.0834588866,0.9375705444,2.3898466520,0.8120174749,0.4291584158,0.0570871720,0.6005152348,2.8866586405,-0.5502017787,0.0416831683,0.0119254538,0.0164487776,3.0454180067,0.3166339483
