Instance,INF_avg,INF_sd,INF_r1,INF_kr,INF_sk,SUP_avg,SUP_sd,SUP_r1,SUP_kr,SUP_sk,INC_avg,INC_sd,INC_r1,INC_kr,INC_sk,IND_avg,IND_sd,IND_r1,IND_kr,IND_sk
249,0.3700000000,0.1122497216,-0.3768115942,1.8469387755,0.3436215967,0.1700000000,0.0509901951,-0.4682539683,1.9556213018,0.2715454179,0.4600000000,0.1593737745,-0.4223798266,1.9437348875,-0.4046348854,0.2200000000,0.0812403840,0.0950920245,2.2685950413,0.1790421687
