Instance,FV_avg_avg,FV_avg_sd,FV_sd_avg,FV_sd_sd,FV_r1_avg,FV_r1_sd,FV_kr_avg,FV_kr_sd,FV_sk_avg,FV_sk_sd,FD_avg_avg,FD_avg_sd,FD_sd_avg,FD_sd_sd,FD_r1_avg,FD_r1_sd,FD_kr_avg,FD_kr_sd,FD_sk_avg,FD_sk_sd,IN_avg_avg,IN_avg_sd,IN_sd_avg,IN_sd_sd,IN_r1_avg,IN_r1_sd,IN_kr_avg,IN_kr_sd,IN_sk_avg,IN_sk_sd
337,0.4969554459,0.3022875141,0.0006897393,0.0004484925,0.9460293312,0.0306246015,2.2836162804,0.4879684661,0.0527868652,0.4268492984,0.0000058214,0.0000106176,0.0000277022,0.0000162491,0.0056528289,0.1165425451,2.8788214656,0.5346400373,-0.0628113546,0.2306430173,0.5133500000,0.0208281420,0.0701012848,0.0054383700,0.0009435449,0.1032094187,2.8878594000,0.4610805633,0.0124672954,0.2211674478
