Instance,INF_avg,INF_sd,INF_r1,INF_kr,INF_sk,SUP_avg,SUP_sd,SUP_r1,SUP_kr,SUP_sk,INC_avg,INC_sd,INC_r1,INC_kr,INC_sk,IND_avg,IND_sd,IND_r1,IND_kr,IND_sk
216,0.2545000000,0.1010185627,0.1547951005,2.5933751514,-0.1882928060,0.2055000000,0.0877197241,0.1559497937,2.7493937429,0.1431450668,0.5400000000,0.1330413470,0.1641191123,2.7942162214,0.1038290700,0.2335000000,0.0717826581,0.0421134575,2.1132812758,0.0630025150
