Instance,FV_avg_avg,FV_avg_sd,FV_sd_avg,FV_sd_sd,FV_r1_avg,FV_r1_sd,FV_kr_avg,FV_kr_sd,FV_sk_avg,FV_sk_sd,FD_avg_avg,FD_avg_sd,FD_sd_avg,FD_sd_sd,FD_r1_avg,FD_r1_sd,FD_kr_avg,FD_kr_sd,FD_sk_avg,FD_sk_sd,IN_avg_avg,IN_avg_sd,IN_sd_avg,IN_sd_sd,IN_r1_avg,IN_r1_sd,IN_kr_avg,IN_kr_sd,IN_sk_avg,IN_sk_sd
296,0.5001129284,0.3034317955,0.0002237303,0.0001591484,0.4991020770,0.2911301504,2.3408192471,0.8210512941,-0.1628782426,0.6158342382,0.0000078421,0.0000292989,0.0000419602,0.0000289153,-0.0634306237,0.2528556987,2.4910007670,0.6083151945,-0.1014698433,0.5861586953,0.4957500000,0.0784581895,0.1140041484,0.0243270252,-0.0041697959,0.3223546029,2.6566675238,0.6477188333,-0.0893351798,0.5871761105
