Instance,FV_avg_avg,FV_avg_sd,FV_sd_avg,FV_sd_sd,FV_r1_avg,FV_r1_sd,FV_kr_avg,FV_kr_sd,FV_sk_avg,FV_sk_sd,FD_avg_avg,FD_avg_sd,FD_sd_avg,FD_sd_sd,FD_r1_avg,FD_r1_sd,FD_kr_avg,FD_kr_sd,FD_sk_avg,FD_sk_sd,IN_avg_avg,IN_avg_sd,IN_sd_avg,IN_sd_sd,IN_r1_avg,IN_r1_sd,IN_kr_avg,IN_kr_sd,IN_sk_avg,IN_sk_sd
210,0.4992007878,0.3030850446,0.0004919920,0.0003435701,0.4868573191,0.3072929704,2.2755471740,0.6527075154,-0.0770080064,0.5237447559,0.0000004012,0.0000448189,0.0000759174,0.0000485291,-0.1930967457,0.3012925789,2.3629541279,0.6119320942,0.0554483434,0.4725769024,0.4985000000,0.0355000000,0.0983614695,0.0117269483,-0.1622418223,0.3142768148,2.3116267157,0.5745924050,-0.1100979817,0.4749715300
