Instance,INF_avg,INF_sd,INF_r1,INF_kr,INF_sk,SUP_avg,SUP_sd,SUP_r1,SUP_kr,SUP_sk,INC_avg,INC_sd,INC_r1,INC_kr,INC_sk,IND_avg,IND_sd,IND_r1,IND_kr,IND_sk
430,0.2430000000,0.0447772264,0.2322472762,2.2810786003,-0.0268661687,0.2054000000,0.0411441369,0.4674593154,2.4222216576,-0.0195472130,0.5516000000,0.0539392251,0.0027660062,3.6345089348,-0.5406730325,0.0696000000,0.0168475518,-0.0635581680,2.4129611106,0.0879697199
