Instance,FV_avg_avg,FV_avg_sd,FV_sd_avg,FV_sd_sd,FV_r1_avg,FV_r1_sd,FV_kr_avg,FV_kr_sd,FV_sk_avg,FV_sk_sd,FD_avg_avg,FD_avg_sd,FD_sd_avg,FD_sd_sd,FD_r1_avg,FD_r1_sd,FD_kr_avg,FD_kr_sd,FD_sk_avg,FD_sk_sd,IN_avg_avg,IN_avg_sd,IN_sd_avg,IN_sd_sd,IN_r1_avg,IN_r1_sd,IN_kr_avg,IN_kr_sd,IN_sk_avg,IN_sk_sd
18,0.4991643968,0.3034184800,0.0007550175,0.0004739263,0.9254870077,0.0506725589,2.2559209061,0.5171421604,-0.0944139266,0.4504505996,-0.0000045554,0.0000189472,0.0000393381,0.0000230652,-0.0147427277,0.1914250523,2.9990949785,0.8508119721,0.0171690862,0.3783538314,0.5023600000,0.0306646115,0.0710165474,0.0086001161,-0.0193717224,0.1976853010,2.9858855512,0.4144876973,0.0575977334,0.3385330306
