Instance,FV_avg_avg,FV_avg_sd,FV_sd_avg,FV_sd_sd,FV_r1_avg,FV_r1_sd,FV_kr_avg,FV_kr_sd,FV_sk_avg,FV_sk_sd,FD_avg_avg,FD_avg_sd,FD_sd_avg,FD_sd_sd,FD_r1_avg,FD_r1_sd,FD_kr_avg,FD_kr_sd,FD_sk_avg,FD_sk_sd,IN_avg_avg,IN_avg_sd,IN_sd_avg,IN_sd_sd,IN_r1_avg,IN_r1_sd,IN_kr_avg,IN_kr_sd,IN_sk_avg,IN_sk_sd
315,0.4968590868,0.3013194584,0.0006886000,0.0005624100,0.7530091848,0.1374802263,2.5605092352,0.7442961333,0.0338516438,0.6389353180,0.0000019449,0.0000255143,0.0000557506,0.0000338116,0.0451742691,0.2498522397,3.1537587714,1.2915510010,0.0378465236,0.4875318837,0.5014400000,0.0271783443,0.0702804090,0.0105796083,-0.0096468059,0.2235292723,2.8468097691,0.8411227964,-0.0686357639,0.5352049254
