Instance,INF_avg,INF_sd,INF_r1,INF_kr,INF_sk,SUP_avg,SUP_sd,SUP_r1,SUP_kr,SUP_sk,INC_avg,INC_sd,INC_r1,INC_kr,INC_sk,IND_avg,IND_sd,IND_r1,IND_kr,IND_sk
79,0.6291666667,0.1244717470,0.8819211330,2.4673464618,-0.6469757672,0.0780769231,0.0765951343,0.8792698489,3.6968316212,1.2654233139,0.2927564103,0.0589254605,0.7112427783,2.4265628631,-0.0894849845,0.0408974359,0.0109703443,0.3404388840,3.0901639277,0.5066046561
