Instance,INF_avg,INF_sd,INF_r1,INF_kr,INF_sk,SUP_avg,SUP_sd,SUP_r1,SUP_kr,SUP_sk,INC_avg,INC_sd,INC_r1,INC_kr,INC_sk,IND_avg,IND_sd,IND_r1,IND_kr,IND_sk
180,0.2588235294,0.0852941176,0.1626093572,2.0789855800,0.2928779368,0.2029411765,0.1230382392,0.1148906630,3.1284042449,0.7849168726,0.5382352941,0.1242973330,0.0036826303,2.3994813461,-0.2244485792,0.2220588235,0.0850529044,-0.1340310226,2.2650625054,0.2979820212
