Instance,FV_avg_avg,FV_avg_sd,FV_sd_avg,FV_sd_sd,FV_r1_avg,FV_r1_sd,FV_kr_avg,FV_kr_sd,FV_sk_avg,FV_sk_sd,FD_avg_avg,FD_avg_sd,FD_sd_avg,FD_sd_sd,FD_r1_avg,FD_r1_sd,FD_kr_avg,FD_kr_sd,FD_sk_avg,FD_sk_sd,IN_avg_avg,IN_avg_sd,IN_sd_avg,IN_sd_sd,IN_r1_avg,IN_r1_sd,IN_kr_avg,IN_kr_sd,IN_sk_avg,IN_sk_sd
81,0.4949976682,0.3003120824,0.0014688821,0.0010942462,0.7795176583,0.1380685384,2.1937924538,0.4888374770,-0.0303580631,0.2748518219,0.0000319161,0.0000537069,0.0000777470,0.0000460404,0.0380868773,0.1545539093,2.7104951836,0.4472723820,0.1100610760,0.4780147825,0.5113600000,0.0266717528,0.0508632576,0.0049896921,0.0421725425,0.2089672307,2.6521588748,0.5527979951,0.0782430750,0.3664801046
