Instance,INF_avg,INF_sd,INF_r1,INF_kr,INF_sk,SUP_avg,SUP_sd,SUP_r1,SUP_kr,SUP_sk,INC_avg,INC_sd,INC_r1,INC_kr,INC_sk,IND_avg,IND_sd,IND_r1,IND_kr,IND_sk
487,0.2300000000,0.0620000000,-0.1029796132,3.4089371005,0.5679567655,0.2844000000,0.0725853980,0.1891845825,4.3413102593,0.6383680936,0.4856000000,0.0761093950,0.0998513147,3.2372589283,-0.4686414155,0.1140000000,0.0349284984,0.1822906388,2.2122332706,-0.0540683017
