Instance,INF_avg,INF_sd,INF_r1,INF_kr,INF_sk,SUP_avg,SUP_sd,SUP_r1,SUP_kr,SUP_sk,INC_avg,INC_sd,INC_r1,INC_kr,INC_sk,IND_avg,IND_sd,IND_r1,IND_kr,IND_sk
110,0.2705000000,0.0277893865,0.4703399877,2.4519105744,-0.1652349281,0.2655000000,0.0337971892,-0.2251683620,2.3533138265,0.4163726685,0.4640000000,0.0329241553,-0.1370975182,2.3024281396,-0.3319437265,0.0370000000,0.0130766968,0.2936694021,1.8168667282,0.2307573463
