Instance,FV_avg_avg,FV_avg_sd,FV_sd_avg,FV_sd_sd,FV_r1_avg,FV_r1_sd,FV_kr_avg,FV_kr_sd,FV_sk_avg,FV_sk_sd,FD_avg_avg,FD_avg_sd,FD_sd_avg,FD_sd_sd,FD_r1_avg,FD_r1_sd,FD_kr_avg,FD_kr_sd,FD_sk_avg,FD_sk_sd,IN_avg_avg,IN_avg_sd,IN_sd_avg,IN_sd_sd,IN_r1_avg,IN_r1_sd,IN_kr_avg,IN_kr_sd,IN_sk_avg,IN_sk_sd
389,0.5001719362,0.3041854023,0.0002825944,0.0002118289,0.6074085634,0.3157717612,2.2751160435,0.7839250851,0.0878440393,0.6457787380,0.0000027114,0.0000124388,0.0000143311,0.0000096916,-0.0640333988,0.3253468312,2.7967262099,1.0956399875,-0.3227095045,0.6865597566,0.5075750000,0.0198363776,0.0341784755,0.0052052199,-0.1042253191,0.2604405232,2.4629452121,0.5775371328,0.0738935265,0.5199948363
