Instance,FV_avg_avg,FV_avg_sd,FV_sd_avg,FV_sd_sd,FV_r1_avg,FV_r1_sd,FV_kr_avg,FV_kr_sd,FV_sk_avg,FV_sk_sd,FD_avg_avg,FD_avg_sd,FD_sd_avg,FD_sd_sd,FD_r1_avg,FD_r1_sd,FD_kr_avg,FD_kr_sd,FD_sk_avg,FD_sk_sd,IN_avg_avg,IN_avg_sd,IN_sd_avg,IN_sd_sd,IN_r1_avg,IN_r1_sd,IN_kr_avg,IN_kr_sd,IN_sk_avg,IN_sk_sd
219,0.5005165166,0.3038793655,0.0001017141,0.0000811846,0.0162903520,0.4919431491,1.9084876433,0.4685024456,0.0798940636,0.5905974063,-0.0000068529,0.0000141279,0.0000222924,0.0000130822,-0.2375431788,0.3295648359,1.9628506929,0.4648803307,0.0410049386,0.5196674760,0.4890000000,0.0460325971,0.0863462699,0.0347033382,-0.2956988205,0.3401640083,2.0014680968,0.4327674093,-0.1033800388,0.4838194325
