Instance,INF_avg,INF_sd,INF_r1,INF_kr,INF_sk,SUP_avg,SUP_sd,SUP_r1,SUP_kr,SUP_sk,INC_avg,INC_sd,INC_r1,INC_kr,INC_sk,IND_avg,IND_sd,IND_r1,IND_kr,IND_sk
270,0.2360000000,0.1261110622,-0.2126941530,1.8416758094,0.3767877441,0.2360000000,0.1571750616,-0.1457109283,1.8942169588,0.1971004451,0.5280000000,0.1562561999,-0.2511235658,2.7301874542,-0.3441268434,0.3840000000,0.1316966211,-0.1938763852,3.1933218502,0.2962192180
