Instance,FV_avg_avg,FV_avg_sd,FV_sd_avg,FV_sd_sd,FV_r1_avg,FV_r1_sd,FV_kr_avg,FV_kr_sd,FV_sk_avg,FV_sk_sd,FD_avg_avg,FD_avg_sd,FD_sd_avg,FD_sd_sd,FD_r1_avg,FD_r1_sd,FD_kr_avg,FD_kr_sd,FD_sk_avg,FD_sk_sd,IN_avg_avg,IN_avg_sd,IN_sd_avg,IN_sd_sd,IN_r1_avg,IN_r1_sd,IN_kr_avg,IN_kr_sd,IN_sk_avg,IN_sk_sd
136,0.4947213952,0.3007411743,0.0008708658,0.0005046447,0.8038742944,0.1580912874,2.1938254039,0.4748562187,0.1277880871,0.4406413154,0.0000055550,0.0000412414,0.0000519280,0.0000305802,0.2708634329,0.2401321541,2.6619881553,0.6611384869,0.0041107408,0.4976128615,0.5106400000,0.0476304776,0.0540842402,0.0082111489,0.1844709991,0.2091450277,2.6542324186,0.4912437789,-0.0184926991,0.4609721363
