Instance,INF_avg,INF_sd,INF_r1,INF_kr,INF_sk,SUP_avg,SUP_sd,SUP_r1,SUP_kr,SUP_sk,INC_avg,INC_sd,INC_r1,INC_kr,INC_sk,IND_avg,IND_sd,IND_r1,IND_kr,IND_sk
377,0.2320000000,0.0097979590,-0.0924369748,2.7291666667,0.8675276172,0.2460000000,0.0241660919,-0.5909090909,2.5052542691,0.8978957038,0.5220000000,0.0263818119,-0.7663981588,1.8008323424,-0.3476794476,0.0720000000,0.0183303028,0.3067846608,2.2295918367,-0.6858276550
