Instance,INF_avg,INF_sd,INF_r1,INF_kr,INF_sk,SUP_avg,SUP_sd,SUP_r1,SUP_kr,SUP_sk,INC_avg,INC_sd,INC_r1,INC_kr,INC_sk,IND_avg,IND_sd,IND_r1,IND_kr,IND_sk
27,0.2185000000,0.0333953590,0.0418839597,2.4837810528,0.2546572782,0.1935000000,0.0309879009,-0.1992374375,2.0974491708,0.0709769675,0.5880000000,0.0477598157,-0.3303014702,1.6920301728,-0.0310353925,0.0380000000,0.0140000000,-0.2582599119,2.1293731778,0.3312682216
