Instance,INF_avg,INF_sd,INF_r1,INF_kr,INF_sk,SUP_avg,SUP_sd,SUP_r1,SUP_kr,SUP_sk,INC_avg,INC_sd,INC_r1,INC_kr,INC_sk,IND_avg,IND_sd,IND_r1,IND_kr,IND_sk
173,0.2476000000,0.0405245605,-0.0114718735,2.8849956245,0.5745656847,0.2622000000,0.0386414285,0.2638846556,2.4120776112,-0.2524445482,0.4902000000,0.0466257440,-0.2264419537,3.0602711295,-0.0872549887,0.0634000000,0.0222360068,0.0099598899,2.2800555330,0.4090645941
