Instance,FV_avg_avg,FV_avg_sd,FV_sd_avg,FV_sd_sd,FV_r1_avg,FV_r1_sd,FV_kr_avg,FV_kr_sd,FV_sk_avg,FV_sk_sd,FD_avg_avg,FD_avg_sd,FD_sd_avg,FD_sd_sd,FD_r1_avg,FD_r1_sd,FD_kr_avg,FD_kr_sd,FD_sk_avg,FD_sk_sd,IN_avg_avg,IN_avg_sd,IN_sd_avg,IN_sd_sd,IN_r1_avg,IN_r1_sd,IN_kr_avg,IN_kr_sd,IN_sk_avg,IN_sk_sd
78,0.5008941568,0.3039758830,0.0006022709,0.0004073269,0.8062017128,0.1466558573,2.2569910635,0.5277636524,-0.1293048969,0.4637166329,0.0000010974,0.0000189380,0.0000225461,0.0000148141,-0.0540577801,0.2072247583,2.7657704650,0.6101359801,-0.1230902994,0.3359167062,0.4995800000,0.0217714400,0.0345499239,0.0051313506,-0.0953076601,0.2125697730,2.9223931082,0.8444972335,-0.0117982005,0.4711529642
