Instance,FV_avg_avg,FV_avg_sd,FV_sd_avg,FV_sd_sd,FV_r1_avg,FV_r1_sd,FV_kr_avg,FV_kr_sd,FV_sk_avg,FV_sk_sd,FD_avg_avg,FD_avg_sd,FD_sd_avg,FD_sd_sd,FD_r1_avg,FD_r1_sd,FD_kr_avg,FD_kr_sd,FD_sk_avg,FD_sk_sd,IN_avg_avg,IN_avg_sd,IN_sd_avg,IN_sd_sd,IN_r1_avg,IN_r1_sd,IN_kr_avg,IN_kr_sd,IN_sk_avg,IN_sk_sd
340,0.4948350204,0.3003785851,0.0005347789,0.0004338569,0.7651882006,0.1319681399,2.4985545599,0.6872072743,0.0798496611,0.5277285126,-0.0000012051,0.0000183667,0.0000192119,0.0000116825,0.0184992992,0.1886377259,2.5479815295,0.5066043377,-0.0713398008,0.3409650868,0.4949900000,0.0284478101,0.0341796840,0.0051304193,-0.0277205657,0.2427231570,2.6468474068,0.6426350265,-0.0548891056,0.4218386837
