Instance,INF_avg,INF_sd,INF_r1,INF_kr,INF_sk,SUP_avg,SUP_sd,SUP_r1,SUP_kr,SUP_sk,INC_avg,INC_sd,INC_r1,INC_kr,INC_sk,IND_avg,IND_sd,IND_r1,IND_kr,IND_sk
80,0.3344000000,0.0608000000,-0.0505750239,3.0495904104,0.0193951378,0.1200000000,0.0551361950,0.4545454545,2.4335180055,-0.2405526514,0.5456000000,0.0709974647,-0.2826132652,2.8251972357,-0.0538134653,0.1488000000,0.0320399750,-0.0387429832,2.7971498933,0.1379511101
