Instance,INF_avg,INF_sd,INF_r1,INF_kr,INF_sk,SUP_avg,SUP_sd,SUP_r1,SUP_kr,SUP_sk,INC_avg,INC_sd,INC_r1,INC_kr,INC_sk,IND_avg,IND_sd,IND_r1,IND_kr,IND_sk
249,0.2100000000,0.0943398113,-0.0135970334,2.9714682490,-0.9146947998,0.2100000000,0.1445683229,-0.2593330015,1.5992536801,-0.1747489172,0.5800000000,0.1939071943,-0.4260768335,1.8834314169,-0.0460847791,0.3800000000,0.1077032961,0.1240875912,2.7669441141,0.4034071140
