Instance,INF_avg,INF_sd,INF_r1,INF_kr,INF_sk,SUP_avg,SUP_sd,SUP_r1,SUP_kr,SUP_sk,INC_avg,INC_sd,INC_r1,INC_kr,INC_sk,IND_avg,IND_sd,IND_r1,IND_kr,IND_sk
119,0.4302958580,0.1084802277,0.9027966230,1.9355385703,0.0365366190,0.1079881657,0.0638932160,0.8823258615,2.1671500595,0.3644514437,0.4617159763,0.0565817399,0.6256151466,2.3167762875,-0.1294079162,0.0402958580,0.0099808121,-0.0444037315,2.8116817863,0.0479270247
