Instance,FV_avg_avg,FV_avg_sd,FV_sd_avg,FV_sd_sd,FV_r1_avg,FV_r1_sd,FV_kr_avg,FV_kr_sd,FV_sk_avg,FV_sk_sd,FD_avg_avg,FD_avg_sd,FD_sd_avg,FD_sd_sd,FD_r1_avg,FD_r1_sd,FD_kr_avg,FD_kr_sd,FD_sk_avg,FD_sk_sd,IN_avg_avg,IN_avg_sd,IN_sd_avg,IN_sd_sd,IN_r1_avg,IN_r1_sd,IN_kr_avg,IN_kr_sd,IN_sk_avg,IN_sk_sd
158,0.5009683744,0.3042040157,0.0003232807,0.0002361735,0.5078196938,0.2432845462,2.2095897474,0.7266292273,0.1202459240,0.4463786661,0.0000022900,0.0000220747,0.0000400735,0.0000284067,-0.0533338624,0.2747963249,2.3738002603,0.5373336786,0.0063897699,0.4341931688,0.5024000000,0.0285699142,0.0706950078,0.0183361902,-0.1399910348,0.3106131737,2.2202498422,0.3928814968,-0.0710421806,0.4279043850
