Instance,INF_avg,INF_sd,INF_r1,INF_kr,INF_sk,SUP_avg,SUP_sd,SUP_r1,SUP_kr,SUP_sk,INC_avg,INC_sd,INC_r1,INC_kr,INC_sk,IND_avg,IND_sd,IND_r1,IND_kr,IND_sk
278,0.2670000000,0.0261916017,-0.6806181584,1.7627901640,0.0571032974,0.2280000000,0.0358608422,-0.1835605612,1.8345442848,-0.4320745369,0.5050000000,0.0304959014,0.0000000000,2.5000000000,-0.8144933767,0.0390000000,0.0048989795,-0.5384615385,1.1666666667,0.4082482905
