Instance,FV_avg_avg,FV_avg_sd,FV_sd_avg,FV_sd_sd,FV_r1_avg,FV_r1_sd,FV_kr_avg,FV_kr_sd,FV_sk_avg,FV_sk_sd,FD_avg_avg,FD_avg_sd,FD_sd_avg,FD_sd_sd,FD_r1_avg,FD_r1_sd,FD_kr_avg,FD_kr_sd,FD_sk_avg,FD_sk_sd,IN_avg_avg,IN_avg_sd,IN_sd_avg,IN_sd_sd,IN_r1_avg,IN_r1_sd,IN_kr_avg,IN_kr_sd,IN_sk_avg,IN_sk_sd
369,0.4982902490,0.3025205116,0.0002450552,0.0002416112,0.0312537128,0.4767701699,1.8205766957,0.5074021994,0.2813534264,0.4778425621,0.0000024043,0.0000199178,0.0000157057,0.0000120286,-0.3071792386,0.4610798672,2.0065213881,0.4784264111,0.1548137203,0.5989845944,0.5051000000,0.0296629398,0.0291369899,0.0097537592,-0.2806056157,0.3406940039,2.1337707327,0.5907596207,0.0216338460,0.7200460189
