Instance,FV_avg_avg,FV_avg_sd,FV_sd_avg,FV_sd_sd,FV_r1_avg,FV_r1_sd,FV_kr_avg,FV_kr_sd,FV_sk_avg,FV_sk_sd,FD_avg_avg,FD_avg_sd,FD_sd_avg,FD_sd_sd,FD_r1_avg,FD_r1_sd,FD_kr_avg,FD_kr_sd,FD_sk_avg,FD_sk_sd,IN_avg_avg,IN_avg_sd,IN_sd_avg,IN_sd_sd,IN_r1_avg,IN_r1_sd,IN_kr_avg,IN_kr_sd,IN_sk_avg,IN_sk_sd
504,0.4805131104,0.2939963200,0.0054298263,0.0032373776,0.8488220705,0.0646697488,2.6220134192,0.6422491676,-0.0034227146,0.4617903131,-0.0001571878,0.0003271845,0.0006618458,0.0003973792,0.0662270983,0.2002548006,3.0113936055,0.8768396442,0.0866442638,0.2786923895,0.4608500000,0.0561153054,0.1140118467,0.0112760277,0.0403057665,0.1535592007,2.8167819527,0.5095836942,0.0357624110,0.2595567385
