Instance,INF_avg,INF_sd,INF_r1,INF_kr,INF_sk,SUP_avg,SUP_sd,SUP_r1,SUP_kr,SUP_sk,INC_avg,INC_sd,INC_r1,INC_kr,INC_sk,IND_avg,IND_sd,IND_r1,IND_kr,IND_sk
392,0.2060000000,0.1202663710,0.0844268881,2.8112696031,0.7901156032,0.2780000000,0.1208966501,-0.0225837959,1.9794161290,0.0114904967,0.5160000000,0.1238709005,-0.0131192185,4.1069139734,-0.6211519272,0.2260000000,0.0618384993,-0.3059784297,2.2246546804,-0.1727404203
