Instance,FV_avg_avg,FV_avg_sd,FV_sd_avg,FV_sd_sd,FV_r1_avg,FV_r1_sd,FV_kr_avg,FV_kr_sd,FV_sk_avg,FV_sk_sd,FD_avg_avg,FD_avg_sd,FD_sd_avg,FD_sd_sd,FD_r1_avg,FD_r1_sd,FD_kr_avg,FD_kr_sd,FD_sk_avg,FD_sk_sd,IN_avg_avg,IN_avg_sd,IN_sd_avg,IN_sd_sd,IN_r1_avg,IN_r1_sd,IN_kr_avg,IN_kr_sd,IN_sk_avg,IN_sk_sd
406,0.4911155905,0.2978201740,0.0041512533,0.0037401062,0.9802711018,0.0210302481,1.8180378521,0.0740164186,0.1304407436,0.1263760564,-0.0000627683,0.0000459573,0.0000776533,0.0000481276,0.1023713757,0.2286309196,2.5984762058,0.3987280414,0.0879716730,0.3022723986,0.3740083318,0.0320821821,0.1730755377,0.0187580771,0.0781831511,0.2774733827,2.8361808437,0.6023365200,0.0410485168,0.3500816048
