Instance,FV_avg_avg,FV_avg_sd,FV_sd_avg,FV_sd_sd,FV_r1_avg,FV_r1_sd,FV_kr_avg,FV_kr_sd,FV_sk_avg,FV_sk_sd,FD_avg_avg,FD_avg_sd,FD_sd_avg,FD_sd_sd,FD_r1_avg,FD_r1_sd,FD_kr_avg,FD_kr_sd,FD_sk_avg,FD_sk_sd,IN_avg_avg,IN_avg_sd,IN_sd_avg,IN_sd_sd,IN_r1_avg,IN_r1_sd,IN_kr_avg,IN_kr_sd,IN_sk_avg,IN_sk_sd
190,0.4973456440,0.3022459184,0.0006306964,0.0003981800,0.9403974147,0.0379418511,2.3304282815,0.5569013384,-0.0388412115,0.3809848842,0.0000023732,0.0000090729,0.0000281974,0.0000168723,0.0498204313,0.0850888441,2.8568420265,0.2745721138,0.0265653657,0.2248009146,0.4992700000,0.0157769801,0.0727181726,0.0052556047,-0.0045809201,0.1040179884,2.8393752415,0.3281681515,0.0502858679,0.1901961636
