Instance,INF_avg,INF_sd,INF_r1,INF_kr,INF_sk,SUP_avg,SUP_sd,SUP_r1,SUP_kr,SUP_sk,INC_avg,INC_sd,INC_r1,INC_kr,INC_sk,IND_avg,IND_sd,IND_r1,IND_kr,IND_sk
98,0.2640000000,0.0938296328,-0.0048428388,3.3191507061,-0.2088330634,0.2170000000,0.1012965942,0.0217028250,3.2893372368,0.0377870267,0.5190000000,0.1094942921,-0.1744625305,3.1005716162,0.5273510518,0.2390000000,0.0680367548,-0.2442420596,2.5102892568,0.0209181282
