Instance,INF_avg,INF_sd,INF_r1,INF_kr,INF_sk,SUP_avg,SUP_sd,SUP_r1,SUP_kr,SUP_sk,INC_avg,INC_sd,INC_r1,INC_kr,INC_sk,IND_avg,IND_sd,IND_r1,IND_kr,IND_sk
504,0.3252000000,0.0838865901,0.1281084179,2.6173464232,0.1051704626,0.2504000000,0.0856261642,0.0921913582,2.8459434939,-0.3671858079,0.4244000000,0.0889305347,0.0713903112,2.9298125744,0.0791685164,0.1008000000,0.0288333141,0.2044280041,4.1226400838,0.6910148926
