Instance,INF_avg,INF_sd,INF_r1,INF_kr,INF_sk,SUP_avg,SUP_sd,SUP_r1,SUP_kr,SUP_sk,INC_avg,INC_sd,INC_r1,INC_kr,INC_sk,IND_avg,IND_sd,IND_r1,IND_kr,IND_sk
407,0.3022000000,0.0391300396,0.4518449663,3.1056206046,-0.1133502047,0.2346000000,0.0370383585,0.0549797452,2.8949077071,0.1927993842,0.4632000000,0.0522566742,0.3799338665,2.3939063091,0.0286399686,0.0357000000,0.0103927860,0.3912232478,3.8475187478,0.6550732710
