Instance,FV_avg_avg,FV_avg_sd,FV_sd_avg,FV_sd_sd,FV_r1_avg,FV_r1_sd,FV_kr_avg,FV_kr_sd,FV_sk_avg,FV_sk_sd,FD_avg_avg,FD_avg_sd,FD_sd_avg,FD_sd_sd,FD_r1_avg,FD_r1_sd,FD_kr_avg,FD_kr_sd,FD_sk_avg,FD_sk_sd,IN_avg_avg,IN_avg_sd,IN_sd_avg,IN_sd_sd,IN_r1_avg,IN_r1_sd,IN_kr_avg,IN_kr_sd,IN_sk_avg,IN_sk_sd
311,0.4986247365,0.3021178031,0.0028447662,0.0018538857,0.9233544604,0.0541072838,2.5196995980,0.6695506827,-0.1658812052,0.4913655377,-0.0000109764,0.0000838850,0.0001473008,0.0000920838,0.1169377245,0.1113907576,2.9728850680,0.5835807558,0.0069794529,0.2739355395,0.4946500000,0.0307966151,0.0747398412,0.0070072912,0.0943188568,0.1419055457,2.8870630478,0.5472069473,-0.0091103865,0.1771277008
