Instance,FV_avg_avg,FV_avg_sd,FV_sd_avg,FV_sd_sd,FV_r1_avg,FV_r1_sd,FV_kr_avg,FV_kr_sd,FV_sk_avg,FV_sk_sd,FD_avg_avg,FD_avg_sd,FD_sd_avg,FD_sd_sd,FD_r1_avg,FD_r1_sd,FD_kr_avg,FD_kr_sd,FD_sk_avg,FD_sk_sd,IN_avg_avg,IN_avg_sd,IN_sd_avg,IN_sd_sd,IN_r1_avg,IN_r1_sd,IN_kr_avg,IN_kr_sd,IN_sk_avg,IN_sk_sd
152,0.5015590566,0.3042023458,0.0001142901,0.0000788434,0.1555777459,0.4077228257,1.9189325776,0.5124134080,-0.0524788375,0.5509827184,-0.0000009552,0.0000103419,0.0000095322,0.0000076061,-0.3693049036,0.4498387018,2.0487218587,0.5733152673,0.1816036028,0.6576308725,0.4950000000,0.0251813423,0.0293764006,0.0107204051,-0.3172668786,0.4742429704,2.0673874524,0.4502513593,0.0673651110,0.6485857365
