Instance,INF_avg,INF_sd,INF_r1,INF_kr,INF_sk,SUP_avg,SUP_sd,SUP_r1,SUP_kr,SUP_sk,INC_avg,INC_sd,INC_r1,INC_kr,INC_sk,IND_avg,IND_sd,IND_r1,IND_kr,IND_sk
29,0.2340000000,0.0312089731,-1.0361392684,1.8709464559,0.4802362333,0.2970000000,0.0429651021,0.1972552010,2.0382572961,0.6211546740,0.4690000000,0.0508330601,0.3954843409,1.3979861783,0.4973482551,0.0310000000,0.0058309519,-0.8283582090,1.6280276817,0.3631734744
