Instance,FV_avg_avg,FV_avg_sd,FV_sd_avg,FV_sd_sd,FV_r1_avg,FV_r1_sd,FV_kr_avg,FV_kr_sd,FV_sk_avg,FV_sk_sd,FD_avg_avg,FD_avg_sd,FD_sd_avg,FD_sd_sd,FD_r1_avg,FD_r1_sd,FD_kr_avg,FD_kr_sd,FD_sk_avg,FD_sk_sd,IN_avg_avg,IN_avg_sd,IN_sd_avg,IN_sd_sd,IN_r1_avg,IN_r1_sd,IN_kr_avg,IN_kr_sd,IN_sk_avg,IN_sk_sd
99,0.4973084680,0.3022171346,0.0006928799,0.0005590053,0.1456339758,0.4162386267,2.1652280011,0.4038285910,0.0574326419,0.6708509723,0.0000301849,0.0000579663,0.0001048957,0.0000772204,-0.1417883426,0.4686264359,2.1581930929,0.3981595890,-0.0400038936,0.6962795983,0.5098000000,0.0302119182,0.0648144986,0.0198565045,-0.1911648153,0.3988607508,2.1309117964,0.5865264167,-0.1205955669,0.7688431654
