Instance,INF_avg,INF_sd,INF_r1,INF_kr,INF_sk,SUP_avg,SUP_sd,SUP_r1,SUP_kr,SUP_sk,INC_avg,INC_sd,INC_r1,INC_kr,INC_sk,IND_avg,IND_sd,IND_r1,IND_kr,IND_sk
0,0.2520000000,0.0448998886,-0.1316872428,1.2422524565,-0.1315095000,0.2160000000,0.0320000000,0.6025104603,1.4189453125,0.0351562500,0.5320000000,0.0271293199,-0.6289592760,2.3638941399,0.7500308204,0.1200000000,0.0219089023,-0.4000000000,2.5000000000,0.9128709292
