Instance,FV_avg_avg,FV_avg_sd,FV_sd_avg,FV_sd_sd,FV_r1_avg,FV_r1_sd,FV_kr_avg,FV_kr_sd,FV_sk_avg,FV_sk_sd,FD_avg_avg,FD_avg_sd,FD_sd_avg,FD_sd_sd,FD_r1_avg,FD_r1_sd,FD_kr_avg,FD_kr_sd,FD_sk_avg,FD_sk_sd,IN_avg_avg,IN_avg_sd,IN_sd_avg,IN_sd_sd,IN_r1_avg,IN_r1_sd,IN_kr_avg,IN_kr_sd,IN_sk_avg,IN_sk_sd
151,0.5002006788,0.3049839151,0.0012481548,0.0008690967,0.5283166510,0.2355413474,2.3820812401,0.6521131051,0.1015837519,0.5339412979,0.0000208450,0.0001120150,0.0000928611,0.0000539335,-0.0303308642,0.3429243062,2.6106950853,0.8315614612,0.0003803167,0.5075659094,0.4987000000,0.0519134857,0.0462835893,0.0082540514,-0.0438640087,0.2805554592,2.5712650284,0.7126047921,-0.1994063868,0.5809567629
