Instance,FV_avg_avg,FV_avg_sd,FV_sd_avg,FV_sd_sd,FV_r1_avg,FV_r1_sd,FV_kr_avg,FV_kr_sd,FV_sk_avg,FV_sk_sd,FD_avg_avg,FD_avg_sd,FD_sd_avg,FD_sd_sd,FD_r1_avg,FD_r1_sd,FD_kr_avg,FD_kr_sd,FD_sk_avg,FD_sk_sd,IN_avg_avg,IN_avg_sd,IN_sd_avg,IN_sd_sd,IN_r1_avg,IN_r1_sd,IN_kr_avg,IN_kr_sd,IN_sk_avg,IN_sk_sd
372,0.4968192021,0.3022283720,0.0016534005,0.0011215397,0.8896368241,0.0808274634,2.1236951875,0.4715932742,0.0327405709,0.3605652622,0.0000257934,0.0000520412,0.0001012454,0.0000614154,0.0239770965,0.1619682208,2.7332878438,0.3921738786,0.0788697241,0.2573748154,0.5138200000,0.0264733753,0.0727312437,0.0079204915,-0.0072168455,0.1609209612,2.6465230129,0.4690472852,-0.0053886146,0.2782598641
