Instance,FV_avg_avg,FV_avg_sd,FV_sd_avg,FV_sd_sd,FV_r1_avg,FV_r1_sd,FV_kr_avg,FV_kr_sd,FV_sk_avg,FV_sk_sd,FD_avg_avg,FD_avg_sd,FD_sd_avg,FD_sd_sd,FD_r1_avg,FD_r1_sd,FD_kr_avg,FD_kr_sd,FD_sk_avg,FD_sk_sd,IN_avg_avg,IN_avg_sd,IN_sd_avg,IN_sd_sd,IN_r1_avg,IN_r1_sd,IN_kr_avg,IN_kr_sd,IN_sk_avg,IN_sk_sd
217,0.5029087986,0.3054962768,0.0016211052,0.0012324173,0.7672731119,0.2155709572,2.3223094887,0.6791341991,0.0245883329,0.4482258097,0.0000202053,0.0001072113,0.0002020259,0.0001269848,0.0528910141,0.1988078058,3.0637950154,0.6439439582,0.1818355397,0.5474297432,0.4981000000,0.0474445993,0.1132904278,0.0183215441,-0.0059475962,0.2206382788,2.8319435215,0.5580233458,0.1508555257,0.3646514302
