Instance,FV_avg_avg,FV_avg_sd,FV_sd_avg,FV_sd_sd,FV_r1_avg,FV_r1_sd,FV_kr_avg,FV_kr_sd,FV_sk_avg,FV_sk_sd,FD_avg_avg,FD_avg_sd,FD_sd_avg,FD_sd_sd,FD_r1_avg,FD_r1_sd,FD_kr_avg,FD_kr_sd,FD_sk_avg,FD_sk_sd,IN_avg_avg,IN_avg_sd,IN_sd_avg,IN_sd_sd,IN_r1_avg,IN_r1_sd,IN_kr_avg,IN_kr_sd,IN_sk_avg,IN_sk_sd
339,0.4948642292,0.3001601103,0.0007382105,0.0005931217,0.1860091905,0.4088743819,1.8911625117,0.5428546842,-0.0131276019,0.5828139047,-0.0000053157,0.0000623843,0.0000650140,0.0000511867,-0.3629413564,0.3158079078,2.0118089974,0.5206362496,-0.1362368289,0.6722256113,0.4915000000,0.0334835781,0.0386065581,0.0133840828,-0.2755552431,0.4619215940,2.0494822357,0.4961315868,0.2070034126,0.5819945743
