Instance,FV_avg_avg,FV_avg_sd,FV_sd_avg,FV_sd_sd,FV_r1_avg,FV_r1_sd,FV_kr_avg,FV_kr_sd,FV_sk_avg,FV_sk_sd,FD_avg_avg,FD_avg_sd,FD_sd_avg,FD_sd_sd,FD_r1_avg,FD_r1_sd,FD_kr_avg,FD_kr_sd,FD_sk_avg,FD_sk_sd,IN_avg_avg,IN_avg_sd,IN_sd_avg,IN_sd_sd,IN_r1_avg,IN_r1_sd,IN_kr_avg,IN_kr_sd,IN_sk_avg,IN_sk_sd
306,0.5008527441,0.3051816757,0.0007678024,0.0005552894,0.6686552294,0.3459451610,2.1630580096,0.5615061190,-0.0465477489,0.5214245885,0.0000050065,0.0000470073,0.0000451550,0.0000242680,-0.0577577285,0.3008538930,2.2954861727,0.4613467076,-0.0269100439,0.4985610983,0.4948000000,0.0273799196,0.0424790970,0.0092101202,-0.0581976509,0.3062669377,2.3285241912,0.6951996094,0.1070961465,0.5907914553
