Instance,INF_avg,INF_sd,INF_r1,INF_kr,INF_sk,SUP_avg,SUP_sd,SUP_r1,SUP_kr,SUP_sk,INC_avg,INC_sd,INC_r1,INC_kr,INC_sk,IND_avg,IND_sd,IND_r1,IND_kr,IND_sk
17,0.3176000000,0.0820380400,0.4113293351,2.6609882877,0.2807852355,0.2696000000,0.0750722319,0.1007177893,2.9532202431,0.3675842066,0.4128000000,0.0724165727,0.3386048068,2.9617440659,0.4231234775,0.1160000000,0.0178885438,-0.0020040080,3.3200000000,0.0670820393
