Instance,INF_avg,INF_sd,INF_r1,INF_kr,INF_sk,SUP_avg,SUP_sd,SUP_r1,SUP_kr,SUP_sk,INC_avg,INC_sd,INC_r1,INC_kr,INC_sk,IND_avg,IND_sd,IND_r1,IND_kr,IND_sk
304,0.2300000000,0.0264575131,-0.3934426230,2.2000000000,0.3239695483,0.2540000000,0.0420000000,-0.5376256452,1.7657611798,0.0184645287,0.5160000000,0.0480000000,-0.3601101101,1.9149124711,0.0896267361,0.0670000000,0.0141774469,-0.3959804454,3.4379594564,0.9601122413
