Instance,FV_avg_avg,FV_avg_sd,FV_sd_avg,FV_sd_sd,FV_r1_avg,FV_r1_sd,FV_kr_avg,FV_kr_sd,FV_sk_avg,FV_sk_sd,FD_avg_avg,FD_avg_sd,FD_sd_avg,FD_sd_sd,FD_r1_avg,FD_r1_sd,FD_kr_avg,FD_kr_sd,FD_sk_avg,FD_sk_sd,IN_avg_avg,IN_avg_sd,IN_sd_avg,IN_sd_sd,IN_r1_avg,IN_r1_sd,IN_kr_avg,IN_kr_sd,IN_sk_avg,IN_sk_sd
362,0.4968452680,0.3028418114,0.0003636714,0.0002714800,0.7840639068,0.1299529576,2.3199829683,0.5768167231,-0.0339850172,0.5018547581,0.0000016593,0.0000122618,0.0000140803,0.0000083816,0.0310765135,0.1973118652,2.9972351344,0.7691006762,-0.0323812312,0.4567737195,0.5010900000,0.0184147197,0.0351269450,0.0047809765,0.0298545734,0.1908686145,2.6817759747,0.5679661596,-0.0632183791,0.4680990962
