Instance,FV_avg_avg,FV_avg_sd,FV_sd_avg,FV_sd_sd,FV_r1_avg,FV_r1_sd,FV_kr_avg,FV_kr_sd,FV_sk_avg,FV_sk_sd,FD_avg_avg,FD_avg_sd,FD_sd_avg,FD_sd_sd,FD_r1_avg,FD_r1_sd,FD_kr_avg,FD_kr_sd,FD_sk_avg,FD_sk_sd,IN_avg_avg,IN_avg_sd,IN_sd_avg,IN_sd_sd,IN_r1_avg,IN_r1_sd,IN_kr_avg,IN_kr_sd,IN_sk_avg,IN_sk_sd
419,0.4532619462,0.2760086273,0.0199969105,0.0122970566,0.9489971424,0.0203515755,2.1500462525,0.2244182032,0.5559189777,0.1335511939,-0.0012980483,0.0007933121,0.0006841550,0.0004256306,0.8372859251,0.0652386701,2.3019467999,0.3339539357,0.5484979511,0.1844440529,0.2045945018,0.0354998249,0.1521474011,0.0194755657,0.8004643399,0.0682292511,2.5551010496,0.6125164296,0.7279158580,0.2834914157
