Instance,FV_avg_avg,FV_avg_sd,FV_sd_avg,FV_sd_sd,FV_r1_avg,FV_r1_sd,FV_kr_avg,FV_kr_sd,FV_sk_avg,FV_sk_sd,FD_avg_avg,FD_avg_sd,FD_sd_avg,FD_sd_sd,FD_r1_avg,FD_r1_sd,FD_kr_avg,FD_kr_sd,FD_sk_avg,FD_sk_sd,IN_avg_avg,IN_avg_sd,IN_sd_avg,IN_sd_sd,IN_r1_avg,IN_r1_sd,IN_kr_avg,IN_kr_sd,IN_sk_avg,IN_sk_sd
370,0.4987502678,0.3030420301,0.0007093274,0.0005074623,0.9088163797,0.0812083199,2.4140029749,0.6031269581,0.0388747905,0.4672946585,-0.0000022480,0.0000144980,0.0000269027,0.0000173867,0.0620029793,0.0924430686,2.9009473243,0.5240794166,-0.0982659700,0.2744568070,0.4963400000,0.0217145205,0.0493710406,0.0046887476,0.0045426130,0.1348675976,3.1163950911,0.6316239377,-0.1270481832,0.3330873869
