Instance,INF_avg,INF_sd,INF_r1,INF_kr,INF_sk,SUP_avg,SUP_sd,SUP_r1,SUP_kr,SUP_sk,INC_avg,INC_sd,INC_r1,INC_kr,INC_sk,IND_avg,IND_sd,IND_r1,IND_kr,IND_sk
341,0.3000000000,0.0707106781,-0.5000000000,1.7000000000,0.0000000000,0.2200000000,0.0678232998,-0.3053097345,2.3638941399,-0.7500308204,0.4800000000,0.1208304597,-0.4414414414,2.5052542691,0.8978957038,0.2000000000,0.0632455532,0.0000000000,2.5000000000,-0.0000000000
