Instance,FV_avg_avg,FV_avg_sd,FV_sd_avg,FV_sd_sd,FV_r1_avg,FV_r1_sd,FV_kr_avg,FV_kr_sd,FV_sk_avg,FV_sk_sd,FD_avg_avg,FD_avg_sd,FD_sd_avg,FD_sd_sd,FD_r1_avg,FD_r1_sd,FD_kr_avg,FD_kr_sd,FD_sk_avg,FD_sk_sd,IN_avg_avg,IN_avg_sd,IN_sd_avg,IN_sd_sd,IN_r1_avg,IN_r1_sd,IN_kr_avg,IN_kr_sd,IN_sk_avg,IN_sk_sd
357,0.5019143979,0.3039371781,0.0016592261,0.0011339587,0.8182967472,0.1555329882,2.3178457316,0.5143437026,-0.1087945570,0.5733837284,-0.0000150280,0.0001075395,0.0000666778,0.0000419214,0.1291185845,0.2987447704,2.8757038823,0.8823607543,0.0660379775,0.5142125960,0.4924600000,0.0345408801,0.0397340880,0.0066466722,0.1151117476,0.2480414452,2.7183199884,0.7418168034,0.0570381798,0.4014385326
