Instance,FV_avg_avg,FV_avg_sd,FV_sd_avg,FV_sd_sd,FV_r1_avg,FV_r1_sd,FV_kr_avg,FV_kr_sd,FV_sk_avg,FV_sk_sd,FD_avg_avg,FD_avg_sd,FD_sd_avg,FD_sd_sd,FD_r1_avg,FD_r1_sd,FD_kr_avg,FD_kr_sd,FD_sk_avg,FD_sk_sd,IN_avg_avg,IN_avg_sd,IN_sd_avg,IN_sd_sd,IN_r1_avg,IN_r1_sd,IN_kr_avg,IN_kr_sd,IN_sk_avg,IN_sk_sd
156,0.4923853247,0.2997595791,0.0006606102,0.0004633341,0.5912062984,0.3098917398,2.2832315173,0.7388960164,0.0052598716,0.5183341190,-0.0000210946,0.0001051015,0.0001309989,0.0000800218,-0.0501647479,0.3255969518,2.2795912144,0.4639051011,0.1174306701,0.4440873892,0.4920000000,0.0574108004,0.1009660086,0.0254138765,-0.0870172851,0.3925686678,2.3089733144,0.4291290768,0.0421603271,0.5616424804
