Instance,FV_avg_avg,FV_avg_sd,FV_sd_avg,FV_sd_sd,FV_r1_avg,FV_r1_sd,FV_kr_avg,FV_kr_sd,FV_sk_avg,FV_sk_sd,FD_avg_avg,FD_avg_sd,FD_sd_avg,FD_sd_sd,FD_r1_avg,FD_r1_sd,FD_kr_avg,FD_kr_sd,FD_sk_avg,FD_sk_sd,IN_avg_avg,IN_avg_sd,IN_sd_avg,IN_sd_sd,IN_r1_avg,IN_r1_sd,IN_kr_avg,IN_kr_sd,IN_sk_avg,IN_sk_sd
68,0.4963597749,0.3023163174,0.0004206624,0.0002861299,0.7858963257,0.1374647135,2.2315719161,0.5314987358,-0.0817614376,0.4662047622,0.0000044165,0.0000136831,0.0000513721,0.0000344561,-0.0393982507,0.2001500067,2.7791273133,0.8457235452,-0.0518955359,0.4173443594,0.5009000000,0.0293153543,0.1078586406,0.0184746756,-0.0193715385,0.2100587390,2.6905153383,0.5418041413,0.1109140468,0.3047322648
