Instance,FV_avg_avg,FV_avg_sd,FV_sd_avg,FV_sd_sd,FV_r1_avg,FV_r1_sd,FV_kr_avg,FV_kr_sd,FV_sk_avg,FV_sk_sd,FD_avg_avg,FD_avg_sd,FD_sd_avg,FD_sd_sd,FD_r1_avg,FD_r1_sd,FD_kr_avg,FD_kr_sd,FD_sk_avg,FD_sk_sd,IN_avg_avg,IN_avg_sd,IN_sd_avg,IN_sd_sd,IN_r1_avg,IN_r1_sd,IN_kr_avg,IN_kr_sd,IN_sk_avg,IN_sk_sd
167,0.4606954383,0.2801260037,0.0178626942,0.0109490016,0.9941272052,0.0023795856,2.0642802348,0.0923442313,0.5060726376,0.0705488059,-0.0001249330,0.0000746824,0.0000619458,0.0000383597,0.8438549558,0.0228449652,2.4295648962,0.1569963649,0.4662003494,0.1129110276,0.2287040332,0.0241857598,0.1356980823,0.0084176118,0.8197894084,0.0303038048,2.4989525716,0.2131433685,0.5771526479,0.1527843372
