Instance,INF_avg,INF_sd,INF_r1,INF_kr,INF_sk,SUP_avg,SUP_sd,SUP_r1,SUP_kr,SUP_sk,INC_avg,INC_sd,INC_r1,INC_kr,INC_sk,IND_avg,IND_sd,IND_r1,IND_kr,IND_sk
499,0.2565000000,0.0285700893,-0.0340254402,2.4359892029,0.0121567720,0.2268500000,0.0304274136,0.0323851256,2.7350703691,0.2463238782,0.5166500000,0.0303566714,-0.0279379781,2.8142940294,0.1870523277,0.0370000000,0.0110679718,0.0743916381,3.7278134111,0.7943493971
