Instance,FV_avg_avg,FV_avg_sd,FV_sd_avg,FV_sd_sd,FV_r1_avg,FV_r1_sd,FV_kr_avg,FV_kr_sd,FV_sk_avg,FV_sk_sd,FD_avg_avg,FD_avg_sd,FD_sd_avg,FD_sd_sd,FD_r1_avg,FD_r1_sd,FD_kr_avg,FD_kr_sd,FD_sk_avg,FD_sk_sd,IN_avg_avg,IN_avg_sd,IN_sd_avg,IN_sd_sd,IN_r1_avg,IN_r1_sd,IN_kr_avg,IN_kr_sd,IN_sk_avg,IN_sk_sd
167,0.4986845698,0.3024394908,0.0006591474,0.0005074809,0.9461949826,0.0351352102,2.3831617143,0.8439849684,-0.1625261894,0.4826884113,-0.0000008682,0.0000092221,0.0000129325,0.0000077473,0.0610074168,0.0978130382,2.9919042129,0.3668995383,0.0463922830,0.2123016707,0.4983300000,0.0181837249,0.0360224690,0.0024279570,0.0319526953,0.1069984488,2.8825432036,0.3795818708,-0.0304802772,0.1948647088
