Instance,FV_avg_avg,FV_avg_sd,FV_sd_avg,FV_sd_sd,FV_r1_avg,FV_r1_sd,FV_kr_avg,FV_kr_sd,FV_sk_avg,FV_sk_sd,FD_avg_avg,FD_avg_sd,FD_sd_avg,FD_sd_sd,FD_r1_avg,FD_r1_sd,FD_kr_avg,FD_kr_sd,FD_sk_avg,FD_sk_sd,IN_avg_avg,IN_avg_sd,IN_sd_avg,IN_sd_sd,IN_r1_avg,IN_r1_sd,IN_kr_avg,IN_kr_sd,IN_sk_avg,IN_sk_sd
356,0.5014119594,0.3046533066,0.0003022576,0.0002086407,0.7907005656,0.1454542928,2.5215843242,0.6908659962,-0.2781141131,0.5453682340,0.0000022689,0.0000125772,0.0000435037,0.0000272230,-0.0083088082,0.2218035373,2.8551067017,0.6779270798,-0.0364973673,0.3609357089,0.4978000000,0.0396681232,0.1527751073,0.0223912167,-0.0284856682,0.1850032790,2.5151125606,0.5362865670,-0.0925223242,0.3656920815
