Instance,FV_avg_avg,FV_avg_sd,FV_sd_avg,FV_sd_sd,FV_r1_avg,FV_r1_sd,FV_kr_avg,FV_kr_sd,FV_sk_avg,FV_sk_sd,FD_avg_avg,FD_avg_sd,FD_sd_avg,FD_sd_sd,FD_r1_avg,FD_r1_sd,FD_kr_avg,FD_kr_sd,FD_sk_avg,FD_sk_sd,IN_avg_avg,IN_avg_sd,IN_sd_avg,IN_sd_sd,IN_r1_avg,IN_r1_sd,IN_kr_avg,IN_kr_sd,IN_sk_avg,IN_sk_sd
459,0.4950228075,0.3009689311,0.0013061355,0.0009099755,0.9275460676,0.0337695681,2.4551206829,0.6693446432,0.0866618830,0.3749864574,0.0000046172,0.0000218079,0.0000868738,0.0000534053,-0.0350384527,0.1038414529,2.8772245307,0.3954010161,-0.0307967718,0.2149657227,0.5028750000,0.0208133821,0.1088390463,0.0068080461,-0.0182442482,0.1149791685,3.0282545937,0.4284429268,-0.0251685411,0.1902106801
