Instance,INF_avg,INF_sd,INF_r1,INF_kr,INF_sk,SUP_avg,SUP_sd,SUP_r1,SUP_kr,SUP_sk,INC_avg,INC_sd,INC_r1,INC_kr,INC_sk,IND_avg,IND_sd,IND_r1,IND_kr,IND_sk
307,0.2850000000,0.0950000000,-0.1165206102,2.6544992749,-0.0909753608,0.1800000000,0.0748331477,0.0653357532,1.7991071429,0.5225911784,0.5350000000,0.0867467579,-0.0988607130,2.0209158839,0.5813692054,0.2750000000,0.0750000000,-0.2345679012,3.3703703704,1.0666666667
