Instance,INF_avg,INF_sd,INF_r1,INF_kr,INF_sk,SUP_avg,SUP_sd,SUP_r1,SUP_kr,SUP_sk,INC_avg,INC_sd,INC_r1,INC_kr,INC_sk,IND_avg,IND_sd,IND_r1,IND_kr,IND_sk
143,0.2500000000,0.0921954446,-0.3600000000,2.1626297578,-0.3828184550,0.2400000000,0.1624807681,-0.1051829268,6.5385674931,2.1373158888,0.5100000000,0.1813835715,0.1089108911,6.3947764710,-2.0591470203,0.3200000000,0.1326649916,-0.0767326733,1.6745867769,-0.1130667542
