Instance,INF_avg,INF_sd,INF_r1,INF_kr,INF_sk,SUP_avg,SUP_sd,SUP_r1,SUP_kr,SUP_sk,INC_avg,INC_sd,INC_r1,INC_kr,INC_sk,IND_avg,IND_sd,IND_r1,IND_kr,IND_sk
109,0.2550000000,0.0855862138,-0.1524469765,2.6618947221,0.2751551564,0.2290000000,0.0878009112,0.1522589797,3.2446699768,0.3877154452,0.5160000000,0.1111035553,-0.1335653377,3.0078358602,-0.4824106404,0.2400000000,0.0800000000,-0.0268834011,2.4443359375,0.0351562500
