Instance,INF_avg,INF_sd,INF_r1,INF_kr,INF_sk,SUP_avg,SUP_sd,SUP_r1,SUP_kr,SUP_sk,INC_avg,INC_sd,INC_r1,INC_kr,INC_sk,IND_avg,IND_sd,IND_r1,IND_kr,IND_sk
F,0.2800000000,0.0521536192,-0.3432835821,1.6003460208,0.0000000000,0.2200000000,0.0544058820,0.0273972603,1.9978086194,0.2682539837,0.5000000000,0.0742967025,0.1791044776,2.7504725898,-0.0351118632,0.1140000000,0.0369323706,-0.1502723486,1.9165383855,0.3487392003
