Instance,FV_avg_avg,FV_avg_sd,FV_sd_avg,FV_sd_sd,FV_r1_avg,FV_r1_sd,FV_kr_avg,FV_kr_sd,FV_sk_avg,FV_sk_sd,FD_avg_avg,FD_avg_sd,FD_sd_avg,FD_sd_sd,FD_r1_avg,FD_r1_sd,FD_kr_avg,FD_kr_sd,FD_sk_avg,FD_sk_sd,IN_avg_avg,IN_avg_sd,IN_sd_avg,IN_sd_sd,IN_r1_avg,IN_r1_sd,IN_kr_avg,IN_kr_sd,IN_sk_avg,IN_sk_sd
499,0.5019118229,0.3044939165,0.0001256885,0.0000975923,0.1260897550,0.3958205275,1.9016600390,0.4897042150,0.2362643629,0.4902796954,0.0000060575,0.0000270064,0.0000462567,0.0000332055,-0.2399720348,0.4473280272,2.1218047468,0.5944017200,-0.0845878133,0.6757565825,0.5150000000,0.0599583189,0.1408177236,0.0430159125,-0.3262063447,0.4926465349,2.1842496276,0.5255004133,-0.2811934526,0.6615380981
