Instance,INF_avg,INF_sd,INF_r1,INF_kr,INF_sk,SUP_avg,SUP_sd,SUP_r1,SUP_kr,SUP_sk,INC_avg,INC_sd,INC_r1,INC_kr,INC_sk,IND_avg,IND_sd,IND_r1,IND_kr,IND_sk
32,0.2900000000,0.0943398113,-0.0012360939,2.9714682490,0.9146947998,0.2000000000,0.1483239697,0.3888888889,1.6942148760,0.1838726898,0.5100000000,0.1757839583,-0.2583370387,2.0994438684,-0.1524377808,0.3900000000,0.1044030651,0.1919191919,1.7554919620,-0.3268911726
