Instance,INF_avg,INF_sd,INF_r1,INF_kr,INF_sk,SUP_avg,SUP_sd,SUP_r1,SUP_kr,SUP_sk,INC_avg,INC_sd,INC_r1,INC_kr,INC_sk,IND_avg,IND_sd,IND_r1,IND_kr,IND_sk
296,0.3540000000,0.0440908154,-0.2084520418,2.7721129909,-1.1922642118,0.3440000000,0.0535163526,-0.5533843104,2.3800209107,-0.6839657441,0.3020000000,0.0584465568,-0.0568811762,1.7926413242,-0.2820086675,0.0680000000,0.0172046505,-0.5868263473,1.9945215486,-0.3958703373
