Instance,FV_avg_avg,FV_avg_sd,FV_sd_avg,FV_sd_sd,FV_r1_avg,FV_r1_sd,FV_kr_avg,FV_kr_sd,FV_sk_avg,FV_sk_sd,FD_avg_avg,FD_avg_sd,FD_sd_avg,FD_sd_sd,FD_r1_avg,FD_r1_sd,FD_kr_avg,FD_kr_sd,FD_sk_avg,FD_sk_sd,IN_avg_avg,IN_avg_sd,IN_sd_avg,IN_sd_sd,IN_r1_avg,IN_r1_sd,IN_kr_avg,IN_kr_sd,IN_sk_avg,IN_sk_sd
290,0.4681412044,0.2842750617,0.0156774600,0.0095005759,0.9940894003,0.0020015609,1.9898914548,0.0697045764,0.4091451959,0.0652953693,-0.0001436375,0.0000875273,0.0000674446,0.0000410047,0.8461215813,0.0219355072,2.3949161540,0.1532892978,0.4653134914,0.1306685293,0.2266851724,0.0233567192,0.1312707493,0.0075525095,0.8033531375,0.0287418788,2.6135582259,0.2530279262,0.6506310663,0.1742150654
