Instance,FV_avg_avg,FV_avg_sd,FV_sd_avg,FV_sd_sd,FV_r1_avg,FV_r1_sd,FV_kr_avg,FV_kr_sd,FV_sk_avg,FV_sk_sd,FD_avg_avg,FD_avg_sd,FD_sd_avg,FD_sd_sd,FD_r1_avg,FD_r1_sd,FD_kr_avg,FD_kr_sd,FD_sk_avg,FD_sk_sd,IN_avg_avg,IN_avg_sd,IN_sd_avg,IN_sd_sd,IN_r1_avg,IN_r1_sd,IN_kr_avg,IN_kr_sd,IN_sk_avg,IN_sk_sd
134,0.5023930578,0.3054710162,0.0003262931,0.0002260196,0.8844557338,0.0884095113,2.4267536273,0.5760324532,-0.1825804896,0.5405333525,0.0000020651,0.0000129817,0.0000320548,0.0000198366,0.0441092486,0.1426920584,3.0144450710,0.6825326782,0.1098174534,0.3393231498,0.5042500000,0.0410668662,0.1160958037,0.0099857077,0.0571982102,0.1332244816,3.0208411401,0.6969527138,-0.0321759316,0.3703272148
