Instance,FV_avg_avg,FV_avg_sd,FV_sd_avg,FV_sd_sd,FV_r1_avg,FV_r1_sd,FV_kr_avg,FV_kr_sd,FV_sk_avg,FV_sk_sd,FD_avg_avg,FD_avg_sd,FD_sd_avg,FD_sd_sd,FD_r1_avg,FD_r1_sd,FD_kr_avg,FD_kr_sd,FD_sk_avg,FD_sk_sd,IN_avg_avg,IN_avg_sd,IN_sd_avg,IN_sd_sd,IN_r1_avg,IN_r1_sd,IN_kr_avg,IN_kr_sd,IN_sk_avg,IN_sk_sd
213,0.4979621653,0.3013962575,0.0013964495,0.0010542890,0.8967704087,0.0853632684,2.3022019189,0.6930475673,0.0958240376,0.4293110180,-0.0000239065,0.0000444861,0.0000789091,0.0000480343,0.0191922718,0.1248013643,2.9457036697,0.6928437794,0.1015335679,0.3001662293,0.4900800000,0.0306632288,0.0729910533,0.0056626968,0.0498172817,0.1362814297,2.8250144685,0.5618293355,0.0648638106,0.3358368958
