Instance,FV_avg_avg,FV_avg_sd,FV_sd_avg,FV_sd_sd,FV_r1_avg,FV_r1_sd,FV_kr_avg,FV_kr_sd,FV_sk_avg,FV_sk_sd,FD_avg_avg,FD_avg_sd,FD_sd_avg,FD_sd_sd,FD_r1_avg,FD_r1_sd,FD_kr_avg,FD_kr_sd,FD_sk_avg,FD_sk_sd,IN_avg_avg,IN_avg_sd,IN_sd_avg,IN_sd_sd,IN_r1_avg,IN_r1_sd,IN_kr_avg,IN_kr_sd,IN_sk_avg,IN_sk_sd
367,0.4971887883,0.3038066631,0.0009905328,0.0008394771,0.1518932400,0.4308663129,2.0181510938,0.5163801522,-0.0292460122,0.6615166355,0.0000280891,0.0001726204,0.0000898809,0.0000667691,-0.2608674001,0.3433292642,2.0369841067,0.5402727473,0.1972146785,0.6267612988,0.5048000000,0.0503483863,0.0428784300,0.0154090960,-0.2768085306,0.3440901435,1.8421960131,0.4663503910,0.0184336615,0.5212374637
