Instance,INF_avg,INF_sd,INF_r1,INF_kr,INF_sk,SUP_avg,SUP_sd,SUP_r1,SUP_kr,SUP_sk,INC_avg,INC_sd,INC_r1,INC_kr,INC_sk,IND_avg,IND_sd,IND_r1,IND_kr,IND_sk
141,0.2535000000,0.0267441582,-0.1442311222,2.1276791710,0.3742793734,0.2215000000,0.0256953303,-0.1816620742,1.7577729283,-0.0183904340,0.5250000000,0.0187082869,-0.2357142857,4.0755102041,0.9850485773,0.0370000000,0.0110000000,-0.2686567164,1.8220749949,0.0495867769
