Instance,FV_avg_avg,FV_avg_sd,FV_sd_avg,FV_sd_sd,FV_r1_avg,FV_r1_sd,FV_kr_avg,FV_kr_sd,FV_sk_avg,FV_sk_sd,FD_avg_avg,FD_avg_sd,FD_sd_avg,FD_sd_sd,FD_r1_avg,FD_r1_sd,FD_kr_avg,FD_kr_sd,FD_sk_avg,FD_sk_sd,IN_avg_avg,IN_avg_sd,IN_sd_avg,IN_sd_sd,IN_r1_avg,IN_r1_sd,IN_kr_avg,IN_kr_sd,IN_sk_avg,IN_sk_sd
7,0.4941846051,0.3004191686,0.0010096907,0.0006199815,0.8101378612,0.1374253662,2.3315086134,0.5470420612,-0.0812599702,0.4662398055,-0.0000226415,0.0000626244,0.0001306644,0.0000820438,0.0029763977,0.1801752708,2.7656762673,0.6799269623,-0.0800397587,0.3639260724,0.4976000000,0.0419218320,0.1096079831,0.0185172906,-0.0803971161,0.1515354082,2.8139058734,0.5292991787,0.0102789054,0.4912225826
