Instance,INF_avg,INF_sd,INF_r1,INF_kr,INF_sk,SUP_avg,SUP_sd,SUP_r1,SUP_kr,SUP_sk,INC_avg,INC_sd,INC_r1,INC_kr,INC_sk,IND_avg,IND_sd,IND_r1,IND_kr,IND_sk
78,0.2900000000,0.0800000000,0.3260188088,1.4189453125,0.0351562500,0.2900000000,0.0489897949,-0.0256410256,2.7291666667,-0.8675276172,0.4200000000,0.0812403840,-0.1654135338,1.4421487603,-0.3804646085,0.2200000000,0.0509901951,-0.5909090909,1.9556213018,0.2715454179
