Instance,FV_avg_avg,FV_avg_sd,FV_sd_avg,FV_sd_sd,FV_r1_avg,FV_r1_sd,FV_kr_avg,FV_kr_sd,FV_sk_avg,FV_sk_sd,FD_avg_avg,FD_avg_sd,FD_sd_avg,FD_sd_sd,FD_r1_avg,FD_r1_sd,FD_kr_avg,FD_kr_sd,FD_sk_avg,FD_sk_sd,IN_avg_avg,IN_avg_sd,IN_sd_avg,IN_sd_sd,IN_r1_avg,IN_r1_sd,IN_kr_avg,IN_kr_sd,IN_sk_avg,IN_sk_sd
265,0.4994829916,0.3034405980,0.0008631775,0.0007597497,0.8030742743,0.1175911561,2.1544455188,0.3815841190,-0.0908680329,0.4456918833,-0.0000127715,0.0000230290,0.0000398318,0.0000249320,-0.0961699941,0.2146476868,2.6459486451,0.5969471446,-0.0803897782,0.3533772618,0.4888200000,0.0195895789,0.0493692333,0.0078060747,-0.0663338939,0.1963170556,2.7011822295,0.7234393662,0.0087952152,0.4490513177
