Instance,INF_avg,INF_sd,INF_r1,INF_kr,INF_sk,SUP_avg,SUP_sd,SUP_r1,SUP_kr,SUP_sk,INC_avg,INC_sd,INC_r1,INC_kr,INC_sk,IND_avg,IND_sd,IND_r1,IND_kr,IND_sk
120,0.2926000000,0.0419313725,0.5848486834,2.5456557555,0.0058752059,0.1996000000,0.0291520154,0.2449345378,2.8453699529,-0.6288763587,0.5078000000,0.0458711238,0.5316958500,2.8111516989,-0.4775881494,0.0398000000,0.0094318609,0.0108303930,3.3402515398,0.3436995789
