Instance,FV_avg_avg,FV_avg_sd,FV_sd_avg,FV_sd_sd,FV_r1_avg,FV_r1_sd,FV_kr_avg,FV_kr_sd,FV_sk_avg,FV_sk_sd,FD_avg_avg,FD_avg_sd,FD_sd_avg,FD_sd_sd,FD_r1_avg,FD_r1_sd,FD_kr_avg,FD_kr_sd,FD_sk_avg,FD_sk_sd,IN_avg_avg,IN_avg_sd,IN_sd_avg,IN_sd_sd,IN_r1_avg,IN_r1_sd,IN_kr_avg,IN_kr_sd,IN_sk_avg,IN_sk_sd
365,0.4957419298,0.3017615301,0.0002666352,0.0002244698,0.2449910897,0.3745077641,1.9855163693,0.4695895231,0.0506468509,0.6049254904,0.0000022547,0.0000194512,0.0000285687,0.0000200378,-0.1380664442,0.3058200952,2.0860424989,0.4961825847,0.3905587731,0.5936647786,0.5066000000,0.0353785246,0.0511143404,0.0107760941,-0.2493904349,0.3521256924,2.1152980273,0.4925446627,0.1208479151,0.6913311275
