Instance,FV_avg_avg,FV_avg_sd,FV_sd_avg,FV_sd_sd,FV_r1_avg,FV_r1_sd,FV_kr_avg,FV_kr_sd,FV_sk_avg,FV_sk_sd,FD_avg_avg,FD_avg_sd,FD_sd_avg,FD_sd_sd,FD_r1_avg,FD_r1_sd,FD_kr_avg,FD_kr_sd,FD_sk_avg,FD_sk_sd,IN_avg_avg,IN_avg_sd,IN_sd_avg,IN_sd_sd,IN_r1_avg,IN_r1_sd,IN_kr_avg,IN_kr_sd,IN_sk_avg,IN_sk_sd
385,0.4989200231,0.3027651168,0.0001365448,0.0001047122,0.8001292311,0.1473303260,2.5850007413,0.6174370024,0.2904088866,0.4826983151,-0.0000008844,0.0000057135,0.0000163811,0.0000105856,-0.0665020316,0.1546321601,2.9738579238,0.9996916916,0.1018441056,0.4467495011,0.4979000000,0.0226404505,0.1056007204,0.0166279240,-0.0318697649,0.1929103982,2.8105916491,0.6442024558,0.1680609159,0.4346180699
