Instance,INF_avg,INF_sd,INF_r1,INF_kr,INF_sk,SUP_avg,SUP_sd,SUP_r1,SUP_kr,SUP_sk,INC_avg,INC_sd,INC_r1,INC_kr,INC_sk,IND_avg,IND_sd,IND_r1,IND_kr,IND_sk
363,0.2040000000,0.0496386946,0.3658368968,4.5844729033,1.2618618570,0.2890000000,0.0452990066,0.3135864544,2.3492128632,0.3031836492,0.5070000000,0.0447883914,0.4611602355,2.0181683265,-0.1672203707,0.0470000000,0.0111355287,0.1674860701,3.9102497399,1.1210847078
