Instance,FV_avg_avg,FV_avg_sd,FV_sd_avg,FV_sd_sd,FV_r1_avg,FV_r1_sd,FV_kr_avg,FV_kr_sd,FV_sk_avg,FV_sk_sd,FD_avg_avg,FD_avg_sd,FD_sd_avg,FD_sd_sd,FD_r1_avg,FD_r1_sd,FD_kr_avg,FD_kr_sd,FD_sk_avg,FD_sk_sd,IN_avg_avg,IN_avg_sd,IN_sd_avg,IN_sd_sd,IN_r1_avg,IN_r1_sd,IN_kr_avg,IN_kr_sd,IN_sk_avg,IN_sk_sd
423,0.4947925960,0.3014610979,0.0021299944,0.0014309011,0.8946968456,0.0589322698,2.4268592488,0.5635691025,0.0595099833,0.5339832175,-0.0000096620,0.0000688447,0.0001315456,0.0000839443,0.1517384453,0.2199395223,2.7786897609,0.4919865668,0.0561722195,0.3754829681,0.4898200000,0.0366395360,0.0762846301,0.0061128725,0.1601292455,0.1864290133,2.9033377798,0.5045867753,0.0455392278,0.3727325136
