Instance,FV_avg_avg,FV_avg_sd,FV_sd_avg,FV_sd_sd,FV_r1_avg,FV_r1_sd,FV_kr_avg,FV_kr_sd,FV_sk_avg,FV_sk_sd,FD_avg_avg,FD_avg_sd,FD_sd_avg,FD_sd_sd,FD_r1_avg,FD_r1_sd,FD_kr_avg,FD_kr_sd,FD_sk_avg,FD_sk_sd,IN_avg_avg,IN_avg_sd,IN_sd_avg,IN_sd_sd,IN_r1_avg,IN_r1_sd,IN_kr_avg,IN_kr_sd,IN_sk_avg,IN_sk_sd
83,0.4982162827,0.3038622421,0.0001146486,0.0001066767,-0.0426720677,0.4807045837,1.8065079425,0.3012936500,0.0508308703,0.4480421237,-0.0000041463,0.0000123650,0.0000198343,0.0000143881,-0.2129906941,0.3713269406,1.8558104315,0.4038038749,0.1620975946,0.3268303139,0.4950000000,0.0332234857,0.0501726340,0.0178299411,-0.2824165964,0.3272627655,2.1340502426,0.4079700357,0.2471530825,0.5919187138
