Instance,INF_avg,INF_sd,INF_r1,INF_kr,INF_sk,SUP_avg,SUP_sd,SUP_r1,SUP_kr,SUP_sk,INC_avg,INC_sd,INC_r1,INC_kr,INC_sk,IND_avg,IND_sd,IND_r1,IND_kr,IND_sk
475,0.2664000000,0.0651232677,0.3256150528,3.4828208267,0.5359704642,0.2200000000,0.0614491660,0.5539856038,2.9426204306,0.2412597735,0.5136000000,0.0629685636,0.2589751780,2.4528505474,0.0056510424,0.0606000000,0.0232731605,0.2836522804,2.4866914100,0.3272202490
