Instance,FV_avg_avg,FV_avg_sd,FV_sd_avg,FV_sd_sd,FV_r1_avg,FV_r1_sd,FV_kr_avg,FV_kr_sd,FV_sk_avg,FV_sk_sd,FD_avg_avg,FD_avg_sd,FD_sd_avg,FD_sd_sd,FD_r1_avg,FD_r1_sd,FD_kr_avg,FD_kr_sd,FD_sk_avg,FD_sk_sd,IN_avg_avg,IN_avg_sd,IN_sd_avg,IN_sd_sd,IN_r1_avg,IN_r1_sd,IN_kr_avg,IN_kr_sd,IN_sk_avg,IN_sk_sd
248,0.4842787521,0.2950369998,0.0030429737,0.0017681874,0.6917465978,0.1774606756,2.3619289585,0.5223138424,-0.0537437415,0.4053684589,-0.0001025740,0.0003062288,0.0006868250,0.0004060453,0.0198446275,0.1627022850,3.0218094987,0.8100396966,0.1118052103,0.3683185207,0.4802000000,0.0529070884,0.1586886344,0.0229503227,-0.0074115486,0.1669610697,2.8665645332,0.7847519223,0.1729591681,0.4584034137
