Instance,INF_avg,INF_sd,INF_r1,INF_kr,INF_sk,SUP_avg,SUP_sd,SUP_r1,SUP_kr,SUP_sk,INC_avg,INC_sd,INC_r1,INC_kr,INC_sk,IND_avg,IND_sd,IND_r1,IND_kr,IND_sk
474,0.2814000000,0.0424268783,-0.1131122173,2.0972561688,-0.4161696943,0.2110000000,0.0420119031,0.0541888498,2.8090917991,-0.0247602835,0.5076000000,0.0415961537,-0.1518037663,2.1709772203,0.3183427671,0.0694000000,0.0186986631,0.1271946178,2.9974087325,0.2156027840
