Instance,INF_avg,INF_sd,INF_r1,INF_kr,INF_sk,SUP_avg,SUP_sd,SUP_r1,SUP_kr,SUP_sk,INC_avg,INC_sd,INC_r1,INC_kr,INC_sk,IND_avg,IND_sd,IND_r1,IND_kr,IND_sk
62,0.2588000000,0.0464172382,0.2316152417,3.2253162902,0.1519681813,0.2582000000,0.0463115536,-0.1258651605,2.7729761355,-0.1787271740,0.4830000000,0.0492645917,0.0509185658,2.2585259669,0.1141636872,0.0622000000,0.0213344791,0.0474128790,3.4755898483,0.6637380789
