Instance,INF_avg,INF_sd,INF_r1,INF_kr,INF_sk,SUP_avg,SUP_sd,SUP_r1,SUP_kr,SUP_sk,INC_avg,INC_sd,INC_r1,INC_kr,INC_sk,IND_avg,IND_sd,IND_r1,IND_kr,IND_sk
261,0.2420000000,0.0561782876,0.1177589048,1.7530926668,0.3037586140,0.2480000000,0.0507543102,-0.3164638053,2.1637668300,0.3920971648,0.5100000000,0.0830662386,-0.3392070485,2.4336483932,-0.1968046990,0.1120000000,0.0348711915,-0.4838255977,2.5228531856,0.1720618004
