Instance,FV_avg_avg,FV_avg_sd,FV_sd_avg,FV_sd_sd,FV_r1_avg,FV_r1_sd,FV_kr_avg,FV_kr_sd,FV_sk_avg,FV_sk_sd,FD_avg_avg,FD_avg_sd,FD_sd_avg,FD_sd_sd,FD_r1_avg,FD_r1_sd,FD_kr_avg,FD_kr_sd,FD_sk_avg,FD_sk_sd,IN_avg_avg,IN_avg_sd,IN_sd_avg,IN_sd_sd,IN_r1_avg,IN_r1_sd,IN_kr_avg,IN_kr_sd,IN_sk_avg,IN_sk_sd
312,0.4977203724,0.3021486726,0.0006152150,0.0004920464,0.9296424789,0.0617101880,2.3996820457,0.6436532529,-0.0399642320,0.4314303480,0.0000006357,0.0000088289,0.0000422583,0.0000262476,0.0165500215,0.0857258420,2.9968360552,0.5001272704,-0.0998767905,0.2449735925,0.5034000000,0.0193375283,0.1133512439,0.0055673603,0.0171922683,0.0999056660,2.8475539565,0.4230548111,-0.0763347968,0.2006171211
