Instance,FV_avg_avg,FV_avg_sd,FV_sd_avg,FV_sd_sd,FV_r1_avg,FV_r1_sd,FV_kr_avg,FV_kr_sd,FV_sk_avg,FV_sk_sd,FD_avg_avg,FD_avg_sd,FD_sd_avg,FD_sd_sd,FD_r1_avg,FD_r1_sd,FD_kr_avg,FD_kr_sd,FD_sk_avg,FD_sk_sd,IN_avg_avg,IN_avg_sd,IN_sd_avg,IN_sd_sd,IN_r1_avg,IN_r1_sd,IN_kr_avg,IN_kr_sd,IN_sk_avg,IN_sk_sd
17,0.4900778753,0.2974561001,0.0048928149,0.0031364863,0.9341090128,0.0557988290,2.3646408095,0.6117223916,0.1224933663,0.3435658167,0.0000158359,0.0001433751,0.0002431598,0.0001472430,0.2734211073,0.1577259717,2.9270133630,0.5420705236,0.0000886426,0.3055609188,0.4976200000,0.0446781334,0.0781899282,0.0060112508,0.2026425319,0.1296454875,2.7849179971,0.3396031185,0.0051889609,0.1870715397
