Instance,INF_avg,INF_sd,INF_r1,INF_kr,INF_sk,SUP_avg,SUP_sd,SUP_r1,SUP_kr,SUP_sk,INC_avg,INC_sd,INC_r1,INC_kr,INC_sk,IND_avg,IND_sd,IND_r1,IND_kr,IND_sk
200,0.2520000000,0.1513142426,-0.1857045046,3.6896234473,0.7757607335,0.2340000000,0.1477971583,0.1081591326,3.6202485028,0.7782631839,0.5140000000,0.1844017353,-0.1498472781,2.5388004824,-0.1867365133,0.3760000000,0.1087382178,0.2281303602,2.3193339937,0.2062283066
