Instance,INF_avg,INF_sd,INF_r1,INF_kr,INF_sk,SUP_avg,SUP_sd,SUP_r1,SUP_kr,SUP_sk,INC_avg,INC_sd,INC_r1,INC_kr,INC_sk,IND_avg,IND_sd,IND_r1,IND_kr,IND_sk
164,0.2040000000,0.0344093011,-0.5575261482,2.3315747124,0.7824624637,0.3080000000,0.0246170673,-0.0070214339,1.4150083325,0.5023480867,0.4880000000,0.0396988665,-0.5876305754,1.3801453915,0.3662406862,0.0410000000,0.0058309519,-0.7415730337,1.6280276817,0.3631734744
