Instance,INF_avg,INF_sd,INF_r1,INF_kr,INF_sk,SUP_avg,SUP_sd,SUP_r1,SUP_kr,SUP_sk,INC_avg,INC_sd,INC_r1,INC_kr,INC_sk,IND_avg,IND_sd,IND_r1,IND_kr,IND_sk
398,0.2340000000,0.0159373775,-0.1385737439,2.4459358919,-0.9293262752,0.2300000000,0.0109544512,-0.3333333333,1.5625000000,-0.1141088661,0.5360000000,0.0190787840,0.3437273387,1.2846576500,0.0622059134,0.0310000000,0.0096953597,0.3502202643,1.8155273880,-0.6122692079
