Instance,FV_avg_avg,FV_avg_sd,FV_sd_avg,FV_sd_sd,FV_r1_avg,FV_r1_sd,FV_kr_avg,FV_kr_sd,FV_sk_avg,FV_sk_sd,FD_avg_avg,FD_avg_sd,FD_sd_avg,FD_sd_sd,FD_r1_avg,FD_r1_sd,FD_kr_avg,FD_kr_sd,FD_sk_avg,FD_sk_sd,IN_avg_avg,IN_avg_sd,IN_sd_avg,IN_sd_sd,IN_r1_avg,IN_r1_sd,IN_kr_avg,IN_kr_sd,IN_sk_avg,IN_sk_sd
278,0.4994031219,0.3044030319,0.0008593727,0.0006340326,0.5877024887,0.2011125042,2.2626038252,0.6937749645,-0.3118164305,0.5428574475,-0.0000023691,0.0000862216,0.0000940413,0.0000594719,-0.0396030461,0.2858512484,2.7301532436,0.9170837162,0.3409541176,0.6692757021,0.4938000000,0.0489158461,0.0660856240,0.0125495137,-0.0308707602,0.2841397544,2.7941438931,0.7811208755,0.2941815021,0.6584638792
