Instance,FV_avg_avg,FV_avg_sd,FV_sd_avg,FV_sd_sd,FV_r1_avg,FV_r1_sd,FV_kr_avg,FV_kr_sd,FV_sk_avg,FV_sk_sd,FD_avg_avg,FD_avg_sd,FD_sd_avg,FD_sd_sd,FD_r1_avg,FD_r1_sd,FD_kr_avg,FD_kr_sd,FD_sk_avg,FD_sk_sd,IN_avg_avg,IN_avg_sd,IN_sd_avg,IN_sd_sd,IN_r1_avg,IN_r1_sd,IN_kr_avg,IN_kr_sd,IN_sk_avg,IN_sk_sd
202,0.4859581761,0.2958976031,0.0023875746,0.0017821372,0.7851640960,0.1389929283,2.3624895081,0.5858488478,-0.0435766108,0.4926596606,0.0000200107,0.0001393082,0.0002718840,0.0001822770,0.0780214348,0.2178803697,2.8702610797,0.8191100287,-0.0228198542,0.5167232658,0.5016000000,0.0390363933,0.1066974690,0.0172988472,0.0001633529,0.2148157815,2.9232397698,0.7218962796,0.0128983112,0.5336819780
