Instance,INF_avg,INF_sd,INF_r1,INF_kr,INF_sk,SUP_avg,SUP_sd,SUP_r1,SUP_kr,SUP_sk,INC_avg,INC_sd,INC_r1,INC_kr,INC_sk,IND_avg,IND_sd,IND_r1,IND_kr,IND_sk
419,0.3220000000,0.0231516738,-0.2166467543,1.9012168634,0.5178375469,0.1900000000,0.0167332005,0.7500000000,2.3278061224,-0.8644064050,0.4880000000,0.0273130006,-0.1435629178,2.9573309662,-1.2915512275,0.0340000000,0.0037416574,-0.0869565217,1.8469387755,0.3436215967
