Instance,INF_avg,INF_sd,INF_r1,INF_kr,INF_sk,SUP_avg,SUP_sd,SUP_r1,SUP_kr,SUP_sk,INC_avg,INC_sd,INC_r1,INC_kr,INC_sk,IND_avg,IND_sd,IND_r1,IND_kr,IND_sk
168,0.2140000000,0.0402988834,-0.1579795809,2.0556310515,-0.2192973524,0.2500000000,0.0109544512,-0.4000000000,2.5000000000,-0.9128709292,0.5360000000,0.0440908154,0.0479582146,1.5680282477,0.1842437415,0.0640000000,0.0195959179,-0.4705882353,2.7291666667,0.8675276172
