Instance,INF_avg,INF_sd,INF_r1,INF_kr,INF_sk,SUP_avg,SUP_sd,SUP_r1,SUP_kr,SUP_sk,INC_avg,INC_sd,INC_r1,INC_kr,INC_sk,IND_avg,IND_sd,IND_r1,IND_kr,IND_sk
293,0.2890000000,0.0278208555,-0.3467207074,1.5652805320,0.2321051682,0.2320000000,0.0294278779,-0.5037505860,2.2207729520,-0.1963543211,0.4790000000,0.0326190129,-0.2144702842,3.0680366329,-1.3608927294,0.0380000000,0.0102956301,-0.6450777202,1.3209327163,0.1319482681
