Instance,FV_avg_avg,FV_avg_sd,FV_sd_avg,FV_sd_sd,FV_r1_avg,FV_r1_sd,FV_kr_avg,FV_kr_sd,FV_sk_avg,FV_sk_sd,FD_avg_avg,FD_avg_sd,FD_sd_avg,FD_sd_sd,FD_r1_avg,FD_r1_sd,FD_kr_avg,FD_kr_sd,FD_sk_avg,FD_sk_sd,IN_avg_avg,IN_avg_sd,IN_sd_avg,IN_sd_sd,IN_r1_avg,IN_r1_sd,IN_kr_avg,IN_kr_sd,IN_sk_avg,IN_sk_sd
55,0.4990407922,0.3027388772,0.0007782729,0.0005760351,0.9529597503,0.0304467555,2.1974114420,0.5549151076,0.0970663083,0.3139348537,-0.0000055005,0.0000108631,0.0000446025,0.0000261510,-0.0061630030,0.0884867118,2.8707022053,0.4781128590,-0.0060895585,0.2369840081,0.4918750000,0.0157312388,0.1097558933,0.0068122240,-0.0259307307,0.1142783051,2.8749784685,0.6442111264,-0.0348413965,0.1882282623
