Instance,INF_avg,INF_sd,INF_r1,INF_kr,INF_sk,SUP_avg,SUP_sd,SUP_r1,SUP_kr,SUP_sk,INC_avg,INC_sd,INC_r1,INC_kr,INC_sk,IND_avg,IND_sd,IND_r1,IND_kr,IND_sk
258,0.2800000000,0.0509901951,-0.1728395062,1.9556213018,-0.2715454179,0.2000000000,0.0447213595,0.2500000000,1.2500000000,-0.0000000000,0.5200000000,0.0600000000,-0.5648854962,1.3981481481,-0.1111111111,0.2500000000,0.0707106781,-0.3000000000,1.7000000000,-0.0000000000
