Instance,INF_avg,INF_sd,INF_r1,INF_kr,INF_sk,SUP_avg,SUP_sd,SUP_r1,SUP_kr,SUP_sk,INC_avg,INC_sd,INC_r1,INC_kr,INC_sk,IND_avg,IND_sd,IND_r1,IND_kr,IND_sk
199,0.2650000000,0.1061838029,0.1753877191,2.5122639515,0.2311600628,0.2500000000,0.1284523258,-0.3457943925,2.1900826446,0.0000000000,0.4850000000,0.1558043645,-0.1890511531,3.3480480802,0.8846156712,0.3750000000,0.1373863166,0.0160919540,3.5421692031,1.1496561210
