Instance,FV_avg_avg,FV_avg_sd,FV_sd_avg,FV_sd_sd,FV_r1_avg,FV_r1_sd,FV_kr_avg,FV_kr_sd,FV_sk_avg,FV_sk_sd,FD_avg_avg,FD_avg_sd,FD_sd_avg,FD_sd_sd,FD_r1_avg,FD_r1_sd,FD_kr_avg,FD_kr_sd,FD_sk_avg,FD_sk_sd,IN_avg_avg,IN_avg_sd,IN_sd_avg,IN_sd_sd,IN_r1_avg,IN_r1_sd,IN_kr_avg,IN_kr_sd,IN_sk_avg,IN_sk_sd
342,0.4907827609,0.2986984151,0.0031908633,0.0020651463,0.7735801600,0.1632194769,2.1363714933,0.5375482659,-0.0533143717,0.3497609654,0.0000400494,0.0001916901,0.0002043365,0.0001343121,0.4729814540,0.1718352618,2.6285680162,0.8025945588,0.1540080716,0.4735255959,0.5031000000,0.0541153767,0.0556696618,0.0149601053,0.4437974504,0.1850716783,2.5159392873,0.6390465411,0.1485439906,0.4866621902
