Instance,INF_avg,INF_sd,INF_r1,INF_kr,INF_sk,SUP_avg,SUP_sd,SUP_r1,SUP_kr,SUP_sk,INC_avg,INC_sd,INC_r1,INC_kr,INC_sk,IND_avg,IND_sd,IND_r1,IND_kr,IND_sk
106,0.3100000000,0.1513274595,-0.5029425079,2.1047844244,0.5228835389,0.2300000000,0.1187434209,-0.4061384725,2.4172325336,-0.2365192629,0.4600000000,0.1113552873,-0.4451827243,2.8792924037,0.8342955965,0.3600000000,0.1113552873,-0.1685823755,1.6305931322,-0.0347623165
