Instance,FV_avg_avg,FV_avg_sd,FV_sd_avg,FV_sd_sd,FV_r1_avg,FV_r1_sd,FV_kr_avg,FV_kr_sd,FV_sk_avg,FV_sk_sd,FD_avg_avg,FD_avg_sd,FD_sd_avg,FD_sd_sd,FD_r1_avg,FD_r1_sd,FD_kr_avg,FD_kr_sd,FD_sk_avg,FD_sk_sd,IN_avg_avg,IN_avg_sd,IN_sd_avg,IN_sd_sd,IN_r1_avg,IN_r1_sd,IN_kr_avg,IN_kr_sd,IN_sk_avg,IN_sk_sd
371,0.4993468163,0.3033608449,0.0002036103,0.0001800884,0.5828951578,0.2306442628,1.9704978801,0.3803099924,0.0757107357,0.3592690991,-0.0000005645,0.0000072325,0.0000141237,0.0000093446,-0.1304783045,0.2208220013,2.6122069868,0.6112760201,0.2993349390,0.4337711965,0.4945500000,0.0213435587,0.0448674863,0.0124562703,-0.0698212733,0.2839336086,2.6928234058,0.7103758846,0.1277234322,0.6279286007
