Instance,FV_avg_avg,FV_avg_sd,FV_sd_avg,FV_sd_sd,FV_r1_avg,FV_r1_sd,FV_kr_avg,FV_kr_sd,FV_sk_avg,FV_sk_sd,FD_avg_avg,FD_avg_sd,FD_sd_avg,FD_sd_sd,FD_r1_avg,FD_r1_sd,FD_kr_avg,FD_kr_sd,FD_sk_avg,FD_sk_sd,IN_avg_avg,IN_avg_sd,IN_sd_avg,IN_sd_sd,IN_r1_avg,IN_r1_sd,IN_kr_avg,IN_kr_sd,IN_sk_avg,IN_sk_sd
69,0.4440366759,0.2781511873,0.0235946539,0.0143476213,0.9899914142,0.0046840966,2.1063075387,0.1694017716,0.5528554378,0.1257126600,-0.0002948853,0.0001757313,0.0001431921,0.0000872526,0.9702095690,0.0085228512,2.1481620729,0.1729042498,0.5476030434,0.1145277128,0.1780704673,0.0358788954,0.1458203387,0.0110864074,0.9587183094,0.0093736717,2.3765100097,0.2473120794,0.7394951134,0.1586587863
