Instance,FV_avg_avg,FV_avg_sd,FV_sd_avg,FV_sd_sd,FV_r1_avg,FV_r1_sd,FV_kr_avg,FV_kr_sd,FV_sk_avg,FV_sk_sd,FD_avg_avg,FD_avg_sd,FD_sd_avg,FD_sd_sd,FD_r1_avg,FD_r1_sd,FD_kr_avg,FD_kr_sd,FD_sk_avg,FD_sk_sd,IN_avg_avg,IN_avg_sd,IN_sd_avg,IN_sd_sd,IN_r1_avg,IN_r1_sd,IN_kr_avg,IN_kr_sd,IN_sk_avg,IN_sk_sd
249,0.4973913492,0.3020402691,0.0007018415,0.0006409157,0.1417731326,0.4863586364,1.9394341144,0.4031831448,-0.1535876378,0.5559144887,-0.0000238270,0.0000774017,0.0000420765,0.0000318093,-0.1249917871,0.4725823696,2.0755036944,0.4619135385,-0.0393315095,0.6735801019,0.4884500000,0.0353659087,0.0312459152,0.0152247424,-0.2382194855,0.4661041435,2.0518373443,0.5371079110,-0.0549593978,0.6193805483
