Instance,INF_avg,INF_sd,INF_r1,INF_kr,INF_sk,SUP_avg,SUP_sd,SUP_r1,SUP_kr,SUP_sk,INC_avg,INC_sd,INC_r1,INC_kr,INC_sk,IND_avg,IND_sd,IND_r1,IND_kr,IND_sk
254,0.2622000000,0.0325293713,0.2187658190,3.0060145314,-0.3916038033,0.2098000000,0.0313202810,0.1166849157,2.3271174369,0.2504100481,0.5280000000,0.0385486705,0.0523878749,3.4557358133,0.7137155606,0.0368000000,0.0113030969,0.0784481242,4.3063036164,1.3359779977
