Instance,FV_avg_avg,FV_avg_sd,FV_sd_avg,FV_sd_sd,FV_r1_avg,FV_r1_sd,FV_kr_avg,FV_kr_sd,FV_sk_avg,FV_sk_sd,FD_avg_avg,FD_avg_sd,FD_sd_avg,FD_sd_sd,FD_r1_avg,FD_r1_sd,FD_kr_avg,FD_kr_sd,FD_sk_avg,FD_sk_sd,IN_avg_avg,IN_avg_sd,IN_sd_avg,IN_sd_sd,IN_r1_avg,IN_r1_sd,IN_kr_avg,IN_kr_sd,IN_sk_avg,IN_sk_sd
305,0.4982097722,0.3019617044,0.0009073355,0.0006433344,0.7695024745,0.1695327668,2.1852507063,0.5781494387,0.0826504611,0.3735026393,-0.0000095139,0.0000565194,0.0000775216,0.0000452959,0.0789312896,0.1579316457,3.0952073300,1.1047144593,0.1288390934,0.5987559184,0.4959200000,0.0381499358,0.0694177571,0.0105219296,0.0455960278,0.1266679425,3.0924432237,1.1050481941,0.1668361209,0.6533252362
