Instance,FV_avg_avg,FV_avg_sd,FV_sd_avg,FV_sd_sd,FV_r1_avg,FV_r1_sd,FV_kr_avg,FV_kr_sd,FV_sk_avg,FV_sk_sd,FD_avg_avg,FD_avg_sd,FD_sd_avg,FD_sd_sd,FD_r1_avg,FD_r1_sd,FD_kr_avg,FD_kr_sd,FD_sk_avg,FD_sk_sd,IN_avg_avg,IN_avg_sd,IN_sd_avg,IN_sd_sd,IN_r1_avg,IN_r1_sd,IN_kr_avg,IN_kr_sd,IN_sk_avg,IN_sk_sd
451,0.5008533940,0.3034953881,0.0013971497,0.0009910016,0.7533696946,0.1391068678,2.6531511310,0.7504447753,0.1077377282,0.5750660015,-0.0000053823,0.0000897205,0.0000636136,0.0000398838,0.0834523838,0.2417084330,2.5269274984,0.4613674771,-0.0513925229,0.3115748227,0.4946600000,0.0394330876,0.0372994710,0.0039071038,0.0598280687,0.2408547995,2.6899768973,0.4694035205,-0.0371619375,0.3326621791
