Instance,FV_avg_avg,FV_avg_sd,FV_sd_avg,FV_sd_sd,FV_r1_avg,FV_r1_sd,FV_kr_avg,FV_kr_sd,FV_sk_avg,FV_sk_sd,FD_avg_avg,FD_avg_sd,FD_sd_avg,FD_sd_sd,FD_r1_avg,FD_r1_sd,FD_kr_avg,FD_kr_sd,FD_sk_avg,FD_sk_sd,IN_avg_avg,IN_avg_sd,IN_sd_avg,IN_sd_sd,IN_r1_avg,IN_r1_sd,IN_kr_avg,IN_kr_sd,IN_sk_avg,IN_sk_sd
272,0.4940542214,0.3001895774,0.0014204624,0.0008235723,0.8622768302,0.0926272456,2.5145150356,0.3959041552,0.0089425010,0.4611936032,0.0000468202,0.0000790460,0.0001666387,0.0001024929,0.0487399143,0.1640891922,2.8281212225,0.4653853954,-0.0241401451,0.3296005619,0.5213500000,0.0384295134,0.1151659476,0.0095736367,0.0538799900,0.1517782157,2.7239301007,0.3589174566,-0.0656766913,0.2807049127
