Instance,INF_avg,INF_sd,INF_r1,INF_kr,INF_sk,SUP_avg,SUP_sd,SUP_r1,SUP_kr,SUP_sk,INC_avg,INC_sd,INC_r1,INC_kr,INC_sk,IND_avg,IND_sd,IND_r1,IND_kr,IND_sk
276,0.2300000000,0.0640312424,0.0773067332,2.2944675788,-0.3656751498,0.2100000000,0.2165640783,0.1953297570,2.3850455308,0.8754678257,0.5600000000,0.1854723699,0.1324626866,2.4015684154,-0.5341483882,0.3900000000,0.1300000000,0.4406463642,1.9613108785,0.4588074647
