Instance,INF_avg,INF_sd,INF_r1,INF_kr,INF_sk,SUP_avg,SUP_sd,SUP_r1,SUP_kr,SUP_sk,INC_avg,INC_sd,INC_r1,INC_kr,INC_sk,IND_avg,IND_sd,IND_r1,IND_kr,IND_sk
494,0.3160000000,0.1120000000,-0.1488970588,3.3246759163,0.1948797376,0.2120000000,0.1305986217,0.0164003188,2.4439365833,0.2084211291,0.4720000000,0.1562561999,-0.2513968081,2.6722145975,-0.4107580134,0.3960000000,0.1038460399,0.3090762953,2.5830596378,0.0798945816
