Instance,INF_avg,INF_sd,INF_r1,INF_kr,INF_sk,SUP_avg,SUP_sd,SUP_r1,SUP_kr,SUP_sk,INC_avg,INC_sd,INC_r1,INC_kr,INC_sk,IND_avg,IND_sd,IND_r1,IND_kr,IND_sk
297,0.2672500000,0.0348093019,0.2470536691,2.9577298972,-0.0481063929,0.2362500000,0.0391240016,0.5080591652,2.9614255290,-0.0395043374,0.4965000000,0.0346301891,0.2130486841,2.8454081226,-0.0090295618,0.0364000000,0.0102000000,0.1443985987,3.0727131389,0.2334961666
