Instance,INF_avg,INF_sd,INF_r1,INF_kr,INF_sk,SUP_avg,SUP_sd,SUP_r1,SUP_kr,SUP_sk,INC_avg,INC_sd,INC_r1,INC_kr,INC_sk,IND_avg,IND_sd,IND_r1,IND_kr,IND_sk
182,0.2480000000,0.1360000000,0.2608332425,2.0193214880,-0.1486871565,0.2960000000,0.1708332520,-0.0496183206,4.2250295764,1.1694228929,0.4560000000,0.1675231327,-0.1959885658,3.1315299514,-0.8700376058,0.3280000000,0.1000799680,0.1026254615,2.0940858843,0.3758017152
