Instance,INF_avg,INF_sd,INF_r1,INF_kr,INF_sk,SUP_avg,SUP_sd,SUP_r1,SUP_kr,SUP_sk,INC_avg,INC_sd,INC_r1,INC_kr,INC_sk,IND_avg,IND_sd,IND_r1,IND_kr,IND_sk
106,0.2000000000,0.1095445115,-1.0000000000,2.5000000000,-0.9128709292,0.2200000000,0.0979795897,-0.0256410256,2.7291666667,0.8675276172,0.5800000000,0.0748331477,-0.5217391304,1.8469387755,0.3436215967,0.4400000000,0.1496662955,0.4117647059,1.8469387755,-0.3436215967
