Instance,FV_avg_avg,FV_avg_sd,FV_sd_avg,FV_sd_sd,FV_r1_avg,FV_r1_sd,FV_kr_avg,FV_kr_sd,FV_sk_avg,FV_sk_sd,FD_avg_avg,FD_avg_sd,FD_sd_avg,FD_sd_sd,FD_r1_avg,FD_r1_sd,FD_kr_avg,FD_kr_sd,FD_sk_avg,FD_sk_sd,IN_avg_avg,IN_avg_sd,IN_sd_avg,IN_sd_sd,IN_r1_avg,IN_r1_sd,IN_kr_avg,IN_kr_sd,IN_sk_avg,IN_sk_sd
483,0.4962415575,0.3019404380,0.0003666968,0.0002438007,0.9415710296,0.0361215569,2.3001035421,0.4542510659,0.0085348707,0.4850154709,0.0000008907,0.0000101528,0.0000109235,0.0000070130,0.3824521966,0.1837811254,2.7915646522,0.4494530999,-0.0136534348,0.1841733550,0.4939950000,0.0306352734,0.0452745917,0.0062694772,0.3458260806,0.1596540006,2.7114418907,0.4765150751,-0.0043827021,0.1973214984
