Instance,FV_avg_avg,FV_avg_sd,FV_sd_avg,FV_sd_sd,FV_r1_avg,FV_r1_sd,FV_kr_avg,FV_kr_sd,FV_sk_avg,FV_sk_sd,FD_avg_avg,FD_avg_sd,FD_sd_avg,FD_sd_sd,FD_r1_avg,FD_r1_sd,FD_kr_avg,FD_kr_sd,FD_sk_avg,FD_sk_sd,IN_avg_avg,IN_avg_sd,IN_sd_avg,IN_sd_sd,IN_r1_avg,IN_r1_sd,IN_kr_avg,IN_kr_sd,IN_sk_avg,IN_sk_sd
168,0.5001151949,0.3036869048,0.0001255493,0.0000926190,0.5405847219,0.3060840943,2.1284955812,0.7045765508,0.0761974586,0.4840858259,-0.0000001563,0.0000052106,0.0000081901,0.0000047466,-0.1330383388,0.2069200929,1.9664691344,0.4237892174,-0.1020513462,0.3706579099,0.5011500000,0.0227997259,0.0443481147,0.0085787368,-0.1381914362,0.1867075590,2.6753456908,0.7760386459,0.0437830189,0.6343686664
