Instance,INF_avg,INF_sd,INF_r1,INF_kr,INF_sk,SUP_avg,SUP_sd,SUP_r1,SUP_kr,SUP_sk,INC_avg,INC_sd,INC_r1,INC_kr,INC_sk,IND_avg,IND_sd,IND_r1,IND_kr,IND_sk
151,0.2000000000,0.0979795897,-0.2608695652,2.6041666667,0.2551551815,0.2920000000,0.1622837022,-0.1385736442,2.3016148725,0.6908382335,0.5080000000,0.1852997572,-0.0699772583,2.7354913322,-0.3056330891,0.4080000000,0.0976524449,-0.0472479299,1.9547317688,0.3550463172
