Instance,INF_avg,INF_sd,INF_r1,INF_kr,INF_sk,SUP_avg,SUP_sd,SUP_r1,SUP_kr,SUP_sk,INC_avg,INC_sd,INC_r1,INC_kr,INC_sk,IND_avg,IND_sd,IND_r1,IND_kr,IND_sk
135,0.2460000000,0.0473708771,-0.6058262902,2.2646629872,-0.3142796046,0.2040000000,0.0591945943,-0.3569457222,2.2167386001,-0.2415992545,0.5500000000,0.0652686755,0.1127098321,1.9648879191,0.2071610410,0.1220000000,0.0328024389,0.0724415485,2.5126380232,-0.0244790937
