Instance,INF_avg,INF_sd,INF_r1,INF_kr,INF_sk,SUP_avg,SUP_sd,SUP_r1,SUP_kr,SUP_sk,INC_avg,INC_sd,INC_r1,INC_kr,INC_sk,IND_avg,IND_sd,IND_r1,IND_kr,IND_sk
499,0.2366000000,0.0247273128,-0.2395411454,4.0989086723,0.8023531213,0.2802000000,0.0310959804,0.1148128719,2.9118771939,-0.3573560122,0.4832000000,0.0331626296,0.3385765799,3.0157768460,0.3435485412,0.0346000000,0.0085930204,-0.0428856239,3.3668011067,0.0767081768
