Instance,INF_avg,INF_sd,INF_r1,INF_kr,INF_sk,SUP_avg,SUP_sd,SUP_r1,SUP_kr,SUP_sk,INC_avg,INC_sd,INC_r1,INC_kr,INC_sk,IND_avg,IND_sd,IND_r1,IND_kr,IND_sk
184,0.3400000000,0.1019803903,0.0909090909,1.9556213018,0.2715454179,0.3200000000,0.1326649916,-1.1717171717,2.2169421488,-0.3700366502,0.3400000000,0.1019803903,-0.7355371901,1.9556213018,0.2715454179,0.2800000000,0.0748331477,0.5588235294,1.8469387755,0.3436215967
