Instance,INF_avg,INF_sd,INF_r1,INF_kr,INF_sk,SUP_avg,SUP_sd,SUP_r1,SUP_kr,SUP_sk,INC_avg,INC_sd,INC_r1,INC_kr,INC_sk,IND_avg,IND_sd,IND_r1,IND_kr,IND_sk
444,0.2620000000,0.1317421724,0.0507197738,2.2844541070,-0.0903312711,0.2340000000,0.1335814358,-0.0096875426,3.3823705922,0.3946120531,0.5040000000,0.1509436981,-0.1701869299,2.7020597936,0.4206122206,0.3470000000,0.1099590833,-0.0452976366,2.3400220221,0.0310985520
