Instance,INF_avg,INF_sd,INF_r1,INF_kr,INF_sk,SUP_avg,SUP_sd,SUP_r1,SUP_kr,SUP_sk,INC_avg,INC_sd,INC_r1,INC_kr,INC_sk,IND_avg,IND_sd,IND_r1,IND_kr,IND_sk
414,0.3548148148,0.0907732368,0.3379407867,2.1247622498,0.2674203662,0.1329629630,0.0618429801,0.4819629358,3.4858376173,0.6541412793,0.5122222222,0.0737781124,0.0423092064,2.1549628816,-0.3543393218,0.1203703704,0.0431175380,-0.0044884719,4.3677162259,0.9851614174
