Instance,FV_avg_avg,FV_avg_sd,FV_sd_avg,FV_sd_sd,FV_r1_avg,FV_r1_sd,FV_kr_avg,FV_kr_sd,FV_sk_avg,FV_sk_sd,FD_avg_avg,FD_avg_sd,FD_sd_avg,FD_sd_sd,FD_r1_avg,FD_r1_sd,FD_kr_avg,FD_kr_sd,FD_sk_avg,FD_sk_sd,IN_avg_avg,IN_avg_sd,IN_sd_avg,IN_sd_sd,IN_r1_avg,IN_r1_sd,IN_kr_avg,IN_kr_sd,IN_sk_avg,IN_sk_sd
397,0.4985618245,0.3022967198,0.0001280787,0.0001106154,-0.0415683982,0.4970903863,1.8796179053,0.4662223431,-0.0509878720,0.4993931855,-0.0000003078,0.0000265540,0.0000456765,0.0000313898,-0.1783446119,0.4013156756,1.9112784517,0.4768140515,-0.0065689220,0.5588633927,0.4900000000,0.0741619849,0.1353980554,0.0432130372,-0.2377014242,0.4282201536,1.8759844119,0.5800193486,0.0578470021,0.6223446792
