Instance,FV_avg_avg,FV_avg_sd,FV_sd_avg,FV_sd_sd,FV_r1_avg,FV_r1_sd,FV_kr_avg,FV_kr_sd,FV_sk_avg,FV_sk_sd,FD_avg_avg,FD_avg_sd,FD_sd_avg,FD_sd_sd,FD_r1_avg,FD_r1_sd,FD_kr_avg,FD_kr_sd,FD_sk_avg,FD_sk_sd,IN_avg_avg,IN_avg_sd,IN_sd_avg,IN_sd_sd,IN_r1_avg,IN_r1_sd,IN_kr_avg,IN_kr_sd,IN_sk_avg,IN_sk_sd
446,0.4891008980,0.2948150098,0.0030052856,0.0021972485,0.9015430353,0.0526291961,2.3110504081,0.5812770409,-0.0646096367,0.5128155633,-0.0000283204,0.0001074958,0.0000957101,0.0000630067,0.2805250853,0.1780702354,2.7030373815,0.4405661339,0.0074261119,0.3222835886,0.5003550000,0.0305558092,0.0393159088,0.0050399221,0.2391959876,0.1576943277,2.9598792681,0.5234534927,-0.0395413483,0.3829403156
