Instance,FV_avg_avg,FV_avg_sd,FV_sd_avg,FV_sd_sd,FV_r1_avg,FV_r1_sd,FV_kr_avg,FV_kr_sd,FV_sk_avg,FV_sk_sd,FD_avg_avg,FD_avg_sd,FD_sd_avg,FD_sd_sd,FD_r1_avg,FD_r1_sd,FD_kr_avg,FD_kr_sd,FD_sk_avg,FD_sk_sd,IN_avg_avg,IN_avg_sd,IN_sd_avg,IN_sd_sd,IN_r1_avg,IN_r1_sd,IN_kr_avg,IN_kr_sd,IN_sk_avg,IN_sk_sd
429,0.4948903938,0.3015771347,0.0014202848,0.0010506763,0.7216886385,0.2264776004,2.1632887013,0.2820248400,0.1408857435,0.3548028944,0.0000066937,0.0000739929,0.0001979331,0.0001273933,0.0047064550,0.2380120174,2.6867884524,0.4968639171,0.1913245249,0.3605192617,0.4957000000,0.0457832939,0.1123631446,0.0149974574,-0.0181135787,0.1834249921,2.6510040452,0.9566899897,0.0662418662,0.3469815120
