Instance,INF_avg,INF_sd,INF_r1,INF_kr,INF_sk,SUP_avg,SUP_sd,SUP_r1,SUP_kr,SUP_sk,INC_avg,INC_sd,INC_r1,INC_kr,INC_sk,IND_avg,IND_sd,IND_r1,IND_kr,IND_sk
193,0.2368000000,0.0616259686,0.1470011999,2.7924624527,-0.1120691526,0.2456000000,0.0694020173,-0.4075986904,2.1029802328,-0.1727126516,0.5176000000,0.0702726120,-0.1480027987,2.3089982078,-0.4922752567,0.1056000000,0.0394035531,-0.0061996486,3.0800095014,0.2664294948
