Instance,INF_avg,INF_sd,INF_r1,INF_kr,INF_sk,SUP_avg,SUP_sd,SUP_r1,SUP_kr,SUP_sk,INC_avg,INC_sd,INC_r1,INC_kr,INC_sk,IND_avg,IND_sd,IND_r1,IND_kr,IND_sk
488,0.2290000000,0.1095855830,0.3071590647,2.2318888072,0.1716000939,0.2955000000,0.1109267777,0.2089121050,2.3468304397,-0.0403280026,0.4755000000,0.1235910595,0.2969064574,3.1662278594,-0.0814958753,0.2225000000,0.0629980158,0.0223891194,2.7362713125,-0.2321032980
