Instance,INF_avg,INF_sd,INF_r1,INF_kr,INF_sk,SUP_avg,SUP_sd,SUP_r1,SUP_kr,SUP_sk,INC_avg,INC_sd,INC_r1,INC_kr,INC_sk,IND_avg,IND_sd,IND_r1,IND_kr,IND_sk
200,0.2460000000,0.0473708771,-0.5174178311,2.4324306290,0.8597534011,0.2920000000,0.0760000000,-0.0668586052,2.1031683305,0.7361131360,0.4620000000,0.0660000000,-0.2383960188,1.6310841953,0.1121963436,0.1280000000,0.0222710575,-0.0299003322,1.6305931322,0.0347623165
