Instance,FV_avg_avg,FV_avg_sd,FV_sd_avg,FV_sd_sd,FV_r1_avg,FV_r1_sd,FV_kr_avg,FV_kr_sd,FV_sk_avg,FV_sk_sd,FD_avg_avg,FD_avg_sd,FD_sd_avg,FD_sd_sd,FD_r1_avg,FD_r1_sd,FD_kr_avg,FD_kr_sd,FD_sk_avg,FD_sk_sd,IN_avg_avg,IN_avg_sd,IN_sd_avg,IN_sd_sd,IN_r1_avg,IN_r1_sd,IN_kr_avg,IN_kr_sd,IN_sk_avg,IN_sk_sd
131,0.4983984464,0.3026157146,0.0008735837,0.0007409545,0.8526063434,0.1498356979,2.3352443449,0.6105653675,0.0394285371,0.5226577753,0.0000048154,0.0000162306,0.0000341842,0.0000212062,0.0468470405,0.1307404533,2.9078428918,0.5380998224,0.0984394429,0.3069879011,0.5019800000,0.0220649858,0.0514169198,0.0052646331,0.0507736938,0.1691603389,2.7332853241,0.5774596888,-0.0059538771,0.3128918284
