Instance,FV_avg_avg,FV_avg_sd,FV_sd_avg,FV_sd_sd,FV_r1_avg,FV_r1_sd,FV_kr_avg,FV_kr_sd,FV_sk_avg,FV_sk_sd,FD_avg_avg,FD_avg_sd,FD_sd_avg,FD_sd_sd,FD_r1_avg,FD_r1_sd,FD_kr_avg,FD_kr_sd,FD_sk_avg,FD_sk_sd,IN_avg_avg,IN_avg_sd,IN_sd_avg,IN_sd_sd,IN_r1_avg,IN_r1_sd,IN_kr_avg,IN_kr_sd,IN_sk_avg,IN_sk_sd
292,0.4932660826,0.2994560090,0.0016336667,0.0014261000,0.8882527678,0.0950223981,2.3885924427,0.7372417419,0.0243132274,0.5662742345,0.0000084285,0.0000542189,0.0000873060,0.0000537260,0.0333462008,0.1710656473,2.8488854503,0.4731383546,0.0099356721,0.3347291522,0.5053000000,0.0293745128,0.0720658067,0.0069833730,-0.0069114916,0.1194191324,2.7236845672,0.4440431927,-0.0093447809,0.3139543864
