Instance,INF_avg,INF_sd,INF_r1,INF_kr,INF_sk,SUP_avg,SUP_sd,SUP_r1,SUP_kr,SUP_sk,INC_avg,INC_sd,INC_r1,INC_kr,INC_sk,IND_avg,IND_sd,IND_r1,IND_kr,IND_sk
384,0.2060000000,0.1134195750,0.1688228497,2.3878810240,0.1804158282,0.2540000000,0.0958331884,0.2403651822,2.0397259588,0.4314443731,0.5400000000,0.1095445115,0.0620782726,2.4908333333,-0.1780098312,0.2460000000,0.0733757453,0.1493312400,3.4213982766,0.8218399704
