Instance,FV_avg_avg,FV_avg_sd,FV_sd_avg,FV_sd_sd,FV_r1_avg,FV_r1_sd,FV_kr_avg,FV_kr_sd,FV_sk_avg,FV_sk_sd,FD_avg_avg,FD_avg_sd,FD_sd_avg,FD_sd_sd,FD_r1_avg,FD_r1_sd,FD_kr_avg,FD_kr_sd,FD_sk_avg,FD_sk_sd,IN_avg_avg,IN_avg_sd,IN_sd_avg,IN_sd_sd,IN_r1_avg,IN_r1_sd,IN_kr_avg,IN_kr_sd,IN_sk_avg,IN_sk_sd
77,0.5005069692,0.3044730620,0.0002369085,0.0002425241,-0.0397459512,0.4611308486,2.1364445892,0.5497386571,-0.2298204366,0.6525742795,-0.0000061965,0.0000514999,0.0000803959,0.0000570525,-0.3264148071,0.3758210480,2.0172551284,0.4857081631,-0.0898171186,0.6390534763,0.5150000000,0.0814555093,0.1317375273,0.0478040157,-0.2374946904,0.3944984078,2.1254612237,0.6737002923,-0.1176324640,0.8068282073
