Instance,FV_avg_avg,FV_avg_sd,FV_sd_avg,FV_sd_sd,FV_r1_avg,FV_r1_sd,FV_kr_avg,FV_kr_sd,FV_sk_avg,FV_sk_sd,FD_avg_avg,FD_avg_sd,FD_sd_avg,FD_sd_sd,FD_r1_avg,FD_r1_sd,FD_kr_avg,FD_kr_sd,FD_sk_avg,FD_sk_sd,IN_avg_avg,IN_avg_sd,IN_sd_avg,IN_sd_sd,IN_r1_avg,IN_r1_sd,IN_kr_avg,IN_kr_sd,IN_sk_avg,IN_sk_sd
200,0.4986882998,0.3026274203,0.0004612458,0.0003367863,0.0801979872,0.4075468278,2.0513521736,0.6436761197,0.2122125676,0.7059005639,-0.0000105834,0.0000538195,0.0000415679,0.0000295647,-0.3764996639,0.3483994253,2.0658533039,0.5159032370,0.1246032493,0.6279343743,0.4951000000,0.0416532112,0.0429757812,0.0166457872,-0.4944340028,0.2798862875,2.0615018733,0.4129154049,0.2128854479,0.5181620292
