Instance,INF_avg,INF_sd,INF_r1,INF_kr,INF_sk,SUP_avg,SUP_sd,SUP_r1,SUP_kr,SUP_sk,INC_avg,INC_sd,INC_r1,INC_kr,INC_sk,IND_avg,IND_sd,IND_r1,IND_kr,IND_sk
100,0.2536000000,0.0686952691,0.2125871611,3.0764876275,-0.0725911484,0.2394000000,0.0607588677,0.1919794275,2.9043886372,-0.3908822304,0.5070000000,0.0809135341,0.0652490707,3.0818304108,0.2588623948,0.1224000000,0.0306307036,-0.0611156210,2.5300778538,-0.0017102921
