Instance,INF_avg,INF_sd,INF_r1,INF_kr,INF_sk,SUP_avg,SUP_sd,SUP_r1,SUP_kr,SUP_sk,INC_avg,INC_sd,INC_r1,INC_kr,INC_sk,IND_avg,IND_sd,IND_r1,IND_kr,IND_sk
158,0.2300000000,0.0678232998,-0.9277108434,1.2296786389,-0.2115471545,0.2800000000,0.0812403840,-0.1021505376,2.2685950413,-0.1790421687,0.4900000000,0.1067707825,-0.3989169675,3.1057248384,1.3703729243,0.3000000000,0.0447213595,0.6666666667,1.2500000000,0.0000000000
