Instance,FV_avg_avg,FV_avg_sd,FV_sd_avg,FV_sd_sd,FV_r1_avg,FV_r1_sd,FV_kr_avg,FV_kr_sd,FV_sk_avg,FV_sk_sd,FD_avg_avg,FD_avg_sd,FD_sd_avg,FD_sd_sd,FD_r1_avg,FD_r1_sd,FD_kr_avg,FD_kr_sd,FD_sk_avg,FD_sk_sd,IN_avg_avg,IN_avg_sd,IN_sd_avg,IN_sd_sd,IN_r1_avg,IN_r1_sd,IN_kr_avg,IN_kr_sd,IN_sk_avg,IN_sk_sd
261,0.4988288588,0.3034500453,0.0003336695,0.0002851341,0.9324490456,0.0501720023,2.4696773473,0.5938656137,0.0742019408,0.4124293082,-0.0000003334,0.0000033160,0.0000069762,0.0000042204,0.0078407391,0.1150791833,2.9495525818,0.3173485205,0.0427670915,0.1964791425,0.4996925000,0.0105813548,0.0356987594,0.0023079101,0.0002611710,0.0732726840,2.9232632549,0.3531958168,-0.0123731319,0.2230134838
