Instance,INF_avg,INF_sd,INF_r1,INF_kr,INF_sk,SUP_avg,SUP_sd,SUP_r1,SUP_kr,SUP_sk,INC_avg,INC_sd,INC_r1,INC_kr,INC_sk,IND_avg,IND_sd,IND_r1,IND_kr,IND_sk
187,0.2880000000,0.1531535178,0.0815483379,2.7900636343,0.1353268586,0.2600000000,0.1264911064,-0.0240963855,2.5675000000,-0.4031904017,0.4520000000,0.1499866661,0.0800485530,4.2774119856,-0.9987801073,0.4040000000,0.1076289924,-0.0761019284,2.2987927719,-0.0794626615
