Instance,FV_avg_avg,FV_avg_sd,FV_sd_avg,FV_sd_sd,FV_r1_avg,FV_r1_sd,FV_kr_avg,FV_kr_sd,FV_sk_avg,FV_sk_sd,FD_avg_avg,FD_avg_sd,FD_sd_avg,FD_sd_sd,FD_r1_avg,FD_r1_sd,FD_kr_avg,FD_kr_sd,FD_sk_avg,FD_sk_sd,IN_avg_avg,IN_avg_sd,IN_sd_avg,IN_sd_sd,IN_r1_avg,IN_r1_sd,IN_kr_avg,IN_kr_sd,IN_sk_avg,IN_sk_sd
300,0.4987933135,0.3032667012,0.0004487107,0.0003530356,0.9513988959,0.0187274285,2.3042394290,0.5598568563,0.0273391382,0.4593249645,0.0000012284,0.0000043661,0.0000128600,0.0000079192,0.0069179030,0.1014506091,2.8704299341,0.4204557951,-0.0089718609,0.2379678448,0.5018200000,0.0156286468,0.0501224809,0.0025039788,-0.0034972652,0.0936134639,2.8173018580,0.2875270870,-0.0668387222,0.2418123819
