Instance,FV_avg_avg,FV_avg_sd,FV_sd_avg,FV_sd_sd,FV_r1_avg,FV_r1_sd,FV_kr_avg,FV_kr_sd,FV_sk_avg,FV_sk_sd,FD_avg_avg,FD_avg_sd,FD_sd_avg,FD_sd_sd,FD_r1_avg,FD_r1_sd,FD_kr_avg,FD_kr_sd,FD_sk_avg,FD_sk_sd,IN_avg_avg,IN_avg_sd,IN_sd_avg,IN_sd_sd,IN_r1_avg,IN_r1_sd,IN_kr_avg,IN_kr_sd,IN_sk_avg,IN_sk_sd
31,0.4746988349,0.2879936767,0.0142813078,0.0088852157,0.9916182140,0.0043229691,1.8701535936,0.0709714180,0.2681163191,0.0954440089,-0.0001779356,0.0001109680,0.0001235709,0.0000766164,0.5939337701,0.1021143496,2.6278075789,0.2693916836,0.1488691771,0.2159802783,0.3068397489,0.0295470641,0.1441976849,0.0086165784,0.4893808736,0.1281816848,2.7887621114,0.3573086880,0.3466507866,0.2258160184
