Instance,INF_avg,INF_sd,INF_r1,INF_kr,INF_sk,SUP_avg,SUP_sd,SUP_r1,SUP_kr,SUP_sk,INC_avg,INC_sd,INC_r1,INC_kr,INC_sk,IND_avg,IND_sd,IND_r1,IND_kr,IND_sk
10,0.3577777778,0.1269100975,-0.0955719532,2.9724359699,-0.2071898130,0.1577777778,0.0836364856,-0.0408379684,4.6556706055,0.9499411481,0.4844444444,0.1119633979,-0.2107137235,2.7691368757,-0.0594592176,0.2366666667,0.0798609903,0.0787272939,3.4215602957,0.5382465343
