Instance,FV_avg_avg,FV_avg_sd,FV_sd_avg,FV_sd_sd,FV_r1_avg,FV_r1_sd,FV_kr_avg,FV_kr_sd,FV_sk_avg,FV_sk_sd,FD_avg_avg,FD_avg_sd,FD_sd_avg,FD_sd_sd,FD_r1_avg,FD_r1_sd,FD_kr_avg,FD_kr_sd,FD_sk_avg,FD_sk_sd,IN_avg_avg,IN_avg_sd,IN_sd_avg,IN_sd_sd,IN_r1_avg,IN_r1_sd,IN_kr_avg,IN_kr_sd,IN_sk_avg,IN_sk_sd
232,0.4964922893,0.3014683954,0.0004099487,0.0003263103,0.8197686547,0.1275413744,2.2705177054,0.3586872842,-0.0719693119,0.3654974498,0.0000038684,0.0000086117,0.0000207631,0.0000123677,-0.0363974507,0.1640403492,2.9468702860,0.6949664686,0.0476983988,0.5158530805,0.5083600000,0.0136404692,0.0483108149,0.0069363654,-0.0620032647,0.1643067846,2.7184102438,0.7156288318,0.0016319553,0.4478751499
