Instance,FV_avg_avg,FV_avg_sd,FV_sd_avg,FV_sd_sd,FV_r1_avg,FV_r1_sd,FV_kr_avg,FV_kr_sd,FV_sk_avg,FV_sk_sd,FD_avg_avg,FD_avg_sd,FD_sd_avg,FD_sd_sd,FD_r1_avg,FD_r1_sd,FD_kr_avg,FD_kr_sd,FD_sk_avg,FD_sk_sd,IN_avg_avg,IN_avg_sd,IN_sd_avg,IN_sd_sd,IN_r1_avg,IN_r1_sd,IN_kr_avg,IN_kr_sd,IN_sk_avg,IN_sk_sd
295,0.4963139656,0.3014035498,0.0003480594,0.0002444233,0.8963611903,0.0600053667,2.4187498504,0.6530690177,0.0006406111,0.4747284450,0.0000012325,0.0000052587,0.0000097486,0.0000058774,0.0199266264,0.1888516963,3.0806738976,0.5439652850,-0.1024088922,0.3927513310,0.5039000000,0.0121689359,0.0343249006,0.0027763648,0.0039510561,0.1632459953,2.9270007286,0.4987867406,-0.1221434327,0.3244429357
