Instance,INF_avg,INF_sd,INF_r1,INF_kr,INF_sk,SUP_avg,SUP_sd,SUP_r1,SUP_kr,SUP_sk,INC_avg,INC_sd,INC_r1,INC_kr,INC_sk,IND_avg,IND_sd,IND_r1,IND_kr,IND_sk
429,0.2546000000,0.0264544892,-0.0486308326,2.7949018565,0.2716807023,0.2527000000,0.0399901238,0.4987720314,2.4143298034,-0.1830384211,0.4927000000,0.0369893228,0.3088482251,3.1436131548,0.4346113515,0.0308000000,0.0080845532,0.0959061750,2.4738729777,0.1658269104
