Instance,FV_avg_avg,FV_avg_sd,FV_sd_avg,FV_sd_sd,FV_r1_avg,FV_r1_sd,FV_kr_avg,FV_kr_sd,FV_sk_avg,FV_sk_sd,FD_avg_avg,FD_avg_sd,FD_sd_avg,FD_sd_sd,FD_r1_avg,FD_r1_sd,FD_kr_avg,FD_kr_sd,FD_sk_avg,FD_sk_sd,IN_avg_avg,IN_avg_sd,IN_sd_avg,IN_sd_sd,IN_r1_avg,IN_r1_sd,IN_kr_avg,IN_kr_sd,IN_sk_avg,IN_sk_sd
70,0.4999562729,0.3031388129,0.0005334610,0.0003774815,0.9295836064,0.0468863587,2.3615454896,0.5559374913,-0.1873601317,0.3173108344,-0.0000018679,0.0000095137,0.0000213670,0.0000126022,0.0521843538,0.1263912057,2.8961011764,0.3645018951,-0.0796126716,0.2848769454,0.4960400000,0.0273790139,0.0707706624,0.0046283201,0.0470688442,0.0895834012,2.9186033510,0.2987424075,-0.0340286724,0.2643623240
