Instance,INF_avg,INF_sd,INF_r1,INF_kr,INF_sk,SUP_avg,SUP_sd,SUP_r1,SUP_kr,SUP_sk,INC_avg,INC_sd,INC_r1,INC_kr,INC_sk,IND_avg,IND_sd,IND_r1,IND_kr,IND_sk
78,0.2760000000,0.0480832611,-0.0116325572,2.5321326373,-0.0637950500,0.2310000000,0.0447772264,0.0822352110,3.1644163904,0.4487051166,0.4930000000,0.0511761663,-0.0732327638,2.9182911729,-0.2647011827,0.0647000000,0.0193625928,0.0149478312,3.4068509194,0.5207089696
