Instance,FV_avg_avg,FV_avg_sd,FV_sd_avg,FV_sd_sd,FV_r1_avg,FV_r1_sd,FV_kr_avg,FV_kr_sd,FV_sk_avg,FV_sk_sd,FD_avg_avg,FD_avg_sd,FD_sd_avg,FD_sd_sd,FD_r1_avg,FD_r1_sd,FD_kr_avg,FD_kr_sd,FD_sk_avg,FD_sk_sd,IN_avg_avg,IN_avg_sd,IN_sd_avg,IN_sd_sd,IN_r1_avg,IN_r1_sd,IN_kr_avg,IN_kr_sd,IN_sk_avg,IN_sk_sd
188,0.4978215986,0.3020720341,0.0003178455,0.0002734158,0.4769272871,0.3261464725,2.1612353012,0.4429418868,-0.0918541023,0.3230425543,-0.0000007716,0.0000290830,0.0000554093,0.0000388174,-0.1099735878,0.3374758923,2.3321217826,0.8866953504,0.3295751381,0.5784465322,0.5022500000,0.0416675833,0.1002431842,0.0254470829,-0.0988613771,0.2796008113,2.4631901305,1.0139536234,0.0891335399,0.6099373751
