Instance,FV_avg_avg,FV_avg_sd,FV_sd_avg,FV_sd_sd,FV_r1_avg,FV_r1_sd,FV_kr_avg,FV_kr_sd,FV_sk_avg,FV_sk_sd,FD_avg_avg,FD_avg_sd,FD_sd_avg,FD_sd_sd,FD_r1_avg,FD_r1_sd,FD_kr_avg,FD_kr_sd,FD_sk_avg,FD_sk_sd,IN_avg_avg,IN_avg_sd,IN_sd_avg,IN_sd_sd,IN_r1_avg,IN_r1_sd,IN_kr_avg,IN_kr_sd,IN_sk_avg,IN_sk_sd
330,0.4286357922,0.2597310042,0.0286275134,0.0175910534,0.9653068335,0.0189541924,2.3747319340,0.2906383994,0.7842367649,0.1572275173,-0.0012871038,0.0007911054,0.0005448520,0.0003305897,0.9467142639,0.0311169680,2.4095362205,0.3796526066,0.7601390199,0.1864246653,0.1441439104,0.0219925075,0.1417865469,0.0133160878,0.9322579295,0.0194199296,2.7625937370,0.4716688278,0.9687787873,0.2140359379
