Instance,FV_avg_avg,FV_avg_sd,FV_sd_avg,FV_sd_sd,FV_r1_avg,FV_r1_sd,FV_kr_avg,FV_kr_sd,FV_sk_avg,FV_sk_sd,FD_avg_avg,FD_avg_sd,FD_sd_avg,FD_sd_sd,FD_r1_avg,FD_r1_sd,FD_kr_avg,FD_kr_sd,FD_sk_avg,FD_sk_sd,IN_avg_avg,IN_avg_sd,IN_sd_avg,IN_sd_sd,IN_r1_avg,IN_r1_sd,IN_kr_avg,IN_kr_sd,IN_sk_avg,IN_sk_sd
331,0.4995196913,0.3028203904,0.0002838008,0.0002665663,0.8749569068,0.0998685520,2.2697397331,0.3814304265,-0.0384697097,0.4592178520,0.0000004824,0.0000060005,0.0000316043,0.0000201808,-0.0464411510,0.1127208639,2.9957031556,0.5557030474,0.0536894124,0.3494589405,0.5043000000,0.0251815409,0.1594243800,0.0161637573,-0.0516996125,0.1222518088,2.7134726509,0.5162078088,-0.0835084928,0.2811570537
