Instance,FV_avg_avg,FV_avg_sd,FV_sd_avg,FV_sd_sd,FV_r1_avg,FV_r1_sd,FV_kr_avg,FV_kr_sd,FV_sk_avg,FV_sk_sd,FD_avg_avg,FD_avg_sd,FD_sd_avg,FD_sd_sd,FD_r1_avg,FD_r1_sd,FD_kr_avg,FD_kr_sd,FD_sk_avg,FD_sk_sd,IN_avg_avg,IN_avg_sd,IN_sd_avg,IN_sd_sd,IN_r1_avg,IN_r1_sd,IN_kr_avg,IN_kr_sd,IN_sk_avg,IN_sk_sd
82,0.5000509651,0.3038083397,0.0001964505,0.0001487293,0.4359685599,0.3645966472,2.0362539189,0.5043870184,0.1392991208,0.2887742319,0.0000013687,0.0000240221,0.0000463369,0.0000257059,-0.0821301566,0.3147867473,2.3407950228,0.8210003543,0.0809051758,0.5759062900,0.4905000000,0.0597892131,0.1416420341,0.0205556361,-0.1322871935,0.2425649457,2.1546654328,0.5594171608,0.0745040427,0.5083889854
