Instance,INF_avg,INF_sd,INF_r1,INF_kr,INF_sk,SUP_avg,SUP_sd,SUP_r1,SUP_kr,SUP_sk,INC_avg,INC_sd,INC_r1,INC_kr,INC_sk,IND_avg,IND_sd,IND_r1,IND_kr,IND_sk
79,0.2700000000,0.0262678511,-0.3396226415,1.7312539382,0.3144859297,0.3600000000,0.0412916456,-0.1832543444,3.7870761345,1.2123191083,0.3700000000,0.0333916157,-0.1415730337,3.6746164210,-0.4995749380,0.0295000000,0.0061032778,-0.2088650101,2.2114769605,-0.1385546604
