Instance,INF_avg,INF_sd,INF_r1,INF_kr,INF_sk,SUP_avg,SUP_sd,SUP_r1,SUP_kr,SUP_sk,INC_avg,INC_sd,INC_r1,INC_kr,INC_sk,IND_avg,IND_sd,IND_r1,IND_kr,IND_sk
40,0.2900000000,0.1157583690,-0.0692861428,2.4761639563,0.6111546772,0.2420000000,0.1110675470,0.4302311858,2.3314269204,0.3770272011,0.4680000000,0.0978570386,0.0588766752,4.2909665559,-0.3179411763,0.2100000000,0.0707106781,0.0599675851,3.4472000000,0.7467047609
