Instance,INF_avg,INF_sd,INF_r1,INF_kr,INF_sk,SUP_avg,SUP_sd,SUP_r1,SUP_kr,SUP_sk,INC_avg,INC_sd,INC_r1,INC_kr,INC_sk,IND_avg,IND_sd,IND_r1,IND_kr,IND_sk
335,0.4000000000,0.1414213562,0.2222222222,1.7000000000,-0.0000000000,0.1200000000,0.0748331477,-0.1594202899,1.8469387755,-0.3436215967,0.4800000000,0.1166190379,0.4480519481,1.6280276817,-0.3631734744,0.3800000000,0.0748331477,-0.3768115942,1.8469387755,0.3436215967
