Instance,INF_avg,INF_sd,INF_r1,INF_kr,INF_sk,SUP_avg,SUP_sd,SUP_r1,SUP_kr,SUP_sk,INC_avg,INC_sd,INC_r1,INC_kr,INC_sk,IND_avg,IND_sd,IND_r1,IND_kr,IND_sk
187,0.2300000000,0.0633403505,0.1087559929,3.3474104108,0.3598278972,0.2722000000,0.0681700814,0.0212886324,3.4136888250,0.6258200790,0.4978000000,0.0715483054,-0.0363973232,2.8324672102,0.2143710906,0.1116000000,0.0299573029,-0.1330949061,3.2452955466,0.1490872084
