Instance,FV_avg_avg,FV_avg_sd,FV_sd_avg,FV_sd_sd,FV_r1_avg,FV_r1_sd,FV_kr_avg,FV_kr_sd,FV_sk_avg,FV_sk_sd,FD_avg_avg,FD_avg_sd,FD_sd_avg,FD_sd_sd,FD_r1_avg,FD_r1_sd,FD_kr_avg,FD_kr_sd,FD_sk_avg,FD_sk_sd,IN_avg_avg,IN_avg_sd,IN_sd_avg,IN_sd_sd,IN_r1_avg,IN_r1_sd,IN_kr_avg,IN_kr_sd,IN_sk_avg,IN_sk_sd
417,0.4956424798,0.3014914090,0.0003508564,0.0002527406,0.8011307420,0.1358947992,2.3475952454,0.5016986762,-0.1774082039,0.4983987751,0.0000012574,0.0000114332,0.0000406309,0.0000236539,0.0019564492,0.1573461350,2.6074064762,0.7604638572,-0.0595152198,0.3780079129,0.5008000000,0.0234895722,0.1045745329,0.0119065975,-0.0080961008,0.2339224048,2.5975341138,0.5929464812,0.0515574593,0.3139000255
