Instance,FV_avg_avg,FV_avg_sd,FV_sd_avg,FV_sd_sd,FV_r1_avg,FV_r1_sd,FV_kr_avg,FV_kr_sd,FV_sk_avg,FV_sk_sd,FD_avg_avg,FD_avg_sd,FD_sd_avg,FD_sd_sd,FD_r1_avg,FD_r1_sd,FD_kr_avg,FD_kr_sd,FD_sk_avg,FD_sk_sd,IN_avg_avg,IN_avg_sd,IN_sd_avg,IN_sd_sd,IN_r1_avg,IN_r1_sd,IN_kr_avg,IN_kr_sd,IN_sk_avg,IN_sk_sd
321,0.5025500265,0.3045016144,0.0003751532,0.0002620064,0.7977168688,0.0978217873,2.3741263459,0.6102189214,0.0358534635,0.3870698179,-0.0000116963,0.0000209985,0.0000689926,0.0000438995,-0.0902249587,0.2208158647,2.6008103528,0.3689771464,-0.1419933365,0.3742090163,0.4746000000,0.0338768357,0.1522106463,0.0204724000,-0.1282616979,0.1924214880,2.6768995471,0.8069960875,-0.1609908399,0.4278830592
