Instance,FV_avg_avg,FV_avg_sd,FV_sd_avg,FV_sd_sd,FV_r1_avg,FV_r1_sd,FV_kr_avg,FV_kr_sd,FV_sk_avg,FV_sk_sd,FD_avg_avg,FD_avg_sd,FD_sd_avg,FD_sd_sd,FD_r1_avg,FD_r1_sd,FD_kr_avg,FD_kr_sd,FD_sk_avg,FD_sk_sd,IN_avg_avg,IN_avg_sd,IN_sd_avg,IN_sd_sd,IN_r1_avg,IN_r1_sd,IN_kr_avg,IN_kr_sd,IN_sk_avg,IN_sk_sd
474,0.4980918136,0.3034767860,0.0017012849,0.0014098548,0.8732269554,0.1099310071,2.5156357127,1.0382374931,0.1081854961,0.4916558248,-0.0000047384,0.0000452032,0.0000895326,0.0000548022,0.0523314976,0.1422966763,2.8488496179,0.4116072729,0.1057493297,0.2461575615,0.4956800000,0.0362320521,0.0691065923,0.0064540611,0.0032977923,0.1013120211,2.8059678080,0.4349824366,0.0150367834,0.3263665161
