Instance,FV_avg_avg,FV_avg_sd,FV_sd_avg,FV_sd_sd,FV_r1_avg,FV_r1_sd,FV_kr_avg,FV_kr_sd,FV_sk_avg,FV_sk_sd,FD_avg_avg,FD_avg_sd,FD_sd_avg,FD_sd_sd,FD_r1_avg,FD_r1_sd,FD_kr_avg,FD_kr_sd,FD_sk_avg,FD_sk_sd,IN_avg_avg,IN_avg_sd,IN_sd_avg,IN_sd_sd,IN_r1_avg,IN_r1_sd,IN_kr_avg,IN_kr_sd,IN_sk_avg,IN_sk_sd
10,0.4979245929,0.3024921534,0.0002622809,0.0001934114,-0.0062169566,0.3327544563,1.9100939349,0.4242664694,-0.1398960580,0.5362690792,-0.0000070993,0.0000208144,0.0000226377,0.0000198687,-0.1516389069,0.3020222910,1.9470224735,0.5670723925,-0.0581119651,0.6710065562,0.4946000000,0.0263465368,0.0280994378,0.0101794693,-0.0604739563,0.4422325535,1.8004472703,0.4986909221,-0.0114581394,0.5327585284
