Instance,INF_avg,INF_sd,INF_r1,INF_kr,INF_sk,SUP_avg,SUP_sd,SUP_r1,SUP_kr,SUP_sk,INC_avg,INC_sd,INC_r1,INC_kr,INC_sk,IND_avg,IND_sd,IND_r1,IND_kr,IND_sk
415,0.2250000000,0.0680073525,0.2876712329,2.5894813733,-0.0000000000,0.2600000000,0.0583095189,-0.6447368421,1.6280276817,0.3631734744,0.5150000000,0.0895823643,-0.2803834303,2.3658252540,0.6927264672,0.2400000000,0.0734846923,0.5238095238,2.1954732510,-0.4082482905
