Instance,FV_avg_avg,FV_avg_sd,FV_sd_avg,FV_sd_sd,FV_r1_avg,FV_r1_sd,FV_kr_avg,FV_kr_sd,FV_sk_avg,FV_sk_sd,FD_avg_avg,FD_avg_sd,FD_sd_avg,FD_sd_sd,FD_r1_avg,FD_r1_sd,FD_kr_avg,FD_kr_sd,FD_sk_avg,FD_sk_sd,IN_avg_avg,IN_avg_sd,IN_sd_avg,IN_sd_sd,IN_r1_avg,IN_r1_sd,IN_kr_avg,IN_kr_sd,IN_sk_avg,IN_sk_sd
91,0.4992160180,0.3033681789,0.0014868873,0.0008704541,0.9356613531,0.0366056989,2.5167742982,0.7049779273,0.0393673490,0.5056973994,0.0000087531,0.0000357429,0.0001167426,0.0000707172,0.0124888016,0.1168007503,2.9371706263,0.3193873720,-0.0040621987,0.2271363660,0.5025750000,0.0245276757,0.1090429351,0.0085235437,-0.0094798654,0.1333923508,2.9139342826,0.3388362438,-0.0415979251,0.2020950332
