Instance,INF_avg,INF_sd,INF_r1,INF_kr,INF_sk,SUP_avg,SUP_sd,SUP_r1,SUP_kr,SUP_sk,INC_avg,INC_sd,INC_r1,INC_kr,INC_sk,IND_avg,IND_sd,IND_r1,IND_kr,IND_sk
493,0.2280000000,0.0515363949,0.0531437126,1.7013354623,-0.0953823538,0.2480000000,0.0620966988,0.2799661161,2.7893286961,0.6871894965,0.5240000000,0.0571314274,-0.0057321522,1.6965109573,0.1328206844,0.1000000000,0.0268328157,0.5000000000,1.6666666667,0.2484519975
