Instance,FV_avg_avg,FV_avg_sd,FV_sd_avg,FV_sd_sd,FV_r1_avg,FV_r1_sd,FV_kr_avg,FV_kr_sd,FV_sk_avg,FV_sk_sd,FD_avg_avg,FD_avg_sd,FD_sd_avg,FD_sd_sd,FD_r1_avg,FD_r1_sd,FD_kr_avg,FD_kr_sd,FD_sk_avg,FD_sk_sd,IN_avg_avg,IN_avg_sd,IN_sd_avg,IN_sd_sd,IN_r1_avg,IN_r1_sd,IN_kr_avg,IN_kr_sd,IN_sk_avg,IN_sk_sd
101,0.4893762134,0.2965031703,0.0021562068,0.0017192015,0.8872722369,0.0778634628,2.3028687030,0.4208258017,-0.0198206840,0.3961539135,-0.0000036536,0.0001072212,0.0002653708,0.0001579404,-0.0193255282,0.1308355559,2.7910088732,0.6177923810,-0.1448598326,0.3135312061,0.5036000000,0.0454823043,0.1587481497,0.0125469111,-0.0444705805,0.1429922560,2.8351508102,0.4879566357,-0.1697225124,0.3136202868
