Instance,INF_avg,INF_sd,INF_r1,INF_kr,INF_sk,SUP_avg,SUP_sd,SUP_r1,SUP_kr,SUP_sk,INC_avg,INC_sd,INC_r1,INC_kr,INC_sk,IND_avg,IND_sd,IND_r1,IND_kr,IND_sk
327,0.4338536585,0.0965567092,0.7184827290,2.4883122135,-0.2574159517,0.1002926829,0.0639886590,0.6836964724,3.6869540261,1.0089743227,0.4658536585,0.0603556779,0.3037095495,2.7539980448,0.1848319570,0.0753170732,0.0195191451,0.2043435302,4.0062799533,0.5761274042
