Instance,INF_avg,INF_sd,INF_r1,INF_kr,INF_sk,SUP_avg,SUP_sd,SUP_r1,SUP_kr,SUP_sk,INC_avg,INC_sd,INC_r1,INC_kr,INC_sk,IND_avg,IND_sd,IND_r1,IND_kr,IND_sk
228,0.2688000000,0.0880145443,0.0587864663,2.3779750425,0.0759292882,0.2464000000,0.0743440650,-0.1479367007,2.3056431805,0.3080503300,0.4848000000,0.0864000000,0.0269290136,5.1899231288,1.2203837068,0.1048000000,0.0354536317,-0.2505920296,2.3424730692,0.1083656317
