Instance,INF_avg,INF_sd,INF_r1,INF_kr,INF_sk,SUP_avg,SUP_sd,SUP_r1,SUP_kr,SUP_sk,INC_avg,INC_sd,INC_r1,INC_kr,INC_sk,IND_avg,IND_sd,IND_r1,IND_kr,IND_sk
H,0.2448000000,0.0583177503,-0.4518186415,1.9668280250,-0.3733275378,0.2568000000,0.0644186308,-0.1838190265,2.5826571248,0.3311007368,0.4984000000,0.0611673115,-0.3185444692,2.2359912518,0.0421361013,0.1128000000,0.0329265850,0.0337102675,3.6885660760,0.3706431799
