Instance,FV_avg_avg,FV_avg_sd,FV_sd_avg,FV_sd_sd,FV_r1_avg,FV_r1_sd,FV_kr_avg,FV_kr_sd,FV_sk_avg,FV_sk_sd,FD_avg_avg,FD_avg_sd,FD_sd_avg,FD_sd_sd,FD_r1_avg,FD_r1_sd,FD_kr_avg,FD_kr_sd,FD_sk_avg,FD_sk_sd,IN_avg_avg,IN_avg_sd,IN_sd_avg,IN_sd_sd,IN_r1_avg,IN_r1_sd,IN_kr_avg,IN_kr_sd,IN_sk_avg,IN_sk_sd
327,0.4985730808,0.3026625732,0.0001360731,0.0001151046,0.4373835453,0.4539913184,2.1402151132,0.5259004277,0.0154965113,0.3986780826,-0.0000011993,0.0000077324,0.0000156872,0.0000109096,-0.0421389386,0.3086554257,2.1936900690,0.6761888746,-0.0296395573,0.4896927205,0.4959000000,0.0299163835,0.0626369903,0.0179668430,-0.0866544598,0.3060107736,1.9678101346,0.4173678180,-0.1282392913,0.4275110974
