Instance,FV_avg_avg,FV_avg_sd,FV_sd_avg,FV_sd_sd,FV_r1_avg,FV_r1_sd,FV_kr_avg,FV_kr_sd,FV_sk_avg,FV_sk_sd,FD_avg_avg,FD_avg_sd,FD_sd_avg,FD_sd_sd,FD_r1_avg,FD_r1_sd,FD_kr_avg,FD_kr_sd,FD_sk_avg,FD_sk_sd,IN_avg_avg,IN_avg_sd,IN_sd_avg,IN_sd_sd,IN_r1_avg,IN_r1_sd,IN_kr_avg,IN_kr_sd,IN_sk_avg,IN_sk_sd
486,0.4981751278,0.3022605113,0.0003602290,0.0002408062,0.0649404941,0.3755063607,2.0250289582,0.4267963917,-0.0156857734,0.4821130520,-0.0000106175,0.0000436694,0.0000323685,0.0000248253,-0.4244041281,0.4042492706,1.9181662239,0.3765447580,-0.0060623530,0.4596707217,0.4997000000,0.0385708439,0.0415426893,0.0126255679,-0.4606642597,0.4314438530,2.0532745685,0.4988860091,0.0047728488,0.6069064251
