Instance,INF_avg,INF_sd,INF_r1,INF_kr,INF_sk,SUP_avg,SUP_sd,SUP_r1,SUP_kr,SUP_sk,INC_avg,INC_sd,INC_r1,INC_kr,INC_sk,IND_avg,IND_sd,IND_r1,IND_kr,IND_sk
225,0.2600000000,0.1157583690,0.6256038647,1.3968589886,-0.2436882574,0.2200000000,0.1077032961,-0.3662790698,1.7636741974,-0.4034071140,0.5200000000,0.0927361850,-0.5983606557,2.4826933478,-0.9704949588,0.2300000000,0.0927361850,0.1393442623,1.5091941590,-0.1579875514
