Instance,INF_avg,INF_sd,INF_r1,INF_kr,INF_sk,SUP_avg,SUP_sd,SUP_r1,SUP_kr,SUP_sk,INC_avg,INC_sd,INC_r1,INC_kr,INC_sk,IND_avg,IND_sd,IND_r1,IND_kr,IND_sk
276,0.2800000000,0.1166190379,-0.0059171598,2.6660899654,1.1500493357,0.2000000000,0.1414213562,-0.3333333333,1.7000000000,-0.0000000000,0.5200000000,0.1600000000,-0.5492957746,2.0781250000,0.8437500000,0.3200000000,0.1166190379,-0.5680473373,1.6280276817,0.3631734744
