Instance,INF_avg,INF_sd,INF_r1,INF_kr,INF_sk,SUP_avg,SUP_sd,SUP_r1,SUP_kr,SUP_sk,INC_avg,INC_sd,INC_r1,INC_kr,INC_sk,IND_avg,IND_sd,IND_r1,IND_kr,IND_sk
129,0.2482000000,0.0326153338,-0.1962365355,2.4417901995,-0.1797055546,0.2698000000,0.0287569122,0.1099972586,2.3273986805,0.3335118508,0.4820000000,0.0241246762,-0.3057250117,2.1523895561,0.1816166679,0.0360000000,0.0104880885,-0.2008242788,3.0676033058,-0.4992676831
