Instance,FV_avg_avg,FV_avg_sd,FV_sd_avg,FV_sd_sd,FV_r1_avg,FV_r1_sd,FV_kr_avg,FV_kr_sd,FV_sk_avg,FV_sk_sd,FD_avg_avg,FD_avg_sd,FD_sd_avg,FD_sd_sd,FD_r1_avg,FD_r1_sd,FD_kr_avg,FD_kr_sd,FD_sk_avg,FD_sk_sd,IN_avg_avg,IN_avg_sd,IN_sd_avg,IN_sd_sd,IN_r1_avg,IN_r1_sd,IN_kr_avg,IN_kr_sd,IN_sk_avg,IN_sk_sd
213,0.5026384678,0.3052292233,0.0006124717,0.0004684339,0.4254081846,0.3593139546,2.0704405458,0.5132858470,-0.1677657642,0.4001789303,-0.0000178441,0.0000770942,0.0001662048,0.0001019629,-0.1551902948,0.3757609498,2.0724131895,0.4753084820,-0.1858421195,0.3699313263,0.4975000000,0.0666989505,0.1531939759,0.0364225992,-0.1039917941,0.4135960401,2.3229286799,0.4680447105,-0.0944142348,0.4476566021
