Instance,INF_avg,INF_sd,INF_r1,INF_kr,INF_sk,SUP_avg,SUP_sd,SUP_r1,SUP_kr,SUP_sk,INC_avg,INC_sd,INC_r1,INC_kr,INC_sk,IND_avg,IND_sd,IND_r1,IND_kr,IND_sk
110,0.2320000000,0.0603986755,0.1187840450,1.9852262235,0.3154478377,0.2744000000,0.0526178677,0.2007075780,5.6262353938,-1.2764368292,0.4936000000,0.0719377509,0.2652122005,2.1367207968,-0.2859591622,0.1072000000,0.0270584552,-0.0166156537,4.4633081080,0.3943288697
