Instance,INF_avg,INF_sd,INF_r1,INF_kr,INF_sk,SUP_avg,SUP_sd,SUP_r1,SUP_kr,SUP_sk,INC_avg,INC_sd,INC_r1,INC_kr,INC_sk,IND_avg,IND_sd,IND_r1,IND_kr,IND_sk
82,0.2900000000,0.1300000000,-0.5052041633,3.3058016176,-0.6335912608,0.2500000000,0.1284523258,0.1384615385,1.3085399449,0.1415452626,0.4600000000,0.1200000000,-0.6047297297,1.5138888889,-0.2361111111,0.3500000000,0.1118033989,-0.2653061224,3.1760000000,0.6439875775
