Instance,INF_avg,INF_sd,INF_r1,INF_kr,INF_sk,SUP_avg,SUP_sd,SUP_r1,SUP_kr,SUP_sk,INC_avg,INC_sd,INC_r1,INC_kr,INC_sk,IND_avg,IND_sd,IND_r1,IND_kr,IND_sk
46,0.2468000000,0.0619173643,-0.2277506605,4.7710034701,0.0567742575,0.2408000000,0.0618333243,-0.1031018285,4.9024716411,0.0599947568,0.5124000000,0.0753540974,-0.2462333051,3.5558435394,0.1394387123,0.1212000000,0.0420304651,-0.0204251248,2.8433223194,0.1018009878
