Instance,INF_avg,INF_sd,INF_r1,INF_kr,INF_sk,SUP_avg,SUP_sd,SUP_r1,SUP_kr,SUP_sk,INC_avg,INC_sd,INC_r1,INC_kr,INC_sk,IND_avg,IND_sd,IND_r1,IND_kr,IND_sk
480,0.2280000000,0.0483321839,-0.7006802721,1.3230437230,-0.3877276903,0.2280000000,0.0203960781,0.1269841270,1.9556213018,0.2715454179,0.5440000000,0.0598665182,-0.4426877470,1.5061383929,-0.0590599619,0.1240000000,0.0149666295,-0.0869565217,1.8469387755,-0.3436215967
