Instance,FV_avg_avg,FV_avg_sd,FV_sd_avg,FV_sd_sd,FV_r1_avg,FV_r1_sd,FV_kr_avg,FV_kr_sd,FV_sk_avg,FV_sk_sd,FD_avg_avg,FD_avg_sd,FD_sd_avg,FD_sd_sd,FD_r1_avg,FD_r1_sd,FD_kr_avg,FD_kr_sd,FD_sk_avg,FD_sk_sd,IN_avg_avg,IN_avg_sd,IN_sd_avg,IN_sd_sd,IN_r1_avg,IN_r1_sd,IN_kr_avg,IN_kr_sd,IN_sk_avg,IN_sk_sd
335,0.4914746098,0.2995443530,0.0006900206,0.0005072004,0.3382294811,0.4892183283,2.2007347621,0.5172240602,-0.0975464971,0.4864784473,0.0000007815,0.0000579657,0.0000967955,0.0000631938,-0.1504272904,0.3927635214,2.2559876232,0.6264879943,0.0307860728,0.3598282459,0.4964000000,0.0278323553,0.0663255659,0.0160411753,-0.1844588068,0.2552467364,2.3411436462,0.7292981389,0.0916586965,0.5484563001
