Instance,INF_avg,INF_sd,INF_r1,INF_kr,INF_sk,SUP_avg,SUP_sd,SUP_r1,SUP_kr,SUP_sk,INC_avg,INC_sd,INC_r1,INC_kr,INC_sk,IND_avg,IND_sd,IND_r1,IND_kr,IND_sk
17,0.3100000000,0.1452583905,-0.0479169629,3.3312144831,0.4913616856,0.2580000000,0.1450379261,-0.1046377645,2.5070887633,0.2637231407,0.4320000000,0.1515783626,0.0114157322,2.9135825878,-0.1890690326,0.3710000000,0.1259325216,-0.0175646459,2.5038831964,0.3775964582
