Instance,INF_avg,INF_sd,INF_r1,INF_kr,INF_sk,SUP_avg,SUP_sd,SUP_r1,SUP_kr,SUP_sk,INC_avg,INC_sd,INC_r1,INC_kr,INC_sk,IND_avg,IND_sd,IND_r1,IND_kr,IND_sk
224,0.3000000000,0.1183215957,-0.5714285714,2.5510204082,0.3622089663,0.2600000000,0.1019803903,0.1633466135,1.9556213018,-0.2715454179,0.4400000000,0.1280624847,-0.0847880299,2.1160023795,-0.2056922718,0.3600000000,0.1113552873,-0.3601532567,2.8792924037,0.8342955965
