Instance,FV_avg_avg,FV_avg_sd,FV_sd_avg,FV_sd_sd,FV_r1_avg,FV_r1_sd,FV_kr_avg,FV_kr_sd,FV_sk_avg,FV_sk_sd,FD_avg_avg,FD_avg_sd,FD_sd_avg,FD_sd_sd,FD_r1_avg,FD_r1_sd,FD_kr_avg,FD_kr_sd,FD_sk_avg,FD_sk_sd,IN_avg_avg,IN_avg_sd,IN_sd_avg,IN_sd_sd,IN_r1_avg,IN_r1_sd,IN_kr_avg,IN_kr_sd,IN_sk_avg,IN_sk_sd
432,0.4994954154,0.3030762752,0.0004791197,0.0002885459,0.9457084856,0.0301001151,2.4339917580,0.6302798783,0.0236870519,0.4291767030,-0.0000003485,0.0000048637,0.0000210769,0.0000127402,0.0260291778,0.1003367487,3.1271866612,0.6091429238,-0.1122465289,0.2823341297,0.4990900000,0.0143586176,0.0710088758,0.0048313109,0.0031682735,0.0966912174,3.0241174111,0.2739956574,-0.0163560123,0.2298904365
