Instance,INF_avg,INF_sd,INF_r1,INF_kr,INF_sk,SUP_avg,SUP_sd,SUP_r1,SUP_kr,SUP_sk,INC_avg,INC_sd,INC_r1,INC_kr,INC_sk,IND_avg,IND_sd,IND_r1,IND_kr,IND_sk
227,0.2750000000,0.0478539445,-0.2488151659,1.5972712191,-0.1149786808,0.3130000000,0.0450111097,0.3462159978,1.2637591859,0.1147462680,0.4120000000,0.0300998339,-0.6510133465,1.8333040948,0.4017535538,0.0350000000,0.0070710678,0.6666666667,1.7000000000,0.0000000000
