Instance,INF_avg,INF_sd,INF_r1,INF_kr,INF_sk,SUP_avg,SUP_sd,SUP_r1,SUP_kr,SUP_sk,INC_avg,INC_sd,INC_r1,INC_kr,INC_sk,IND_avg,IND_sd,IND_r1,IND_kr,IND_sk
413,0.2700000000,0.0566392090,0.1924119241,1.9663279457,0.0066043443,0.2468000000,0.0438834821,-0.1722757324,2.2915882628,0.0392864885,0.4832000000,0.0479766610,-0.0401054209,4.7029710559,0.6848665765,0.0656000000,0.0144443761,0.0572412240,2.5383506154,0.3979301517
