Instance,INF_avg,INF_sd,INF_r1,INF_kr,INF_sk,SUP_avg,SUP_sd,SUP_r1,SUP_kr,SUP_sk,INC_avg,INC_sd,INC_r1,INC_kr,INC_sk,IND_avg,IND_sd,IND_r1,IND_kr,IND_sk
11,0.2240000000,0.0557135531,-0.7086834734,1.3296312042,0.2931045678,0.3720000000,0.0601331855,0.3653250774,2.0385699742,-0.0988955201,0.4040000000,0.0861626369,-0.1208406305,1.7636741974,0.4034071140,0.1120000000,0.0240000000,-0.3358778626,1.3981481481,0.1111111111
