Instance,INF_avg,INF_sd,INF_r1,INF_kr,INF_sk,SUP_avg,SUP_sd,SUP_r1,SUP_kr,SUP_sk,INC_avg,INC_sd,INC_r1,INC_kr,INC_sk,IND_avg,IND_sd,IND_r1,IND_kr,IND_sk
352,0.2892000000,0.0557795662,-0.1078639620,2.3839292716,-0.2547516265,0.2480000000,0.0416653333,0.0168012014,2.6254645459,0.2309382657,0.4628000000,0.0595664335,0.0652494286,3.6282754493,0.8821973645,0.0596000000,0.0124835892,-0.2074417841,1.7684878715,-0.4178627644
