Instance,INF_avg,INF_sd,INF_r1,INF_kr,INF_sk,SUP_avg,SUP_sd,SUP_r1,SUP_kr,SUP_sk,INC_avg,INC_sd,INC_r1,INC_kr,INC_sk,IND_avg,IND_sd,IND_r1,IND_kr,IND_sk
461,0.2790000000,0.0270924344,0.2458521870,1.6925695491,0.2000417701,0.2540000000,0.0281780056,-0.6084788030,1.7886700633,-0.3572109156,0.4670000000,0.0350142828,-0.2017357421,2.9580154297,1.3007043519,0.0300000000,0.0094868330,0.1111111111,1.7592592593,0.3513641845
