Instance,INF_avg,INF_sd,INF_r1,INF_kr,INF_sk,SUP_avg,SUP_sd,SUP_r1,SUP_kr,SUP_sk,INC_avg,INC_sd,INC_r1,INC_kr,INC_sk,IND_avg,IND_sd,IND_r1,IND_kr,IND_sk
449,0.2650000000,0.1025914226,-0.1272634532,1.8955941345,0.4264778477,0.2650000000,0.1162970335,-0.2721507181,2.1130753277,0.2069403038,0.4700000000,0.1268857754,-0.1903137790,2.9276262490,0.8326557770,0.2350000000,0.0502493781,0.1262135922,1.7544358396,0.0354666721
