Instance,FV_avg_avg,FV_avg_sd,FV_sd_avg,FV_sd_sd,FV_r1_avg,FV_r1_sd,FV_kr_avg,FV_kr_sd,FV_sk_avg,FV_sk_sd,FD_avg_avg,FD_avg_sd,FD_sd_avg,FD_sd_sd,FD_r1_avg,FD_r1_sd,FD_kr_avg,FD_kr_sd,FD_sk_avg,FD_sk_sd,IN_avg_avg,IN_avg_sd,IN_sd_avg,IN_sd_sd,IN_r1_avg,IN_r1_sd,IN_kr_avg,IN_kr_sd,IN_sk_avg,IN_sk_sd
305,0.4931043227,0.2994883478,0.0016362565,0.0010337887,0.9241740031,0.0430047321,2.4319003427,0.6168294150,0.0753429105,0.5087555747,-0.0000102944,0.0000342415,0.0000726601,0.0000438490,0.3987110620,0.1464071858,2.9014476891,0.4505493122,0.0208905095,0.2453956005,0.4913050000,0.0202803963,0.0620497245,0.0071682767,0.3329680376,0.1215566671,2.7699918614,0.3167679301,-0.0266374154,0.1745611867
