Instance,INF_avg,INF_sd,INF_r1,INF_kr,INF_sk,SUP_avg,SUP_sd,SUP_r1,SUP_kr,SUP_sk,INC_avg,INC_sd,INC_r1,INC_kr,INC_sk,IND_avg,IND_sd,IND_r1,IND_kr,IND_sk
69,0.3000000000,0.1897366596,0.0000000000,2.5000000000,0.0000000000,0.2600000000,0.1019803903,-0.1904761905,1.9556213018,-0.2715454179,0.4400000000,0.1496662955,0.7297297297,2.1339285714,0.7301958931,0.3200000000,0.1166190379,-0.5671641791,1.6280276817,0.3631734744
