Instance,FV_avg_avg,FV_avg_sd,FV_sd_avg,FV_sd_sd,FV_r1_avg,FV_r1_sd,FV_kr_avg,FV_kr_sd,FV_sk_avg,FV_sk_sd,FD_avg_avg,FD_avg_sd,FD_sd_avg,FD_sd_sd,FD_r1_avg,FD_r1_sd,FD_kr_avg,FD_kr_sd,FD_sk_avg,FD_sk_sd,IN_avg_avg,IN_avg_sd,IN_sd_avg,IN_sd_sd,IN_r1_avg,IN_r1_sd,IN_kr_avg,IN_kr_sd,IN_sk_avg,IN_sk_sd
340,0.4956668563,0.3012363567,0.0007563028,0.0005915272,0.9136874174,0.0592201042,2.3582769731,0.5995838609,0.0376001059,0.4971041650,-0.0000018976,0.0000155715,0.0000281773,0.0000178643,0.0076146458,0.1680051512,2.7718501433,0.4967258881,0.0858611909,0.3090986462,0.4958700000,0.0185952978,0.0500795047,0.0051284703,0.0021510400,0.1276915061,2.8185682743,0.5248447017,-0.0992206796,0.2963839126
