Instance,FV_avg_avg,FV_avg_sd,FV_sd_avg,FV_sd_sd,FV_r1_avg,FV_r1_sd,FV_kr_avg,FV_kr_sd,FV_sk_avg,FV_sk_sd,FD_avg_avg,FD_avg_sd,FD_sd_avg,FD_sd_sd,FD_r1_avg,FD_r1_sd,FD_kr_avg,FD_kr_sd,FD_sk_avg,FD_sk_sd,IN_avg_avg,IN_avg_sd,IN_sd_avg,IN_sd_sd,IN_r1_avg,IN_r1_sd,IN_kr_avg,IN_kr_sd,IN_sk_avg,IN_sk_sd
35,0.5003964454,0.3039582344,0.0001059124,0.0000868511,0.2564836139,0.3687957423,1.9466971833,0.4274387213,-0.0810892947,0.5131585497,0.0000022659,0.0000087063,0.0000084593,0.0000057319,-0.3183523534,0.2625992366,1.8692068550,0.4552475908,0.1800654319,0.5069478728,0.5118500000,0.0222289788,0.0314473267,0.0095533053,-0.2416562825,0.4047796731,1.8544144500,0.4625668445,-0.0930427606,0.5314376451
