Instance,FV_avg_avg,FV_avg_sd,FV_sd_avg,FV_sd_sd,FV_r1_avg,FV_r1_sd,FV_kr_avg,FV_kr_sd,FV_sk_avg,FV_sk_sd,FD_avg_avg,FD_avg_sd,FD_sd_avg,FD_sd_sd,FD_r1_avg,FD_r1_sd,FD_kr_avg,FD_kr_sd,FD_sk_avg,FD_sk_sd,IN_avg_avg,IN_avg_sd,IN_sd_avg,IN_sd_sd,IN_r1_avg,IN_r1_sd,IN_kr_avg,IN_kr_sd,IN_sk_avg,IN_sk_sd
145,0.4946780371,0.3017401898,0.0006535412,0.0004451848,0.9218581969,0.0522432587,2.3347568394,0.5782344082,-0.1734070860,0.3823594768,0.0000027509,0.0000127297,0.0000434903,0.0000259477,-0.0483295738,0.0762672175,2.9573786573,0.4154616615,0.1150491192,0.2401396944,0.5010500000,0.0193545214,0.1136335229,0.0070158730,-0.0150007931,0.0876934758,2.8419604117,0.2900519264,0.1087345824,0.2201031206
