Instance,FV_avg_avg,FV_avg_sd,FV_sd_avg,FV_sd_sd,FV_r1_avg,FV_r1_sd,FV_kr_avg,FV_kr_sd,FV_sk_avg,FV_sk_sd,FD_avg_avg,FD_avg_sd,FD_sd_avg,FD_sd_sd,FD_r1_avg,FD_r1_sd,FD_kr_avg,FD_kr_sd,FD_sk_avg,FD_sk_sd,IN_avg_avg,IN_avg_sd,IN_sd_avg,IN_sd_sd,IN_r1_avg,IN_r1_sd,IN_kr_avg,IN_kr_sd,IN_sk_avg,IN_sk_sd
105,0.4945537221,0.3006913510,0.0011306446,0.0007434060,0.8914181603,0.0868368439,2.3501072181,0.5687850216,-0.0260662383,0.4691106836,-0.0000042565,0.0000401878,0.0000407777,0.0000260074,0.3330587209,0.2095972429,2.7134688534,0.4649652502,0.0835197649,0.3068143857,0.4956450000,0.0327845768,0.0406432025,0.0061368225,0.2202537058,0.1619410275,2.8233442162,0.4982288206,-0.0299325705,0.2568456626
