Instance,FV_avg_avg,FV_avg_sd,FV_sd_avg,FV_sd_sd,FV_r1_avg,FV_r1_sd,FV_kr_avg,FV_kr_sd,FV_sk_avg,FV_sk_sd,FD_avg_avg,FD_avg_sd,FD_sd_avg,FD_sd_sd,FD_r1_avg,FD_r1_sd,FD_kr_avg,FD_kr_sd,FD_sk_avg,FD_sk_sd,IN_avg_avg,IN_avg_sd,IN_sd_avg,IN_sd_sd,IN_r1_avg,IN_r1_sd,IN_kr_avg,IN_kr_sd,IN_sk_avg,IN_sk_sd
228,0.4987881543,0.3035331141,0.0005439996,0.0003668726,0.5172226544,0.2944472588,2.1460065180,0.4401825419,-0.0165684498,0.4490457016,0.0000246016,0.0000748706,0.0000714621,0.0000479629,0.3523280066,0.2456054005,2.2123524185,0.8768479986,0.2412507897,0.5824365120,0.5006500000,0.0684470781,0.0556784376,0.0150660741,0.2465582483,0.2430563572,2.2125197270,0.8796771449,0.0749054282,0.6222508267
