Instance,INF_avg,INF_sd,INF_r1,INF_kr,INF_sk,SUP_avg,SUP_sd,SUP_r1,SUP_kr,SUP_sk,INC_avg,INC_sd,INC_r1,INC_kr,INC_sk,IND_avg,IND_sd,IND_r1,IND_kr,IND_sk
286,0.2832000000,0.0554415007,0.3987383326,2.3567075699,0.1883598825,0.2022000000,0.0395115173,0.3483800328,2.9522179994,0.0192221619,0.5146000000,0.0491206677,0.3186486523,2.6051540020,0.0430767682,0.0698000000,0.0190252464,-0.0162226780,2.6758368422,0.0112082140
