Instance,INF_avg,INF_sd,INF_r1,INF_kr,INF_sk,SUP_avg,SUP_sd,SUP_r1,SUP_kr,SUP_sk,INC_avg,INC_sd,INC_r1,INC_kr,INC_sk,IND_avg,IND_sd,IND_r1,IND_kr,IND_sk
166,0.2528000000,0.0590267736,-0.1462161125,3.2501400270,0.6478261742,0.2424000000,0.0520983685,-0.2575773689,4.1591471205,0.6492135408,0.5048000000,0.0706042492,-0.0365163638,2.4482125912,-0.3188266301,0.1176000000,0.0368000000,0.1855463557,2.8398117145,0.2151927344
