Instance,INF_avg,INF_sd,INF_r1,INF_kr,INF_sk,SUP_avg,SUP_sd,SUP_r1,SUP_kr,SUP_sk,INC_avg,INC_sd,INC_r1,INC_kr,INC_sk,IND_avg,IND_sd,IND_r1,IND_kr,IND_sk
474,0.2280000000,0.0844748483,-0.3962375073,2.2713205574,-0.6937082223,0.3160000000,0.0941488184,-0.2170263789,2.6215707229,-1.0822408451,0.4560000000,0.0958331884,-0.2494853849,1.8238718450,-0.5091599883,0.1320000000,0.0370944740,0.4061302682,1.5091941590,-0.1579875514
