Instance,INF_avg,INF_sd,INF_r1,INF_kr,INF_sk,SUP_avg,SUP_sd,SUP_r1,SUP_kr,SUP_sk,INC_avg,INC_sd,INC_r1,INC_kr,INC_sk,IND_avg,IND_sd,IND_r1,IND_kr,IND_sk
H,0.2566000000,0.0464159455,0.1369825507,3.1837115578,0.2071451542,0.2364000000,0.0489799959,0.1477966915,2.6555068339,0.2402986711,0.5070000000,0.0605722709,-0.0834326655,2.9662421022,0.1376351986,0.0690000000,0.0188944436,0.1484116757,2.4036673493,0.1440999867
