Instance,FV_avg_avg,FV_avg_sd,FV_sd_avg,FV_sd_sd,FV_r1_avg,FV_r1_sd,FV_kr_avg,FV_kr_sd,FV_sk_avg,FV_sk_sd,FD_avg_avg,FD_avg_sd,FD_sd_avg,FD_sd_sd,FD_r1_avg,FD_r1_sd,FD_kr_avg,FD_kr_sd,FD_sk_avg,FD_sk_sd,IN_avg_avg,IN_avg_sd,IN_sd_avg,IN_sd_sd,IN_r1_avg,IN_r1_sd,IN_kr_avg,IN_kr_sd,IN_sk_avg,IN_sk_sd
203,0.4947437055,0.2998438094,0.0031305431,0.0021685945,0.8816334033,0.0731125444,2.2216836743,0.4977963057,0.1062918544,0.3871972480,-0.0000144511,0.0001006118,0.0004215948,0.0002589274,0.0150317605,0.1200484287,2.6214575448,0.3136402020,0.0663147850,0.2392887796,0.4814000000,0.0325459675,0.1610014743,0.0131653051,-0.0150158332,0.1242849187,2.7460747742,0.4580704755,0.0714166213,0.3245037574
