Instance,INF_avg,INF_sd,INF_r1,INF_kr,INF_sk,SUP_avg,SUP_sd,SUP_r1,SUP_kr,SUP_sk,INC_avg,INC_sd,INC_r1,INC_kr,INC_sk,IND_avg,IND_sd,IND_r1,IND_kr,IND_sk
47,0.2398000000,0.0428714357,0.0338376554,2.6685702683,0.5985429919,0.2836000000,0.0485699496,0.2753603528,3.2120939592,0.3370242024,0.4766000000,0.0524064881,0.2284905269,2.7311592017,-0.0450701766,0.0649000000,0.0180828648,0.1476355463,6.3224473050,0.9750853948
