Instance,FV_avg_avg,FV_avg_sd,FV_sd_avg,FV_sd_sd,FV_r1_avg,FV_r1_sd,FV_kr_avg,FV_kr_sd,FV_sk_avg,FV_sk_sd,FD_avg_avg,FD_avg_sd,FD_sd_avg,FD_sd_sd,FD_r1_avg,FD_r1_sd,FD_kr_avg,FD_kr_sd,FD_sk_avg,FD_sk_sd,IN_avg_avg,IN_avg_sd,IN_sd_avg,IN_sd_sd,IN_r1_avg,IN_r1_sd,IN_kr_avg,IN_kr_sd,IN_sk_avg,IN_sk_sd
178,0.4829043450,0.2952308668,0.0021256994,0.0017558650,0.1229228578,0.4437907249,2.0395528365,0.4424388907,0.1241289257,0.5849574500,0.0000050341,0.0004063997,0.0002914436,0.0001860359,-0.2251250966,0.4143502609,1.9882266944,0.5279433628,0.2474005331,0.5801455850,0.4882000000,0.0664827797,0.0699640904,0.0267922759,-0.3314051140,0.3608062054,1.9652892023,0.4728645939,0.1480428909,0.5978488057
