Instance,INF_avg,INF_sd,INF_r1,INF_kr,INF_sk,SUP_avg,SUP_sd,SUP_r1,SUP_kr,SUP_sk,INC_avg,INC_sd,INC_r1,INC_kr,INC_sk,IND_avg,IND_sd,IND_r1,IND_kr,IND_sk
382,0.2288000000,0.0609471903,0.1993153156,4.8393617178,0.8939103345,0.1728000000,0.0606313450,0.0147005139,2.5373725326,-0.0598576184,0.5984000000,0.0857755210,0.4393398704,3.5671952884,-0.5048425358,0.1368000000,0.0328292552,0.1558549568,1.9147417922,0.3657012815
