Instance,INF_avg,INF_sd,INF_r1,INF_kr,INF_sk,SUP_avg,SUP_sd,SUP_r1,SUP_kr,SUP_sk,INC_avg,INC_sd,INC_r1,INC_kr,INC_sk,IND_avg,IND_sd,IND_r1,IND_kr,IND_sk
315,0.2190000000,0.1316776367,0.1558692301,2.5133878465,0.2517643823,0.3140000000,0.1341789849,-0.0014795361,3.0196699729,0.3398882871,0.4670000000,0.1667663036,-0.0784135983,2.7578125164,0.1550745291,0.3520000000,0.1004788535,0.0832198002,2.1533801653,0.0634994173
