Instance,FV_avg_avg,FV_avg_sd,FV_sd_avg,FV_sd_sd,FV_r1_avg,FV_r1_sd,FV_kr_avg,FV_kr_sd,FV_sk_avg,FV_sk_sd,FD_avg_avg,FD_avg_sd,FD_sd_avg,FD_sd_sd,FD_r1_avg,FD_r1_sd,FD_kr_avg,FD_kr_sd,FD_sk_avg,FD_sk_sd,IN_avg_avg,IN_avg_sd,IN_sd_avg,IN_sd_sd,IN_r1_avg,IN_r1_sd,IN_kr_avg,IN_kr_sd,IN_sk_avg,IN_sk_sd
11,0.4948772242,0.3007566611,0.0003693159,0.0002628537,0.8151965353,0.1579271330,2.2481960535,0.4373122459,-0.1005424242,0.3867371564,0.0000059801,0.0000163737,0.0000438547,0.0000259410,-0.0015929916,0.1464168761,2.9296530537,0.6452556833,-0.2081741594,0.4243326407,0.5165000000,0.0408062495,0.1128950009,0.0173873163,0.0349685718,0.1600723406,2.6922620698,0.6463712180,-0.0435656255,0.3860282050
