Instance,FV_avg_avg,FV_avg_sd,FV_sd_avg,FV_sd_sd,FV_r1_avg,FV_r1_sd,FV_kr_avg,FV_kr_sd,FV_sk_avg,FV_sk_sd,FD_avg_avg,FD_avg_sd,FD_sd_avg,FD_sd_sd,FD_r1_avg,FD_r1_sd,FD_kr_avg,FD_kr_sd,FD_sk_avg,FD_sk_sd,IN_avg_avg,IN_avg_sd,IN_sd_avg,IN_sd_sd,IN_r1_avg,IN_r1_sd,IN_kr_avg,IN_kr_sd,IN_sk_avg,IN_sk_sd
470,0.5011026560,0.3032159793,0.0008779190,0.0005764172,0.8090467619,0.1397663002,2.6801577731,1.0093123992,0.2092376915,0.6582829804,0.0000003751,0.0000579204,0.0001453548,0.0000932020,-0.0381353674,0.1703320553,2.7707090590,0.6398406361,0.0405220698,0.3824688614,0.5040000000,0.0525965778,0.1537180855,0.0197066027,-0.0138269760,0.2105327087,2.4792950793,0.4315058586,0.0425789982,0.3655285630
