Instance,INF_avg,INF_sd,INF_r1,INF_kr,INF_sk,SUP_avg,SUP_sd,SUP_r1,SUP_kr,SUP_sk,INC_avg,INC_sd,INC_r1,INC_kr,INC_sk,IND_avg,IND_sd,IND_r1,IND_kr,IND_sk
364,0.2900000000,0.1640121947,-0.2644105615,2.5789720982,0.2964690242,0.1700000000,0.0900000000,0.1107644306,2.2583447645,-0.1975308642,0.5400000000,0.1428285686,-0.1171366594,2.2479815456,0.0988433000,0.3700000000,0.1100000000,0.2756036636,2.7441431596,0.6130728775
