Instance,INF_avg,INF_sd,INF_r1,INF_kr,INF_sk,SUP_avg,SUP_sd,SUP_r1,SUP_kr,SUP_sk,INC_avg,INC_sd,INC_r1,INC_kr,INC_sk,IND_avg,IND_sd,IND_r1,IND_kr,IND_sk
367,0.2290000000,0.1077450695,-0.2103564595,3.3222495704,0.5141681858,0.2940000000,0.1263487238,0.0324953953,2.1879287907,0.3210500937,0.4770000000,0.1162798349,-0.0247181764,2.1944852461,-0.1986897954,0.2190000000,0.0677421582,0.0505873263,2.5478863328,0.3025971435
