Instance,INF_avg,INF_sd,INF_r1,INF_kr,INF_sk,SUP_avg,SUP_sd,SUP_r1,SUP_kr,SUP_sk,INC_avg,INC_sd,INC_r1,INC_kr,INC_sk,IND_avg,IND_sd,IND_r1,IND_kr,IND_sk
53,0.2480000000,0.0964157663,-0.1713938999,2.4784079766,-0.3282631360,0.2570000000,0.0943451112,0.0386268520,2.3434841641,0.2801209460,0.4950000000,0.1092016483,-0.1502773823,2.7355853540,-0.0218855406,0.2170000000,0.0675351760,0.0230987746,4.6029717459,0.9251628343
