Instance,FV_avg_avg,FV_avg_sd,FV_sd_avg,FV_sd_sd,FV_r1_avg,FV_r1_sd,FV_kr_avg,FV_kr_sd,FV_sk_avg,FV_sk_sd,FD_avg_avg,FD_avg_sd,FD_sd_avg,FD_sd_sd,FD_r1_avg,FD_r1_sd,FD_kr_avg,FD_kr_sd,FD_sk_avg,FD_sk_sd,IN_avg_avg,IN_avg_sd,IN_sd_avg,IN_sd_sd,IN_r1_avg,IN_r1_sd,IN_kr_avg,IN_kr_sd,IN_sk_avg,IN_sk_sd
37,0.4601244227,0.2788764130,0.0188847147,0.0114595618,0.9768522661,0.0102667263,2.1627428489,0.2388833200,0.5804895665,0.1542364638,-0.0005864026,0.0003612085,0.0002721983,0.0001646897,0.8648728653,0.0303971649,2.4142345749,0.2534682224,0.5479469656,0.1599452187,0.2018503802,0.0253851228,0.1393867758,0.0121217196,0.8386804803,0.0297586663,2.6657180243,0.3260996572,0.7392717479,0.1894974433
