Instance,FV_avg_avg,FV_avg_sd,FV_sd_avg,FV_sd_sd,FV_r1_avg,FV_r1_sd,FV_kr_avg,FV_kr_sd,FV_sk_avg,FV_sk_sd,FD_avg_avg,FD_avg_sd,FD_sd_avg,FD_sd_sd,FD_r1_avg,FD_r1_sd,FD_kr_avg,FD_kr_sd,FD_sk_avg,FD_sk_sd,IN_avg_avg,IN_avg_sd,IN_sd_avg,IN_sd_sd,IN_r1_avg,IN_r1_sd,IN_kr_avg,IN_kr_sd,IN_sk_avg,IN_sk_sd
101,0.5035465623,0.3059838788,0.0007248280,0.0006362631,0.0624843629,0.5707166123,1.9127812700,0.5150193813,0.0926207561,0.6020130442,0.0000359315,0.0001567203,0.0000851257,0.0000472851,-0.2626111464,0.4129656215,1.7995553932,0.4787549249,-0.0419588466,0.5231626957,0.5094000000,0.0657787200,0.0581339649,0.0219372315,-0.1939661634,0.4687062221,1.9886827961,0.4146743340,-0.1298680780,0.5667159546
