Instance,FV_avg_avg,FV_avg_sd,FV_sd_avg,FV_sd_sd,FV_r1_avg,FV_r1_sd,FV_kr_avg,FV_kr_sd,FV_sk_avg,FV_sk_sd,FD_avg_avg,FD_avg_sd,FD_sd_avg,FD_sd_sd,FD_r1_avg,FD_r1_sd,FD_kr_avg,FD_kr_sd,FD_sk_avg,FD_sk_sd,IN_avg_avg,IN_avg_sd,IN_sd_avg,IN_sd_sd,IN_r1_avg,IN_r1_sd,IN_kr_avg,IN_kr_sd,IN_sk_avg,IN_sk_sd
411,0.4471026053,0.2784035948,0.0240923990,0.0144115936,0.9883746955,0.0038089704,2.0926596295,0.1388706277,0.5594500524,0.1446034740,-0.0003918639,0.0002357112,0.0001817509,0.0001098370,0.9663872272,0.0165761206,2.1235037822,0.1156343603,0.5552032898,0.1477079210,0.1762441412,0.0466747454,0.1435500252,0.0198313190,0.9525993668,0.0223132929,2.4382842172,0.2161331110,0.7769059671,0.1858484621
