Instance,INF_avg,INF_sd,INF_r1,INF_kr,INF_sk,SUP_avg,SUP_sd,SUP_r1,SUP_kr,SUP_sk,INC_avg,INC_sd,INC_r1,INC_kr,INC_sk,IND_avg,IND_sd,IND_r1,IND_kr,IND_sk
14,0.2740000000,0.0906862724,-0.0179296082,2.8573937531,0.4747199606,0.2560000000,0.0852291030,-0.3014694543,4.4374078189,1.3148545825,0.4700000000,0.0948683298,-0.0620258813,2.2614814815,-0.3724460355,0.2220000000,0.0722218803,0.0235118945,2.2031385261,0.2391658325
