Instance,INF_avg,INF_sd,INF_r1,INF_kr,INF_sk,SUP_avg,SUP_sd,SUP_r1,SUP_kr,SUP_sk,INC_avg,INC_sd,INC_r1,INC_kr,INC_sk,IND_avg,IND_sd,IND_r1,IND_kr,IND_sk
80,0.2350000000,0.1235920709,0.1483244991,2.4891099081,0.2665704194,0.2300000000,0.1345362405,0.0359107085,2.0212142486,0.3055308535,0.5350000000,0.1492481156,0.0550110475,2.8059079383,0.3814857341,0.4350000000,0.1107925990,0.1689693992,2.8320647417,0.8222552511
