Instance,INF_avg,INF_sd,INF_r1,INF_kr,INF_sk,SUP_avg,SUP_sd,SUP_r1,SUP_kr,SUP_sk,INC_avg,INC_sd,INC_r1,INC_kr,INC_sk,IND_avg,IND_sd,IND_r1,IND_kr,IND_sk
360,0.2200000000,0.1248999600,-0.0294117647,2.0295857988,-0.0739053018,0.2900000000,0.1445683229,0.0890990543,1.5992536801,0.1747489172,0.4900000000,0.1374772708,0.2641609317,3.2400268749,1.3347083657,0.3800000000,0.0871779789,-0.4655172414,2.6786703601,-0.5071295170
