Instance,INF_avg,INF_sd,INF_r1,INF_kr,INF_sk,SUP_avg,SUP_sd,SUP_r1,SUP_kr,SUP_sk,INC_avg,INC_sd,INC_r1,INC_kr,INC_sk,IND_avg,IND_sd,IND_r1,IND_kr,IND_sk
53,0.2380000000,0.1426744546,0.0063639167,2.5650219954,0.3458838630,0.2960000000,0.1482700239,0.0934053465,2.1406978001,0.4736431031,0.4660000000,0.1582529621,-0.1246598132,2.9477494980,-0.2488358665,0.3600000000,0.1216552506,-0.0330347144,2.4331628926,0.1999447143
