Instance,FV_avg_avg,FV_avg_sd,FV_sd_avg,FV_sd_sd,FV_r1_avg,FV_r1_sd,FV_kr_avg,FV_kr_sd,FV_sk_avg,FV_sk_sd,FD_avg_avg,FD_avg_sd,FD_sd_avg,FD_sd_sd,FD_r1_avg,FD_r1_sd,FD_kr_avg,FD_kr_sd,FD_sk_avg,FD_sk_sd,IN_avg_avg,IN_avg_sd,IN_sd_avg,IN_sd_sd,IN_r1_avg,IN_r1_sd,IN_kr_avg,IN_kr_sd,IN_sk_avg,IN_sk_sd
470,0.4973977950,0.3016966286,0.0017416249,0.0014991707,0.9313226616,0.0393801338,2.3122439026,0.4374561628,0.0361517792,0.4437605577,-0.0000080664,0.0000241649,0.0000669765,0.0000400416,0.0055378289,0.1430869316,2.8981796654,0.4695344725,0.0937761822,0.1699001497,0.4990300000,0.0244945933,0.0727245277,0.0053681531,0.0449672126,0.1255962555,2.7945989462,0.2702280215,0.0341553415,0.2033422758
