Instance,INF_avg,INF_sd,INF_r1,INF_kr,INF_sk,SUP_avg,SUP_sd,SUP_r1,SUP_kr,SUP_sk,INC_avg,INC_sd,INC_r1,INC_kr,INC_sk,IND_avg,IND_sd,IND_r1,IND_kr,IND_sk
250,0.2240000000,0.0320000000,0.0585774059,1.4189453125,-0.0351562500,0.2160000000,0.0512249939,-0.1516452074,1.6140690065,-0.2056922718,0.5600000000,0.0521536192,-0.5000000000,2.2231833910,-0.0000000000,0.1240000000,0.0387814389,-0.3326226013,2.3587596197,-0.2830922144
