Instance,FV_avg_avg,FV_avg_sd,FV_sd_avg,FV_sd_sd,FV_r1_avg,FV_r1_sd,FV_kr_avg,FV_kr_sd,FV_sk_avg,FV_sk_sd,FD_avg_avg,FD_avg_sd,FD_sd_avg,FD_sd_sd,FD_r1_avg,FD_r1_sd,FD_kr_avg,FD_kr_sd,FD_sk_avg,FD_sk_sd,IN_avg_avg,IN_avg_sd,IN_sd_avg,IN_sd_sd,IN_r1_avg,IN_r1_sd,IN_kr_avg,IN_kr_sd,IN_sk_avg,IN_sk_sd
395,0.4977253112,0.3022918387,0.0006205085,0.0004368780,0.9134380510,0.0589762807,2.3530942625,0.7634953725,-0.1873068483,0.5009829359,-0.0000031930,0.0000139288,0.0000672865,0.0000419265,-0.0027726809,0.1471112412,2.9882312263,0.5779856112,0.0239576652,0.3284406963,0.4941000000,0.0261799542,0.1502709685,0.0129782911,-0.0492115971,0.1531115102,2.8191394079,0.3720923083,0.0191660296,0.2940896864
