Instance,FV_avg_avg,FV_avg_sd,FV_sd_avg,FV_sd_sd,FV_r1_avg,FV_r1_sd,FV_kr_avg,FV_kr_sd,FV_sk_avg,FV_sk_sd,FD_avg_avg,FD_avg_sd,FD_sd_avg,FD_sd_sd,FD_r1_avg,FD_r1_sd,FD_kr_avg,FD_kr_sd,FD_sk_avg,FD_sk_sd,IN_avg_avg,IN_avg_sd,IN_sd_avg,IN_sd_sd,IN_r1_avg,IN_r1_sd,IN_kr_avg,IN_kr_sd,IN_sk_avg,IN_sk_sd
456,0.4986052315,0.3034834891,0.0004424702,0.0003084669,0.2109913925,0.4168580119,1.7302265177,0.3042061468,0.0010886672,0.3899733573,-0.0000001548,0.0000389734,0.0000630638,0.0000383973,-0.2061737494,0.3299360486,2.0364178904,0.4742398954,0.1160664629,0.6189621956,0.4914000000,0.0319067391,0.0527759281,0.0159593676,-0.1710619547,0.4159289202,1.9008553455,0.4368715947,0.0268821329,0.5106214300
