Instance,INF_avg,INF_sd,INF_r1,INF_kr,INF_sk,SUP_avg,SUP_sd,SUP_r1,SUP_kr,SUP_sk,INC_avg,INC_sd,INC_r1,INC_kr,INC_sk,IND_avg,IND_sd,IND_r1,IND_kr,IND_sk
433,0.2422000000,0.0340904679,-0.0948492951,1.6218752193,0.0308970200,0.2480000000,0.0262678511,-0.1730473827,2.1618525520,0.0854077577,0.5098000000,0.0392295807,-0.4692125902,2.1384161819,0.3108750603,0.0366000000,0.0105565146,-0.2253620109,1.9146164109,0.0603458983
