Instance,INF_avg,INF_sd,INF_r1,INF_kr,INF_sk,SUP_avg,SUP_sd,SUP_r1,SUP_kr,SUP_sk,INC_avg,INC_sd,INC_r1,INC_kr,INC_sk,IND_avg,IND_sd,IND_r1,IND_kr,IND_sk
422,0.3360294118,0.0857431134,0.2777875019,2.5999869576,0.0771550574,0.1394117647,0.0707082313,0.5201978108,3.2014673014,0.6542653204,0.5245588235,0.0735633745,-0.0449329347,3.3008522611,0.1340506269,0.1213235294,0.0371959996,0.1290989527,2.5748972722,0.2121160809
