Instance,INF_avg,INF_sd,INF_r1,INF_kr,INF_sk,SUP_avg,SUP_sd,SUP_r1,SUP_kr,SUP_sk,INC_avg,INC_sd,INC_r1,INC_kr,INC_sk,IND_avg,IND_sd,IND_r1,IND_kr,IND_sk
416,0.2800000000,0.1077032961,0.0693430657,2.7669441141,0.4034071140,0.3100000000,0.1220655562,0.0138674884,4.1573352552,0.7983387574,0.4100000000,0.1300000000,-0.2570056045,1.9613108785,-0.4588074647,0.3000000000,0.1000000000,-0.0000000000,3.4000000000,0.0000000000
