Instance,INF_avg,INF_sd,INF_r1,INF_kr,INF_sk,SUP_avg,SUP_sd,SUP_r1,SUP_kr,SUP_sk,INC_avg,INC_sd,INC_r1,INC_kr,INC_sk,IND_avg,IND_sd,IND_r1,IND_kr,IND_sk
392,0.4525362319,0.1044173732,0.7059309269,2.3131120185,-0.1204358072,0.0868840580,0.0584311899,0.7220247603,3.5123567397,0.9845643674,0.4605797101,0.0667112327,0.2873428513,2.7367989624,-0.1707092695,0.0723913043,0.0194323184,0.0634323316,3.0546018435,0.3251656319
