Instance,FV_avg_avg,FV_avg_sd,FV_sd_avg,FV_sd_sd,FV_r1_avg,FV_r1_sd,FV_kr_avg,FV_kr_sd,FV_sk_avg,FV_sk_sd,FD_avg_avg,FD_avg_sd,FD_sd_avg,FD_sd_sd,FD_r1_avg,FD_r1_sd,FD_kr_avg,FD_kr_sd,FD_sk_avg,FD_sk_sd,IN_avg_avg,IN_avg_sd,IN_sd_avg,IN_sd_sd,IN_r1_avg,IN_r1_sd,IN_kr_avg,IN_kr_sd,IN_sk_avg,IN_sk_sd
60,0.4964477943,0.3020559703,0.0003915415,0.0002461334,0.8940910836,0.0705709855,2.1115629304,0.3878268879,-0.0675940699,0.2848025584,-0.0000009840,0.0000063880,0.0000216598,0.0000130158,0.0135447145,0.1008769253,2.8070556252,0.7167503381,0.1002375039,0.2753749283,0.4977800000,0.0185745956,0.0711940994,0.0071732983,0.0180867770,0.1135018861,2.9590377432,0.6693615218,0.1005718083,0.2538598905
