Instance,FV_avg_avg,FV_avg_sd,FV_sd_avg,FV_sd_sd,FV_r1_avg,FV_r1_sd,FV_kr_avg,FV_kr_sd,FV_sk_avg,FV_sk_sd,FD_avg_avg,FD_avg_sd,FD_sd_avg,FD_sd_sd,FD_r1_avg,FD_r1_sd,FD_kr_avg,FD_kr_sd,FD_sk_avg,FD_sk_sd,IN_avg_avg,IN_avg_sd,IN_sd_avg,IN_sd_sd,IN_r1_avg,IN_r1_sd,IN_kr_avg,IN_kr_sd,IN_sk_avg,IN_sk_sd
80,0.4928413772,0.2998398708,0.0005535978,0.0003638211,0.2182778726,0.4704405809,1.9529432842,0.4849040726,-0.2173185875,0.4796874332,-0.0000026388,0.0000869925,0.0001120828,0.0000756448,-0.2182380232,0.3417886021,2.0394993549,0.4849698477,-0.2241587351,0.5635062634,0.4985000000,0.0584187470,0.0988114710,0.0411860802,-0.0483886473,0.4408230901,1.9130926907,0.5004763709,0.0060251716,0.5677313386
