Instance,FV_avg_avg,FV_avg_sd,FV_sd_avg,FV_sd_sd,FV_r1_avg,FV_r1_sd,FV_kr_avg,FV_kr_sd,FV_sk_avg,FV_sk_sd,FD_avg_avg,FD_avg_sd,FD_sd_avg,FD_sd_sd,FD_r1_avg,FD_r1_sd,FD_kr_avg,FD_kr_sd,FD_sk_avg,FD_sk_sd,IN_avg_avg,IN_avg_sd,IN_sd_avg,IN_sd_sd,IN_r1_avg,IN_r1_sd,IN_kr_avg,IN_kr_sd,IN_sk_avg,IN_sk_sd
94,0.4274012130,0.2603978467,0.0257344025,0.0163287301,0.9709278886,0.0097062155,2.2417434667,0.1882684937,0.6523863690,0.1268702056,-0.0009674581,0.0005863549,0.0004484855,0.0002811361,0.9270887250,0.0110383787,2.3664382826,0.3100023799,0.6512809338,0.1822341157,0.1721715196,0.0221102869,0.1454389177,0.0151445780,0.9048368779,0.0283245578,2.6572902422,0.3263830630,0.8662707414,0.1884923498
