Instance,INF_avg,INF_sd,INF_r1,INF_kr,INF_sk,SUP_avg,SUP_sd,SUP_r1,SUP_kr,SUP_sk,INC_avg,INC_sd,INC_r1,INC_kr,INC_sk,IND_avg,IND_sd,IND_r1,IND_kr,IND_sk
5,0.2560000000,0.0624819974,-0.1146496815,2.5243886052,-1.0736207227,0.2400000000,0.0606630036,-0.2857142857,2.1219281664,-0.3870276692,0.5040000000,0.0557135531,0.1602067183,1.3296312042,0.2931045678,0.1240000000,0.0233238076,-0.2686567164,1.6280276817,0.3631734744
