Instance,INF_avg,INF_sd,INF_r1,INF_kr,INF_sk,SUP_avg,SUP_sd,SUP_r1,SUP_kr,SUP_sk,INC_avg,INC_sd,INC_r1,INC_kr,INC_sk,IND_avg,IND_sd,IND_r1,IND_kr,IND_sk
388,0.4241041162,0.0958328918,0.8671628776,2.1239984582,-0.0158333326,0.0965980630,0.0719521175,0.9118366065,2.6722759707,0.7856372633,0.4792978208,0.0453943274,0.3694717551,3.0832245845,-0.2481279200,0.0432203390,0.0113247195,0.0674643332,3.4175266420,0.4359401570
