Instance,INF_avg,INF_sd,INF_r1,INF_kr,INF_sk,SUP_avg,SUP_sd,SUP_r1,SUP_kr,SUP_sk,INC_avg,INC_sd,INC_r1,INC_kr,INC_sk,IND_avg,IND_sd,IND_r1,IND_kr,IND_sk
172,0.3214285714,0.1435696517,-0.4318181818,1.6965738653,0.4359445116,0.1428571429,0.0820651807,0.3053435115,2.0282369146,-0.5459708300,0.5357142857,0.1216384740,-0.2025450689,2.3008561237,0.3341080559,0.2285714286,0.0699854212,-0.2247360483,1.9127604167,0.4784159654
