Instance,FV_avg_avg,FV_avg_sd,FV_sd_avg,FV_sd_sd,FV_r1_avg,FV_r1_sd,FV_kr_avg,FV_kr_sd,FV_sk_avg,FV_sk_sd,FD_avg_avg,FD_avg_sd,FD_sd_avg,FD_sd_sd,FD_r1_avg,FD_r1_sd,FD_kr_avg,FD_kr_sd,FD_sk_avg,FD_sk_sd,IN_avg_avg,IN_avg_sd,IN_sd_avg,IN_sd_sd,IN_r1_avg,IN_r1_sd,IN_kr_avg,IN_kr_sd,IN_sk_avg,IN_sk_sd
323,0.4978256114,0.3030534416,0.0002645660,0.0002137172,0.5787392690,0.2826782532,2.3514613441,0.5394975189,0.2512395121,0.4916941017,0.0000041453,0.0000133244,0.0000134120,0.0000084403,0.0253405869,0.2736284900,2.6597429736,1.0742680260,-0.2305040595,0.7324843389,0.4982500000,0.0280866961,0.0325574436,0.0084165236,-0.0121590354,0.2417096204,2.6084626001,0.9162529074,-0.0248404600,0.7368580285
