Instance,INF_avg,INF_sd,INF_r1,INF_kr,INF_sk,SUP_avg,SUP_sd,SUP_r1,SUP_kr,SUP_sk,INC_avg,INC_sd,INC_r1,INC_kr,INC_sk,IND_avg,IND_sd,IND_r1,IND_kr,IND_sk
307,0.3117647059,0.1022243953,-0.0666123447,3.0902811280,-0.5670515115,0.1823529412,0.1199769297,0.0207821960,3.9871948964,1.1597252222,0.5058823529,0.1474113422,-0.3084452975,2.6219522090,0.4494957501,0.3941176471,0.1211250605,0.1579023823,2.0798771805,0.5099250777
