Instance,INF_avg,INF_sd,INF_r1,INF_kr,INF_sk,SUP_avg,SUP_sd,SUP_r1,SUP_kr,SUP_sk,INC_avg,INC_sd,INC_r1,INC_kr,INC_sk,IND_avg,IND_sd,IND_r1,IND_kr,IND_sk
460,0.2830000000,0.0982903861,-0.1024563183,3.8775169371,0.0211924509,0.2740000000,0.1114629983,-0.1482231147,3.2783526805,0.5355569577,0.4430000000,0.1157626883,-0.1176860873,2.0747743984,-0.2550937093,0.1940000000,0.0621610811,0.0779855460,2.5416779188,0.3529199914
