Instance,FV_avg_avg,FV_avg_sd,FV_sd_avg,FV_sd_sd,FV_r1_avg,FV_r1_sd,FV_kr_avg,FV_kr_sd,FV_sk_avg,FV_sk_sd,FD_avg_avg,FD_avg_sd,FD_sd_avg,FD_sd_sd,FD_r1_avg,FD_r1_sd,FD_kr_avg,FD_kr_sd,FD_sk_avg,FD_sk_sd,IN_avg_avg,IN_avg_sd,IN_sd_avg,IN_sd_sd,IN_r1_avg,IN_r1_sd,IN_kr_avg,IN_kr_sd,IN_sk_avg,IN_sk_sd
256,0.4978441091,0.3020907356,0.0003925662,0.0003321901,0.9071246037,0.0813704915,2.3263871857,0.4858470362,-0.1221516983,0.4000909329,0.0000005507,0.0000061483,0.0000129965,0.0000077532,-0.0313395447,0.1834931108,2.8320772774,0.4300761844,-0.0331881837,0.3671007947,0.4972600000,0.0190688332,0.0494837983,0.0049624298,-0.0594523209,0.1642404222,2.7511501048,0.4603005093,-0.0603181429,0.3104531742
