Instance,FV_avg_avg,FV_avg_sd,FV_sd_avg,FV_sd_sd,FV_r1_avg,FV_r1_sd,FV_kr_avg,FV_kr_sd,FV_sk_avg,FV_sk_sd,FD_avg_avg,FD_avg_sd,FD_sd_avg,FD_sd_sd,FD_r1_avg,FD_r1_sd,FD_kr_avg,FD_kr_sd,FD_sk_avg,FD_sk_sd,IN_avg_avg,IN_avg_sd,IN_sd_avg,IN_sd_sd,IN_r1_avg,IN_r1_sd,IN_kr_avg,IN_kr_sd,IN_sk_avg,IN_sk_sd
79,0.4898988931,0.2986091890,0.0026481618,0.0016745861,0.8507324135,0.0855619911,2.2499058740,0.4787902750,-0.1286320814,0.4417709769,-0.0000049811,0.0001476585,0.0001132418,0.0000672131,0.2005000518,0.2653658021,2.6506794669,0.5631049121,-0.0730094093,0.4001130893,0.4879800000,0.0564685718,0.0404142834,0.0125859324,0.1327101440,0.2844780021,2.7525755779,0.9341547346,-0.0430435919,0.4459672526
