Instance,INF_avg,INF_sd,INF_r1,INF_kr,INF_sk,SUP_avg,SUP_sd,SUP_r1,SUP_kr,SUP_sk,INC_avg,INC_sd,INC_r1,INC_kr,INC_sk,IND_avg,IND_sd,IND_r1,IND_kr,IND_sk
219,0.2380000000,0.0462168800,0.4783795130,1.7389849766,0.7235062649,0.2610000000,0.0494873721,0.1513383230,2.2609201579,0.3263512432,0.5010000000,0.0467867503,-0.2192856148,2.3783807530,-0.2213321800,0.0640000000,0.0215406592,0.0189018902,2.1315398335,-0.2233146524
