Instance,INF_avg,INF_sd,INF_r1,INF_kr,INF_sk,SUP_avg,SUP_sd,SUP_r1,SUP_kr,SUP_sk,INC_avg,INC_sd,INC_r1,INC_kr,INC_sk,IND_avg,IND_sd,IND_r1,IND_kr,IND_sk
335,0.2290000000,0.1313735133,-0.0608332816,2.4128758281,0.2223178329,0.2940000000,0.1398713695,-0.1059221742,2.6086726625,0.0410635195,0.4770000000,0.1340559585,-0.0246927848,2.5020045233,0.2001419913,0.3550000000,0.1089724736,0.0253065704,2.3726670360,0.0341950189
