Instance,FV_avg_avg,FV_avg_sd,FV_sd_avg,FV_sd_sd,FV_r1_avg,FV_r1_sd,FV_kr_avg,FV_kr_sd,FV_sk_avg,FV_sk_sd,FD_avg_avg,FD_avg_sd,FD_sd_avg,FD_sd_sd,FD_r1_avg,FD_r1_sd,FD_kr_avg,FD_kr_sd,FD_sk_avg,FD_sk_sd,IN_avg_avg,IN_avg_sd,IN_sd_avg,IN_sd_sd,IN_r1_avg,IN_r1_sd,IN_kr_avg,IN_kr_sd,IN_sk_avg,IN_sk_sd
214,0.4492892148,0.2721416011,0.0241732089,0.0146687261,0.9671633410,0.0107510344,2.1410111882,0.1657497146,0.5810193625,0.1253200136,-0.0011749406,0.0007348625,0.0005474582,0.0003345020,0.9350920294,0.0134747617,2.1915178665,0.1821644181,0.5685969737,0.1399777574,0.1721006811,0.0250806310,0.1474086944,0.0143544273,0.9034723618,0.0223040812,2.5802425221,0.3144846729,0.8388393389,0.1675564162
