Instance,FV_avg_avg,FV_avg_sd,FV_sd_avg,FV_sd_sd,FV_r1_avg,FV_r1_sd,FV_kr_avg,FV_kr_sd,FV_sk_avg,FV_sk_sd,FD_avg_avg,FD_avg_sd,FD_sd_avg,FD_sd_sd,FD_r1_avg,FD_r1_sd,FD_kr_avg,FD_kr_sd,FD_sk_avg,FD_sk_sd,IN_avg_avg,IN_avg_sd,IN_sd_avg,IN_sd_sd,IN_r1_avg,IN_r1_sd,IN_kr_avg,IN_kr_sd,IN_sk_avg,IN_sk_sd
327,0.5002430263,0.3037380090,0.0001113286,0.0000906339,0.2659577725,0.3144728292,1.7578536639,0.4636940840,-0.0955323971,0.5121082707,-0.0000057250,0.0000266930,0.0000359536,0.0000264944,-0.1317218289,0.4058815808,1.9268314739,0.4403892893,-0.1423002051,0.4821324459,0.4950000000,0.0737224525,0.1349590207,0.0512451239,-0.0785401915,0.2578770293,2.1154265467,0.5842720745,0.0995718069,0.7012991098
