Instance,INF_avg,INF_sd,INF_r1,INF_kr,INF_sk,SUP_avg,SUP_sd,SUP_r1,SUP_kr,SUP_sk,INC_avg,INC_sd,INC_r1,INC_kr,INC_sk,IND_avg,IND_sd,IND_r1,IND_kr,IND_sk
335,0.2760000000,0.0421426150,-0.2378829003,2.4648161675,-0.2328002381,0.2388000000,0.0377698292,-0.0018785941,2.5317591071,0.4494604136,0.4852000000,0.0462272647,-0.2623894295,2.3247165129,-0.3433406286,0.0692000000,0.0191666377,0.0210481842,2.7567736345,0.4547863263
