Instance,FV_avg_avg,FV_avg_sd,FV_sd_avg,FV_sd_sd,FV_r1_avg,FV_r1_sd,FV_kr_avg,FV_kr_sd,FV_sk_avg,FV_sk_sd,FD_avg_avg,FD_avg_sd,FD_sd_avg,FD_sd_sd,FD_r1_avg,FD_r1_sd,FD_kr_avg,FD_kr_sd,FD_sk_avg,FD_sk_sd,IN_avg_avg,IN_avg_sd,IN_sd_avg,IN_sd_sd,IN_r1_avg,IN_r1_sd,IN_kr_avg,IN_kr_sd,IN_sk_avg,IN_sk_sd
224,0.5004701061,0.3031163163,0.0014589378,0.0009804693,0.8785202916,0.0840289664,2.3525454834,0.5739631983,-0.0491510207,0.4844506046,0.0000039993,0.0000504631,0.0000437374,0.0000274801,0.1503386166,0.1644664113,3.0758831908,0.6417636807,-0.0598096412,0.3165707451,0.5064100000,0.0244302456,0.0364351217,0.0042610921,0.0729568379,0.1879293518,2.9143223531,0.6579132586,0.0073624443,0.3103614306
