Instance,FV_avg_avg,FV_avg_sd,FV_sd_avg,FV_sd_sd,FV_r1_avg,FV_r1_sd,FV_kr_avg,FV_kr_sd,FV_sk_avg,FV_sk_sd,FD_avg_avg,FD_avg_sd,FD_sd_avg,FD_sd_sd,FD_r1_avg,FD_r1_sd,FD_kr_avg,FD_kr_sd,FD_sk_avg,FD_sk_sd,IN_avg_avg,IN_avg_sd,IN_sd_avg,IN_sd_sd,IN_r1_avg,IN_r1_sd,IN_kr_avg,IN_kr_sd,IN_sk_avg,IN_sk_sd
390,0.4983554847,0.3033941421,0.0001542870,0.0001094046,-0.0460808970,0.4280499271,1.9795274762,0.5005589961,0.0015939353,0.5965054383,-0.0000082442,0.0000344061,0.0000349885,0.0000206077,-0.2883235255,0.4089515612,1.9175647372,0.4844184936,0.0517949450,0.5700923506,0.4820000000,0.0638435588,0.0822641325,0.0321342886,-0.4698498298,0.4276508056,1.8604638479,0.4224310090,-0.0259005220,0.5735283836
