Instance,INF_avg,INF_sd,INF_r1,INF_kr,INF_sk,SUP_avg,SUP_sd,SUP_r1,SUP_kr,SUP_sk,INC_avg,INC_sd,INC_r1,INC_kr,INC_sk,IND_avg,IND_sd,IND_r1,IND_kr,IND_sk
177,0.2240000000,0.0384447656,0.1019127316,3.0110067183,0.3336773148,0.2702000000,0.0463245076,0.1403970166,3.3569681981,-0.2167535148,0.5058000000,0.0554649439,0.0760799104,3.1357848843,0.1618484568,0.0628000000,0.0185515498,0.2088090211,3.5042239768,0.1326771527
