Instance,INF_avg,INF_sd,INF_r1,INF_kr,INF_sk,SUP_avg,SUP_sd,SUP_r1,SUP_kr,SUP_sk,INC_avg,INC_sd,INC_r1,INC_kr,INC_sk,IND_avg,IND_sd,IND_r1,IND_kr,IND_sk
295,0.2350000000,0.0923309266,-0.0440562320,2.7338688178,0.2725120527,0.2450000000,0.0878919792,-0.0900126591,2.7429226757,0.1082529168,0.5200000000,0.0854400375,-0.1344071091,2.4704447363,-0.2020162267,0.2260000000,0.0618384993,-0.0628252476,2.2123452846,0.0175582213
