Instance,INF_avg,INF_sd,INF_r1,INF_kr,INF_sk,SUP_avg,SUP_sd,SUP_r1,SUP_kr,SUP_sk,INC_avg,INC_sd,INC_r1,INC_kr,INC_sk,IND_avg,IND_sd,IND_r1,IND_kr,IND_sk
492,0.2298000000,0.0558745022,0.1268879524,3.6778798082,0.9193708931,0.2600000000,0.0647765390,0.4466956102,2.9798000911,-0.0490061975,0.5102000000,0.0657416154,0.1907088513,3.3002799391,0.1729713888,0.0606000000,0.0189113722,0.2838464481,2.5064341377,0.0023703833
