Instance,FV_avg_avg,FV_avg_sd,FV_sd_avg,FV_sd_sd,FV_r1_avg,FV_r1_sd,FV_kr_avg,FV_kr_sd,FV_sk_avg,FV_sk_sd,FD_avg_avg,FD_avg_sd,FD_sd_avg,FD_sd_sd,FD_r1_avg,FD_r1_sd,FD_kr_avg,FD_kr_sd,FD_sk_avg,FD_sk_sd,IN_avg_avg,IN_avg_sd,IN_sd_avg,IN_sd_sd,IN_r1_avg,IN_r1_sd,IN_kr_avg,IN_kr_sd,IN_sk_avg,IN_sk_sd
499,0.4980477488,0.3022649183,0.0004958751,0.0003809518,0.9101299263,0.0743994716,2.2327288546,0.7297926855,-0.0360923700,0.4899802465,0.0000020987,0.0000095161,0.0000225474,0.0000135784,-0.0372303485,0.1921353336,2.8003187663,0.3932574092,-0.0080399858,0.2825870468,0.5052000000,0.0187147001,0.0681496334,0.0080961390,-0.0226724958,0.1428811306,2.7832835252,0.4454855182,0.0079830671,0.3471259722
