Instance,FV_avg_avg,FV_avg_sd,FV_sd_avg,FV_sd_sd,FV_r1_avg,FV_r1_sd,FV_kr_avg,FV_kr_sd,FV_sk_avg,FV_sk_sd,FD_avg_avg,FD_avg_sd,FD_sd_avg,FD_sd_sd,FD_r1_avg,FD_r1_sd,FD_kr_avg,FD_kr_sd,FD_sk_avg,FD_sk_sd,IN_avg_avg,IN_avg_sd,IN_sd_avg,IN_sd_sd,IN_r1_avg,IN_r1_sd,IN_kr_avg,IN_kr_sd,IN_sk_avg,IN_sk_sd
208,0.4970459233,0.3010198872,0.0015907523,0.0012512116,0.9053408042,0.1004489896,2.2495096109,0.7704859945,-0.1064189386,0.5032688361,0.0000053759,0.0000373748,0.0001154079,0.0000737413,0.0695548920,0.1729873667,2.6995191782,0.5181794906,0.0568312382,0.3314538234,0.5050000000,0.0377544699,0.1118923097,0.0111674095,0.0107381028,0.1041053583,2.8794603621,0.4757499493,0.0295138213,0.3272469455
