Instance,FV_avg_avg,FV_avg_sd,FV_sd_avg,FV_sd_sd,FV_r1_avg,FV_r1_sd,FV_kr_avg,FV_kr_sd,FV_sk_avg,FV_sk_sd,FD_avg_avg,FD_avg_sd,FD_sd_avg,FD_sd_sd,FD_r1_avg,FD_r1_sd,FD_kr_avg,FD_kr_sd,FD_sk_avg,FD_sk_sd,IN_avg_avg,IN_avg_sd,IN_sd_avg,IN_sd_sd,IN_r1_avg,IN_r1_sd,IN_kr_avg,IN_kr_sd,IN_sk_avg,IN_sk_sd
293,0.4984034281,0.3025619100,0.0002718000,0.0001808437,0.7816127244,0.1312857081,2.6374789221,0.9242217469,0.0497289455,0.5790238004,-0.0000004350,0.0000091954,0.0000164078,0.0000101070,-0.1002010580,0.2122328265,2.8236607789,0.6572889822,0.0872675248,0.3734241547,0.5012600000,0.0207735505,0.0505076426,0.0071867959,-0.0913743901,0.1837704009,2.8322598019,0.6699238677,0.1542728225,0.4175067120
