Instance,FV_avg_avg,FV_avg_sd,FV_sd_avg,FV_sd_sd,FV_r1_avg,FV_r1_sd,FV_kr_avg,FV_kr_sd,FV_sk_avg,FV_sk_sd,FD_avg_avg,FD_avg_sd,FD_sd_avg,FD_sd_sd,FD_r1_avg,FD_r1_sd,FD_kr_avg,FD_kr_sd,FD_sk_avg,FD_sk_sd,IN_avg_avg,IN_avg_sd,IN_sd_avg,IN_sd_sd,IN_r1_avg,IN_r1_sd,IN_kr_avg,IN_kr_sd,IN_sk_avg,IN_sk_sd
490,0.4989688998,0.3030009968,0.0002919102,0.0002548250,0.5037414032,0.2527835848,2.3429420424,0.4764436742,0.0201392850,0.5392037116,0.0000027798,0.0000237991,0.0000676120,0.0000411794,-0.1680364965,0.2529795439,2.1316732637,0.4920809541,-0.1746569333,0.3455611563,0.5070000000,0.0468081190,0.1443980291,0.0333047924,-0.2338731741,0.2588503172,2.2905065345,0.5999785918,-0.1611425219,0.4940888494
