Instance,FV_avg_avg,FV_avg_sd,FV_sd_avg,FV_sd_sd,FV_r1_avg,FV_r1_sd,FV_kr_avg,FV_kr_sd,FV_sk_avg,FV_sk_sd,FD_avg_avg,FD_avg_sd,FD_sd_avg,FD_sd_sd,FD_r1_avg,FD_r1_sd,FD_kr_avg,FD_kr_sd,FD_sk_avg,FD_sk_sd,IN_avg_avg,IN_avg_sd,IN_sd_avg,IN_sd_sd,IN_r1_avg,IN_r1_sd,IN_kr_avg,IN_kr_sd,IN_sk_avg,IN_sk_sd
366,0.4619872832,0.2899810617,0.0176416066,0.0104781511,0.9959709942,0.0017771843,2.0202991255,0.0944194365,0.4428710435,0.1068236415,-0.0001267922,0.0000757565,0.0000490060,0.0000295527,0.9143800165,0.0257406256,2.8023880359,0.2436599018,0.7354578979,0.1140845393,0.1818975199,0.0373688044,0.1203698992,0.0080128668,0.8918290333,0.0444192958,3.0079692062,0.2753776079,0.8810858898,0.1262368000
