Instance,INF_avg,INF_sd,INF_r1,INF_kr,INF_sk,SUP_avg,SUP_sd,SUP_r1,SUP_kr,SUP_sk,INC_avg,INC_sd,INC_r1,INC_kr,INC_sk,IND_avg,IND_sd,IND_r1,IND_kr,IND_sk
220,0.2800000000,0.0781024968,-0.2128712871,2.0658425155,0.2077975592,0.1800000000,0.0556776436,-0.7816091954,1.6305931322,-0.0347623165,0.5400000000,0.0768114575,0.5088408644,1.4958345303,0.1721141535,0.2200000000,0.0748331477,-0.6935483871,1.8469387755,-0.3436215967
