Instance,FV_avg_avg,FV_avg_sd,FV_sd_avg,FV_sd_sd,FV_r1_avg,FV_r1_sd,FV_kr_avg,FV_kr_sd,FV_sk_avg,FV_sk_sd,FD_avg_avg,FD_avg_sd,FD_sd_avg,FD_sd_sd,FD_r1_avg,FD_r1_sd,FD_kr_avg,FD_kr_sd,FD_sk_avg,FD_sk_sd,IN_avg_avg,IN_avg_sd,IN_sd_avg,IN_sd_sd,IN_r1_avg,IN_r1_sd,IN_kr_avg,IN_kr_sd,IN_sk_avg,IN_sk_sd
338,0.4973711146,0.3029109581,0.0003306126,0.0002156900,0.8048952628,0.1609825359,2.3176363311,0.4583512010,0.0384768620,0.5271093697,0.0000034832,0.0000126671,0.0000544413,0.0000323113,-0.0089192810,0.2463048554,2.8539774291,0.4215449331,0.1557605899,0.3290790866,0.5092000000,0.0350565258,0.1554500860,0.0219469990,-0.0306162480,0.2030236101,2.6131116708,0.5959790751,-0.0944786956,0.2867849779
