Instance,FV_avg_avg,FV_avg_sd,FV_sd_avg,FV_sd_sd,FV_r1_avg,FV_r1_sd,FV_kr_avg,FV_kr_sd,FV_sk_avg,FV_sk_sd,FD_avg_avg,FD_avg_sd,FD_sd_avg,FD_sd_sd,FD_r1_avg,FD_r1_sd,FD_kr_avg,FD_kr_sd,FD_sk_avg,FD_sk_sd,IN_avg_avg,IN_avg_sd,IN_sd_avg,IN_sd_sd,IN_r1_avg,IN_r1_sd,IN_kr_avg,IN_kr_sd,IN_sk_avg,IN_sk_sd
161,0.4992246742,0.3030930681,0.0008269105,0.0006141989,0.2146502077,0.3603828458,1.9831572310,0.4795856331,-0.1212467566,0.6126278390,0.0000191561,0.0001216845,0.0001286439,0.0000897275,-0.1610099591,0.4113756964,1.9301693235,0.5442213255,0.1805712940,0.5334439527,0.4970000000,0.0446833302,0.0583382931,0.0240633240,-0.2276977584,0.2898099770,2.2236825078,0.5328157044,0.0039160629,0.7657686386
