Instance,INF_avg,INF_sd,INF_r1,INF_kr,INF_sk,SUP_avg,SUP_sd,SUP_r1,SUP_kr,SUP_sk,INC_avg,INC_sd,INC_r1,INC_kr,INC_sk,IND_avg,IND_sd,IND_r1,IND_kr,IND_sk
420,0.2400000000,0.0489897949,-0.5000000000,1.9666666667,0.2449489743,0.2760000000,0.0535163526,-0.5683814304,1.7813738647,-0.3494989791,0.4840000000,0.0605309838,-0.1069210293,2.4394462348,0.7176663141,0.1100000000,0.0402492236,-0.0718954248,5.7041609511,1.8771928700
