Instance,INF_avg,INF_sd,INF_r1,INF_kr,INF_sk,SUP_avg,SUP_sd,SUP_r1,SUP_kr,SUP_sk,INC_avg,INC_sd,INC_r1,INC_kr,INC_sk,IND_avg,IND_sd,IND_r1,IND_kr,IND_sk
298,0.3750000000,0.2165063509,-0.5395189003,1.9237333333,0.3233161507,0.1000000000,0.0707106781,0.0000000000,2.0000000000,0.0000000000,0.5250000000,0.2046338193,-0.4794520548,1.8580975718,-0.6892544771,0.3750000000,0.1299038106,-0.3333333333,2.3333333333,1.1547005384
