Instance,INF_avg,INF_sd,INF_r1,INF_kr,INF_sk,SUP_avg,SUP_sd,SUP_r1,SUP_kr,SUP_sk,INC_avg,INC_sd,INC_r1,INC_kr,INC_sk,IND_avg,IND_sd,IND_r1,IND_kr,IND_sk
490,0.2548000000,0.0396100997,-0.2281703074,2.4487222419,-0.2571918663,0.2808000000,0.0411747495,0.2081134510,2.6909710154,-0.3734545349,0.4644000000,0.0489963264,-0.2937192052,2.7683009404,-0.1541680009,0.0628000000,0.0204978048,-0.0634629551,3.5178448684,0.5676382937
