Instance,FV_avg_avg,FV_avg_sd,FV_sd_avg,FV_sd_sd,FV_r1_avg,FV_r1_sd,FV_kr_avg,FV_kr_sd,FV_sk_avg,FV_sk_sd,FD_avg_avg,FD_avg_sd,FD_sd_avg,FD_sd_sd,FD_r1_avg,FD_r1_sd,FD_kr_avg,FD_kr_sd,FD_sk_avg,FD_sk_sd,IN_avg_avg,IN_avg_sd,IN_sd_avg,IN_sd_sd,IN_r1_avg,IN_r1_sd,IN_kr_avg,IN_kr_sd,IN_sk_avg,IN_sk_sd
281,0.4969244584,0.3021700617,0.0007528403,0.0005719827,0.8555239263,0.0845077742,2.4471980082,0.5115314658,0.1180915078,0.4180519172,-0.0000080611,0.0000255047,0.0000336441,0.0000190256,0.0349528327,0.0920687649,2.7126499720,0.4439514049,0.1546762350,0.3253098324,0.4898000000,0.0222995964,0.0490460095,0.0044245847,0.0478993355,0.1150906059,2.9336108949,0.7536456684,0.1033436693,0.2802299157
