Instance,FV_avg_avg,FV_avg_sd,FV_sd_avg,FV_sd_sd,FV_r1_avg,FV_r1_sd,FV_kr_avg,FV_kr_sd,FV_sk_avg,FV_sk_sd,FD_avg_avg,FD_avg_sd,FD_sd_avg,FD_sd_sd,FD_r1_avg,FD_r1_sd,FD_kr_avg,FD_kr_sd,FD_sk_avg,FD_sk_sd,IN_avg_avg,IN_avg_sd,IN_sd_avg,IN_sd_sd,IN_r1_avg,IN_r1_sd,IN_kr_avg,IN_kr_sd,IN_sk_avg,IN_sk_sd
481,0.4972052450,0.3026845611,0.0002177436,0.0001352379,0.5476531446,0.3102069883,2.0860381792,0.6191415959,0.1957024587,0.4883570190,-0.0000068417,0.0000194872,0.0000418207,0.0000302800,-0.1152015179,0.2818140556,2.5832804692,0.6965048828,0.0071782588,0.5892457723,0.4877500000,0.0296848025,0.0981370558,0.0273928510,-0.1190300669,0.3019640366,2.2246462869,0.4709057802,0.1539375600,0.4106228409
