Instance,FV_avg_avg,FV_avg_sd,FV_sd_avg,FV_sd_sd,FV_r1_avg,FV_r1_sd,FV_kr_avg,FV_kr_sd,FV_sk_avg,FV_sk_sd,FD_avg_avg,FD_avg_sd,FD_sd_avg,FD_sd_sd,FD_r1_avg,FD_r1_sd,FD_kr_avg,FD_kr_sd,FD_sk_avg,FD_sk_sd,IN_avg_avg,IN_avg_sd,IN_sd_avg,IN_sd_sd,IN_r1_avg,IN_r1_sd,IN_kr_avg,IN_kr_sd,IN_sk_avg,IN_sk_sd
256,0.4998226923,0.3035557425,0.0005316140,0.0003995199,0.9369481183,0.0605162960,2.5088730276,0.7007974126,-0.0296974168,0.5306954959,0.0000007698,0.0000069589,0.0000302964,0.0000180823,-0.0675747105,0.0717640145,2.7997449807,0.3912785114,-0.0883064797,0.2295271846,0.5009750000,0.0207415495,0.1112979924,0.0086801139,-0.0282806310,0.0992630599,2.8078703647,0.3522328673,-0.0717115470,0.1970692876
