Instance,FV_avg_avg,FV_avg_sd,FV_sd_avg,FV_sd_sd,FV_r1_avg,FV_r1_sd,FV_kr_avg,FV_kr_sd,FV_sk_avg,FV_sk_sd,FD_avg_avg,FD_avg_sd,FD_sd_avg,FD_sd_sd,FD_r1_avg,FD_r1_sd,FD_kr_avg,FD_kr_sd,FD_sk_avg,FD_sk_sd,IN_avg_avg,IN_avg_sd,IN_sd_avg,IN_sd_sd,IN_r1_avg,IN_r1_sd,IN_kr_avg,IN_kr_sd,IN_sk_avg,IN_sk_sd
41,0.4717830546,0.2853050472,0.0139680218,0.0085461442,0.9877351671,0.0047820031,1.9929892976,0.0973324764,0.3855214052,0.1116994964,-0.0002487540,0.0001663502,0.0001483194,0.0000876069,0.6266526356,0.0638275571,2.5763661641,0.2699253610,0.2831955677,0.1910777657,0.2840085438,0.0281767984,0.1464889953,0.0124499636,0.5425188175,0.0967960258,2.7562650238,0.4612345225,0.4605940924,0.2139491979
