Instance,FV_avg_avg,FV_avg_sd,FV_sd_avg,FV_sd_sd,FV_r1_avg,FV_r1_sd,FV_kr_avg,FV_kr_sd,FV_sk_avg,FV_sk_sd,FD_avg_avg,FD_avg_sd,FD_sd_avg,FD_sd_sd,FD_r1_avg,FD_r1_sd,FD_kr_avg,FD_kr_sd,FD_sk_avg,FD_sk_sd,IN_avg_avg,IN_avg_sd,IN_sd_avg,IN_sd_sd,IN_r1_avg,IN_r1_sd,IN_kr_avg,IN_kr_sd,IN_sk_avg,IN_sk_sd
359,0.4973409177,0.3022189922,0.0018011908,0.0013939482,0.9327321190,0.0354835681,2.5262950924,0.7686387493,-0.0715725384,0.4803383263,-0.0000016228,0.0000630900,0.0000495342,0.0000320328,0.3353444991,0.1820731990,2.8199034367,0.5115981831,-0.0330300177,0.3158506345,0.4947350000,0.0313475721,0.0415394519,0.0057735113,0.2447184875,0.1696802924,2.8434493616,0.4420621364,-0.0374380479,0.2439168836
