Instance,INF_avg,INF_sd,INF_r1,INF_kr,INF_sk,SUP_avg,SUP_sd,SUP_r1,SUP_kr,SUP_sk,INC_avg,INC_sd,INC_r1,INC_kr,INC_sk,IND_avg,IND_sd,IND_r1,IND_kr,IND_sk
107,0.2528000000,0.0619367419,0.1055100514,2.7004577150,0.2331417442,0.3036000000,0.0718542970,-0.0264172788,2.7408041076,0.5521291245,0.4436000000,0.0698214867,0.0667870912,3.1971570745,-0.0603353156,0.1124000000,0.0336784798,0.0044951894,2.7325377656,0.7094245466
