Instance,INF_avg,INF_sd,INF_r1,INF_kr,INF_sk,SUP_avg,SUP_sd,SUP_r1,SUP_kr,SUP_sk,INC_avg,INC_sd,INC_r1,INC_kr,INC_sk,IND_avg,IND_sd,IND_r1,IND_kr,IND_sk
146,0.2900000000,0.1577973384,0.0369447904,2.7434557507,0.1649210098,0.3000000000,0.1183215957,0.2000000000,4.3877551020,1.4488358652,0.4100000000,0.1757839583,-0.2042280106,3.0043359412,0.8417216592,0.3800000000,0.0979795897,0.0376569038,1.9479166667,-0.2296396634
