Instance,FV_avg_avg,FV_avg_sd,FV_sd_avg,FV_sd_sd,FV_r1_avg,FV_r1_sd,FV_kr_avg,FV_kr_sd,FV_sk_avg,FV_sk_sd,FD_avg_avg,FD_avg_sd,FD_sd_avg,FD_sd_sd,FD_r1_avg,FD_r1_sd,FD_kr_avg,FD_kr_sd,FD_sk_avg,FD_sk_sd,IN_avg_avg,IN_avg_sd,IN_sd_avg,IN_sd_sd,IN_r1_avg,IN_r1_sd,IN_kr_avg,IN_kr_sd,IN_sk_avg,IN_sk_sd
277,0.5001670850,0.3037869001,0.0010650736,0.0007790214,0.9337071668,0.0419294505,2.5225093079,0.5410946573,-0.0797311186,0.4703456005,0.0000006666,0.0000158656,0.0000412262,0.0000255784,0.0549442690,0.0645915814,2.8051774321,0.3174570485,-0.1027448332,0.2066743462,0.5039500000,0.0191026569,0.0725294963,0.0051340209,0.0345049182,0.0947117659,2.8680638534,0.2812356444,-0.0262249220,0.2513239288
