Instance,FV_avg_avg,FV_avg_sd,FV_sd_avg,FV_sd_sd,FV_r1_avg,FV_r1_sd,FV_kr_avg,FV_kr_sd,FV_sk_avg,FV_sk_sd,FD_avg_avg,FD_avg_sd,FD_sd_avg,FD_sd_sd,FD_r1_avg,FD_r1_sd,FD_kr_avg,FD_kr_sd,FD_sk_avg,FD_sk_sd,IN_avg_avg,IN_avg_sd,IN_sd_avg,IN_sd_sd,IN_r1_avg,IN_r1_sd,IN_kr_avg,IN_kr_sd,IN_sk_avg,IN_sk_sd
406,0.4952237832,0.3017271846,0.0006687801,0.0004080046,0.9405386722,0.0346363500,2.6090574718,0.7753353152,-0.1530825915,0.4981184774,0.0000025093,0.0000188189,0.0000713547,0.0000427728,0.0137271276,0.0958074396,3.0023635092,0.3545673639,-0.0059105366,0.2594026505,0.4993500000,0.0284908319,0.1558571042,0.0095610179,0.0119946388,0.0983428188,2.6590446688,0.2548373515,-0.0240870093,0.1802824799
