Instance,FV_avg_avg,FV_avg_sd,FV_sd_avg,FV_sd_sd,FV_r1_avg,FV_r1_sd,FV_kr_avg,FV_kr_sd,FV_sk_avg,FV_sk_sd,FD_avg_avg,FD_avg_sd,FD_sd_avg,FD_sd_sd,FD_r1_avg,FD_r1_sd,FD_kr_avg,FD_kr_sd,FD_sk_avg,FD_sk_sd,IN_avg_avg,IN_avg_sd,IN_sd_avg,IN_sd_sd,IN_r1_avg,IN_r1_sd,IN_kr_avg,IN_kr_sd,IN_sk_avg,IN_sk_sd
111,0.4975426665,0.3024515838,0.0007637570,0.0004817199,0.8499940341,0.0813920517,2.5392595879,0.4718281751,-0.0059220025,0.3844227557,-0.0000017159,0.0000354092,0.0001124861,0.0000643396,-0.0207381239,0.1040831281,2.8521648934,0.3691457458,0.0111531797,0.2994274763,0.4929000000,0.0352560633,0.1580220012,0.0201406838,0.0301815903,0.1571631119,2.8917924249,0.4361103147,-0.0808465433,0.3544693470
