Instance,INF_avg,INF_sd,INF_r1,INF_kr,INF_sk,SUP_avg,SUP_sd,SUP_r1,SUP_kr,SUP_sk,INC_avg,INC_sd,INC_r1,INC_kr,INC_sk,IND_avg,IND_sd,IND_r1,IND_kr,IND_sk
137,0.2210000000,0.0298161030,0.0124858116,1.6736705718,0.1973854308,0.2980000000,0.0541848687,-0.2030752182,2.4484776040,-0.4222601166,0.4810000000,0.0524309069,-0.1014630231,2.0564635363,-0.0523684575,0.0680000000,0.0140000000,-0.2372188139,2.6018325698,-0.5160349854
