Instance,INF_avg,INF_sd,INF_r1,INF_kr,INF_sk,SUP_avg,SUP_sd,SUP_r1,SUP_kr,SUP_sk,INC_avg,INC_sd,INC_r1,INC_kr,INC_sk,IND_avg,IND_sd,IND_r1,IND_kr,IND_sk
124,0.4746478873,0.1177109253,0.8050522962,2.1729365883,-0.4237255598,0.1095774648,0.0897953325,0.8550538437,2.9320189222,0.9405525597,0.4157746479,0.0487205880,0.1427028374,2.4266545291,-0.2119496231,0.0723943662,0.0211942584,0.0084572308,2.6865347766,0.0931065265
