Instance,FV_avg_avg,FV_avg_sd,FV_sd_avg,FV_sd_sd,FV_r1_avg,FV_r1_sd,FV_kr_avg,FV_kr_sd,FV_sk_avg,FV_sk_sd,FD_avg_avg,FD_avg_sd,FD_sd_avg,FD_sd_sd,FD_r1_avg,FD_r1_sd,FD_kr_avg,FD_kr_sd,FD_sk_avg,FD_sk_sd,IN_avg_avg,IN_avg_sd,IN_sd_avg,IN_sd_sd,IN_r1_avg,IN_r1_sd,IN_kr_avg,IN_kr_sd,IN_sk_avg,IN_sk_sd
105,0.4932419746,0.3000364158,0.0010720544,0.0007261850,0.8923510438,0.0863161095,2.5138360308,0.4795986569,-0.1599810242,0.5188364082,0.0000033979,0.0000350820,0.0001505449,0.0000965049,-0.0057293982,0.1824049248,2.8051862301,0.5423610819,0.0285887786,0.2567730683,0.4926000000,0.0364861618,0.1557802360,0.0103207586,0.0165684216,0.1281009737,2.6880093849,0.4051262984,0.1016005416,0.2100314803
