Instance,INF_avg,INF_sd,INF_r1,INF_kr,INF_sk,SUP_avg,SUP_sd,SUP_r1,SUP_kr,SUP_sk,INC_avg,INC_sd,INC_r1,INC_kr,INC_sk,IND_avg,IND_sd,IND_r1,IND_kr,IND_sk
435,0.3427272727,0.0890615289,0.4184569148,2.9821772675,-0.0326994260,0.1534848485,0.0774790768,0.4154274076,3.5391331921,0.8281608913,0.5037878788,0.0697238091,-0.0342430056,2.7569642316,0.0419450104,0.1219696970,0.0342769335,-0.0732863475,2.9538313100,0.0095115692
