Instance,INF_avg,INF_sd,INF_r1,INF_kr,INF_sk,SUP_avg,SUP_sd,SUP_r1,SUP_kr,SUP_sk,INC_avg,INC_sd,INC_r1,INC_kr,INC_sk,IND_avg,IND_sd,IND_r1,IND_kr,IND_sk
173,0.2800000000,0.0887693641,-0.7407407407,1.3152232730,0.2058605676,0.2340000000,0.0361109402,-0.5268352869,1.7625992698,0.2354706758,0.4860000000,0.0542586399,-0.8563845473,1.1892500591,-0.3669020961,0.0640000000,0.0120000000,-0.4327485380,1.3981481481,-0.1111111111
