Instance,INF_avg,INF_sd,INF_r1,INF_kr,INF_sk,SUP_avg,SUP_sd,SUP_r1,SUP_kr,SUP_sk,INC_avg,INC_sd,INC_r1,INC_kr,INC_sk,IND_avg,IND_sd,IND_r1,IND_kr,IND_sk
363,0.2100000000,0.0969535971,-0.6055045872,3.0377999095,1.3627927530,0.2800000000,0.0812403840,-0.2111801242,2.2685950413,-0.1790421687,0.5100000000,0.0734846923,-0.6452991453,1.5781893004,-0.3477670622,0.2100000000,0.0583095189,-0.6568047337,1.6280276817,0.3631734744
