Instance,INF_avg,INF_sd,INF_r1,INF_kr,INF_sk,SUP_avg,SUP_sd,SUP_r1,SUP_kr,SUP_sk,INC_avg,INC_sd,INC_r1,INC_kr,INC_sk,IND_avg,IND_sd,IND_r1,IND_kr,IND_sk
248,0.2160000000,0.0966643678,-0.0293806060,2.9740922312,-0.5896691956,0.2400000000,0.1131370850,-0.0053262317,2.7500000000,0.0000000000,0.5440000000,0.1235475617,-0.1625940644,2.2369697929,0.1378533603,0.3400000000,0.1166190379,-0.0047281324,2.6245674740,0.2421156496
