Instance,FV_avg_avg,FV_avg_sd,FV_sd_avg,FV_sd_sd,FV_r1_avg,FV_r1_sd,FV_kr_avg,FV_kr_sd,FV_sk_avg,FV_sk_sd,FD_avg_avg,FD_avg_sd,FD_sd_avg,FD_sd_sd,FD_r1_avg,FD_r1_sd,FD_kr_avg,FD_kr_sd,FD_sk_avg,FD_sk_sd,IN_avg_avg,IN_avg_sd,IN_sd_avg,IN_sd_sd,IN_r1_avg,IN_r1_sd,IN_kr_avg,IN_kr_sd,IN_sk_avg,IN_sk_sd
474,0.4975530956,0.3023046654,0.0019792801,0.0019090196,0.9134516711,0.0415584299,2.4366455700,0.4983504934,0.0723401294,0.4434081823,0.0000101184,0.0000344394,0.0000499865,0.0000334844,0.2201016661,0.1538647812,2.9804576961,0.4517320103,0.0176166859,0.2275468442,0.5006600000,0.0263988144,0.0386594185,0.0044934796,0.1561834983,0.1367404042,2.7940517818,0.4206156476,0.0759822539,0.2354936979
