Instance,INF_avg,INF_sd,INF_r1,INF_kr,INF_sk,SUP_avg,SUP_sd,SUP_r1,SUP_kr,SUP_sk,INC_avg,INC_sd,INC_r1,INC_kr,INC_sk,IND_avg,IND_sd,IND_r1,IND_kr,IND_sk
35,0.3828636364,0.0975913537,0.7502988522,2.4164092962,0.0787711235,0.1385000000,0.0754382649,0.7945000609,2.5596796070,0.5911519953,0.4786363636,0.0536398304,0.1418995602,3.3070153348,-0.4158606178,0.0697272727,0.0201566182,0.0234901464,2.6525502881,0.1571521097
