Instance,FV_avg_avg,FV_avg_sd,FV_sd_avg,FV_sd_sd,FV_r1_avg,FV_r1_sd,FV_kr_avg,FV_kr_sd,FV_sk_avg,FV_sk_sd,FD_avg_avg,FD_avg_sd,FD_sd_avg,FD_sd_sd,FD_r1_avg,FD_r1_sd,FD_kr_avg,FD_kr_sd,FD_sk_avg,FD_sk_sd,IN_avg_avg,IN_avg_sd,IN_sd_avg,IN_sd_sd,IN_r1_avg,IN_r1_sd,IN_kr_avg,IN_kr_sd,IN_sk_avg,IN_sk_sd
54,0.4970125576,0.3033385935,0.0005937025,0.0003227294,0.9122338999,0.0668343031,2.2494484852,0.5165952649,0.1964120148,0.4554266010,0.0000001388,0.0000188004,0.0000771306,0.0000471295,-0.0312652788,0.1237417212,2.9286605833,0.4926876218,0.0502328458,0.3910694502,0.4989000000,0.0312440394,0.1518357955,0.0133600597,-0.0467947669,0.1266749491,2.7180264194,0.5229122134,-0.0074594015,0.2092460459
