Instance,INF_avg,INF_sd,INF_r1,INF_kr,INF_sk,SUP_avg,SUP_sd,SUP_r1,SUP_kr,SUP_sk,INC_avg,INC_sd,INC_r1,INC_kr,INC_sk,IND_avg,IND_sd,IND_r1,IND_kr,IND_sk
384,0.2740000000,0.0422374242,0.1056910569,2.5065957490,-0.5981561255,0.2000000000,0.0529150262,-0.7826086957,1.9397959184,-0.7289314837,0.5260000000,0.0553534100,-0.6318502442,1.8540619951,-0.2946176937,0.0680000000,0.0097979590,0.0336134454,2.7291666667,-0.8675276172
