Instance,INF_avg,INF_sd,INF_r1,INF_kr,INF_sk,SUP_avg,SUP_sd,SUP_r1,SUP_kr,SUP_sk,INC_avg,INC_sd,INC_r1,INC_kr,INC_sk,IND_avg,IND_sd,IND_r1,IND_kr,IND_sk
235,0.2920000000,0.1135605565,-0.6601916602,1.6896261907,0.2226160015,0.2000000000,0.0309838668,-0.5454545455,2.9166666667,1.2909944487,0.5080000000,0.0926066952,-0.5216468591,1.6506042548,-0.5700564592,0.1240000000,0.0387814389,-0.4976958525,3.0377999095,1.3627927530
