Instance,INF_avg,INF_sd,INF_r1,INF_kr,INF_sk,SUP_avg,SUP_sd,SUP_r1,SUP_kr,SUP_sk,INC_avg,INC_sd,INC_r1,INC_kr,INC_sk,IND_avg,IND_sd,IND_r1,IND_kr,IND_sk
99,0.2408000000,0.0599946664,0.0131578947,2.4137568190,0.0992904763,0.2840000000,0.0670522185,0.2197007660,3.0425019947,-0.3967800442,0.4752000000,0.0662794086,0.3584892429,4.5566710933,1.1045683938,0.1100000000,0.0351567917,0.1034482759,4.1183586263,0.9389283600
