Instance,FV_avg_avg,FV_avg_sd,FV_sd_avg,FV_sd_sd,FV_r1_avg,FV_r1_sd,FV_kr_avg,FV_kr_sd,FV_sk_avg,FV_sk_sd,FD_avg_avg,FD_avg_sd,FD_sd_avg,FD_sd_sd,FD_r1_avg,FD_r1_sd,FD_kr_avg,FD_kr_sd,FD_sk_avg,FD_sk_sd,IN_avg_avg,IN_avg_sd,IN_sd_avg,IN_sd_sd,IN_r1_avg,IN_r1_sd,IN_kr_avg,IN_kr_sd,IN_sk_avg,IN_sk_sd
71,0.4980999661,0.3012017324,0.0005501206,0.0004709997,0.3231195206,0.3589070350,1.7752909848,0.4023235539,-0.0515577772,0.4973460207,0.0000077708,0.0001054883,0.0000961006,0.0000625938,-0.1956590643,0.3716059959,1.9970919127,0.4473783590,-0.0391647524,0.5718865445,0.5110000000,0.0736817481,0.0834797503,0.0336322953,-0.2993450804,0.2836361646,2.1263510837,0.5907495318,-0.2412686487,0.6988948198
