Instance,FV_avg_avg,FV_avg_sd,FV_sd_avg,FV_sd_sd,FV_r1_avg,FV_r1_sd,FV_kr_avg,FV_kr_sd,FV_sk_avg,FV_sk_sd,FD_avg_avg,FD_avg_sd,FD_sd_avg,FD_sd_sd,FD_r1_avg,FD_r1_sd,FD_kr_avg,FD_kr_sd,FD_sk_avg,FD_sk_sd,IN_avg_avg,IN_avg_sd,IN_sd_avg,IN_sd_sd,IN_r1_avg,IN_r1_sd,IN_kr_avg,IN_kr_sd,IN_sk_avg,IN_sk_sd
162,0.4991680613,0.3033211933,0.0001867790,0.0001049536,0.4808257266,0.2991027034,2.1210260081,0.5863556583,0.0393731185,0.3913885469,-0.0000011628,0.0000083832,0.0000137523,0.0000083187,-0.0923545940,0.2663984078,2.5700491072,0.6600665539,-0.0994559698,0.5231462866,0.4978750000,0.0160022459,0.0305481414,0.0076386226,-0.0952444919,0.3741908743,2.3445006054,0.5875774713,-0.1066397623,0.5675302364
