Instance,INF_avg,INF_sd,INF_r1,INF_kr,INF_sk,SUP_avg,SUP_sd,SUP_r1,SUP_kr,SUP_sk,INC_avg,INC_sd,INC_r1,INC_kr,INC_sk,IND_avg,IND_sd,IND_r1,IND_kr,IND_sk
170,0.2392000000,0.0342835237,-0.0980178799,2.8870343547,-0.6943364936,0.2764000000,0.0446210713,0.0602166225,2.3652610561,0.2925394431,0.4844000000,0.0396060601,0.0507090416,2.7984725841,0.7965659067,0.0592000000,0.0189567930,-0.2578812382,2.9919028902,0.5024689760
