Instance,FV_avg_avg,FV_avg_sd,FV_sd_avg,FV_sd_sd,FV_r1_avg,FV_r1_sd,FV_kr_avg,FV_kr_sd,FV_sk_avg,FV_sk_sd,FD_avg_avg,FD_avg_sd,FD_sd_avg,FD_sd_sd,FD_r1_avg,FD_r1_sd,FD_kr_avg,FD_kr_sd,FD_sk_avg,FD_sk_sd,IN_avg_avg,IN_avg_sd,IN_sd_avg,IN_sd_sd,IN_r1_avg,IN_r1_sd,IN_kr_avg,IN_kr_sd,IN_sk_avg,IN_sk_sd
14,0.4962098908,0.3014812140,0.0010014828,0.0007989299,0.7929548689,0.1563128803,2.1746445007,0.4780795760,-0.0664510827,0.4411674721,-0.0000164029,0.0000727747,0.0001489244,0.0000879308,-0.0313686842,0.2065869525,2.7390664845,0.4688103185,-0.0670880852,0.3667341123,0.4930000000,0.0424994118,0.1503691135,0.0226700179,0.0038297539,0.1824105110,2.5813051072,0.5664973809,0.1009395706,0.3625886087
