Instance,FV_avg_avg,FV_avg_sd,FV_sd_avg,FV_sd_sd,FV_r1_avg,FV_r1_sd,FV_kr_avg,FV_kr_sd,FV_sk_avg,FV_sk_sd,FD_avg_avg,FD_avg_sd,FD_sd_avg,FD_sd_sd,FD_r1_avg,FD_r1_sd,FD_kr_avg,FD_kr_sd,FD_sk_avg,FD_sk_sd,IN_avg_avg,IN_avg_sd,IN_sd_avg,IN_sd_sd,IN_r1_avg,IN_r1_sd,IN_kr_avg,IN_kr_sd,IN_sk_avg,IN_sk_sd
343,0.4992221071,0.3031377089,0.0013508732,0.0010911290,0.8846543282,0.0881143033,2.1735430876,0.4111013912,0.1225259646,0.3591646135,-0.0000083717,0.0000233536,0.0001051855,0.0000647531,0.0296524140,0.1991212060,2.9419409074,0.6881738546,0.0971493876,0.3158138945,0.4938000000,0.0189039678,0.1146225192,0.0153583233,0.0031621761,0.1785458525,2.8868659898,0.5173619376,0.0968410565,0.2706439521
