Instance,INF_avg,INF_sd,INF_r1,INF_kr,INF_sk,SUP_avg,SUP_sd,SUP_r1,SUP_kr,SUP_sk,INC_avg,INC_sd,INC_r1,INC_kr,INC_sk,IND_avg,IND_sd,IND_r1,IND_kr,IND_sk
318,0.3300000000,0.0600000000,-0.0233918129,1.3981481481,0.1111111111,0.2400000000,0.0969535971,-0.6244239631,1.4081032141,-0.3752617726,0.4300000000,0.1122497216,-0.5539452496,2.3760393046,-0.1315095000,0.2300000000,0.0400000000,-0.7605633803,2.0781250000,0.8437500000
