Instance,INF_avg,INF_sd,INF_r1,INF_kr,INF_sk,SUP_avg,SUP_sd,SUP_r1,SUP_kr,SUP_sk,INC_avg,INC_sd,INC_r1,INC_kr,INC_sk,IND_avg,IND_sd,IND_r1,IND_kr,IND_sk
82,0.2551000000,0.0292487607,-0.0735795060,2.1998618888,0.2685974751,0.2674000000,0.0289350998,-0.0612561731,2.5646795873,0.2929975429,0.4775000000,0.0373931812,0.0389415408,2.7136876640,-0.0467629200,0.0326000000,0.0108738218,0.0401581039,2.2343596932,0.1828950894
