Instance,FV_avg_avg,FV_avg_sd,FV_sd_avg,FV_sd_sd,FV_r1_avg,FV_r1_sd,FV_kr_avg,FV_kr_sd,FV_sk_avg,FV_sk_sd,FD_avg_avg,FD_avg_sd,FD_sd_avg,FD_sd_sd,FD_r1_avg,FD_r1_sd,FD_kr_avg,FD_kr_sd,FD_sk_avg,FD_sk_sd,IN_avg_avg,IN_avg_sd,IN_sd_avg,IN_sd_sd,IN_r1_avg,IN_r1_sd,IN_kr_avg,IN_kr_sd,IN_sk_avg,IN_sk_sd
386,0.4660677719,0.2831124880,0.0157109317,0.0093159390,0.9934301374,0.0024592597,2.2173240490,0.1102302874,0.6004666468,0.0757467394,-0.0001111045,0.0000678621,0.0000541302,0.0000323737,0.8309596347,0.0276296129,2.4385852762,0.1842989905,0.4635249298,0.1234901875,0.2423951792,0.0223444120,0.1384729140,0.0084461035,0.8180027678,0.0319017267,2.3547881428,0.1967204970,0.4837447122,0.1608322080
