Instance,FV_avg_avg,FV_avg_sd,FV_sd_avg,FV_sd_sd,FV_r1_avg,FV_r1_sd,FV_kr_avg,FV_kr_sd,FV_sk_avg,FV_sk_sd,FD_avg_avg,FD_avg_sd,FD_sd_avg,FD_sd_sd,FD_r1_avg,FD_r1_sd,FD_kr_avg,FD_kr_sd,FD_sk_avg,FD_sk_sd,IN_avg_avg,IN_avg_sd,IN_sd_avg,IN_sd_sd,IN_r1_avg,IN_r1_sd,IN_kr_avg,IN_kr_sd,IN_sk_avg,IN_sk_sd
42,0.4928511528,0.3002293342,0.0013256027,0.0009773060,0.8089993906,0.1080729896,2.3708382160,0.6643401981,-0.0140192554,0.5302283995,-0.0000196137,0.0000658071,0.0002291484,0.0001550462,-0.0299451957,0.2012878944,2.7731087453,0.8584492814,-0.1266078400,0.4720625090,0.4892000000,0.0374614468,0.1617568942,0.0188336718,-0.0368542895,0.1835885323,2.6796939886,0.8594244461,0.0298981119,0.3317823279
