Instance,FV_avg_avg,FV_avg_sd,FV_sd_avg,FV_sd_sd,FV_r1_avg,FV_r1_sd,FV_kr_avg,FV_kr_sd,FV_sk_avg,FV_sk_sd,FD_avg_avg,FD_avg_sd,FD_sd_avg,FD_sd_sd,FD_r1_avg,FD_r1_sd,FD_kr_avg,FD_kr_sd,FD_sk_avg,FD_sk_sd,IN_avg_avg,IN_avg_sd,IN_sd_avg,IN_sd_sd,IN_r1_avg,IN_r1_sd,IN_kr_avg,IN_kr_sd,IN_sk_avg,IN_sk_sd
162,0.5004269707,0.3037038858,0.0006341744,0.0004076184,0.9174061006,0.0391620277,2.4478800456,0.8730472480,0.0031348570,0.5587541164,0.0000051056,0.0000155154,0.0000306993,0.0000186620,0.0090484831,0.0875191630,2.8004331836,0.4752736197,0.0149767175,0.2578067750,0.5069200000,0.0226962904,0.0694542880,0.0068332918,-0.0130540910,0.1333038083,2.8949595857,0.4551164208,-0.0371872036,0.2707704202
