Instance,INF_avg,INF_sd,INF_r1,INF_kr,INF_sk,SUP_avg,SUP_sd,SUP_r1,SUP_kr,SUP_sk,INC_avg,INC_sd,INC_r1,INC_kr,INC_sk,IND_avg,IND_sd,IND_r1,IND_kr,IND_sk
413,0.2650000000,0.0838152731,0.5327779790,2.0974531731,0.2853249756,0.3550000000,0.1150000000,-0.4142000387,2.6349855811,0.6667214597,0.3800000000,0.1268857754,-0.3169364882,2.4415338914,0.0484614473,0.2050000000,0.0567890835,-0.5226689478,2.2460789616,-0.1965657837
