Instance,FV_avg_avg,FV_avg_sd,FV_sd_avg,FV_sd_sd,FV_r1_avg,FV_r1_sd,FV_kr_avg,FV_kr_sd,FV_sk_avg,FV_sk_sd,FD_avg_avg,FD_avg_sd,FD_sd_avg,FD_sd_sd,FD_r1_avg,FD_r1_sd,FD_kr_avg,FD_kr_sd,FD_sk_avg,FD_sk_sd,IN_avg_avg,IN_avg_sd,IN_sd_avg,IN_sd_sd,IN_r1_avg,IN_r1_sd,IN_kr_avg,IN_kr_sd,IN_sk_avg,IN_sk_sd
112,0.4990776885,0.3016808201,0.0024011019,0.0014913301,0.9330401019,0.0358088678,2.3400158452,0.3814951956,0.0397420162,0.3529581486,-0.0000176147,0.0001139620,0.0002441306,0.0001475619,0.0314285260,0.1303258794,2.9929395119,0.3316884121,-0.0056965923,0.1742640195,0.4937500000,0.0420260336,0.1516669579,0.0129183540,0.0133102462,0.1003499085,2.7863904358,0.3202381357,-0.0221426924,0.1605198009
