Instance,FV_avg_avg,FV_avg_sd,FV_sd_avg,FV_sd_sd,FV_r1_avg,FV_r1_sd,FV_kr_avg,FV_kr_sd,FV_sk_avg,FV_sk_sd,FD_avg_avg,FD_avg_sd,FD_sd_avg,FD_sd_sd,FD_r1_avg,FD_r1_sd,FD_kr_avg,FD_kr_sd,FD_sk_avg,FD_sk_sd,IN_avg_avg,IN_avg_sd,IN_sd_avg,IN_sd_sd,IN_r1_avg,IN_r1_sd,IN_kr_avg,IN_kr_sd,IN_sk_avg,IN_sk_sd
226,0.4916835796,0.2985445173,0.0027934495,0.0020329770,0.9265471534,0.0491834071,2.6335540669,0.5502566917,0.0437030460,0.5501541996,-0.0000177267,0.0000874229,0.0001234110,0.0000754253,0.4039440135,0.1656349393,2.8735183566,0.3208729664,0.0557937743,0.2983962889,0.4923800000,0.0264292376,0.0597806586,0.0061647271,0.2568365542,0.1265775342,2.9024926381,0.3855193980,0.0800626516,0.1629963046
