Instance,INF_avg,INF_sd,INF_r1,INF_kr,INF_sk,SUP_avg,SUP_sd,SUP_r1,SUP_kr,SUP_sk,INC_avg,INC_sd,INC_r1,INC_kr,INC_sk,IND_avg,IND_sd,IND_r1,IND_kr,IND_sk
57,0.2370000000,0.0601747455,0.0493503565,1.8200602808,0.2281672942,0.2340000000,0.0316859590,0.2300765421,2.2578530500,-0.0286677936,0.5290000000,0.0526212885,-0.0304977262,1.4599569526,-0.0177889602,0.0640000000,0.0180000000,-0.2312312312,1.6410608139,0.1111111111
