Instance,INF_avg,INF_sd,INF_r1,INF_kr,INF_sk,SUP_avg,SUP_sd,SUP_r1,SUP_kr,SUP_sk,INC_avg,INC_sd,INC_r1,INC_kr,INC_sk,IND_avg,IND_sd,IND_r1,IND_kr,IND_sk
322,0.2040000000,0.0926498786,-0.2772154817,2.3234674884,-0.0415839649,0.2560000000,0.1275303885,0.2387459975,1.9615584131,0.3288241478,0.5400000000,0.1349073756,0.2351629980,3.1641709938,0.6035887293,0.2320000000,0.0847112743,-0.1905559651,2.6265683083,0.7210800748
