Instance,FV_avg_avg,FV_avg_sd,FV_sd_avg,FV_sd_sd,FV_r1_avg,FV_r1_sd,FV_kr_avg,FV_kr_sd,FV_sk_avg,FV_sk_sd,FD_avg_avg,FD_avg_sd,FD_sd_avg,FD_sd_sd,FD_r1_avg,FD_r1_sd,FD_kr_avg,FD_kr_sd,FD_sk_avg,FD_sk_sd,IN_avg_avg,IN_avg_sd,IN_sd_avg,IN_sd_sd,IN_r1_avg,IN_r1_sd,IN_kr_avg,IN_kr_sd,IN_sk_avg,IN_sk_sd
179,0.4974554298,0.3019161691,0.0001282240,0.0000755072,0.4530293378,0.2410970606,2.3544897240,0.6139298986,0.3557986135,0.4965329852,0.0000001438,0.0000069533,0.0000083274,0.0000058268,-0.1474266188,0.3203898916,2.5472262594,0.5670544515,-0.0253709717,0.6012145945,0.4959500000,0.0173759172,0.0304523534,0.0068614262,-0.0384711072,0.3075842626,2.4715072239,0.8005841929,0.0286898105,0.6702420148
