Instance,FV_avg_avg,FV_avg_sd,FV_sd_avg,FV_sd_sd,FV_r1_avg,FV_r1_sd,FV_kr_avg,FV_kr_sd,FV_sk_avg,FV_sk_sd,FD_avg_avg,FD_avg_sd,FD_sd_avg,FD_sd_sd,FD_r1_avg,FD_r1_sd,FD_kr_avg,FD_kr_sd,FD_sk_avg,FD_sk_sd,IN_avg_avg,IN_avg_sd,IN_sd_avg,IN_sd_sd,IN_r1_avg,IN_r1_sd,IN_kr_avg,IN_kr_sd,IN_sk_avg,IN_sk_sd
156,0.4997058350,0.3030421421,0.0006167210,0.0004397388,0.4884179062,0.2344933527,2.2223015971,0.5508364401,0.1112400159,0.4194211350,0.0000021464,0.0000766344,0.0000824303,0.0000591658,-0.1273189168,0.2392752320,2.3019237538,0.6546175782,0.1051625775,0.4083625868,0.5106000000,0.0469301609,0.0671267397,0.0154661186,-0.1212021021,0.2838777045,2.4949538369,0.4434548544,-0.0233325166,0.5471538272
