Instance,INF_avg,INF_sd,INF_r1,INF_kr,INF_sk,SUP_avg,SUP_sd,SUP_r1,SUP_kr,SUP_sk,INC_avg,INC_sd,INC_r1,INC_kr,INC_sk,IND_avg,IND_sd,IND_r1,IND_kr,IND_sk
32,0.2284000000,0.0456666180,-0.3298022052,1.9998850400,0.0959123094,0.2780000000,0.0478330430,-0.1787537590,2.5456012519,0.4328868167,0.4936000000,0.0457716069,-0.3173804681,2.4351754788,-0.1801281160,0.0700000000,0.0193907194,0.4333333333,2.4388863739,0.4608477909
