Instance,FV_avg_avg,FV_avg_sd,FV_sd_avg,FV_sd_sd,FV_r1_avg,FV_r1_sd,FV_kr_avg,FV_kr_sd,FV_sk_avg,FV_sk_sd,FD_avg_avg,FD_avg_sd,FD_sd_avg,FD_sd_sd,FD_r1_avg,FD_r1_sd,FD_kr_avg,FD_kr_sd,FD_sk_avg,FD_sk_sd,IN_avg_avg,IN_avg_sd,IN_sd_avg,IN_sd_sd,IN_r1_avg,IN_r1_sd,IN_kr_avg,IN_kr_sd,IN_sk_avg,IN_sk_sd
446,0.4930314895,0.3004173959,0.0009592992,0.0007877146,0.0636942474,0.4286490224,2.0296321326,0.4967477561,0.0243516452,0.6034330727,-0.0000087024,0.0001418360,0.0003671695,0.0002845397,-0.2254792726,0.3755732948,1.9323129864,0.3917234347,0.0276372079,0.4124544242,0.4820000000,0.0771751255,0.1662056250,0.0556389272,-0.2791004539,0.3901671790,2.0564503010,0.5122219781,0.0498544298,0.6508869495
