Instance,FV_avg_avg,FV_avg_sd,FV_sd_avg,FV_sd_sd,FV_r1_avg,FV_r1_sd,FV_kr_avg,FV_kr_sd,FV_sk_avg,FV_sk_sd,FD_avg_avg,FD_avg_sd,FD_sd_avg,FD_sd_sd,FD_r1_avg,FD_r1_sd,FD_kr_avg,FD_kr_sd,FD_sk_avg,FD_sk_sd,IN_avg_avg,IN_avg_sd,IN_sd_avg,IN_sd_sd,IN_r1_avg,IN_r1_sd,IN_kr_avg,IN_kr_sd,IN_sk_avg,IN_sk_sd
307,0.4918268851,0.2997169084,0.0011032689,0.0007660137,0.8808303817,0.0956196004,2.5402164999,0.6435004385,-0.1565877873,0.5935188606,0.0000017755,0.0000267199,0.0000336195,0.0000203342,0.0471168591,0.1394309608,2.7666490746,0.6126318637,-0.0510153549,0.3439244417,0.5000600000,0.0182398849,0.0353113515,0.0023582744,0.0047615294,0.1405862869,3.0205461559,0.8849168086,0.1224011678,0.3231272439
