Instance,INF_avg,INF_sd,INF_r1,INF_kr,INF_sk,SUP_avg,SUP_sd,SUP_r1,SUP_kr,SUP_sk,INC_avg,INC_sd,INC_r1,INC_kr,INC_sk,IND_avg,IND_sd,IND_r1,IND_kr,IND_sk
34,0.2790000000,0.1518519015,0.0964312535,2.6009255035,0.3575493505,0.2460000000,0.1438193311,-0.0022060648,3.0334547267,0.4734070823,0.4750000000,0.1492481156,0.0709158771,2.7222278906,0.2695892681,0.3600000000,0.1113552873,-0.0319767442,2.6919875130,0.0521434748
