Instance,FV_avg_avg,FV_avg_sd,FV_sd_avg,FV_sd_sd,FV_r1_avg,FV_r1_sd,FV_kr_avg,FV_kr_sd,FV_sk_avg,FV_sk_sd,FD_avg_avg,FD_avg_sd,FD_sd_avg,FD_sd_sd,FD_r1_avg,FD_r1_sd,FD_kr_avg,FD_kr_sd,FD_sk_avg,FD_sk_sd,IN_avg_avg,IN_avg_sd,IN_sd_avg,IN_sd_sd,IN_r1_avg,IN_r1_sd,IN_kr_avg,IN_kr_sd,IN_sk_avg,IN_sk_sd
490,0.4974911657,0.3020886535,0.0007351729,0.0004318549,0.9402551696,0.0314247481,2.3919329718,0.5440149796,0.2793388211,0.3804968789,-0.0000066257,0.0000095073,0.0000243318,0.0000148282,0.0352527628,0.1118935297,3.0403269838,0.5792260367,0.0100746986,0.2698625699,0.4924900000,0.0138421783,0.0502376256,0.0033726805,0.0401545519,0.0950288583,3.0929587147,0.5359629457,0.0417807742,0.2296274867
