Instance,FV_avg_avg,FV_avg_sd,FV_sd_avg,FV_sd_sd,FV_r1_avg,FV_r1_sd,FV_kr_avg,FV_kr_sd,FV_sk_avg,FV_sk_sd,FD_avg_avg,FD_avg_sd,FD_sd_avg,FD_sd_sd,FD_r1_avg,FD_r1_sd,FD_kr_avg,FD_kr_sd,FD_sk_avg,FD_sk_sd,IN_avg_avg,IN_avg_sd,IN_sd_avg,IN_sd_sd,IN_r1_avg,IN_r1_sd,IN_kr_avg,IN_kr_sd,IN_sk_avg,IN_sk_sd
334,0.4998927657,0.3037798303,0.0004522733,0.0004334924,0.8770718520,0.0897716873,2.3705792254,0.4818666930,-0.1382047790,0.4980392530,-0.0000041252,0.0000107284,0.0000392257,0.0000244525,0.0297503303,0.1103142022,3.1864186320,0.4360200630,0.1220514053,0.4416192646,0.4925500000,0.0211765790,0.1127837964,0.0082683289,0.0046983497,0.1311492279,2.9492452951,0.5988287410,-0.0182127756,0.3811716388
