Instance,FV_avg_avg,FV_avg_sd,FV_sd_avg,FV_sd_sd,FV_r1_avg,FV_r1_sd,FV_kr_avg,FV_kr_sd,FV_sk_avg,FV_sk_sd,FD_avg_avg,FD_avg_sd,FD_sd_avg,FD_sd_sd,FD_r1_avg,FD_r1_sd,FD_kr_avg,FD_kr_sd,FD_sk_avg,FD_sk_sd,IN_avg_avg,IN_avg_sd,IN_sd_avg,IN_sd_sd,IN_r1_avg,IN_r1_sd,IN_kr_avg,IN_kr_sd,IN_sk_avg,IN_sk_sd
140,0.5010222753,0.3043479007,0.0009504505,0.0006918029,0.9553169677,0.0408876410,2.3557235810,0.6572514070,0.1295699855,0.4040875320,0.0000018264,0.0000089940,0.0000237847,0.0000142102,0.1440844467,0.1128293672,2.8682556665,0.3801837794,-0.0414785487,0.2047978248,0.4979900000,0.0199681471,0.0509925908,0.0049181993,0.0751895387,0.1008426986,2.7694807522,0.3679367501,0.0387286726,0.1753332024
