Instance,INF_avg,INF_sd,INF_r1,INF_kr,INF_sk,SUP_avg,SUP_sd,SUP_r1,SUP_kr,SUP_sk,INC_avg,INC_sd,INC_r1,INC_kr,INC_sk,IND_avg,IND_sd,IND_r1,IND_kr,IND_sk
139,0.2560000000,0.0483321839,-0.1375735500,2.7732219929,0.4557500921,0.2472000000,0.0576555288,-0.0786357640,3.8283874095,-0.6921513743,0.4968000000,0.0779086645,-0.0608548528,2.5038144111,-0.1230263232,0.1112000000,0.0247095123,0.1544770441,3.5719644529,-0.6469130366
