Instance,INF_avg,INF_sd,INF_r1,INF_kr,INF_sk,SUP_avg,SUP_sd,SUP_r1,SUP_kr,SUP_sk,INC_avg,INC_sd,INC_r1,INC_kr,INC_sk,IND_avg,IND_sd,IND_r1,IND_kr,IND_sk
62,0.2700000000,0.0525357021,-0.1599190283,3.4930686830,0.3277274425,0.2292000000,0.0399919992,0.3086501518,2.9919676154,0.7829537253,0.5008000000,0.0523770942,-0.2343816876,2.9395270953,-0.1772198017,0.0740000000,0.0185472370,0.0681924334,2.0608436993,0.0827553841
