Instance,INF_avg,INF_sd,INF_r1,INF_kr,INF_sk,SUP_avg,SUP_sd,SUP_r1,SUP_kr,SUP_sk,INC_avg,INC_sd,INC_r1,INC_kr,INC_sk,IND_avg,IND_sd,IND_r1,IND_kr,IND_sk
187,0.2730000000,0.0243104916,-0.2108367121,3.1012479923,-1.1655472004,0.2635000000,0.0252041663,0.3131185679,3.9735673793,1.1413753598,0.4635000000,0.0260816027,-0.0707789946,3.4514756597,1.1555624034,0.0365000000,0.0045000000,-0.5756630265,2.2583447645,0.1975308642
