Instance,INF_avg,INF_sd,INF_r1,INF_kr,INF_sk,SUP_avg,SUP_sd,SUP_r1,SUP_kr,SUP_sk,INC_avg,INC_sd,INC_r1,INC_kr,INC_sk,IND_avg,IND_sd,IND_r1,IND_kr,IND_sk
36,0.2800000000,0.0678232998,0.0361445783,2.3638941399,0.7500308204,0.2100000000,0.0969535971,-0.0925449871,1.8155273880,-0.6122692079,0.5100000000,0.0374165739,-0.1594202899,1.8469387755,-0.3436215967,0.1700000000,0.0600000000,-0.2977099237,1.3981481481,-0.1111111111
