Instance,FV_avg_avg,FV_avg_sd,FV_sd_avg,FV_sd_sd,FV_r1_avg,FV_r1_sd,FV_kr_avg,FV_kr_sd,FV_sk_avg,FV_sk_sd,FD_avg_avg,FD_avg_sd,FD_sd_avg,FD_sd_sd,FD_r1_avg,FD_r1_sd,FD_kr_avg,FD_kr_sd,FD_sk_avg,FD_sk_sd,IN_avg_avg,IN_avg_sd,IN_sd_avg,IN_sd_sd,IN_r1_avg,IN_r1_sd,IN_kr_avg,IN_kr_sd,IN_sk_avg,IN_sk_sd
387,0.4759804880,0.2891565047,0.0107478787,0.0075108509,0.9876992095,0.0054099834,1.9030677826,0.1182451883,0.2818210558,0.1233942645,-0.0002662682,0.0001663201,0.0001430562,0.0000867588,0.5876913676,0.0834521633,2.8962206572,0.5916920568,0.3915227341,0.3255785130,0.2536983186,0.0372527122,0.1340391333,0.0163197225,0.4712625670,0.1070597037,3.1174389139,0.7774655593,0.5765337543,0.3757178809
