Instance,FV_avg_avg,FV_avg_sd,FV_sd_avg,FV_sd_sd,FV_r1_avg,FV_r1_sd,FV_kr_avg,FV_kr_sd,FV_sk_avg,FV_sk_sd,FD_avg_avg,FD_avg_sd,FD_sd_avg,FD_sd_sd,FD_r1_avg,FD_r1_sd,FD_kr_avg,FD_kr_sd,FD_sk_avg,FD_sk_sd,IN_avg_avg,IN_avg_sd,IN_sd_avg,IN_sd_sd,IN_r1_avg,IN_r1_sd,IN_kr_avg,IN_kr_sd,IN_sk_avg,IN_sk_sd
242,0.4413533259,0.2666179409,0.0231110362,0.0143550552,0.9752482866,0.0093170037,2.2909620489,0.2404791387,0.7035915813,0.1680427044,-0.0007547696,0.0004792643,0.0003285443,0.0002038537,0.9553067438,0.0104174621,2.4104281193,0.3571186253,0.7183026779,0.2090265095,0.1527231582,0.0209327392,0.1446446491,0.0126035746,0.9417580163,0.0126316865,2.7103004402,0.3981252162,0.9158542391,0.2145855749
