Instance,INF_avg,INF_sd,INF_r1,INF_kr,INF_sk,SUP_avg,SUP_sd,SUP_r1,SUP_kr,SUP_sk,INC_avg,INC_sd,INC_r1,INC_kr,INC_sk,IND_avg,IND_sd,IND_r1,IND_kr,IND_sk
380,0.2226500000,0.0289866780,-0.1179741941,4.4896665948,-0.5217391700,0.2875000000,0.0308099010,-0.0230165535,3.3550200320,-0.0197460885,0.4898500000,0.0361071669,-0.0948171626,3.0667449914,0.1317169367,0.0368000000,0.0095005263,0.0197429664,3.1571210510,0.3606503641
