Instance,FV_avg_avg,FV_avg_sd,FV_sd_avg,FV_sd_sd,FV_r1_avg,FV_r1_sd,FV_kr_avg,FV_kr_sd,FV_sk_avg,FV_sk_sd,FD_avg_avg,FD_avg_sd,FD_sd_avg,FD_sd_sd,FD_r1_avg,FD_r1_sd,FD_kr_avg,FD_kr_sd,FD_sk_avg,FD_sk_sd,IN_avg_avg,IN_avg_sd,IN_sd_avg,IN_sd_sd,IN_r1_avg,IN_r1_sd,IN_kr_avg,IN_kr_sd,IN_sk_avg,IN_sk_sd
448,0.4972931850,0.3028592400,0.0006402826,0.0004221802,0.9530612182,0.0299161107,2.4038762477,0.4526671077,0.2259834768,0.2963725797,0.0000008074,0.0000091208,0.0000133569,0.0000079280,0.0918959097,0.1067082325,2.7928545759,0.3104834619,-0.0224240407,0.2519839940,0.5012425000,0.0165894641,0.0353426789,0.0021397256,0.0394972102,0.1092604124,2.9049334332,0.3464667573,-0.1243824301,0.2020713800
