Instance,FV_avg_avg,FV_avg_sd,FV_sd_avg,FV_sd_sd,FV_r1_avg,FV_r1_sd,FV_kr_avg,FV_kr_sd,FV_sk_avg,FV_sk_sd,FD_avg_avg,FD_avg_sd,FD_sd_avg,FD_sd_sd,FD_r1_avg,FD_r1_sd,FD_kr_avg,FD_kr_sd,FD_sk_avg,FD_sk_sd,IN_avg_avg,IN_avg_sd,IN_sd_avg,IN_sd_sd,IN_r1_avg,IN_r1_sd,IN_kr_avg,IN_kr_sd,IN_sk_avg,IN_sk_sd
104,0.4988513501,0.3023056794,0.0011515994,0.0008135699,0.9254604777,0.0449230761,2.5255795870,0.4933096782,0.0718400037,0.5100512537,-0.0000101914,0.0000414256,0.0000627688,0.0000393875,0.2388125242,0.1385179130,2.8828902423,0.4139887770,-0.0262309742,0.2692628286,0.4994900000,0.0261574062,0.0747814515,0.0045896084,0.1053528340,0.0934200979,2.9151728986,0.3889771657,0.0523429364,0.3023288081
