Instance,INF_avg,INF_sd,INF_r1,INF_kr,INF_sk,SUP_avg,SUP_sd,SUP_r1,SUP_kr,SUP_sk,INC_avg,INC_sd,INC_r1,INC_kr,INC_sk,IND_avg,IND_sd,IND_r1,IND_kr,IND_sk
398,0.2880000000,0.1210619676,-0.0228460505,2.2320703267,0.0954435599,0.2320000000,0.1008761617,-0.0649329930,3.3412246351,-0.4380487768,0.4800000000,0.1264911064,-0.3213213213,3.3550000000,0.3794733192,0.3760000000,0.1105621997,-0.2051510701,2.4437583948,0.3062879939
