Instance,FV_avg_avg,FV_avg_sd,FV_sd_avg,FV_sd_sd,FV_r1_avg,FV_r1_sd,FV_kr_avg,FV_kr_sd,FV_sk_avg,FV_sk_sd,FD_avg_avg,FD_avg_sd,FD_sd_avg,FD_sd_sd,FD_r1_avg,FD_r1_sd,FD_kr_avg,FD_kr_sd,FD_sk_avg,FD_sk_sd,IN_avg_avg,IN_avg_sd,IN_sd_avg,IN_sd_sd,IN_r1_avg,IN_r1_sd,IN_kr_avg,IN_kr_sd,IN_sk_avg,IN_sk_sd
465,0.4913642253,0.2986044619,0.0015507050,0.0009423825,0.8654354302,0.1074017362,2.4382250845,0.5862523505,0.0117457225,0.4568406898,-0.0000067912,0.0000383810,0.0000809239,0.0000511473,0.0722633357,0.1309032563,2.6967471736,0.4899141386,-0.0100036188,0.3345684089,0.4951100000,0.0215061363,0.0529196880,0.0043105241,0.0321686430,0.1233650045,2.7522991334,0.5895421739,0.0342314068,0.3327263919
