Instance,FV_avg_avg,FV_avg_sd,FV_sd_avg,FV_sd_sd,FV_r1_avg,FV_r1_sd,FV_kr_avg,FV_kr_sd,FV_sk_avg,FV_sk_sd,FD_avg_avg,FD_avg_sd,FD_sd_avg,FD_sd_sd,FD_r1_avg,FD_r1_sd,FD_kr_avg,FD_kr_sd,FD_sk_avg,FD_sk_sd,IN_avg_avg,IN_avg_sd,IN_sd_avg,IN_sd_sd,IN_r1_avg,IN_r1_sd,IN_kr_avg,IN_kr_sd,IN_sk_avg,IN_sk_sd
384,0.4988048177,0.3034688497,0.0001719485,0.0001285637,0.0148189508,0.5137487723,1.9073782510,0.5969508292,0.0121352239,0.6560409673,-0.0000050007,0.0000212545,0.0000232418,0.0000129047,-0.2582453915,0.4212915615,2.0805036283,0.4905162986,-0.0007777626,0.6844289607,0.4928000000,0.0347701021,0.0594287918,0.0233113428,-0.2074807266,0.3923269579,1.8076069993,0.4236470655,0.1477330538,0.4236018393
