Instance,INF_avg,INF_sd,INF_r1,INF_kr,INF_sk,SUP_avg,SUP_sd,SUP_r1,SUP_kr,SUP_sk,INC_avg,INC_sd,INC_r1,INC_kr,INC_sk,IND_avg,IND_sd,IND_r1,IND_kr,IND_sk
41,0.2360000000,0.1261110622,0.0734369624,2.7639600177,0.3169573731,0.2740000000,0.1308587024,0.1145141969,2.4096530243,0.3539982842,0.4900000000,0.1532970972,0.0614458346,2.8185242191,0.0183207033,0.3580000000,0.1106164545,-0.0032442979,3.3596175082,0.1742323519
