Instance,FV_avg_avg,FV_avg_sd,FV_sd_avg,FV_sd_sd,FV_r1_avg,FV_r1_sd,FV_kr_avg,FV_kr_sd,FV_sk_avg,FV_sk_sd,FD_avg_avg,FD_avg_sd,FD_sd_avg,FD_sd_sd,FD_r1_avg,FD_r1_sd,FD_kr_avg,FD_kr_sd,FD_sk_avg,FD_sk_sd,IN_avg_avg,IN_avg_sd,IN_sd_avg,IN_sd_sd,IN_r1_avg,IN_r1_sd,IN_kr_avg,IN_kr_sd,IN_sk_avg,IN_sk_sd
388,0.5022867229,0.3051690080,0.0004013474,0.0003181155,0.9528721922,0.0408549111,2.3744909977,0.8129344514,0.0344775092,0.5501914728,0.0000008792,0.0000043244,0.0000069570,0.0000042238,0.0144050939,0.0710438598,2.9928547738,0.4779323638,0.0426423412,0.2095492919,0.5030500000,0.0128828374,0.0365326769,0.0031572962,0.0049932575,0.0769508020,2.8551289283,0.3362069446,0.0612586922,0.2322179570
