Instance,INF_avg,INF_sd,INF_r1,INF_kr,INF_sk,SUP_avg,SUP_sd,SUP_r1,SUP_kr,SUP_sk,INC_avg,INC_sd,INC_r1,INC_kr,INC_sk,IND_avg,IND_sd,IND_r1,IND_kr,IND_sk
339,0.2400000000,0.0510685813,-0.0030769231,3.2415597124,0.3099404848,0.2236000000,0.0543602796,0.3550917918,2.4016156675,0.0131907010,0.5364000000,0.0637105957,-0.0050372246,2.2576682114,0.0564735894,0.1296000000,0.0339976470,-0.0748244222,2.8682207334,0.0342802696
