Instance,FV_avg_avg,FV_avg_sd,FV_sd_avg,FV_sd_sd,FV_r1_avg,FV_r1_sd,FV_kr_avg,FV_kr_sd,FV_sk_avg,FV_sk_sd,FD_avg_avg,FD_avg_sd,FD_sd_avg,FD_sd_sd,FD_r1_avg,FD_r1_sd,FD_kr_avg,FD_kr_sd,FD_sk_avg,FD_sk_sd,IN_avg_avg,IN_avg_sd,IN_sd_avg,IN_sd_sd,IN_r1_avg,IN_r1_sd,IN_kr_avg,IN_kr_sd,IN_sk_avg,IN_sk_sd
9,0.4912504562,0.2985771538,0.0051902839,0.0033179853,0.9936228141,0.0021181502,1.8217733577,0.0813482000,0.1447706749,0.0907511044,-0.0000445209,0.0000306897,0.0000610110,0.0000362598,0.1790948814,0.1065815053,2.9844805383,0.5388074880,-0.0696856053,0.3300210707,0.4000114173,0.0361242004,0.1668507453,0.0116298225,0.1162862402,0.1595439373,2.7692251948,0.4062647897,0.0784131975,0.2305261479
