Instance,INF_avg,INF_sd,INF_r1,INF_kr,INF_sk,SUP_avg,SUP_sd,SUP_r1,SUP_kr,SUP_sk,INC_avg,INC_sd,INC_r1,INC_kr,INC_sk,IND_avg,IND_sd,IND_r1,IND_kr,IND_sk
446,0.2000000000,0.1024695077,0.1153846154,2.2108843537,0.3485357403,0.2350000000,0.0867467579,0.0371724558,2.8156090992,-0.5675817934,0.5650000000,0.0895823643,-0.0934083099,2.4589920517,-0.1418837342,0.2350000000,0.0593717104,0.0448199853,2.1757959861,0.5948817825
