Instance,INF_avg,INF_sd,INF_r1,INF_kr,INF_sk,SUP_avg,SUP_sd,SUP_r1,SUP_kr,SUP_sk,INC_avg,INC_sd,INC_r1,INC_kr,INC_sk,IND_avg,IND_sd,IND_r1,IND_kr,IND_sk
185,0.3600000000,0.0800000000,-0.2500000000,3.2500000000,-1.5000000000,0.2200000000,0.1469693846,0.1798941799,1.5781893004,-0.3477670622,0.4200000000,0.1166190379,-0.2130177515,1.6280276817,0.3631734744,0.3800000000,0.0979795897,0.0384615385,1.1666666667,0.4082482905
