Instance,FV_avg_avg,FV_avg_sd,FV_sd_avg,FV_sd_sd,FV_r1_avg,FV_r1_sd,FV_kr_avg,FV_kr_sd,FV_sk_avg,FV_sk_sd,FD_avg_avg,FD_avg_sd,FD_sd_avg,FD_sd_sd,FD_r1_avg,FD_r1_sd,FD_kr_avg,FD_kr_sd,FD_sk_avg,FD_sk_sd,IN_avg_avg,IN_avg_sd,IN_sd_avg,IN_sd_sd,IN_r1_avg,IN_r1_sd,IN_kr_avg,IN_kr_sd,IN_sk_avg,IN_sk_sd
287,0.4551890779,0.2876533694,0.0182925628,0.0107489521,0.9892548048,0.0048245141,2.2681049981,0.1781736403,0.6574259843,0.1672246914,-0.0002995935,0.0001781130,0.0001016943,0.0000598776,0.9426867516,0.0201955233,3.1868751961,0.6020996890,0.9731641674,0.2439080622,0.1359083726,0.0397595592,0.1126384596,0.0124159307,0.9391463692,0.0166743645,3.5592749153,0.6193487930,1.1475602203,0.2321428774
