Instance,INF_avg,INF_sd,INF_r1,INF_kr,INF_sk,SUP_avg,SUP_sd,SUP_r1,SUP_kr,SUP_sk,INC_avg,INC_sd,INC_r1,INC_kr,INC_sk,IND_avg,IND_sd,IND_r1,IND_kr,IND_sk
460,0.2000000000,0.0707106781,-0.7777777778,1.7000000000,-0.0000000000,0.3100000000,0.0969535971,-0.1520737327,3.0377999095,1.3627927530,0.4900000000,0.1157583690,-0.5769805680,2.1988193362,-0.3365218792,0.2200000000,0.0509901951,-0.4285714286,1.9556213018,0.2715454179
