Instance,FV_avg_avg,FV_avg_sd,FV_sd_avg,FV_sd_sd,FV_r1_avg,FV_r1_sd,FV_kr_avg,FV_kr_sd,FV_sk_avg,FV_sk_sd,FD_avg_avg,FD_avg_sd,FD_sd_avg,FD_sd_sd,FD_r1_avg,FD_r1_sd,FD_kr_avg,FD_kr_sd,FD_sk_avg,FD_sk_sd,IN_avg_avg,IN_avg_sd,IN_sd_avg,IN_sd_sd,IN_r1_avg,IN_r1_sd,IN_kr_avg,IN_kr_sd,IN_sk_avg,IN_sk_sd
288,0.4983144492,0.3032062116,0.0001999790,0.0001794704,-0.0093787809,0.5951171212,1.9302033192,0.4704324201,-0.0342153051,0.6382757351,0.0000028834,0.0000177788,0.0000268034,0.0000213835,-0.3783533692,0.5247444378,2.0881708196,0.4808658078,-0.0258196881,0.6406067596,0.4948000000,0.0421065316,0.0597013236,0.0196914185,-0.3896247748,0.2898046647,2.0271634096,0.4101591762,-0.0083574162,0.5901396574
