Instance,FV_avg_avg,FV_avg_sd,FV_sd_avg,FV_sd_sd,FV_r1_avg,FV_r1_sd,FV_kr_avg,FV_kr_sd,FV_sk_avg,FV_sk_sd,FD_avg_avg,FD_avg_sd,FD_sd_avg,FD_sd_sd,FD_r1_avg,FD_r1_sd,FD_kr_avg,FD_kr_sd,FD_sk_avg,FD_sk_sd,IN_avg_avg,IN_avg_sd,IN_sd_avg,IN_sd_sd,IN_r1_avg,IN_r1_sd,IN_kr_avg,IN_kr_sd,IN_sk_avg,IN_sk_sd
274,0.4996536044,0.3033782732,0.0001369560,0.0001040756,0.1774339447,0.3346843059,2.0676994007,0.5198990809,0.1587578407,0.5868656441,-0.0000020026,0.0000255145,0.0000312818,0.0000223267,-0.2821180583,0.3974858370,1.9158361733,0.6013951245,0.1699316719,0.6500830986,0.5090000000,0.0573498038,0.0907240340,0.0331534260,-0.3560487545,0.3867941553,1.8764946692,0.4930012478,0.1645369317,0.6102393598
