Instance,INF_avg,INF_sd,INF_r1,INF_kr,INF_sk,SUP_avg,SUP_sd,SUP_r1,SUP_kr,SUP_sk,INC_avg,INC_sd,INC_r1,INC_kr,INC_sk,IND_avg,IND_sd,IND_r1,IND_kr,IND_sk
194,0.2460000000,0.1066958293,0.2855528490,5.6097154518,1.2651407583,0.2720000000,0.0825590698,-0.1958868310,2.5611692455,-0.5606741031,0.4820000000,0.1139122469,-0.0471168239,1.9099466187,-0.1816246546,0.2100000000,0.0547722558,0.1008174387,3.3533333333,-0.0365148372
