Instance,INF_avg,INF_sd,INF_r1,INF_kr,INF_sk,SUP_avg,SUP_sd,SUP_r1,SUP_kr,SUP_sk,INC_avg,INC_sd,INC_r1,INC_kr,INC_sk,IND_avg,IND_sd,IND_r1,IND_kr,IND_sk
188,0.3839041096,0.1014846860,0.8039273455,2.3380675817,0.1206604590,0.0966438356,0.0673396360,0.8130287227,2.5282288362,0.6870042917,0.5194520548,0.0602026352,0.3572869636,3.0477985129,-0.3383327705,0.0804109589,0.0205698513,0.0012853244,3.7512309852,0.5680514883
