Instance,FV_avg_avg,FV_avg_sd,FV_sd_avg,FV_sd_sd,FV_r1_avg,FV_r1_sd,FV_kr_avg,FV_kr_sd,FV_sk_avg,FV_sk_sd,FD_avg_avg,FD_avg_sd,FD_sd_avg,FD_sd_sd,FD_r1_avg,FD_r1_sd,FD_kr_avg,FD_kr_sd,FD_sk_avg,FD_sk_sd,IN_avg_avg,IN_avg_sd,IN_sd_avg,IN_sd_sd,IN_r1_avg,IN_r1_sd,IN_kr_avg,IN_kr_sd,IN_sk_avg,IN_sk_sd
156,0.5026710318,0.3050579190,0.0006969904,0.0005040490,0.5398326900,0.2591712523,2.2308891294,0.7635918484,-0.0372722958,0.5378762231,-0.0000309460,0.0000791557,0.0000574207,0.0000374513,-0.1313223289,0.2164895033,2.5749502816,0.8234055124,0.0332968710,0.6523579421,0.4813000000,0.0436498568,0.0465773162,0.0086921585,-0.1165692530,0.3281419900,2.2268754865,0.4447199212,-0.1438809006,0.4792886591
