Instance,INF_avg,INF_sd,INF_r1,INF_kr,INF_sk,SUP_avg,SUP_sd,SUP_r1,SUP_kr,SUP_sk,INC_avg,INC_sd,INC_r1,INC_kr,INC_sk,IND_avg,IND_sd,IND_r1,IND_kr,IND_sk
455,0.2382000000,0.0429273805,0.4913042968,2.7147350680,0.1708079129,0.2056000000,0.0536343174,0.6207301815,2.1507027019,0.0636596474,0.5562000000,0.0453603351,0.2719203086,2.5576956628,0.0040292458,0.0467000000,0.0130234404,-0.0094915823,3.2480203173,-0.0282601467
