Instance,INF_avg,INF_sd,INF_r1,INF_kr,INF_sk,SUP_avg,SUP_sd,SUP_r1,SUP_kr,SUP_sk,INC_avg,INC_sd,INC_r1,INC_kr,INC_sk,IND_avg,IND_sd,IND_r1,IND_kr,IND_sk
136,0.2835000000,0.1093286330,0.0587095745,2.8924707047,-0.0402491910,0.2150000000,0.0973396117,0.0489484459,2.8720838758,0.3716281775,0.5015000000,0.1162873596,0.0146473196,3.1548590798,-0.1889354830,0.2310000000,0.0677421582,0.1241434422,2.6020201605,-0.2543452709
