Instance,INF_avg,INF_sd,INF_r1,INF_kr,INF_sk,SUP_avg,SUP_sd,SUP_r1,SUP_kr,SUP_sk,INC_avg,INC_sd,INC_r1,INC_kr,INC_sk,IND_avg,IND_sd,IND_r1,IND_kr,IND_sk
251,0.2456000000,0.0547050272,0.0016586026,3.5638077993,0.5616434825,0.2584000000,0.0586296853,-0.1292500182,2.8018175559,0.0501340045,0.4960000000,0.0647456562,-0.1133727629,2.7823262048,-0.3367257047,0.1096000000,0.0358307131,-0.0011881465,2.5507082939,0.2204450654
