Instance,FV_avg_avg,FV_avg_sd,FV_sd_avg,FV_sd_sd,FV_r1_avg,FV_r1_sd,FV_kr_avg,FV_kr_sd,FV_sk_avg,FV_sk_sd,FD_avg_avg,FD_avg_sd,FD_sd_avg,FD_sd_sd,FD_r1_avg,FD_r1_sd,FD_kr_avg,FD_kr_sd,FD_sk_avg,FD_sk_sd,IN_avg_avg,IN_avg_sd,IN_sd_avg,IN_sd_sd,IN_r1_avg,IN_r1_sd,IN_kr_avg,IN_kr_sd,IN_sk_avg,IN_sk_sd
95,0.4999952287,0.3033809478,0.0026087784,0.0017057371,0.9270009572,0.0429246524,2.6052477968,1.0276717918,0.1341179695,0.5823663968,-0.0000381494,0.0000868605,0.0003144468,0.0001972860,0.0740945155,0.1371752873,2.8735423682,0.3254129845,-0.0228105871,0.2144692648,0.4843500000,0.0314217679,0.1678270585,0.0093181771,0.0639762322,0.1177817270,2.5843258376,0.2956929626,0.0578607937,0.2246137947
