Instance,INF_avg,INF_sd,INF_r1,INF_kr,INF_sk,SUP_avg,SUP_sd,SUP_r1,SUP_kr,SUP_sk,INC_avg,INC_sd,INC_r1,INC_kr,INC_sk,IND_avg,IND_sd,IND_r1,IND_kr,IND_sk
137,0.2674000000,0.0447016778,0.5620994837,2.9997218643,0.1947820901,0.2344000000,0.0419361419,0.5073818745,2.2745462785,-0.1114463422,0.4982000000,0.0504951483,0.4562877477,2.3188548977,-0.1203138076,0.0308000000,0.0087954534,0.2774703745,2.0092157003,0.1966795995
