Instance,FV_avg_avg,FV_avg_sd,FV_sd_avg,FV_sd_sd,FV_r1_avg,FV_r1_sd,FV_kr_avg,FV_kr_sd,FV_sk_avg,FV_sk_sd,FD_avg_avg,FD_avg_sd,FD_sd_avg,FD_sd_sd,FD_r1_avg,FD_r1_sd,FD_kr_avg,FD_kr_sd,FD_sk_avg,FD_sk_sd,IN_avg_avg,IN_avg_sd,IN_sd_avg,IN_sd_sd,IN_r1_avg,IN_r1_sd,IN_kr_avg,IN_kr_sd,IN_sk_avg,IN_sk_sd
126,0.4993881321,0.3037687005,0.0005554311,0.0003937326,0.6088519922,0.2436653157,2.0530986338,0.4860068108,0.0246585589,0.4731392508,0.0000206701,0.0000499412,0.0000992959,0.0000662004,-0.0309130651,0.2829750409,2.5216961251,0.9753408938,-0.0936233533,0.6181948348,0.5112500000,0.0422455619,0.0979467452,0.0241388713,-0.0237656160,0.2595037726,2.5643816036,0.8543319388,0.1574860162,0.5894173556
