Instance,INF_avg,INF_sd,INF_r1,INF_kr,INF_sk,SUP_avg,SUP_sd,SUP_r1,SUP_kr,SUP_sk,INC_avg,INC_sd,INC_r1,INC_kr,INC_sk,IND_avg,IND_sd,IND_r1,IND_kr,IND_sk
260,0.2907894737,0.0857285059,0.4569002921,2.4443211927,-0.3081814675,0.1789473684,0.0984294958,0.1947958301,2.6038710383,0.3478886461,0.5302631579,0.0942696815,0.0551639835,2.5281826046,-0.3875530027,0.2223684211,0.0792210170,0.2168396854,3.0527535030,0.3544129080
