Instance,FV_avg_avg,FV_avg_sd,FV_sd_avg,FV_sd_sd,FV_r1_avg,FV_r1_sd,FV_kr_avg,FV_kr_sd,FV_sk_avg,FV_sk_sd,FD_avg_avg,FD_avg_sd,FD_sd_avg,FD_sd_sd,FD_r1_avg,FD_r1_sd,FD_kr_avg,FD_kr_sd,FD_sk_avg,FD_sk_sd,IN_avg_avg,IN_avg_sd,IN_sd_avg,IN_sd_sd,IN_r1_avg,IN_r1_sd,IN_kr_avg,IN_kr_sd,IN_sk_avg,IN_sk_sd
230,0.4407817533,0.2683589148,0.0248976493,0.0155690881,0.9771588685,0.0082392616,2.1776169394,0.1404538313,0.6134826929,0.1101440063,-0.0007532337,0.0004510342,0.0003431773,0.0002124965,0.9293754242,0.0198841669,2.3217433828,0.1982420450,0.6184686180,0.1102716973,0.1768920645,0.0228342953,0.1418958214,0.0130570143,0.9089339434,0.0239108869,2.5679660206,0.2976531032,0.8184601223,0.1510407778
