Instance,FV_avg_avg,FV_avg_sd,FV_sd_avg,FV_sd_sd,FV_r1_avg,FV_r1_sd,FV_kr_avg,FV_kr_sd,FV_sk_avg,FV_sk_sd,FD_avg_avg,FD_avg_sd,FD_sd_avg,FD_sd_sd,FD_r1_avg,FD_r1_sd,FD_kr_avg,FD_kr_sd,FD_sk_avg,FD_sk_sd,IN_avg_avg,IN_avg_sd,IN_sd_avg,IN_sd_sd,IN_r1_avg,IN_r1_sd,IN_kr_avg,IN_kr_sd,IN_sk_avg,IN_sk_sd
501,0.4520412517,0.2801055793,0.0095339732,0.0089224331,-0.0138974547,0.4604167864,1.8509747308,0.5316775385,-0.1028373414,0.5144213350,0.0008533575,0.0031580710,0.0029352398,0.0023906015,-0.2791655516,0.4258203753,1.9660097177,0.4824456232,0.2335378811,0.5555715159,0.4870000000,0.1024255827,0.1263993706,0.0491243230,-0.3885251126,0.4557296489,1.8553864601,0.4955335678,0.0084753661,0.4841992871
