Instance,FV_avg_avg,FV_avg_sd,FV_sd_avg,FV_sd_sd,FV_r1_avg,FV_r1_sd,FV_kr_avg,FV_kr_sd,FV_sk_avg,FV_sk_sd,FD_avg_avg,FD_avg_sd,FD_sd_avg,FD_sd_sd,FD_r1_avg,FD_r1_sd,FD_kr_avg,FD_kr_sd,FD_sk_avg,FD_sk_sd,IN_avg_avg,IN_avg_sd,IN_sd_avg,IN_sd_sd,IN_r1_avg,IN_r1_sd,IN_kr_avg,IN_kr_sd,IN_sk_avg,IN_sk_sd
84,0.4973947708,0.3025665110,0.0004383630,0.0003230481,0.7282221884,0.2021064106,2.5148828904,0.5668235528,-0.0548855489,0.5134739185,0.0000038009,0.0000153439,0.0000260339,0.0000156355,-0.0454195304,0.1717383803,2.8730272949,0.5786484532,-0.2324561989,0.3661432244,0.5106200000,0.0292532323,0.0478987046,0.0067065716,-0.0635215207,0.2003577774,3.1358961369,1.0909261972,-0.4246771801,0.3992823394
