Instance,FV_avg_avg,FV_avg_sd,FV_sd_avg,FV_sd_sd,FV_r1_avg,FV_r1_sd,FV_kr_avg,FV_kr_sd,FV_sk_avg,FV_sk_sd,FD_avg_avg,FD_avg_sd,FD_sd_avg,FD_sd_sd,FD_r1_avg,FD_r1_sd,FD_kr_avg,FD_kr_sd,FD_sk_avg,FD_sk_sd,IN_avg_avg,IN_avg_sd,IN_sd_avg,IN_sd_sd,IN_r1_avg,IN_r1_sd,IN_kr_avg,IN_kr_sd,IN_sk_avg,IN_sk_sd
26,0.4960009082,0.3009588193,0.0006923576,0.0005459263,0.9036743122,0.0757803633,2.8294507432,1.0872056757,-0.0008298059,0.6168027216,0.0000023933,0.0000260171,0.0000851392,0.0000511676,-0.0227455205,0.1062373946,2.8284458249,0.4614697080,-0.0303756064,0.2419971622,0.5048000000,0.0366573321,0.1636962403,0.0147221227,-0.0195745476,0.1138363125,2.7143758866,0.3811346101,0.0555261055,0.2849267782
