Instance,FV_avg_avg,FV_avg_sd,FV_sd_avg,FV_sd_sd,FV_r1_avg,FV_r1_sd,FV_kr_avg,FV_kr_sd,FV_sk_avg,FV_sk_sd,FD_avg_avg,FD_avg_sd,FD_sd_avg,FD_sd_sd,FD_r1_avg,FD_r1_sd,FD_kr_avg,FD_kr_sd,FD_sk_avg,FD_sk_sd,IN_avg_avg,IN_avg_sd,IN_sd_avg,IN_sd_sd,IN_r1_avg,IN_r1_sd,IN_kr_avg,IN_kr_sd,IN_sk_avg,IN_sk_sd
213,0.5021411666,0.3023459930,0.0013086789,0.0008653811,0.8759653948,0.0763588215,2.6163019114,0.5714316040,0.2750168079,0.4925827274,-0.0000119286,0.0000476196,0.0000540760,0.0000336281,-0.0104344629,0.1681651014,2.9299076285,0.4547819199,0.0012808716,0.3302868888,0.5031900000,0.0332995180,0.0486120135,0.0047263248,0.0079808199,0.1449782743,2.9043738341,0.7057045774,-0.0438373917,0.3673053811
