Instance,INF_avg,INF_sd,INF_r1,INF_kr,INF_sk,SUP_avg,SUP_sd,SUP_r1,SUP_kr,SUP_sk,INC_avg,INC_sd,INC_r1,INC_kr,INC_sk,IND_avg,IND_sd,IND_r1,IND_kr,IND_sk
135,0.3400000000,0.0470106371,0.4885496183,1.6372003030,0.2425560604,0.3030000000,0.0237907545,-0.0741687980,2.4269312889,-0.8648726011,0.3570000000,0.0357211422,0.2424730317,2.2365960437,0.7906068387,0.0380000000,0.0067823300,0.0331491713,1.2296786389,-0.2115471545
