Instance,INF_avg,INF_sd,INF_r1,INF_kr,INF_sk,SUP_avg,SUP_sd,SUP_r1,SUP_kr,SUP_sk,INC_avg,INC_sd,INC_r1,INC_kr,INC_sk,IND_avg,IND_sd,IND_r1,IND_kr,IND_sk
462,0.2757000000,0.0331513197,-0.2189416888,4.9277736951,-0.5668049800,0.2418000000,0.0313011182,-0.0060278086,2.6156010571,-0.0773303836,0.4825000000,0.0412583325,-0.1475776199,2.8998755481,0.0480550201,0.0368000000,0.0098873657,-0.0861752751,2.6674584339,-0.0400749494
