Instance,FV_avg_avg,FV_avg_sd,FV_sd_avg,FV_sd_sd,FV_r1_avg,FV_r1_sd,FV_kr_avg,FV_kr_sd,FV_sk_avg,FV_sk_sd,FD_avg_avg,FD_avg_sd,FD_sd_avg,FD_sd_sd,FD_r1_avg,FD_r1_sd,FD_kr_avg,FD_kr_sd,FD_sk_avg,FD_sk_sd,IN_avg_avg,IN_avg_sd,IN_sd_avg,IN_sd_sd,IN_r1_avg,IN_r1_sd,IN_kr_avg,IN_kr_sd,IN_sk_avg,IN_sk_sd
214,0.4876160675,0.2975158206,0.0019382757,0.0011965752,0.8052084172,0.1469967145,2.3259673603,0.4554238417,0.0532289334,0.5059710601,0.0000282721,0.0001349911,0.0001496656,0.0000936012,-0.0384534113,0.1999865064,2.6196023805,0.7616971863,-0.0533361218,0.4639393027,0.5036000000,0.0397838158,0.0675070237,0.0105399120,-0.0686054805,0.2132725767,2.7919832676,1.1252727843,0.1010979742,0.4375123434
