Instance,INF_avg,INF_sd,INF_r1,INF_kr,INF_sk,SUP_avg,SUP_sd,SUP_r1,SUP_kr,SUP_sk,INC_avg,INC_sd,INC_r1,INC_kr,INC_sk,IND_avg,IND_sd,IND_r1,IND_kr,IND_sk
502,0.4000000000,0.1574801575,0.0081300813,2.9396462019,0.5223392320,0.2700000000,0.1473091986,0.3395443225,2.9612223662,0.2252386396,0.3300000000,0.1700000000,0.0722866468,2.8022772716,0.1367799715,0.3240000000,0.1105621997,0.3494723274,4.4931985143,0.8479745063
