Instance,INF_avg,INF_sd,INF_r1,INF_kr,INF_sk,SUP_avg,SUP_sd,SUP_r1,SUP_kr,SUP_sk,INC_avg,INC_sd,INC_r1,INC_kr,INC_sk,IND_avg,IND_sd,IND_r1,IND_kr,IND_sk
339,0.2440500000,0.0339315119,0.2056713028,2.9023901607,-0.0066309803,0.2709000000,0.0396382391,0.2493358026,2.7457937970,0.3829859105,0.4850500000,0.0398967104,0.1284340207,3.0608716476,-0.2628514874,0.0352500000,0.0096014322,0.0264987529,3.0404748061,0.1492362106
