Instance,INF_avg,INF_sd,INF_r1,INF_kr,INF_sk,SUP_avg,SUP_sd,SUP_r1,SUP_kr,SUP_sk,INC_avg,INC_sd,INC_r1,INC_kr,INC_sk,IND_avg,IND_sd,IND_r1,IND_kr,IND_sk
400,0.2425000000,0.0515242661,0.1743132707,2.7455307412,0.0245916838,0.2756000000,0.0615681736,0.3633618165,2.5853441629,0.1779121481,0.4819000000,0.0568980668,0.0827923050,2.4031600326,-0.0920188306,0.0635000000,0.0188878268,-0.0875460481,2.8096938167,0.1753056239
