Instance,INF_avg,INF_sd,INF_r1,INF_kr,INF_sk,SUP_avg,SUP_sd,SUP_r1,SUP_kr,SUP_sk,INC_avg,INC_sd,INC_r1,INC_kr,INC_sk,IND_avg,IND_sd,IND_r1,IND_kr,IND_sk
378,0.2000000000,0.1054092553,-0.1111111111,1.9800000000,-0.5692099788,0.2555555556,0.1342560664,0.2433121019,2.1147494840,-0.5317084408,0.5444444444,0.0955813919,-0.8000000000,1.9996347699,-0.2230697933,0.4111111111,0.1286204100,-0.0253164557,3.1259746046,1.0456676017
