Instance,INF_avg,INF_sd,INF_r1,INF_kr,INF_sk,SUP_avg,SUP_sd,SUP_r1,SUP_kr,SUP_sk,INC_avg,INC_sd,INC_r1,INC_kr,INC_sk,IND_avg,IND_sd,IND_r1,IND_kr,IND_sk
33,0.2370000000,0.0242074369,-0.3353798926,2.9667264616,-1.2917362849,0.3100000000,0.0406201920,-0.5622489960,2.1760330579,0.6266475904,0.4530000000,0.0490509939,-0.7020617644,2.2987077195,-0.8999235520,0.0370000000,0.0120830460,-0.2628487518,2.8430287108,1.1427763503
