Instance,FV_avg_avg,FV_avg_sd,FV_sd_avg,FV_sd_sd,FV_r1_avg,FV_r1_sd,FV_kr_avg,FV_kr_sd,FV_sk_avg,FV_sk_sd,FD_avg_avg,FD_avg_sd,FD_sd_avg,FD_sd_sd,FD_r1_avg,FD_r1_sd,FD_kr_avg,FD_kr_sd,FD_sk_avg,FD_sk_sd,IN_avg_avg,IN_avg_sd,IN_sd_avg,IN_sd_sd,IN_r1_avg,IN_r1_sd,IN_kr_avg,IN_kr_sd,IN_sk_avg,IN_sk_sd
248,0.4281460791,0.2599517731,0.0270450509,0.0173415045,0.9485622920,0.0338209000,2.0670412197,0.2065518642,0.4923798827,0.1842466504,-0.0019274701,0.0012207664,0.0010199976,0.0006600756,0.8698386567,0.0528725556,2.2930195540,0.3581128160,0.4948876935,0.2252274685,0.2037403115,0.0336067758,0.1518994332,0.0183335442,0.8175705820,0.0604039695,2.7550253244,0.5942419501,0.7765706037,0.2676276566
