Instance,INF_avg,INF_sd,INF_r1,INF_kr,INF_sk,SUP_avg,SUP_sd,SUP_r1,SUP_kr,SUP_sk,INC_avg,INC_sd,INC_r1,INC_kr,INC_sk,IND_avg,IND_sd,IND_r1,IND_kr,IND_sk
240,0.3251063830,0.1170901151,0.5187397214,2.4345260722,0.2966005157,0.1438297872,0.0885474555,0.7319012982,2.1898969817,0.5357966253,0.5310638298,0.0869148285,0.0615526598,2.4600821062,0.0723233876,0.1336170213,0.0340478719,-0.0553033402,3.6678101413,0.4008160091
