Instance,INF_avg,INF_sd,INF_r1,INF_kr,INF_sk,SUP_avg,SUP_sd,SUP_r1,SUP_kr,SUP_sk,INC_avg,INC_sd,INC_r1,INC_kr,INC_sk,IND_avg,IND_sd,IND_r1,IND_kr,IND_sk
457,0.2705000000,0.1091088906,0.2168736566,2.9922626545,0.2140193547,0.2615000000,0.0994623044,0.1435312961,2.5604508259,0.0466781680,0.4680000000,0.1136925679,0.2028018782,3.0388052832,0.0109989851,0.2375000000,0.0704893609,0.0776109869,2.7282544203,0.3412799246
