Instance,INF_avg,INF_sd,INF_r1,INF_kr,INF_sk,SUP_avg,SUP_sd,SUP_r1,SUP_kr,SUP_sk,INC_avg,INC_sd,INC_r1,INC_kr,INC_sk,IND_avg,IND_sd,IND_r1,IND_kr,IND_sk
49,0.3824050633,0.0689471489,0.6790908458,2.2019494324,0.0733427720,0.0929746835,0.0577177714,0.8549259070,2.3794863725,0.5530769694,0.5246202532,0.0396804654,0.0424564014,2.2217187465,-0.0214326309,0.0436075949,0.0118251156,-0.0701420326,2.8574115143,0.2304849678
