Instance,INF_avg,INF_sd,INF_r1,INF_kr,INF_sk,SUP_avg,SUP_sd,SUP_r1,SUP_kr,SUP_sk,INC_avg,INC_sd,INC_r1,INC_kr,INC_sk,IND_avg,IND_sd,IND_r1,IND_kr,IND_sk
117,0.2822000000,0.0338845097,0.3390177852,2.4799763379,-0.6964044810,0.2234000000,0.0255624725,-0.1129088092,2.5381206826,0.2897953016,0.4944000000,0.0316960565,0.6306717521,2.5029065518,0.2202537511,0.0412000000,0.0097241966,-0.1614519843,3.6082180250,0.1172959763
