Instance,FV_avg_avg,FV_avg_sd,FV_sd_avg,FV_sd_sd,FV_r1_avg,FV_r1_sd,FV_kr_avg,FV_kr_sd,FV_sk_avg,FV_sk_sd,FD_avg_avg,FD_avg_sd,FD_sd_avg,FD_sd_sd,FD_r1_avg,FD_r1_sd,FD_kr_avg,FD_kr_sd,FD_sk_avg,FD_sk_sd,IN_avg_avg,IN_avg_sd,IN_sd_avg,IN_sd_sd,IN_r1_avg,IN_r1_sd,IN_kr_avg,IN_kr_sd,IN_sk_avg,IN_sk_sd
119,0.4953364678,0.3008586401,0.0002198563,0.0001658796,0.4468441754,0.4212831480,2.0921330550,0.4768251322,-0.0305079074,0.4885203343,-0.0000050122,0.0000171345,0.0000217552,0.0000148297,-0.0304639919,0.2614763021,2.5520044020,0.7360872783,-0.0855314848,0.6319811764,0.4902000000,0.0259260487,0.0487701856,0.0100134410,-0.1191680405,0.2333164752,2.4056592035,0.5226277755,0.0432246315,0.6128615372
