Instance,INF_avg,INF_sd,INF_r1,INF_kr,INF_sk,SUP_avg,SUP_sd,SUP_r1,SUP_kr,SUP_sk,INC_avg,INC_sd,INC_r1,INC_kr,INC_sk,IND_avg,IND_sd,IND_r1,IND_kr,IND_sk
501,0.2420000000,0.1328006024,-0.0085944101,2.2925054173,-0.0325455489,0.2080000000,0.1927070315,0.2789776437,3.7066038666,1.1441870556,0.5500000000,0.1846618531,0.3303964758,2.7074500563,-0.2572666231,0.3980000000,0.1067520492,-0.0189561599,3.3180679186,0.5329710609
