Instance,INF_avg,INF_sd,INF_r1,INF_kr,INF_sk,SUP_avg,SUP_sd,SUP_r1,SUP_kr,SUP_sk,INC_avg,INC_sd,INC_r1,INC_kr,INC_sk,IND_avg,IND_sd,IND_r1,IND_kr,IND_sk
124,0.2800000000,0.0374165739,-0.9508196721,1.2591836735,-0.3436215967,0.2300000000,0.0167332005,-0.4615384615,1.2755102041,-0.2561204163,0.4900000000,0.0282842712,-0.8333333333,1.7000000000,-0.0000000000,0.0760000000,0.0162480768,0.3788819876,2.2685950413,-0.1790421687
