Instance,INF_avg,INF_sd,INF_r1,INF_kr,INF_sk,SUP_avg,SUP_sd,SUP_r1,SUP_kr,SUP_sk,INC_avg,INC_sd,INC_r1,INC_kr,INC_sk,IND_avg,IND_sd,IND_r1,IND_kr,IND_sk
44,0.2680000000,0.0231516738,0.1598360656,2.6029321675,-1.0255214164,0.2610000000,0.0135646600,-0.5344467641,1.9651465028,-0.1514485311,0.4710000000,0.0139283883,0.2518059856,2.1905090870,0.6261779404,0.0320000000,0.0081240384,-0.6397849462,2.2685950413,0.1790421687
