Instance,INF_avg,INF_sd,INF_r1,INF_kr,INF_sk,SUP_avg,SUP_sd,SUP_r1,SUP_kr,SUP_sk,INC_avg,INC_sd,INC_r1,INC_kr,INC_sk,IND_avg,IND_sd,IND_r1,IND_kr,IND_sk
236,0.2424000000,0.0547927002,-0.1195270763,2.2484083397,-0.0030999964,0.2676000000,0.0683391542,-0.1281365455,2.0247464218,-0.0397306617,0.4900000000,0.0811171992,0.0922554767,2.2962186233,0.1142105224,0.1124000000,0.0324690622,-0.1314878543,2.6504191266,-0.0468695112
