Instance,FV_avg_avg,FV_avg_sd,FV_sd_avg,FV_sd_sd,FV_r1_avg,FV_r1_sd,FV_kr_avg,FV_kr_sd,FV_sk_avg,FV_sk_sd,FD_avg_avg,FD_avg_sd,FD_sd_avg,FD_sd_sd,FD_r1_avg,FD_r1_sd,FD_kr_avg,FD_kr_sd,FD_sk_avg,FD_sk_sd,IN_avg_avg,IN_avg_sd,IN_sd_avg,IN_sd_sd,IN_r1_avg,IN_r1_sd,IN_kr_avg,IN_kr_sd,IN_sk_avg,IN_sk_sd
468,0.4965359135,0.3021176545,0.0001785495,0.0001277088,0.4951389532,0.2934219761,2.2361132652,0.3889551775,-0.0691532981,0.5188947832,0.0000013255,0.0000148404,0.0000314018,0.0000206362,-0.0414123814,0.2798102620,2.5294458584,0.7616144355,0.0225254030,0.5089259429,0.4965000000,0.0362663756,0.1065919056,0.0242005303,0.0112736648,0.3297290338,2.6519927704,0.5695292426,0.1394327291,0.5199294829
