Instance,INF_avg,INF_sd,INF_r1,INF_kr,INF_sk,SUP_avg,SUP_sd,SUP_r1,SUP_kr,SUP_sk,INC_avg,INC_sd,INC_r1,INC_kr,INC_sk,IND_avg,IND_sd,IND_r1,IND_kr,IND_sk
297,0.2350000000,0.0807774721,-0.1380238370,2.1041529044,-0.5037252852,0.2850000000,0.1001249220,-0.0647038685,2.1896443430,0.3407214962,0.4800000000,0.1122497216,0.5085470085,1.6957671958,-0.0254534516,0.2400000000,0.0538516481,-0.3667820069,2.2318668252,0.8836536782
