Instance,INF_avg,INF_sd,INF_r1,INF_kr,INF_sk,SUP_avg,SUP_sd,SUP_r1,SUP_kr,SUP_sk,INC_avg,INC_sd,INC_r1,INC_kr,INC_sk,IND_avg,IND_sd,IND_r1,IND_kr,IND_sk
242,0.3333333333,0.1000000000,0.0291095890,2.1620370370,-0.0787037037,0.1777777778,0.0820267948,-0.0831034483,3.0574446595,-0.0229904239,0.4888888889,0.1458267194,-0.1344701058,2.4600491657,0.5425361818,0.2361111111,0.0813182287,0.0958560067,2.4071392295,0.1428554350
