Instance,FV_avg_avg,FV_avg_sd,FV_sd_avg,FV_sd_sd,FV_r1_avg,FV_r1_sd,FV_kr_avg,FV_kr_sd,FV_sk_avg,FV_sk_sd,FD_avg_avg,FD_avg_sd,FD_sd_avg,FD_sd_sd,FD_r1_avg,FD_r1_sd,FD_kr_avg,FD_kr_sd,FD_sk_avg,FD_sk_sd,IN_avg_avg,IN_avg_sd,IN_sd_avg,IN_sd_sd,IN_r1_avg,IN_r1_sd,IN_kr_avg,IN_kr_sd,IN_sk_avg,IN_sk_sd
19,0.4909825221,0.2983084246,0.0016188931,0.0010360792,0.9446657903,0.0364239968,2.5927113088,0.6994053322,0.0684894280,0.5243728510,-0.0000008310,0.0000289542,0.0000548041,0.0000344819,0.1527675103,0.1205837824,2.9197354820,0.4087760643,0.0870519561,0.2808845508,0.4997250000,0.0183122602,0.0522887352,0.0029872515,0.0808499266,0.1215072575,3.0357419984,0.5052258297,0.0919998952,0.2546576430
