Instance,INF_avg,INF_sd,INF_r1,INF_kr,INF_sk,SUP_avg,SUP_sd,SUP_r1,SUP_kr,SUP_sk,INC_avg,INC_sd,INC_r1,INC_kr,INC_sk,IND_avg,IND_sd,IND_r1,IND_kr,IND_sk
106,0.2400000000,0.0867179336,-0.1222222222,1.7032593934,0.5741284646,0.2800000000,0.0789936706,-1.1666666667,2.1449704142,-0.0194757571,0.4800000000,0.0971596624,0.0370370370,1.8220338983,0.5966066602,0.1120000000,0.0370944740,-0.8427230047,1.5091941590,-0.1579875514
