Instance,FV_avg_avg,FV_avg_sd,FV_sd_avg,FV_sd_sd,FV_r1_avg,FV_r1_sd,FV_kr_avg,FV_kr_sd,FV_sk_avg,FV_sk_sd,FD_avg_avg,FD_avg_sd,FD_sd_avg,FD_sd_sd,FD_r1_avg,FD_r1_sd,FD_kr_avg,FD_kr_sd,FD_sk_avg,FD_sk_sd,IN_avg_avg,IN_avg_sd,IN_sd_avg,IN_sd_sd,IN_r1_avg,IN_r1_sd,IN_kr_avg,IN_kr_sd,IN_sk_avg,IN_sk_sd
239,0.4969480975,0.3026296024,0.0005799815,0.0004815828,0.8797904015,0.0933088448,2.4203457737,0.5824895752,-0.0243885612,0.3680695827,0.0000031163,0.0000095983,0.0000137784,0.0000084228,-0.0188421344,0.1609765956,2.8562294481,0.4298292827,-0.0596229769,0.3246216078,0.5043250000,0.0176191905,0.0363858220,0.0040069259,0.0269802074,0.1609392232,2.9266583593,0.4916930710,-0.0792310266,0.2431763938
