Instance,INF_avg,INF_sd,INF_r1,INF_kr,INF_sk,SUP_avg,SUP_sd,SUP_r1,SUP_kr,SUP_sk,INC_avg,INC_sd,INC_r1,INC_kr,INC_sk,IND_avg,IND_sd,IND_r1,IND_kr,IND_sk
350,0.2645161290,0.1333159892,0.0372231103,3.0573427705,0.1774802146,0.2419354839,0.1338612511,0.0827941454,3.0493450206,0.6566951602,0.4935483871,0.1865397715,0.0150255180,2.5932610145,-0.3832251201,0.3354838710,0.1001559658,-0.1292226292,2.5263166956,-0.1762075751
