Instance,INF_avg,INF_sd,INF_r1,INF_kr,INF_sk,SUP_avg,SUP_sd,SUP_r1,SUP_kr,SUP_sk,INC_avg,INC_sd,INC_r1,INC_kr,INC_sk,IND_avg,IND_sd,IND_r1,IND_kr,IND_sk
277,0.2500000000,0.1962141687,-0.2156862745,3.2020576826,0.9531064359,0.2500000000,0.1284523258,-0.2195121951,3.0716253444,-0.1415452626,0.5000000000,0.1949358869,-0.2941176471,2.3407202216,-0.7289846186,0.3800000000,0.1166190379,0.2237442922,2.1470588235,0.3934379306
