Instance,FV_avg_avg,FV_avg_sd,FV_sd_avg,FV_sd_sd,FV_r1_avg,FV_r1_sd,FV_kr_avg,FV_kr_sd,FV_sk_avg,FV_sk_sd,FD_avg_avg,FD_avg_sd,FD_sd_avg,FD_sd_sd,FD_r1_avg,FD_r1_sd,FD_kr_avg,FD_kr_sd,FD_sk_avg,FD_sk_sd,IN_avg_avg,IN_avg_sd,IN_sd_avg,IN_sd_sd,IN_r1_avg,IN_r1_sd,IN_kr_avg,IN_kr_sd,IN_sk_avg,IN_sk_sd
310,0.4934939958,0.2993843550,0.0019771512,0.0015210335,0.9442734055,0.0509220177,2.3983369015,0.5030200569,0.0218028663,0.3866086656,0.0000060759,0.0000277755,0.0000611396,0.0000390176,0.1138740643,0.1424510793,3.0987149654,0.5144772453,0.0276905947,0.2797148058,0.5030250000,0.0186522083,0.0535789517,0.0052905988,0.1174709300,0.1263165964,2.8936514661,0.4741307498,0.0078136796,0.2154096919
