Instance,INF_avg,INF_sd,INF_r1,INF_kr,INF_sk,SUP_avg,SUP_sd,SUP_r1,SUP_kr,SUP_sk,INC_avg,INC_sd,INC_r1,INC_kr,INC_sk,IND_avg,IND_sd,IND_r1,IND_kr,IND_sk
403,0.3233333333,0.0837024085,0.3326106810,3.2471816332,0.3800103260,0.1496774194,0.0726229268,0.5369481828,2.4415643994,0.2783671133,0.5269892473,0.0691310886,-0.0599861022,2.9186390211,0.0048489655,0.1237634409,0.0359932484,-0.0427643023,3.3064662271,0.4479933234
