Instance,INF_avg,INF_sd,INF_r1,INF_kr,INF_sk,SUP_avg,SUP_sd,SUP_r1,SUP_kr,SUP_sk,INC_avg,INC_sd,INC_r1,INC_kr,INC_sk,IND_avg,IND_sd,IND_r1,IND_kr,IND_sk
314,0.2640000000,0.1352922762,0.1076124689,1.6437937063,0.1871627785,0.2240000000,0.1141227409,-0.0608447376,2.5105222489,0.0056837808,0.5120000000,0.1365869686,-0.0294773687,2.8815157301,-0.1229684173,0.3200000000,0.1232882801,-0.2434141201,4.3393351801,1.1526258870
