Instance,FV_avg_avg,FV_avg_sd,FV_sd_avg,FV_sd_sd,FV_r1_avg,FV_r1_sd,FV_kr_avg,FV_kr_sd,FV_sk_avg,FV_sk_sd,FD_avg_avg,FD_avg_sd,FD_sd_avg,FD_sd_sd,FD_r1_avg,FD_r1_sd,FD_kr_avg,FD_kr_sd,FD_sk_avg,FD_sk_sd,IN_avg_avg,IN_avg_sd,IN_sd_avg,IN_sd_sd,IN_r1_avg,IN_r1_sd,IN_kr_avg,IN_kr_sd,IN_sk_avg,IN_sk_sd
415,0.4976186234,0.3020248654,0.0002114196,0.0001625435,0.0308132026,0.3032937035,2.0206725939,0.5439382505,0.1489418544,0.6327074963,-0.0000016618,0.0000308040,0.0000334495,0.0000202602,-0.2487762567,0.4062049914,2.0024410703,0.4034708022,0.1320352288,0.5624412937,0.5000000000,0.0389666524,0.0543082855,0.0156272237,-0.2337237849,0.3384890533,2.0106187110,0.4856670682,0.1929232068,0.6264911233
