Instance,FV_avg_avg,FV_avg_sd,FV_sd_avg,FV_sd_sd,FV_r1_avg,FV_r1_sd,FV_kr_avg,FV_kr_sd,FV_sk_avg,FV_sk_sd,FD_avg_avg,FD_avg_sd,FD_sd_avg,FD_sd_sd,FD_r1_avg,FD_r1_sd,FD_kr_avg,FD_kr_sd,FD_sk_avg,FD_sk_sd,IN_avg_avg,IN_avg_sd,IN_sd_avg,IN_sd_sd,IN_r1_avg,IN_r1_sd,IN_kr_avg,IN_kr_sd,IN_sk_avg,IN_sk_sd
163,0.4969344499,0.3013195173,0.0006044978,0.0004102304,0.8345939045,0.1305607652,2.3294791012,0.7392002890,-0.1359721453,0.4353885154,-0.0000068588,0.0000249022,0.0000284032,0.0000188810,-0.0877918520,0.2154884655,2.5588530509,0.5272233432,-0.1703707542,0.3355684065,0.4932200000,0.0267822254,0.0499774838,0.0075096681,-0.1181501189,0.2050085516,2.6349666573,0.6073357963,-0.1090314951,0.4312514757
