Instance,INF_avg,INF_sd,INF_r1,INF_kr,INF_sk,SUP_avg,SUP_sd,SUP_r1,SUP_kr,SUP_sk,INC_avg,INC_sd,INC_r1,INC_kr,INC_sk,IND_avg,IND_sd,IND_r1,IND_kr,IND_sk
244,0.2220000000,0.1049571341,-0.1829342349,2.5222706366,0.5252481480,0.2740000000,0.1192644121,0.2349165755,2.7949159266,0.0247863586,0.5040000000,0.1280000000,-0.0010156647,4.4844062328,0.8837356567,0.2400000000,0.0774596669,-0.1118598383,3.1633333333,-0.3098386677
