Instance,FV_avg_avg,FV_avg_sd,FV_sd_avg,FV_sd_sd,FV_r1_avg,FV_r1_sd,FV_kr_avg,FV_kr_sd,FV_sk_avg,FV_sk_sd,FD_avg_avg,FD_avg_sd,FD_sd_avg,FD_sd_sd,FD_r1_avg,FD_r1_sd,FD_kr_avg,FD_kr_sd,FD_sk_avg,FD_sk_sd,IN_avg_avg,IN_avg_sd,IN_sd_avg,IN_sd_sd,IN_r1_avg,IN_r1_sd,IN_kr_avg,IN_kr_sd,IN_sk_avg,IN_sk_sd
282,0.4596617458,0.2779524921,0.0172854673,0.0107527285,0.9848615621,0.0038800807,2.0827187001,0.0678185068,0.5364446556,0.0669473220,-0.0003464950,0.0002223238,0.0001648708,0.0000999501,0.8656015212,0.0419412052,2.2695120227,0.1485576009,0.4918380684,0.1148610464,0.2187028373,0.0167213241,0.1398027357,0.0112927420,0.8297877088,0.0431967366,2.4619531918,0.2266568727,0.6277389002,0.1408484383
