Instance,FV_avg_avg,FV_avg_sd,FV_sd_avg,FV_sd_sd,FV_r1_avg,FV_r1_sd,FV_kr_avg,FV_kr_sd,FV_sk_avg,FV_sk_sd,FD_avg_avg,FD_avg_sd,FD_sd_avg,FD_sd_sd,FD_r1_avg,FD_r1_sd,FD_kr_avg,FD_kr_sd,FD_sk_avg,FD_sk_sd,IN_avg_avg,IN_avg_sd,IN_sd_avg,IN_sd_sd,IN_r1_avg,IN_r1_sd,IN_kr_avg,IN_kr_sd,IN_sk_avg,IN_sk_sd
43,0.5004630033,0.3036262869,0.0005198522,0.0003582723,0.9269000304,0.0540169089,2.4652156465,0.5538119094,0.0879677888,0.4223970387,0.0000004487,0.0000082148,0.0000378506,0.0000231485,0.0197419589,0.0930216395,3.0249352812,0.5720909536,0.0946824469,0.2887051245,0.4991500000,0.0146459039,0.1105717216,0.0066082821,0.0369612134,0.1030825206,2.8554037346,0.5105321236,0.0666156140,0.2373479731
