Instance,INF_avg,INF_sd,INF_r1,INF_kr,INF_sk,SUP_avg,SUP_sd,SUP_r1,SUP_kr,SUP_sk,INC_avg,INC_sd,INC_r1,INC_kr,INC_sk,IND_avg,IND_sd,IND_r1,IND_kr,IND_sk
397,0.2336000000,0.0485699496,0.1859113263,2.4893256560,0.0903809718,0.2656000000,0.0549967272,-0.1500270846,2.7987825965,-0.0391328638,0.5008000000,0.0662069483,-0.0226509918,2.9141353879,-0.0781525890,0.1076000000,0.0339151883,-0.1988407457,2.8216424333,0.2557138420
