Instance,FV_avg_avg,FV_avg_sd,FV_sd_avg,FV_sd_sd,FV_r1_avg,FV_r1_sd,FV_kr_avg,FV_kr_sd,FV_sk_avg,FV_sk_sd,FD_avg_avg,FD_avg_sd,FD_sd_avg,FD_sd_sd,FD_r1_avg,FD_r1_sd,FD_kr_avg,FD_kr_sd,FD_sk_avg,FD_sk_sd,IN_avg_avg,IN_avg_sd,IN_sd_avg,IN_sd_sd,IN_r1_avg,IN_r1_sd,IN_kr_avg,IN_kr_sd,IN_sk_avg,IN_sk_sd
244,0.5011132658,0.3037283935,0.0002038680,0.0001538905,-0.0490377109,0.4613311780,1.9865234776,0.4765013321,0.0115739212,0.6093968629,-0.0000032616,0.0000268249,0.0000289129,0.0000231309,-0.2535631205,0.3276979490,1.9132640558,0.4627788069,-0.0822321047,0.5153230006,0.4921000000,0.0372154538,0.0467965566,0.0147540601,-0.2026008435,0.3656835047,2.0124187723,0.4445356665,0.1341992971,0.4894708831
