Instance,FV_avg_avg,FV_avg_sd,FV_sd_avg,FV_sd_sd,FV_r1_avg,FV_r1_sd,FV_kr_avg,FV_kr_sd,FV_sk_avg,FV_sk_sd,FD_avg_avg,FD_avg_sd,FD_sd_avg,FD_sd_sd,FD_r1_avg,FD_r1_sd,FD_kr_avg,FD_kr_sd,FD_sk_avg,FD_sk_sd,IN_avg_avg,IN_avg_sd,IN_sd_avg,IN_sd_sd,IN_r1_avg,IN_r1_sd,IN_kr_avg,IN_kr_sd,IN_sk_avg,IN_sk_sd
109,0.5006307316,0.3042776969,0.0004066382,0.0003498323,0.9496024347,0.0406138440,2.1065606946,0.3567230385,-0.0601899848,0.2961460040,0.0000004961,0.0000041426,0.0000311130,0.0000192095,-0.0171947038,0.0937006305,2.8948949998,0.2799662800,-0.0459568055,0.1802597331,0.5011000000,0.0244231448,0.1606975043,0.0125941301,-0.0162015445,0.1020613276,2.8096741323,0.3004235237,-0.0524871242,0.2025286347
