Instance,INF_avg,INF_sd,INF_r1,INF_kr,INF_sk,SUP_avg,SUP_sd,SUP_r1,SUP_kr,SUP_sk,INC_avg,INC_sd,INC_r1,INC_kr,INC_sk,IND_avg,IND_sd,IND_r1,IND_kr,IND_sk
159,0.5103684211,0.1222168954,0.9249234509,2.1035946578,-0.3034082609,0.0734210526,0.0708974914,0.8925401569,3.0351900147,1.0184109540,0.4162105263,0.0633192238,0.7366884822,2.9905572561,-0.1185974117,0.0395263158,0.0137854554,0.4266514804,2.8222560015,0.1438065847
