Instance,INF_avg,INF_sd,INF_r1,INF_kr,INF_sk,SUP_avg,SUP_sd,SUP_r1,SUP_kr,SUP_sk,INC_avg,INC_sd,INC_r1,INC_kr,INC_sk,IND_avg,IND_sd,IND_r1,IND_kr,IND_sk
433,0.3134693878,0.0877508305,0.5017351105,2.8029994972,0.1161561691,0.1618367347,0.0707733799,0.5014804492,2.7634534836,0.4126195122,0.5246938776,0.0703229298,0.1232945752,2.9792449201,0.1097764550,0.1209183673,0.0380275608,-0.0567206424,3.0795865797,0.3840072320
