Instance,INF_avg,INF_sd,INF_r1,INF_kr,INF_sk,SUP_avg,SUP_sd,SUP_r1,SUP_kr,SUP_sk,INC_avg,INC_sd,INC_r1,INC_kr,INC_sk,IND_avg,IND_sd,IND_r1,IND_kr,IND_sk
442,0.4071153846,0.0800881695,0.6647300701,2.4177006290,-0.1722588550,0.1199358974,0.0779093556,0.7332846173,2.4820503034,0.6413123080,0.4729487179,0.0477871610,-0.1066813498,2.8047048304,0.2515652895,0.0699358974,0.0191316892,0.0475311912,2.5706974894,0.0640609909
