Instance,INF_avg,INF_sd,INF_r1,INF_kr,INF_sk,SUP_avg,SUP_sd,SUP_r1,SUP_kr,SUP_sk,INC_avg,INC_sd,INC_r1,INC_kr,INC_sk,IND_avg,IND_sd,IND_r1,IND_kr,IND_sk
335,0.2860000000,0.0312089731,-0.5169020111,2.0948374366,0.7336777966,0.2310000000,0.0378681925,0.1747920849,1.7817352637,0.2388818826,0.4830000000,0.0403236903,-0.4960522733,2.8033546203,1.1982371357,0.0390000000,0.0152970585,-0.7033976125,2.1747753671,0.5665577237
