Instance,FV_avg_avg,FV_avg_sd,FV_sd_avg,FV_sd_sd,FV_r1_avg,FV_r1_sd,FV_kr_avg,FV_kr_sd,FV_sk_avg,FV_sk_sd,FD_avg_avg,FD_avg_sd,FD_sd_avg,FD_sd_sd,FD_r1_avg,FD_r1_sd,FD_kr_avg,FD_kr_sd,FD_sk_avg,FD_sk_sd,IN_avg_avg,IN_avg_sd,IN_sd_avg,IN_sd_sd,IN_r1_avg,IN_r1_sd,IN_kr_avg,IN_kr_sd,IN_sk_avg,IN_sk_sd
445,0.5012129485,0.3047054109,0.0005244985,0.0003570050,0.9057229504,0.0668011792,2.2977492756,0.4025069724,-0.0033922531,0.5353365716,-0.0000036841,0.0000141484,0.0000225869,0.0000143319,0.0428985750,0.1448747066,3.1422605640,0.5509745501,0.1359830813,0.3444988392,0.4965100000,0.0201321112,0.0493927325,0.0056899892,0.0014305304,0.1229554196,2.8740256651,0.4987776217,0.1984057821,0.2675869599
