Instance,INF_avg,INF_sd,INF_r1,INF_kr,INF_sk,SUP_avg,SUP_sd,SUP_r1,SUP_kr,SUP_sk,INC_avg,INC_sd,INC_r1,INC_kr,INC_sk,IND_avg,IND_sd,IND_r1,IND_kr,IND_sk
447,0.2640000000,0.0565685425,0.1981030394,2.3807000000,0.1675843071,0.2440000000,0.0585149554,-0.0222489477,3.4003406411,-0.1782434333,0.4920000000,0.0739729680,0.0831691528,2.2627988099,-0.0901230117,0.0952000000,0.0272939554,0.1201590340,2.5410156942,0.5330284090
