Instance,FV_avg_avg,FV_avg_sd,FV_sd_avg,FV_sd_sd,FV_r1_avg,FV_r1_sd,FV_kr_avg,FV_kr_sd,FV_sk_avg,FV_sk_sd,FD_avg_avg,FD_avg_sd,FD_sd_avg,FD_sd_sd,FD_r1_avg,FD_r1_sd,FD_kr_avg,FD_kr_sd,FD_sk_avg,FD_sk_sd,IN_avg_avg,IN_avg_sd,IN_sd_avg,IN_sd_sd,IN_r1_avg,IN_r1_sd,IN_kr_avg,IN_kr_sd,IN_sk_avg,IN_sk_sd
366,0.4995263768,0.3036434347,0.0001367119,0.0000791277,0.4217362072,0.3489028151,2.3530403728,0.9658140030,-0.0344373371,0.5908424865,-0.0000018077,0.0000107389,0.0000171712,0.0000115033,-0.0111886273,0.2571194520,2.3118197042,0.6421732196,0.1919462147,0.5173419877,0.4980000000,0.0285306852,0.0598827783,0.0129635207,-0.1471112255,0.2392972930,2.2779725349,0.5999773157,0.2396264985,0.4134931783
