Instance,FV_avg_avg,FV_avg_sd,FV_sd_avg,FV_sd_sd,FV_r1_avg,FV_r1_sd,FV_kr_avg,FV_kr_sd,FV_sk_avg,FV_sk_sd,FD_avg_avg,FD_avg_sd,FD_sd_avg,FD_sd_sd,FD_r1_avg,FD_r1_sd,FD_kr_avg,FD_kr_sd,FD_sk_avg,FD_sk_sd,IN_avg_avg,IN_avg_sd,IN_sd_avg,IN_sd_sd,IN_r1_avg,IN_r1_sd,IN_kr_avg,IN_kr_sd,IN_sk_avg,IN_sk_sd
469,0.4899982069,0.2978190878,0.0015987295,0.0013131986,0.7338379118,0.1722355140,2.6247513677,0.6860991007,-0.1568539866,0.5744325558,0.0000018988,0.0001207279,0.0000737545,0.0000461403,0.0929698420,0.2023966893,2.8360388598,0.7001530654,0.0161306296,0.5201316686,0.4968200000,0.0444370071,0.0363677415,0.0045417372,0.0194008859,0.1729546261,2.7152604556,0.6286189862,-0.0004131258,0.3711290993
