Instance,FV_avg_avg,FV_avg_sd,FV_sd_avg,FV_sd_sd,FV_r1_avg,FV_r1_sd,FV_kr_avg,FV_kr_sd,FV_sk_avg,FV_sk_sd,FD_avg_avg,FD_avg_sd,FD_sd_avg,FD_sd_sd,FD_r1_avg,FD_r1_sd,FD_kr_avg,FD_kr_sd,FD_sk_avg,FD_sk_sd,IN_avg_avg,IN_avg_sd,IN_sd_avg,IN_sd_sd,IN_r1_avg,IN_r1_sd,IN_kr_avg,IN_kr_sd,IN_sk_avg,IN_sk_sd
96,0.4953656684,0.3006381764,0.0005520982,0.0005499211,0.5390232479,0.3186439335,2.3553971377,1.0557227216,0.1545833959,0.6717092550,-0.0000056378,0.0000437606,0.0000403984,0.0000277167,-0.0807067700,0.3527294550,2.3598850765,0.5606804704,0.0453862843,0.5131227508,0.4953000000,0.0376272508,0.0494860964,0.0111456836,-0.1141861101,0.3241668919,2.1933494880,0.5244982972,0.1643744570,0.4067756404
