Instance,INF_avg,INF_sd,INF_r1,INF_kr,INF_sk,SUP_avg,SUP_sd,SUP_r1,SUP_kr,SUP_sk,INC_avg,INC_sd,INC_r1,INC_kr,INC_sk,IND_avg,IND_sd,IND_r1,IND_kr,IND_sk
358,0.1880000000,0.0203960781,-1.0370370370,1.9556213018,0.2715454179,0.3200000000,0.0357770876,-0.9166666667,1.9531250000,0.6288941187,0.4920000000,0.0560000000,-0.9609261939,1.9380466472,-0.5160349854,0.1120000000,0.0324961536,-0.1032028470,1.4421487603,0.3804646085
