Instance,FV_avg_avg,FV_avg_sd,FV_sd_avg,FV_sd_sd,FV_r1_avg,FV_r1_sd,FV_kr_avg,FV_kr_sd,FV_sk_avg,FV_sk_sd,FD_avg_avg,FD_avg_sd,FD_sd_avg,FD_sd_sd,FD_r1_avg,FD_r1_sd,FD_kr_avg,FD_kr_sd,FD_sk_avg,FD_sk_sd,IN_avg_avg,IN_avg_sd,IN_sd_avg,IN_sd_sd,IN_r1_avg,IN_r1_sd,IN_kr_avg,IN_kr_sd,IN_sk_avg,IN_sk_sd
124,0.4963111330,0.3016199814,0.0009600762,0.0005826716,0.7803711201,0.1310427595,2.3540658011,0.5205961972,-0.0202584587,0.5075537161,-0.0000042395,0.0000742931,0.0001603594,0.0000911410,-0.0932724426,0.1224611597,2.8779770022,0.8606258560,0.1789542589,0.6130729293,0.4862000000,0.0438629684,0.1509722130,0.0235157583,-0.0891373605,0.1907913436,2.7403674322,0.4988132053,0.1026227698,0.4939983951
