Instance,FV_avg_avg,FV_avg_sd,FV_sd_avg,FV_sd_sd,FV_r1_avg,FV_r1_sd,FV_kr_avg,FV_kr_sd,FV_sk_avg,FV_sk_sd,FD_avg_avg,FD_avg_sd,FD_sd_avg,FD_sd_sd,FD_r1_avg,FD_r1_sd,FD_kr_avg,FD_kr_sd,FD_sk_avg,FD_sk_sd,IN_avg_avg,IN_avg_sd,IN_sd_avg,IN_sd_sd,IN_r1_avg,IN_r1_sd,IN_kr_avg,IN_kr_sd,IN_sk_avg,IN_sk_sd
88,0.4981503464,0.3029138217,0.0011711540,0.0007731773,0.8887450645,0.0790274609,2.6401927299,1.1511232295,-0.2710672788,0.5092645924,0.0000095974,0.0000261452,0.0000628281,0.0000380951,0.0346853104,0.1399925589,2.9080117033,0.4880340577,-0.0720319091,0.3540201855,0.5044400000,0.0251519860,0.0719450510,0.0059643644,0.0236605563,0.1330432597,2.8706513332,0.4685995359,-0.0100000803,0.3708322383
