Instance,FV_avg_avg,FV_avg_sd,FV_sd_avg,FV_sd_sd,FV_r1_avg,FV_r1_sd,FV_kr_avg,FV_kr_sd,FV_sk_avg,FV_sk_sd,FD_avg_avg,FD_avg_sd,FD_sd_avg,FD_sd_sd,FD_r1_avg,FD_r1_sd,FD_kr_avg,FD_kr_sd,FD_sk_avg,FD_sk_sd,IN_avg_avg,IN_avg_sd,IN_sd_avg,IN_sd_sd,IN_r1_avg,IN_r1_sd,IN_kr_avg,IN_kr_sd,IN_sk_avg,IN_sk_sd
491,0.5005995380,0.3049491757,0.0007605358,0.0006108348,0.8705881048,0.0866610003,2.1982318384,0.3798152133,-0.0154292329,0.3247525944,0.0000011755,0.0000192165,0.0000654150,0.0000404172,0.0521068037,0.1449964851,2.9318949531,0.6240057465,0.1278182790,0.2944389742,0.4972000000,0.0295035591,0.1144245650,0.0146191290,0.0520294559,0.1246295118,2.8221226831,0.5740149626,0.0467273001,0.3407648800
