Instance,INF_avg,INF_sd,INF_r1,INF_kr,INF_sk,SUP_avg,SUP_sd,SUP_r1,SUP_kr,SUP_sk,INC_avg,INC_sd,INC_r1,INC_kr,INC_sk,IND_avg,IND_sd,IND_r1,IND_kr,IND_sk
258,0.3087500000,0.1065876986,0.0196395349,3.0649502593,-0.2442486529,0.1962500000,0.1086206127,0.3806576277,4.4275169873,1.1204449483,0.4950000000,0.1041633333,0.0139677275,2.5871594215,-0.0992105481,0.2162500000,0.0646021478,-0.0508328878,4.0903127607,0.1451298804
