Instance,FV_avg_avg,FV_avg_sd,FV_sd_avg,FV_sd_sd,FV_r1_avg,FV_r1_sd,FV_kr_avg,FV_kr_sd,FV_sk_avg,FV_sk_sd,FD_avg_avg,FD_avg_sd,FD_sd_avg,FD_sd_sd,FD_r1_avg,FD_r1_sd,FD_kr_avg,FD_kr_sd,FD_sk_avg,FD_sk_sd,IN_avg_avg,IN_avg_sd,IN_sd_avg,IN_sd_sd,IN_r1_avg,IN_r1_sd,IN_kr_avg,IN_kr_sd,IN_sk_avg,IN_sk_sd
222,0.4950655161,0.3000673496,0.0019219584,0.0010824231,0.9484448102,0.0354148190,2.3779055966,0.5122663256,-0.0803667920,0.4327095287,0.0000183320,0.0000824415,0.0001327171,0.0000793776,0.0782378158,0.1086081129,2.8914729568,0.3790351796,-0.0521610832,0.2244158665,0.5085000000,0.0392135181,0.1137731548,0.0074645319,0.0456316915,0.0942821650,2.9026144186,0.4013928895,0.0204477877,0.2091166872
