Instance,FV_avg_avg,FV_avg_sd,FV_sd_avg,FV_sd_sd,FV_r1_avg,FV_r1_sd,FV_kr_avg,FV_kr_sd,FV_sk_avg,FV_sk_sd,FD_avg_avg,FD_avg_sd,FD_sd_avg,FD_sd_sd,FD_r1_avg,FD_r1_sd,FD_kr_avg,FD_kr_sd,FD_sk_avg,FD_sk_sd,IN_avg_avg,IN_avg_sd,IN_sd_avg,IN_sd_sd,IN_r1_avg,IN_r1_sd,IN_kr_avg,IN_kr_sd,IN_sk_avg,IN_sk_sd
384,0.4997446100,0.3036567015,0.0004194848,0.0003428475,0.7968748595,0.1657545699,2.3307581517,0.4543354783,-0.0173692104,0.5217314830,-0.0000003655,0.0000156769,0.0000212679,0.0000128285,0.0304386996,0.1615623505,2.6443960193,0.5032862030,-0.1758805086,0.3150285134,0.4985600000,0.0289289889,0.0509736914,0.0059935618,-0.0062895110,0.2000917089,2.5187095023,0.3301885582,-0.0196418883,0.2831755261
