Instance,INF_avg,INF_sd,INF_r1,INF_kr,INF_sk,SUP_avg,SUP_sd,SUP_r1,SUP_kr,SUP_sk,INC_avg,INC_sd,INC_r1,INC_kr,INC_sk,IND_avg,IND_sd,IND_r1,IND_kr,IND_sk
427,0.2000000000,0.0894427191,0.2857142857,3.1250000000,0.8385254916,0.2300000000,0.1268857754,-0.0430980637,1.9728019752,-0.2819575118,0.5700000000,0.1417744688,0.1330953595,1.8934432316,0.5390103811,0.3700000000,0.1734935157,-0.8375597207,2.1798545270,0.2366839057
