Instance,FV_avg_avg,FV_avg_sd,FV_sd_avg,FV_sd_sd,FV_r1_avg,FV_r1_sd,FV_kr_avg,FV_kr_sd,FV_sk_avg,FV_sk_sd,FD_avg_avg,FD_avg_sd,FD_sd_avg,FD_sd_sd,FD_r1_avg,FD_r1_sd,FD_kr_avg,FD_kr_sd,FD_sk_avg,FD_sk_sd,IN_avg_avg,IN_avg_sd,IN_sd_avg,IN_sd_sd,IN_r1_avg,IN_r1_sd,IN_kr_avg,IN_kr_sd,IN_sk_avg,IN_sk_sd
179,0.5010913917,0.3050854881,0.0003151375,0.0002061257,0.8758651546,0.0893941404,2.4785610128,0.6899767502,0.1114231657,0.4596134856,-0.0000001592,0.0000061451,0.0000385477,0.0000233951,-0.0462121999,0.0911935172,2.7712408498,0.4471780843,0.0170115597,0.2065523091,0.4970000000,0.0241536747,0.1565719645,0.0131460990,-0.0464712487,0.1209510787,2.6415029463,0.3739607825,-0.0079712178,0.2646349211
