Instance,FV_avg_avg,FV_avg_sd,FV_sd_avg,FV_sd_sd,FV_r1_avg,FV_r1_sd,FV_kr_avg,FV_kr_sd,FV_sk_avg,FV_sk_sd,FD_avg_avg,FD_avg_sd,FD_sd_avg,FD_sd_sd,FD_r1_avg,FD_r1_sd,FD_kr_avg,FD_kr_sd,FD_sk_avg,FD_sk_sd,IN_avg_avg,IN_avg_sd,IN_sd_avg,IN_sd_sd,IN_r1_avg,IN_r1_sd,IN_kr_avg,IN_kr_sd,IN_sk_avg,IN_sk_sd
294,0.5019357879,0.3036974614,0.0011504029,0.0007856508,0.8681598986,0.0807032679,2.3927684624,0.5474334653,0.1770765879,0.4173889389,-0.0000193969,0.0000408092,0.0000576982,0.0000364579,0.0214911094,0.1514642845,2.9743817360,0.4798159599,-0.0699921973,0.3424387174,0.4928900000,0.0292558695,0.0506161271,0.0055362147,0.0352399463,0.1474236917,2.7021342276,0.5147737418,-0.0429971865,0.2469355373
