Instance,FV_avg_avg,FV_avg_sd,FV_sd_avg,FV_sd_sd,FV_r1_avg,FV_r1_sd,FV_kr_avg,FV_kr_sd,FV_sk_avg,FV_sk_sd,FD_avg_avg,FD_avg_sd,FD_sd_avg,FD_sd_sd,FD_r1_avg,FD_r1_sd,FD_kr_avg,FD_kr_sd,FD_sk_avg,FD_sk_sd,IN_avg_avg,IN_avg_sd,IN_sd_avg,IN_sd_sd,IN_r1_avg,IN_r1_sd,IN_kr_avg,IN_kr_sd,IN_sk_avg,IN_sk_sd
223,0.4966499201,0.3019604161,0.0008373497,0.0006026031,0.9174725054,0.0527159005,2.3657582999,0.4814997142,-0.2008123832,0.4988216196,0.0000017916,0.0000182856,0.0000332831,0.0000201516,0.0357871684,0.1464613831,2.8686025500,0.6871683673,-0.0475994443,0.3595848864,0.5001100000,0.0197097412,0.0506605926,0.0034522978,0.0356941286,0.1472368638,2.9104705167,0.5764768596,-0.0081930744,0.3362564966
