Instance,FV_avg_avg,FV_avg_sd,FV_sd_avg,FV_sd_sd,FV_r1_avg,FV_r1_sd,FV_kr_avg,FV_kr_sd,FV_sk_avg,FV_sk_sd,FD_avg_avg,FD_avg_sd,FD_sd_avg,FD_sd_sd,FD_r1_avg,FD_r1_sd,FD_kr_avg,FD_kr_sd,FD_sk_avg,FD_sk_sd,IN_avg_avg,IN_avg_sd,IN_sd_avg,IN_sd_sd,IN_r1_avg,IN_r1_sd,IN_kr_avg,IN_kr_sd,IN_sk_avg,IN_sk_sd
218,0.4975798444,0.3022461069,0.0016414646,0.0009225576,0.9367485744,0.0398303402,2.4475736244,0.5340401733,-0.1491628853,0.4724301429,-0.0000030742,0.0000255714,0.0001738411,0.0001048716,0.0338123724,0.1385139860,2.9706953882,0.3474532823,-0.0334670491,0.2430255513,0.4950000000,0.0219749858,0.1612501501,0.0130571469,0.0002530879,0.1441802159,2.7815285385,0.3361074882,-0.0521988130,0.2048465196
