Instance,FV_avg_avg,FV_avg_sd,FV_sd_avg,FV_sd_sd,FV_r1_avg,FV_r1_sd,FV_kr_avg,FV_kr_sd,FV_sk_avg,FV_sk_sd,FD_avg_avg,FD_avg_sd,FD_sd_avg,FD_sd_sd,FD_r1_avg,FD_r1_sd,FD_kr_avg,FD_kr_sd,FD_sk_avg,FD_sk_sd,IN_avg_avg,IN_avg_sd,IN_sd_avg,IN_sd_sd,IN_r1_avg,IN_r1_sd,IN_kr_avg,IN_kr_sd,IN_sk_avg,IN_sk_sd
114,0.4924480900,0.2998067968,0.0009662397,0.0006268361,0.8364317761,0.1026297512,2.3683876860,0.7327734100,-0.0411311215,0.5120740974,0.0000123292,0.0000561855,0.0001612899,0.0000986962,-0.0360803239,0.1964625678,2.8523322233,0.5978794642,-0.0502126561,0.4876289960,0.5102000000,0.0420946552,0.1632714290,0.0191426347,-0.0687335933,0.1769000402,2.7839144042,0.4607665084,-0.0050072790,0.4914548254
