Instance,INF_avg,INF_sd,INF_r1,INF_kr,INF_sk,SUP_avg,SUP_sd,SUP_r1,SUP_kr,SUP_sk,INC_avg,INC_sd,INC_r1,INC_kr,INC_sk,IND_avg,IND_sd,IND_r1,IND_kr,IND_sk
228,0.3740000000,0.0124096736,0.6515679443,1.3240850059,-0.0062791400,0.2890000000,0.0249799920,-0.1846745752,2.6698409763,0.9172725734,0.3370000000,0.0256124969,-0.1861137898,2.4610815735,-0.9995358831,0.0270000000,0.0060000000,-0.3157894737,3.2500000000,-1.5000000000
