Instance,INF_avg,INF_sd,INF_r1,INF_kr,INF_sk,SUP_avg,SUP_sd,SUP_r1,SUP_kr,SUP_sk,INC_avg,INC_sd,INC_r1,INC_kr,INC_sk,IND_avg,IND_sd,IND_r1,IND_kr,IND_sk
149,0.2250000000,0.1418626096,-0.2255892256,2.4129084526,0.3809126819,0.2200000000,0.1029563014,0.3274456522,2.0151299395,0.0054978445,0.5550000000,0.1588238017,-0.0382184773,2.3819882701,0.1707298031,0.2200000000,0.0556776436,0.5528455285,2.8792924037,-0.8342955965
