Instance,FV_avg_avg,FV_avg_sd,FV_sd_avg,FV_sd_sd,FV_r1_avg,FV_r1_sd,FV_kr_avg,FV_kr_sd,FV_sk_avg,FV_sk_sd,FD_avg_avg,FD_avg_sd,FD_sd_avg,FD_sd_sd,FD_r1_avg,FD_r1_sd,FD_kr_avg,FD_kr_sd,FD_sk_avg,FD_sk_sd,IN_avg_avg,IN_avg_sd,IN_sd_avg,IN_sd_sd,IN_r1_avg,IN_r1_sd,IN_kr_avg,IN_kr_sd,IN_sk_avg,IN_sk_sd
54,0.4626249075,0.2813122083,0.0180911372,0.0112295794,0.9935654438,0.0025722978,1.9416622520,0.0942630728,0.3726117329,0.1009481407,-0.0001883991,0.0001144548,0.0000952743,0.0000594682,0.8623708691,0.0353972822,2.3694355580,0.1795723542,0.4672905305,0.0796692538,0.2257189035,0.0260392438,0.1347459813,0.0082428901,0.8232755466,0.0314772970,2.5817799905,0.2301271411,0.6142662694,0.1131553786
