Instance,INF_avg,INF_sd,INF_r1,INF_kr,INF_sk,SUP_avg,SUP_sd,SUP_r1,SUP_kr,SUP_sk,INC_avg,INC_sd,INC_r1,INC_kr,INC_sk,IND_avg,IND_sd,IND_r1,IND_kr,IND_sk
67,0.3904568528,0.0964670029,0.8695365861,2.1033180151,-0.1169478383,0.0921827411,0.0788193791,0.9132731297,2.8230799708,0.9567671455,0.5173604061,0.0451465415,0.3410112260,2.7666121956,-0.1295826461,0.0442893401,0.0128739511,0.3858974140,2.5921717259,0.3537149856
