Instance,INF_avg,INF_sd,INF_r1,INF_kr,INF_sk,SUP_avg,SUP_sd,SUP_r1,SUP_kr,SUP_sk,INC_avg,INC_sd,INC_r1,INC_kr,INC_sk,IND_avg,IND_sd,IND_r1,IND_kr,IND_sk
47,0.2960000000,0.0708801806,0.4368340944,1.4154935291,0.4076135177,0.2040000000,0.0387814389,-0.0462555066,1.5439112721,0.0460847791,0.5000000000,0.0632455532,0.0000000000,1.3480000000,-0.0000000000,0.1200000000,0.0505964426,-0.1935483871,3.1445312500,1.4082017705
