Instance,INF_avg,INF_sd,INF_r1,INF_kr,INF_sk,SUP_avg,SUP_sd,SUP_r1,SUP_kr,SUP_sk,INC_avg,INC_sd,INC_r1,INC_kr,INC_sk,IND_avg,IND_sd,IND_r1,IND_kr,IND_sk
289,0.2796000000,0.0688755399,0.2121916877,3.1185617756,0.3900801901,0.2348000000,0.0595731483,0.1852347382,3.2014076959,0.3389625479,0.4856000000,0.0623589609,0.1306279230,2.7094108269,-0.5103054858,0.1280000000,0.0339411255,0.1954185520,2.2060185185,-0.0982092752
