Instance,FV_avg_avg,FV_avg_sd,FV_sd_avg,FV_sd_sd,FV_r1_avg,FV_r1_sd,FV_kr_avg,FV_kr_sd,FV_sk_avg,FV_sk_sd,FD_avg_avg,FD_avg_sd,FD_sd_avg,FD_sd_sd,FD_r1_avg,FD_r1_sd,FD_kr_avg,FD_kr_sd,FD_sk_avg,FD_sk_sd,IN_avg_avg,IN_avg_sd,IN_sd_avg,IN_sd_sd,IN_r1_avg,IN_r1_sd,IN_kr_avg,IN_kr_sd,IN_sk_avg,IN_sk_sd
50,0.5024521949,0.3042900129,0.0003783983,0.0002448742,0.9063752439,0.0589893290,2.4048142754,0.6051171022,0.0336600197,0.4469113590,-0.0000021232,0.0000157040,0.0000471175,0.0000283953,0.0209412757,0.1024615393,3.0011929098,0.6996610337,-0.0389220681,0.2767455658,0.4958000000,0.0386569528,0.1540055972,0.0105012391,0.0130648683,0.1127358310,2.6233880307,0.3792067962,0.0424604990,0.1956380798
