Instance,INF_avg,INF_sd,INF_r1,INF_kr,INF_sk,SUP_avg,SUP_sd,SUP_r1,SUP_kr,SUP_sk,INC_avg,INC_sd,INC_r1,INC_kr,INC_sk,IND_avg,IND_sd,IND_r1,IND_kr,IND_sk
52,0.2670000000,0.1046947945,0.1093915862,2.1731670158,-0.1929520626,0.3220000000,0.1132077736,-0.1161242084,4.5320613980,1.1741196867,0.4110000000,0.1035808863,-0.1865699810,2.1685783345,-0.2005616156,0.2160000000,0.0737834670,0.1115817963,4.0539879427,0.7458526505
