Instance,INF_avg,INF_sd,INF_r1,INF_kr,INF_sk,SUP_avg,SUP_sd,SUP_r1,SUP_kr,SUP_sk,INC_avg,INC_sd,INC_r1,INC_kr,INC_sk,IND_avg,IND_sd,IND_r1,IND_kr,IND_sk
235,0.2250000000,0.1227802916,0.0212234707,2.9733174921,0.4558561357,0.2770000000,0.1573880555,-0.0892883749,3.0105856065,0.3825330198,0.4980000000,0.1754878913,-0.1792197775,2.7759983909,0.2192288543,0.3740000000,0.1300922749,0.0100324615,3.3486792987,0.7347329219
