Instance,INF_avg,INF_sd,INF_r1,INF_kr,INF_sk,SUP_avg,SUP_sd,SUP_r1,SUP_kr,SUP_sk,INC_avg,INC_sd,INC_r1,INC_kr,INC_sk,IND_avg,IND_sd,IND_r1,IND_kr,IND_sk
228,0.2621000000,0.0677870932,0.4644618865,2.4060788428,-0.1810691433,0.2037000000,0.0409976829,0.3529052023,2.4324078248,-0.3639586880,0.5342000000,0.0493594976,0.4117634896,2.7091371441,0.2409228088,0.0339000000,0.0088481637,-0.1019995833,2.5045628930,-0.0545846097
