Instance,FV_avg_avg,FV_avg_sd,FV_sd_avg,FV_sd_sd,FV_r1_avg,FV_r1_sd,FV_kr_avg,FV_kr_sd,FV_sk_avg,FV_sk_sd,FD_avg_avg,FD_avg_sd,FD_sd_avg,FD_sd_sd,FD_r1_avg,FD_r1_sd,FD_kr_avg,FD_kr_sd,FD_sk_avg,FD_sk_sd,IN_avg_avg,IN_avg_sd,IN_sd_avg,IN_sd_sd,IN_r1_avg,IN_r1_sd,IN_kr_avg,IN_kr_sd,IN_sk_avg,IN_sk_sd
170,0.5005694613,0.3044168487,0.0000913736,0.0000674925,0.3132453301,0.4488606991,1.7038923104,0.3989255430,0.0031008931,0.4751097730,-0.0000039510,0.0000136148,0.0000237165,0.0000174123,-0.1161261083,0.4072581297,2.1749438014,0.4301548594,0.1551274362,0.5864301641,0.4970000000,0.0630158710,0.1117886940,0.0349755327,-0.0761863713,0.3139176531,2.1841801761,0.4647820939,0.1059989497,0.7233859487
