Instance,INF_avg,INF_sd,INF_r1,INF_kr,INF_sk,SUP_avg,SUP_sd,SUP_r1,SUP_kr,SUP_sk,INC_avg,INC_sd,INC_r1,INC_kr,INC_sk,IND_avg,IND_sd,IND_r1,IND_kr,IND_sk
250,0.3200000000,0.1720465053,-0.2994350282,1.9945215486,0.3958703373,0.1600000000,0.1356465997,0.0929203540,2.3638941399,0.7500308204,0.5200000000,0.2315167381,0.3611987382,1.1963689018,0.3365218792,0.3800000000,0.1166190379,-0.2686567164,1.6280276817,-0.3631734744
