Instance,FV_avg_avg,FV_avg_sd,FV_sd_avg,FV_sd_sd,FV_r1_avg,FV_r1_sd,FV_kr_avg,FV_kr_sd,FV_sk_avg,FV_sk_sd,FD_avg_avg,FD_avg_sd,FD_sd_avg,FD_sd_sd,FD_r1_avg,FD_r1_sd,FD_kr_avg,FD_kr_sd,FD_sk_avg,FD_sk_sd,IN_avg_avg,IN_avg_sd,IN_sd_avg,IN_sd_sd,IN_r1_avg,IN_r1_sd,IN_kr_avg,IN_kr_sd,IN_sk_avg,IN_sk_sd
281,0.4987306006,0.3031442829,0.0006087973,0.0004537772,0.7496985479,0.1351886947,2.6031756314,0.9389602416,-0.2577124615,0.6147906135,-0.0000188396,0.0000438337,0.0001036672,0.0000603867,0.0258357173,0.1641757131,2.8278311408,0.6464627772,-0.0475396501,0.3826218939,0.4770000000,0.0387582249,0.1525366427,0.0219402058,0.0361576530,0.1276078816,2.7616253189,0.5807600535,0.0144150361,0.4397910488
