Instance,INF_avg,INF_sd,INF_r1,INF_kr,INF_sk,SUP_avg,SUP_sd,SUP_r1,SUP_kr,SUP_sk,INC_avg,INC_sd,INC_r1,INC_kr,INC_sk,IND_avg,IND_sd,IND_r1,IND_kr,IND_sk
53,0.2412000000,0.0414555183,0.0117156314,3.5748768511,0.4015992658,0.2538000000,0.0556017985,0.1140457919,2.5075164412,0.1780221253,0.5050000000,0.0438292140,0.2678623934,2.7573876611,-0.3463350714,0.0628000000,0.0178930154,0.2148841438,2.8488372006,0.2878008582
