Instance,FV_avg_avg,FV_avg_sd,FV_sd_avg,FV_sd_sd,FV_r1_avg,FV_r1_sd,FV_kr_avg,FV_kr_sd,FV_sk_avg,FV_sk_sd,FD_avg_avg,FD_avg_sd,FD_sd_avg,FD_sd_sd,FD_r1_avg,FD_r1_sd,FD_kr_avg,FD_kr_sd,FD_sk_avg,FD_sk_sd,IN_avg_avg,IN_avg_sd,IN_sd_avg,IN_sd_sd,IN_r1_avg,IN_r1_sd,IN_kr_avg,IN_kr_sd,IN_sk_avg,IN_sk_sd
67,0.4925504899,0.3003220177,0.0001726355,0.0001457894,0.0382326134,0.3832708588,1.8204562191,0.4567191024,-0.0331400078,0.4597236145,0.0000055191,0.0000230048,0.0000178225,0.0000127858,-0.1605542613,0.3625811187,2.2789686970,0.5730905576,-0.3812622573,0.7428343012,0.5060000000,0.0286146815,0.0414686167,0.0174800982,-0.1283825925,0.4123145585,2.1028578655,0.5383345510,-0.1280550680,0.6019749735
