Instance,FV_avg_avg,FV_avg_sd,FV_sd_avg,FV_sd_sd,FV_r1_avg,FV_r1_sd,FV_kr_avg,FV_kr_sd,FV_sk_avg,FV_sk_sd,FD_avg_avg,FD_avg_sd,FD_sd_avg,FD_sd_sd,FD_r1_avg,FD_r1_sd,FD_kr_avg,FD_kr_sd,FD_sk_avg,FD_sk_sd,IN_avg_avg,IN_avg_sd,IN_sd_avg,IN_sd_sd,IN_r1_avg,IN_r1_sd,IN_kr_avg,IN_kr_sd,IN_sk_avg,IN_sk_sd
482,0.4869547028,0.2961540592,0.0014430532,0.0010381959,0.5184067094,0.2726437955,2.3376074657,0.7505562107,0.2337995026,0.5347083976,-0.0000510241,0.0001339435,0.0000856348,0.0000577537,-0.0201649658,0.3042409603,2.7561442029,0.9825718113,-0.1376495207,0.7188514173,0.4840750000,0.0353059043,0.0347353998,0.0099857149,0.0000210783,0.2810740601,2.4377371138,0.4384665738,-0.0402240618,0.4635837392
