Instance,FV_avg_avg,FV_avg_sd,FV_sd_avg,FV_sd_sd,FV_r1_avg,FV_r1_sd,FV_kr_avg,FV_kr_sd,FV_sk_avg,FV_sk_sd,FD_avg_avg,FD_avg_sd,FD_sd_avg,FD_sd_sd,FD_r1_avg,FD_r1_sd,FD_kr_avg,FD_kr_sd,FD_sk_avg,FD_sk_sd,IN_avg_avg,IN_avg_sd,IN_sd_avg,IN_sd_sd,IN_r1_avg,IN_r1_sd,IN_kr_avg,IN_kr_sd,IN_sk_avg,IN_sk_sd
185,0.4672377107,0.2833667510,0.0144619750,0.0098903048,0.9469814128,0.0299318016,2.0251401592,0.1920314375,0.4244290310,0.1450318989,-0.0009487082,0.0006173513,0.0005581187,0.0003863408,0.6000766617,0.1955730163,2.8223987580,0.6492342891,0.3669309922,0.3500359722,0.2592940951,0.0312597412,0.1457967714,0.0225597228,0.4985159372,0.2042407334,2.6864909792,0.6073303150,0.3628290520,0.3542653903
