Instance,FV_avg_avg,FV_avg_sd,FV_sd_avg,FV_sd_sd,FV_r1_avg,FV_r1_sd,FV_kr_avg,FV_kr_sd,FV_sk_avg,FV_sk_sd,FD_avg_avg,FD_avg_sd,FD_sd_avg,FD_sd_sd,FD_r1_avg,FD_r1_sd,FD_kr_avg,FD_kr_sd,FD_sk_avg,FD_sk_sd,IN_avg_avg,IN_avg_sd,IN_sd_avg,IN_sd_sd,IN_r1_avg,IN_r1_sd,IN_kr_avg,IN_kr_sd,IN_sk_avg,IN_sk_sd
363,0.4954297955,0.2994633526,0.0027176509,0.0022242607,0.8788191467,0.0622691079,2.3261934808,0.6153276262,-0.0396935296,0.3862983211,-0.0000028343,0.0001098759,0.0001986069,0.0001286114,0.2641642279,0.1863712094,2.9802068521,0.5375563101,0.0769502801,0.3097585215,0.5036200000,0.0379438480,0.0807142097,0.0075879087,0.2055692542,0.1699552104,3.0061246881,0.7152381086,0.0137528457,0.3453044345
