Instance,INF_avg,INF_sd,INF_r1,INF_kr,INF_sk,SUP_avg,SUP_sd,SUP_r1,SUP_kr,SUP_sk,INC_avg,INC_sd,INC_r1,INC_kr,INC_sk,IND_avg,IND_sd,IND_r1,IND_kr,IND_sk
205,0.3484000000,0.0936452882,0.4544638544,2.9771518705,0.1878400686,0.1324000000,0.0694999281,0.5440352771,2.4426647383,0.2516774282,0.5192000000,0.0711010548,0.0381134931,2.6255828967,-0.1247119014,0.1292000000,0.0342251370,0.2130208775,2.3286990228,-0.2551318313
