Instance,INF_avg,INF_sd,INF_r1,INF_kr,INF_sk,SUP_avg,SUP_sd,SUP_r1,SUP_kr,SUP_sk,INC_avg,INC_sd,INC_r1,INC_kr,INC_sk,IND_avg,IND_sd,IND_r1,IND_kr,IND_sk
189,0.2512000000,0.0684292335,0.0732766575,2.4004661041,0.0728442832,0.2290000000,0.0670745854,0.1268156139,2.9812338332,0.4229665284,0.5198000000,0.0770192184,0.1572525933,2.5690035171,0.1441952288,0.1190000000,0.0358189894,0.0339145999,3.6702881800,0.4510859679
