Instance,INF_avg,INF_sd,INF_r1,INF_kr,INF_sk,SUP_avg,SUP_sd,SUP_r1,SUP_kr,SUP_sk,INC_avg,INC_sd,INC_r1,INC_kr,INC_sk,IND_avg,IND_sd,IND_r1,IND_kr,IND_sk
191,0.2150000000,0.0838152731,-0.0394784498,2.4621901952,-0.2241839094,0.2600000000,0.1067707825,0.0360169492,3.1057248384,1.0943265798,0.5250000000,0.1436140662,0.0391459075,1.4584022039,-0.1519223179,0.2500000000,0.0316227766,0.2500000000,2.5000000000,0.0000000000
