Instance,INF_avg,INF_sd,INF_r1,INF_kr,INF_sk,SUP_avg,SUP_sd,SUP_r1,SUP_kr,SUP_sk,INC_avg,INC_sd,INC_r1,INC_kr,INC_sk,IND_avg,IND_sd,IND_r1,IND_kr,IND_sk
463,0.2140000000,0.0964572444,-0.2176325524,3.0798654265,0.2022289664,0.3240000000,0.1001199281,0.1983649092,2.6379055789,0.4926733123,0.4620000000,0.1070327053,0.2925296224,2.7427641537,-0.3377550618,0.2400000000,0.0529150262,0.0737951807,2.5459183673,0.4049619354
