Instance,FV_avg_avg,FV_avg_sd,FV_sd_avg,FV_sd_sd,FV_r1_avg,FV_r1_sd,FV_kr_avg,FV_kr_sd,FV_sk_avg,FV_sk_sd,FD_avg_avg,FD_avg_sd,FD_sd_avg,FD_sd_sd,FD_r1_avg,FD_r1_sd,FD_kr_avg,FD_kr_sd,FD_sk_avg,FD_sk_sd,IN_avg_avg,IN_avg_sd,IN_sd_avg,IN_sd_sd,IN_r1_avg,IN_r1_sd,IN_kr_avg,IN_kr_sd,IN_sk_avg,IN_sk_sd
190,0.5013593814,0.3051733295,0.0002319350,0.0001733990,0.4236036673,0.3589616812,2.2237466796,0.6161285153,0.0712904326,0.4650588771,0.0000034210,0.0000133191,0.0000415695,0.0000276056,0.0099040132,0.2373818332,2.6621779972,0.9460953739,0.0659635375,0.6607618091,0.5092500000,0.0355765021,0.0998818985,0.0284579750,-0.0226058003,0.2588447745,2.4657183493,0.7777539876,-0.1431731766,0.6478514058
