Instance,FV_avg_avg,FV_avg_sd,FV_sd_avg,FV_sd_sd,FV_r1_avg,FV_r1_sd,FV_kr_avg,FV_kr_sd,FV_sk_avg,FV_sk_sd,FD_avg_avg,FD_avg_sd,FD_sd_avg,FD_sd_sd,FD_r1_avg,FD_r1_sd,FD_kr_avg,FD_kr_sd,FD_sk_avg,FD_sk_sd,IN_avg_avg,IN_avg_sd,IN_sd_avg,IN_sd_sd,IN_r1_avg,IN_r1_sd,IN_kr_avg,IN_kr_sd,IN_sk_avg,IN_sk_sd
210,0.4965188102,0.3012544692,0.0014254980,0.0008956161,0.9356703497,0.0617802174,2.2911186357,0.5570781610,-0.1548545417,0.3508223442,0.0000015386,0.0000311358,0.0001300284,0.0000755036,0.0342173140,0.0915431950,2.8291856618,0.3714764833,-0.0133736627,0.2197504998,0.4938000000,0.0230165158,0.1606762594,0.0097436986,0.0110880685,0.0906113594,2.6487036493,0.3381579273,-0.0310681754,0.1956529443
