Instance,INF_avg,INF_sd,INF_r1,INF_kr,INF_sk,SUP_avg,SUP_sd,SUP_r1,SUP_kr,SUP_sk,INC_avg,INC_sd,INC_r1,INC_kr,INC_sk,IND_avg,IND_sd,IND_r1,IND_kr,IND_sk
477,0.4801351351,0.1118758149,0.8878366394,2.2731121550,-0.2460521708,0.0988513514,0.0872343353,0.9040467523,2.8933184081,0.9432498289,0.4210135135,0.0465860126,0.4246618877,2.9054477986,-0.3503243294,0.0435810811,0.0110746933,0.2202512033,2.6661750592,0.2185841494
