Instance,FV_avg_avg,FV_avg_sd,FV_sd_avg,FV_sd_sd,FV_r1_avg,FV_r1_sd,FV_kr_avg,FV_kr_sd,FV_sk_avg,FV_sk_sd,FD_avg_avg,FD_avg_sd,FD_sd_avg,FD_sd_sd,FD_r1_avg,FD_r1_sd,FD_kr_avg,FD_kr_sd,FD_sk_avg,FD_sk_sd,IN_avg_avg,IN_avg_sd,IN_sd_avg,IN_sd_sd,IN_r1_avg,IN_r1_sd,IN_kr_avg,IN_kr_sd,IN_sk_avg,IN_sk_sd
327,0.4811638683,0.2919196087,0.0091746502,0.0057920031,0.9953459183,0.0013262867,1.9267876927,0.0532646843,0.2878244263,0.0498280112,-0.0000583396,0.0000378449,0.0000384250,0.0000233529,0.5031017052,0.0930634179,2.8258553048,0.3162989274,0.1532162613,0.1439183884,0.3081854302,0.0252636613,0.1363617284,0.0090120164,0.4523901745,0.1083807567,2.7634014770,0.2489333926,0.3320145491,0.1598963529
