Instance,INF_avg,INF_sd,INF_r1,INF_kr,INF_sk,SUP_avg,SUP_sd,SUP_r1,SUP_kr,SUP_sk,INC_avg,INC_sd,INC_r1,INC_kr,INC_sk,IND_avg,IND_sd,IND_r1,IND_kr,IND_sk
456,0.2260000000,0.0788923317,-0.0237124574,2.4757353573,-0.2811420085,0.3260000000,0.0788923317,-0.1618600088,3.0550088884,0.5131134918,0.4480000000,0.0793473377,0.2382271468,3.0641354346,-0.5348911097,0.2080000000,0.0462168800,-0.0780710964,3.0098682826,-0.0179904112
