Instance,INF_avg,INF_sd,INF_r1,INF_kr,INF_sk,SUP_avg,SUP_sd,SUP_r1,SUP_kr,SUP_sk,INC_avg,INC_sd,INC_r1,INC_kr,INC_sk,IND_avg,IND_sd,IND_r1,IND_kr,IND_sk
313,0.2400000000,0.0734846923,-0.6666666667,1.1666666667,-0.4082482905,0.2300000000,0.0927361850,0.2832167832,1.5091941590,-0.1579875514,0.5300000000,0.1208304597,-0.3037447989,2.5052542691,0.8978957038,0.2100000000,0.0583095189,-0.5680473373,1.6280276817,0.3631734744
