Instance,FV_avg_avg,FV_avg_sd,FV_sd_avg,FV_sd_sd,FV_r1_avg,FV_r1_sd,FV_kr_avg,FV_kr_sd,FV_sk_avg,FV_sk_sd,FD_avg_avg,FD_avg_sd,FD_sd_avg,FD_sd_sd,FD_r1_avg,FD_r1_sd,FD_kr_avg,FD_kr_sd,FD_sk_avg,FD_sk_sd,IN_avg_avg,IN_avg_sd,IN_sd_avg,IN_sd_sd,IN_r1_avg,IN_r1_sd,IN_kr_avg,IN_kr_sd,IN_sk_avg,IN_sk_sd
205,0.4986910256,0.3034714349,0.0005507379,0.0004189388,0.1958207783,0.3874663648,1.8870394878,0.5153877393,-0.0728415308,0.6233683829,-0.0000114808,0.0000566323,0.0000450387,0.0000311040,-0.4901414340,0.4830189920,1.9077695430,0.4680198901,0.0047221204,0.6094196323,0.4846000000,0.0490228518,0.0462018881,0.0151982084,-0.4164142957,0.4399167951,1.9502870671,0.4638749787,-0.0138883287,0.5582125001
