Instance,FV_avg_avg,FV_avg_sd,FV_sd_avg,FV_sd_sd,FV_r1_avg,FV_r1_sd,FV_kr_avg,FV_kr_sd,FV_sk_avg,FV_sk_sd,FD_avg_avg,FD_avg_sd,FD_sd_avg,FD_sd_sd,FD_r1_avg,FD_r1_sd,FD_kr_avg,FD_kr_sd,FD_sk_avg,FD_sk_sd,IN_avg_avg,IN_avg_sd,IN_sd_avg,IN_sd_sd,IN_r1_avg,IN_r1_sd,IN_kr_avg,IN_kr_sd,IN_sk_avg,IN_sk_sd
86,0.5003327082,0.3038390229,0.0004895240,0.0004119670,0.8845844742,0.1029081821,2.6703305223,0.8894730357,0.0774762686,0.6802268365,0.0000030165,0.0000114009,0.0000391463,0.0000252557,0.0007208422,0.1609254207,2.9882431844,0.6352528314,0.0462809755,0.3705889062,0.4983500000,0.0220936077,0.1135954315,0.0108502505,0.0318017575,0.1132469695,2.9757526209,0.5262526642,0.0162361047,0.2834082241
