Instance,INF_avg,INF_sd,INF_r1,INF_kr,INF_sk,SUP_avg,SUP_sd,SUP_r1,SUP_kr,SUP_sk,INC_avg,INC_sd,INC_r1,INC_kr,INC_sk,IND_avg,IND_sd,IND_r1,IND_kr,IND_sk
446,0.2200000000,0.0626099034,-0.0164609053,3.0483132028,0.4028833849,0.2736000000,0.0697928363,0.0833268658,2.3869011136,0.0480819338,0.5064000000,0.0758356117,0.1610501123,2.8336287785,0.1989250101,0.1076000000,0.0370707432,-0.1515485449,2.3581071599,-0.1871001422
