Instance,FV_avg_avg,FV_avg_sd,FV_sd_avg,FV_sd_sd,FV_r1_avg,FV_r1_sd,FV_kr_avg,FV_kr_sd,FV_sk_avg,FV_sk_sd,FD_avg_avg,FD_avg_sd,FD_sd_avg,FD_sd_sd,FD_r1_avg,FD_r1_sd,FD_kr_avg,FD_kr_sd,FD_sk_avg,FD_sk_sd,IN_avg_avg,IN_avg_sd,IN_sd_avg,IN_sd_sd,IN_r1_avg,IN_r1_sd,IN_kr_avg,IN_kr_sd,IN_sk_avg,IN_sk_sd
130,0.5007349864,0.3028095944,0.0014469676,0.0013344882,0.5094865104,0.3613890717,1.9442757898,0.4905263416,0.0498162740,0.3227178465,-0.0000252239,0.0001259946,0.0000994043,0.0000750903,-0.1061765546,0.3355513256,2.5284683731,0.5681461981,-0.0456635334,0.4764544317,0.5017000000,0.0454511826,0.0410114692,0.0098162819,-0.1071047392,0.3364192603,2.4143816702,0.6421142498,-0.1157899607,0.4834697923
