Instance,FV_avg_avg,FV_avg_sd,FV_sd_avg,FV_sd_sd,FV_r1_avg,FV_r1_sd,FV_kr_avg,FV_kr_sd,FV_sk_avg,FV_sk_sd,FD_avg_avg,FD_avg_sd,FD_sd_avg,FD_sd_sd,FD_r1_avg,FD_r1_sd,FD_kr_avg,FD_kr_sd,FD_sk_avg,FD_sk_sd,IN_avg_avg,IN_avg_sd,IN_sd_avg,IN_sd_sd,IN_r1_avg,IN_r1_sd,IN_kr_avg,IN_kr_sd,IN_sk_avg,IN_sk_sd
332,0.4961562592,0.3014164906,0.0008204165,0.0006225267,0.4341864070,0.3749894292,2.2240666647,0.6575689324,-0.1426767406,0.5247168321,-0.0000312560,0.0001578074,0.0002346553,0.0001560235,-0.0817218442,0.2294940738,2.2566637706,0.5585362323,0.0807272841,0.4850203970,0.4995000000,0.0723515722,0.1389697317,0.0332026156,-0.1214421824,0.2965063897,2.4767825267,0.9116190707,0.1033042166,0.6527499908
