Instance,FV_avg_avg,FV_avg_sd,FV_sd_avg,FV_sd_sd,FV_r1_avg,FV_r1_sd,FV_kr_avg,FV_kr_sd,FV_sk_avg,FV_sk_sd,FD_avg_avg,FD_avg_sd,FD_sd_avg,FD_sd_sd,FD_r1_avg,FD_r1_sd,FD_kr_avg,FD_kr_sd,FD_sk_avg,FD_sk_sd,IN_avg_avg,IN_avg_sd,IN_sd_avg,IN_sd_sd,IN_r1_avg,IN_r1_sd,IN_kr_avg,IN_kr_sd,IN_sk_avg,IN_sk_sd
63,0.4986277640,0.3032084461,0.0003750206,0.0003175587,0.8363240659,0.1345654734,2.2931782640,0.6029851614,0.0505185087,0.3887373664,0.0000009288,0.0000116182,0.0000483458,0.0000281070,-0.0824822551,0.1101430544,2.9631903840,0.7312804808,0.0263844933,0.3065615205,0.5005000000,0.0258679338,0.1601898172,0.0141358574,-0.0421111395,0.1204978482,2.6115168150,0.4031981472,0.0096975802,0.2489213818
