Instance,FV_avg_avg,FV_avg_sd,FV_sd_avg,FV_sd_sd,FV_r1_avg,FV_r1_sd,FV_kr_avg,FV_kr_sd,FV_sk_avg,FV_sk_sd,FD_avg_avg,FD_avg_sd,FD_sd_avg,FD_sd_sd,FD_r1_avg,FD_r1_sd,FD_kr_avg,FD_kr_sd,FD_sk_avg,FD_sk_sd,IN_avg_avg,IN_avg_sd,IN_sd_avg,IN_sd_sd,IN_r1_avg,IN_r1_sd,IN_kr_avg,IN_kr_sd,IN_sk_avg,IN_sk_sd
306,0.4941271590,0.3001926706,0.0020052198,0.0013341548,0.9481795066,0.0386633923,2.4296242391,0.5673623930,-0.0741637354,0.4892706608,0.0000125666,0.0000418714,0.0001205923,0.0000742287,0.0369409499,0.0835374241,2.8298827723,0.3265079981,-0.0260550510,0.2184465268,0.5094500000,0.0301334117,0.1116686582,0.0072653823,0.0008189025,0.0823199020,2.8721171405,0.3420681294,-0.0499405129,0.1566669179
