Instance,FV_avg_avg,FV_avg_sd,FV_sd_avg,FV_sd_sd,FV_r1_avg,FV_r1_sd,FV_kr_avg,FV_kr_sd,FV_sk_avg,FV_sk_sd,FD_avg_avg,FD_avg_sd,FD_sd_avg,FD_sd_sd,FD_r1_avg,FD_r1_sd,FD_kr_avg,FD_kr_sd,FD_sk_avg,FD_sk_sd,IN_avg_avg,IN_avg_sd,IN_sd_avg,IN_sd_sd,IN_r1_avg,IN_r1_sd,IN_kr_avg,IN_kr_sd,IN_sk_avg,IN_sk_sd
172,0.4923519592,0.2987491383,0.0012966411,0.0009899900,0.7862799633,0.1574860737,2.2025797053,0.4992494753,0.1115944197,0.4010731634,-0.0000302017,0.0000786595,0.0001978966,0.0001209345,0.0068563098,0.1750922746,2.9376645574,0.8181209377,0.0701669644,0.4782573562,0.4890000000,0.0488241743,0.1507272219,0.0153787051,-0.0215298258,0.2081491726,2.7898455906,0.5370735120,0.0426911318,0.3990679085
