Instance,INF_avg,INF_sd,INF_r1,INF_kr,INF_sk,SUP_avg,SUP_sd,SUP_r1,SUP_kr,SUP_sk,INC_avg,INC_sd,INC_r1,INC_kr,INC_sk,IND_avg,IND_sd,IND_r1,IND_kr,IND_sk
93,0.4314473684,0.1030533434,0.8840831747,2.0077790692,-0.0179593354,0.0947368421,0.0745936758,0.9382035156,2.5264574047,0.7881092951,0.4738157895,0.0479270268,0.4206198106,3.0070389426,-0.2985475086,0.0432518797,0.0111064778,0.1204669482,3.1737010488,0.2095744787
