Instance,FV_avg_avg,FV_avg_sd,FV_sd_avg,FV_sd_sd,FV_r1_avg,FV_r1_sd,FV_kr_avg,FV_kr_sd,FV_sk_avg,FV_sk_sd,FD_avg_avg,FD_avg_sd,FD_sd_avg,FD_sd_sd,FD_r1_avg,FD_r1_sd,FD_kr_avg,FD_kr_sd,FD_sk_avg,FD_sk_sd,IN_avg_avg,IN_avg_sd,IN_sd_avg,IN_sd_sd,IN_r1_avg,IN_r1_sd,IN_kr_avg,IN_kr_sd,IN_sk_avg,IN_sk_sd
100,0.4983761192,0.3027605150,0.0003172663,0.0002400948,0.7804080199,0.1523764853,2.1662260696,0.5412420342,0.0618074137,0.3500452198,0.0000006606,0.0000157216,0.0000155976,0.0000107257,0.3023876954,0.2252260984,2.9406696923,0.9545651795,-0.0881935787,0.5227003428,0.5018300000,0.0306225587,0.0433370750,0.0094423478,0.2777809006,0.2346143985,2.7060458859,0.4445472697,0.0271899511,0.4272220200
