Instance,FV_avg_avg,FV_avg_sd,FV_sd_avg,FV_sd_sd,FV_r1_avg,FV_r1_sd,FV_kr_avg,FV_kr_sd,FV_sk_avg,FV_sk_sd,FD_avg_avg,FD_avg_sd,FD_sd_avg,FD_sd_sd,FD_r1_avg,FD_r1_sd,FD_kr_avg,FD_kr_sd,FD_sk_avg,FD_sk_sd,IN_avg_avg,IN_avg_sd,IN_sd_avg,IN_sd_sd,IN_r1_avg,IN_r1_sd,IN_kr_avg,IN_kr_sd,IN_sk_avg,IN_sk_sd
249,0.4944894710,0.2995725396,0.0020185585,0.0015222492,0.9353098861,0.0446183266,2.3878278329,0.2975355114,0.0117036244,0.3593800897,0.0000056758,0.0000521521,0.0002101631,0.0001251298,0.0220295548,0.0947635473,3.0345225072,0.4808002901,-0.0315698049,0.2405614316,0.5025500000,0.0271043816,0.1571495017,0.0103867283,0.0028748933,0.0661759721,2.7850980507,0.3555394581,-0.0474077571,0.2393951938
