Instance,INF_avg,INF_sd,INF_r1,INF_kr,INF_sk,SUP_avg,SUP_sd,SUP_r1,SUP_kr,SUP_sk,INC_avg,INC_sd,INC_r1,INC_kr,INC_sk,IND_avg,IND_sd,IND_r1,IND_kr,IND_sk
192,0.3200000000,0.0748331477,-0.9117647059,1.8469387755,-0.3436215967,0.1800000000,0.1469693846,0.0384615385,1.1666666667,-0.4082482905,0.5000000000,0.1414213562,0.2000000000,1.7000000000,0.0000000000,0.3600000000,0.0489897949,0.4230769231,1.1666666667,-0.4082482905
