Instance,INF_avg,INF_sd,INF_r1,INF_kr,INF_sk,SUP_avg,SUP_sd,SUP_r1,SUP_kr,SUP_sk,INC_avg,INC_sd,INC_r1,INC_kr,INC_sk,IND_avg,IND_sd,IND_r1,IND_kr,IND_sk
389,0.2680000000,0.1642437213,0.1082909711,2.4298957713,0.1675749395,0.2520000000,0.1389100428,-0.0132045035,2.1669513131,0.1377461843,0.4800000000,0.1822086716,0.0771649734,2.5230076934,0.2578798879,0.3620000000,0.1129424632,0.4051239788,3.2531213983,0.2006366291
