Instance,INF_avg,INF_sd,INF_r1,INF_kr,INF_sk,SUP_avg,SUP_sd,SUP_r1,SUP_kr,SUP_sk,INC_avg,INC_sd,INC_r1,INC_kr,INC_sk,IND_avg,IND_sd,IND_r1,IND_kr,IND_sk
121,0.2200000000,0.0979795897,-0.0504201681,2.7291666667,0.8675276172,0.2000000000,0.0894427191,-1.0000000000,1.2500000000,-0.0000000000,0.5800000000,0.1166190379,-0.0064935065,2.6660899654,1.1500493357,0.3000000000,0.0632455532,-1.0000000000,2.5000000000,0.0000000000
