Instance,FV_avg_avg,FV_avg_sd,FV_sd_avg,FV_sd_sd,FV_r1_avg,FV_r1_sd,FV_kr_avg,FV_kr_sd,FV_sk_avg,FV_sk_sd,FD_avg_avg,FD_avg_sd,FD_sd_avg,FD_sd_sd,FD_r1_avg,FD_r1_sd,FD_kr_avg,FD_kr_sd,FD_sk_avg,FD_sk_sd,IN_avg_avg,IN_avg_sd,IN_sd_avg,IN_sd_sd,IN_r1_avg,IN_r1_sd,IN_kr_avg,IN_kr_sd,IN_sk_avg,IN_sk_sd
39,0.4866313701,0.2956040366,0.0067445741,0.0048783754,0.9927298536,0.0041856179,1.8364233934,0.0521135071,0.1434571002,0.0877723067,-0.0000663161,0.0000518301,0.0000833826,0.0000502566,0.2044869093,0.1624515022,3.0141227501,0.8540860385,-0.0385741480,0.3182982348,0.3885468194,0.0412263267,0.1674627157,0.0163839607,0.1305497216,0.1695787795,2.8544967687,0.3829175075,0.1416882278,0.2379767133
