Instance,INF_avg,INF_sd,INF_r1,INF_kr,INF_sk,SUP_avg,SUP_sd,SUP_r1,SUP_kr,SUP_sk,INC_avg,INC_sd,INC_r1,INC_kr,INC_sk,IND_avg,IND_sd,IND_r1,IND_kr,IND_sk
332,0.2860000000,0.1371276777,0.0413848997,3.2333137446,0.4392051751,0.2740000000,0.1308587024,-0.1744848771,2.6290019933,0.1665672672,0.4400000000,0.1341640786,-0.0419455600,3.0385185185,0.2385139176,0.3100000000,0.1004987562,0.1104850070,3.0907754142,0.5083556338
