Instance,FV_avg_avg,FV_avg_sd,FV_sd_avg,FV_sd_sd,FV_r1_avg,FV_r1_sd,FV_kr_avg,FV_kr_sd,FV_sk_avg,FV_sk_sd,FD_avg_avg,FD_avg_sd,FD_sd_avg,FD_sd_sd,FD_r1_avg,FD_r1_sd,FD_kr_avg,FD_kr_sd,FD_sk_avg,FD_sk_sd,IN_avg_avg,IN_avg_sd,IN_sd_avg,IN_sd_sd,IN_r1_avg,IN_r1_sd,IN_kr_avg,IN_kr_sd,IN_sk_avg,IN_sk_sd
153,0.5018777740,0.3050826720,0.0002990545,0.0002624268,0.4235793068,0.3779899034,2.4131653372,0.6501651939,-0.0704801304,0.6080978403,-0.0000089618,0.0000227045,0.0000351730,0.0000208699,-0.2523054492,0.2516051000,2.2766366694,0.4565108248,-0.1088288196,0.4351189331,0.4956000000,0.0393375139,0.0717634088,0.0212417788,-0.2086751421,0.3461103344,2.5037218290,0.6434269342,0.1001005093,0.5510095519
