Instance,INF_avg,INF_sd,INF_r1,INF_kr,INF_sk,SUP_avg,SUP_sd,SUP_r1,SUP_kr,SUP_sk,INC_avg,INC_sd,INC_r1,INC_kr,INC_sk,IND_avg,IND_sd,IND_r1,IND_kr,IND_sk
139,0.2938000000,0.0495132306,0.0849405240,2.9994019111,0.0858209298,0.2274000000,0.0451579450,-0.0114771663,2.9395852641,0.5154168384,0.4788000000,0.0477761447,0.1030926663,2.4175535055,0.1248849576,0.0662000000,0.0226176922,0.2506822025,2.8855539541,0.3722162379
