Instance,FV_avg_avg,FV_avg_sd,FV_sd_avg,FV_sd_sd,FV_r1_avg,FV_r1_sd,FV_kr_avg,FV_kr_sd,FV_sk_avg,FV_sk_sd,FD_avg_avg,FD_avg_sd,FD_sd_avg,FD_sd_sd,FD_r1_avg,FD_r1_sd,FD_kr_avg,FD_kr_sd,FD_sk_avg,FD_sk_sd,IN_avg_avg,IN_avg_sd,IN_sd_avg,IN_sd_sd,IN_r1_avg,IN_r1_sd,IN_kr_avg,IN_kr_sd,IN_sk_avg,IN_sk_sd
328,0.5028834428,0.3050192601,0.0005831877,0.0004721614,0.1510064087,0.3733420203,1.8802594450,0.5003751497,-0.1407847389,0.5189316077,0.0000319500,0.0000667147,0.0000455984,0.0000352392,-0.4461884005,0.4116883899,1.7650593608,0.3671662645,-0.0761413149,0.4828186692,0.5168000000,0.0335583075,0.0300880489,0.0116751580,-0.2941944110,0.4366441282,1.7810622509,0.4129430333,-0.0265679398,0.5012115795
