Instance,FV_avg_avg,FV_avg_sd,FV_sd_avg,FV_sd_sd,FV_r1_avg,FV_r1_sd,FV_kr_avg,FV_kr_sd,FV_sk_avg,FV_sk_sd,FD_avg_avg,FD_avg_sd,FD_sd_avg,FD_sd_sd,FD_r1_avg,FD_r1_sd,FD_kr_avg,FD_kr_sd,FD_sk_avg,FD_sk_sd,IN_avg_avg,IN_avg_sd,IN_sd_avg,IN_sd_sd,IN_r1_avg,IN_r1_sd,IN_kr_avg,IN_kr_sd,IN_sk_avg,IN_sk_sd
438,0.4987563198,0.3029532366,0.0001868106,0.0001355208,0.5323762069,0.2639517332,2.1091461663,0.4174112040,-0.0964996207,0.4315698044,-0.0000003400,0.0000192979,0.0000296710,0.0000222352,0.0317610341,0.3102149678,2.2329214369,0.4828980491,-0.0529859463,0.4130305524,0.4970000000,0.0364828727,0.0969757067,0.0270316910,-0.0493396313,0.3818425314,2.2877932335,0.3778728998,0.0188104987,0.3977219689
