Instance,INF_avg,INF_sd,INF_r1,INF_kr,INF_sk,SUP_avg,SUP_sd,SUP_r1,SUP_kr,SUP_sk,INC_avg,INC_sd,INC_r1,INC_kr,INC_sk,IND_avg,IND_sd,IND_r1,IND_kr,IND_sk
370,0.2396000000,0.0491104877,0.2458134524,2.8346780622,0.4810121475,0.2999000000,0.0468720599,0.2468453302,2.5187776219,-0.1364464009,0.4605000000,0.0460733111,-0.0479221350,2.5186538273,-0.0455434907,0.0630000000,0.0193649167,0.0155136044,3.7177813333,0.5973689513
