Instance,FV_avg_avg,FV_avg_sd,FV_sd_avg,FV_sd_sd,FV_r1_avg,FV_r1_sd,FV_kr_avg,FV_kr_sd,FV_sk_avg,FV_sk_sd,FD_avg_avg,FD_avg_sd,FD_sd_avg,FD_sd_sd,FD_r1_avg,FD_r1_sd,FD_kr_avg,FD_kr_sd,FD_sk_avg,FD_sk_sd,IN_avg_avg,IN_avg_sd,IN_sd_avg,IN_sd_sd,IN_r1_avg,IN_r1_sd,IN_kr_avg,IN_kr_sd,IN_sk_avg,IN_sk_sd
233,0.4968669659,0.3020850601,0.0004038663,0.0003021487,0.7544533330,0.1876398737,2.3179304053,0.4639725806,0.0871913457,0.4107224681,-0.0000010414,0.0000242087,0.0000229945,0.0000138704,-0.0213327078,0.1822742916,2.7297186020,0.7240830984,0.1515388134,0.4392274746,0.4959600000,0.0279673810,0.0493425163,0.0064202870,-0.0059101578,0.2363615891,2.9630277031,0.7028518478,0.1670261909,0.4119722293
