Instance,INF_avg,INF_sd,INF_r1,INF_kr,INF_sk,SUP_avg,SUP_sd,SUP_r1,SUP_kr,SUP_sk,INC_avg,INC_sd,INC_r1,INC_kr,INC_sk,IND_avg,IND_sd,IND_r1,IND_kr,IND_sk
423,0.2520000000,0.0529716906,-0.3093766555,2.5784836891,1.0031447849,0.2870000000,0.0169115345,-0.2115732369,1.8186952907,-0.3461038290,0.4610000000,0.0587707410,-0.3382772744,3.1250158842,-1.4017054912,0.0320000000,0.0050990195,0.1269841270,1.9556213018,0.2715454179
