Instance,FV_avg_avg,FV_avg_sd,FV_sd_avg,FV_sd_sd,FV_r1_avg,FV_r1_sd,FV_kr_avg,FV_kr_sd,FV_sk_avg,FV_sk_sd,FD_avg_avg,FD_avg_sd,FD_sd_avg,FD_sd_sd,FD_r1_avg,FD_r1_sd,FD_kr_avg,FD_kr_sd,FD_sk_avg,FD_sk_sd,IN_avg_avg,IN_avg_sd,IN_sd_avg,IN_sd_sd,IN_r1_avg,IN_r1_sd,IN_kr_avg,IN_kr_sd,IN_sk_avg,IN_sk_sd
86,0.4999731863,0.3028365379,0.0004091916,0.0002877561,0.8796111641,0.0954437563,2.5602369943,0.7432282071,0.0026664625,0.5548398347,-0.0000021467,0.0000176539,0.0000501057,0.0000325738,-0.0390623187,0.1214223201,3.1493241069,0.7292352417,0.0023552625,0.3317958004,0.4964000000,0.0253503452,0.1521957795,0.0134478508,-0.0388712360,0.0910624160,2.7695584669,0.5395576931,0.1099140942,0.2928943729
