Instance,FV_avg_avg,FV_avg_sd,FV_sd_avg,FV_sd_sd,FV_r1_avg,FV_r1_sd,FV_kr_avg,FV_kr_sd,FV_sk_avg,FV_sk_sd,FD_avg_avg,FD_avg_sd,FD_sd_avg,FD_sd_sd,FD_r1_avg,FD_r1_sd,FD_kr_avg,FD_kr_sd,FD_sk_avg,FD_sk_sd,IN_avg_avg,IN_avg_sd,IN_sd_avg,IN_sd_sd,IN_r1_avg,IN_r1_sd,IN_kr_avg,IN_kr_sd,IN_sk_avg,IN_sk_sd
117,0.4965006284,0.3014787783,0.0010439312,0.0006468635,0.9141414399,0.0417324399,2.3894307770,0.3995426892,-0.2336472251,0.4271088448,-0.0000052690,0.0000237614,0.0000890246,0.0000545548,-0.0030381820,0.1640369097,2.7752147477,0.5713692601,-0.0368939014,0.2356591417,0.4983500000,0.0208381261,0.1098629650,0.0136264050,0.0379603891,0.1152767167,2.7874601653,0.5435980005,-0.0528828394,0.2060199575
