Instance,INF_avg,INF_sd,INF_r1,INF_kr,INF_sk,SUP_avg,SUP_sd,SUP_r1,SUP_kr,SUP_sk,INC_avg,INC_sd,INC_r1,INC_kr,INC_sk,IND_avg,IND_sd,IND_r1,IND_kr,IND_sk
231,0.2865000000,0.0195000000,-0.2222139061,1.6646099901,-0.0339857381,0.3005000000,0.0411369663,-0.0735255182,1.4706537920,0.3106270330,0.4130000000,0.0424381903,-0.2559901928,1.8184718157,-0.0318718090,0.0315000000,0.0070887234,-0.2901580826,2.3686789931,0.3031933394
