Instance,FV_avg_avg,FV_avg_sd,FV_sd_avg,FV_sd_sd,FV_r1_avg,FV_r1_sd,FV_kr_avg,FV_kr_sd,FV_sk_avg,FV_sk_sd,FD_avg_avg,FD_avg_sd,FD_sd_avg,FD_sd_sd,FD_r1_avg,FD_r1_sd,FD_kr_avg,FD_kr_sd,FD_sk_avg,FD_sk_sd,IN_avg_avg,IN_avg_sd,IN_sd_avg,IN_sd_sd,IN_r1_avg,IN_r1_sd,IN_kr_avg,IN_kr_sd,IN_sk_avg,IN_sk_sd
56,0.4964266297,0.3021069732,0.0005028418,0.0003157339,0.9435550191,0.0257185792,2.3897269748,0.6734515807,0.0746678824,0.5281734900,0.0000024437,0.0000057203,0.0000151832,0.0000090063,0.0053533756,0.1059728626,3.0480882234,0.4253820893,-0.0291339134,0.3249228613,0.5042950000,0.0141404906,0.0496576411,0.0040581002,0.0082815074,0.0821439537,2.8100517753,0.4594089034,0.0037998317,0.2172641506
