Instance,FV_avg_avg,FV_avg_sd,FV_sd_avg,FV_sd_sd,FV_r1_avg,FV_r1_sd,FV_kr_avg,FV_kr_sd,FV_sk_avg,FV_sk_sd,FD_avg_avg,FD_avg_sd,FD_sd_avg,FD_sd_sd,FD_r1_avg,FD_r1_sd,FD_kr_avg,FD_kr_sd,FD_sk_avg,FD_sk_sd,IN_avg_avg,IN_avg_sd,IN_sd_avg,IN_sd_sd,IN_r1_avg,IN_r1_sd,IN_kr_avg,IN_kr_sd,IN_sk_avg,IN_sk_sd
129,0.4510099138,0.3117157465,0.0219311809,0.0141926269,0.9960369030,0.0021981290,2.0705023641,0.1635416588,0.4978660323,0.1442020066,-0.0001112231,0.0000678979,0.0000491132,0.0000314009,0.9696657845,0.0041156419,2.2091265429,0.1717696574,0.5840544747,0.1412047559,0.1747726784,0.0378978587,0.1337602236,0.0052305143,0.9616752356,0.0063786296,2.4032538527,0.2794120677,0.7342429264,0.1837942578
