Instance,FV_avg_avg,FV_avg_sd,FV_sd_avg,FV_sd_sd,FV_r1_avg,FV_r1_sd,FV_kr_avg,FV_kr_sd,FV_sk_avg,FV_sk_sd,FD_avg_avg,FD_avg_sd,FD_sd_avg,FD_sd_sd,FD_r1_avg,FD_r1_sd,FD_kr_avg,FD_kr_sd,FD_sk_avg,FD_sk_sd,IN_avg_avg,IN_avg_sd,IN_sd_avg,IN_sd_sd,IN_r1_avg,IN_r1_sd,IN_kr_avg,IN_kr_sd,IN_sk_avg,IN_sk_sd
491,0.4972177397,0.3022182212,0.0008335639,0.0004804247,0.9442412324,0.0313655667,2.4577759487,0.4696388320,0.1016545482,0.4443806424,0.0000033483,0.0000147337,0.0000335827,0.0000195490,0.3497482842,0.1328208637,2.8133629979,0.4120622997,-0.0182721374,0.1887025729,0.5078200000,0.0212170356,0.0613621183,0.0062430311,0.3088914566,0.1384888315,2.7913667948,0.3541956875,-0.0636799672,0.1923993302
