Instance,FV_avg_avg,FV_avg_sd,FV_sd_avg,FV_sd_sd,FV_r1_avg,FV_r1_sd,FV_kr_avg,FV_kr_sd,FV_sk_avg,FV_sk_sd,FD_avg_avg,FD_avg_sd,FD_sd_avg,FD_sd_sd,FD_r1_avg,FD_r1_sd,FD_kr_avg,FD_kr_sd,FD_sk_avg,FD_sk_sd,IN_avg_avg,IN_avg_sd,IN_sd_avg,IN_sd_sd,IN_r1_avg,IN_r1_sd,IN_kr_avg,IN_kr_sd,IN_sk_avg,IN_sk_sd
440,0.4404883266,0.2677553081,0.0241522244,0.0143959448,0.9878427666,0.0063051727,2.1811684487,0.2210647441,0.6171132121,0.1402872363,-0.0003750634,0.0002273115,0.0001758041,0.0001043306,0.9443726149,0.0134801636,2.1121786711,0.1730577815,0.5277424631,0.1278334667,0.1882207040,0.0179018885,0.1462000829,0.0083525002,0.9327783859,0.0125209460,2.2333622587,0.2124438649,0.6810307858,0.1326028155
