Instance,FV_avg_avg,FV_avg_sd,FV_sd_avg,FV_sd_sd,FV_r1_avg,FV_r1_sd,FV_kr_avg,FV_kr_sd,FV_sk_avg,FV_sk_sd,FD_avg_avg,FD_avg_sd,FD_sd_avg,FD_sd_sd,FD_r1_avg,FD_r1_sd,FD_kr_avg,FD_kr_sd,FD_sk_avg,FD_sk_sd,IN_avg_avg,IN_avg_sd,IN_sd_avg,IN_sd_sd,IN_r1_avg,IN_r1_sd,IN_kr_avg,IN_kr_sd,IN_sk_avg,IN_sk_sd
98,0.4974685846,0.3020048292,0.0005653356,0.0004312120,0.9244399832,0.0508722404,2.2941681249,0.5961863096,-0.0107941911,0.4700354013,-0.0000023354,0.0000077327,0.0000269535,0.0000159220,-0.0023759728,0.1305665320,2.8104472114,0.5168230063,-0.0768550997,0.2940345090,0.4919800000,0.0153427377,0.0725659938,0.0085121408,0.0144615140,0.1325248653,2.8401231817,0.4284649120,-0.0360409879,0.2921933948
