Instance,INF_avg,INF_sd,INF_r1,INF_kr,INF_sk,SUP_avg,SUP_sd,SUP_r1,SUP_kr,SUP_sk,INC_avg,INC_sd,INC_r1,INC_kr,INC_sk,IND_avg,IND_sd,IND_r1,IND_kr,IND_sk
381,0.1900000000,0.1019803903,-0.7063492063,1.9556213018,0.2715454179,0.1800000000,0.0600000000,0.4656488550,1.3981481481,0.1111111111,0.6300000000,0.0979795897,-0.2951167728,2.4361979167,0.5677202789,0.2700000000,0.0678232998,-0.4380530973,2.9310018904,1.1731251294
