Instance,INF_avg,INF_sd,INF_r1,INF_kr,INF_sk,SUP_avg,SUP_sd,SUP_r1,SUP_kr,SUP_sk,INC_avg,INC_sd,INC_r1,INC_kr,INC_sk,IND_avg,IND_sd,IND_r1,IND_kr,IND_sk
465,0.2656000000,0.0413840549,0.2347282607,2.1385933635,0.3512054333,0.2436000000,0.0537311828,0.0440987298,1.8364113000,-0.2175464269,0.4908000000,0.0580289583,-0.1839608499,2.6416149936,-0.4364393998,0.0792000000,0.0224356859,0.1753177763,3.1002649607,0.7374841684
