Instance,FV_avg_avg,FV_avg_sd,FV_sd_avg,FV_sd_sd,FV_r1_avg,FV_r1_sd,FV_kr_avg,FV_kr_sd,FV_sk_avg,FV_sk_sd,FD_avg_avg,FD_avg_sd,FD_sd_avg,FD_sd_sd,FD_r1_avg,FD_r1_sd,FD_kr_avg,FD_kr_sd,FD_sk_avg,FD_sk_sd,IN_avg_avg,IN_avg_sd,IN_sd_avg,IN_sd_sd,IN_r1_avg,IN_r1_sd,IN_kr_avg,IN_kr_sd,IN_sk_avg,IN_sk_sd
246,0.4779396192,0.2921016832,0.0046111028,0.0034710352,0.9308660836,0.0492910661,2.4493924170,0.5796701683,0.0259454910,0.3773294322,0.0000318785,0.0001407550,0.0001778639,0.0001159623,0.2937618860,0.1741598653,2.9617122720,0.5661581061,-0.0311821060,0.2649758813,0.5072500000,0.0274591424,0.0603406366,0.0065376280,0.2276024868,0.1623617453,2.9827221801,0.4487913521,-0.0753265237,0.2380955226
