Instance,INF_avg,INF_sd,INF_r1,INF_kr,INF_sk,SUP_avg,SUP_sd,SUP_r1,SUP_kr,SUP_sk,INC_avg,INC_sd,INC_r1,INC_kr,INC_sk,IND_avg,IND_sd,IND_r1,IND_kr,IND_sk
330,0.2792000000,0.0555640171,-0.0687484666,2.3683824864,0.1420619449,0.2848000000,0.0591350996,0.0771459536,2.5141808006,-0.1604832055,0.4360000000,0.0720000000,-0.3156552779,2.3435070873,-0.3415637860,0.1072000000,0.0309218369,-0.0672408704,1.6891044768,-0.1591783943
