Instance,FV_avg_avg,FV_avg_sd,FV_sd_avg,FV_sd_sd,FV_r1_avg,FV_r1_sd,FV_kr_avg,FV_kr_sd,FV_sk_avg,FV_sk_sd,FD_avg_avg,FD_avg_sd,FD_sd_avg,FD_sd_sd,FD_r1_avg,FD_r1_sd,FD_kr_avg,FD_kr_sd,FD_sk_avg,FD_sk_sd,IN_avg_avg,IN_avg_sd,IN_sd_avg,IN_sd_sd,IN_r1_avg,IN_r1_sd,IN_kr_avg,IN_kr_sd,IN_sk_avg,IN_sk_sd
415,0.4974029259,0.3017520423,0.0008884322,0.0006507176,0.8997965552,0.0649365726,2.4306561218,0.7917634153,0.0067010769,0.5331189413,-0.0000071011,0.0000242357,0.0001025793,0.0000658357,0.0056342320,0.1531748709,3.0053043470,0.5098372462,-0.0763661552,0.3489225158,0.4942000000,0.0396025252,0.1547552116,0.0121993636,-0.0005785504,0.1551841708,2.6590043393,0.4140162892,-0.0650689814,0.3032320732
