Instance,FV_avg_avg,FV_avg_sd,FV_sd_avg,FV_sd_sd,FV_r1_avg,FV_r1_sd,FV_kr_avg,FV_kr_sd,FV_sk_avg,FV_sk_sd,FD_avg_avg,FD_avg_sd,FD_sd_avg,FD_sd_sd,FD_r1_avg,FD_r1_sd,FD_kr_avg,FD_kr_sd,FD_sk_avg,FD_sk_sd,IN_avg_avg,IN_avg_sd,IN_sd_avg,IN_sd_sd,IN_r1_avg,IN_r1_sd,IN_kr_avg,IN_kr_sd,IN_sk_avg,IN_sk_sd
430,0.4837220925,0.2962417545,0.0015088287,0.0010649449,0.7980550031,0.1692633430,2.6285418006,0.7682445364,0.0681615911,0.6214811813,0.0000132185,0.0001079695,0.0001175431,0.0000710553,-0.0391653396,0.1969577718,2.9963273355,0.7913874670,-0.1373732144,0.4571944779,0.5060800000,0.0364657867,0.0692611532,0.0083530027,-0.0248211597,0.1394774170,3.1928414742,0.8308888509,-0.1129786314,0.4790542839
