Instance,FV_avg_avg,FV_avg_sd,FV_sd_avg,FV_sd_sd,FV_r1_avg,FV_r1_sd,FV_kr_avg,FV_kr_sd,FV_sk_avg,FV_sk_sd,FD_avg_avg,FD_avg_sd,FD_sd_avg,FD_sd_sd,FD_r1_avg,FD_r1_sd,FD_kr_avg,FD_kr_sd,FD_sk_avg,FD_sk_sd,IN_avg_avg,IN_avg_sd,IN_sd_avg,IN_sd_sd,IN_r1_avg,IN_r1_sd,IN_kr_avg,IN_kr_sd,IN_sk_avg,IN_sk_sd
70,0.4986159955,0.3031901737,0.0002833972,0.0002029504,0.8025442644,0.1418090931,2.3504053122,0.7870505428,-0.1467988785,0.5655501942,-0.0000020727,0.0000119419,0.0000332793,0.0000190354,-0.0895940330,0.2036581246,2.9024531963,0.7584740183,0.0761703157,0.5297527534,0.4975000000,0.0281913107,0.1125288427,0.0148747964,-0.1030759431,0.1928991096,2.9473568939,0.9449865748,0.1377743221,0.4939657836
