Instance,INF_avg,INF_sd,INF_r1,INF_kr,INF_sk,SUP_avg,SUP_sd,SUP_r1,SUP_kr,SUP_sk,INC_avg,INC_sd,INC_r1,INC_kr,INC_sk,IND_avg,IND_sd,IND_r1,IND_kr,IND_sk
89,0.3614285714,0.0837959946,0.6806681086,2.2600780352,0.0042067218,0.1126984127,0.0694812148,0.7112546351,2.9060076496,0.7415572773,0.5258730159,0.0506821693,0.1517774504,2.4128962607,0.0075594306,0.0788095238,0.0208397949,0.1297223467,3.7297542664,0.4372619602
