Instance,INF_avg,INF_sd,INF_r1,INF_kr,INF_sk,SUP_avg,SUP_sd,SUP_r1,SUP_kr,SUP_sk,INC_avg,INC_sd,INC_r1,INC_kr,INC_sk,IND_avg,IND_sd,IND_r1,IND_kr,IND_sk
10,0.2100000000,0.1187434209,-0.0653993474,3.7306473517,0.5948817825,0.2560000000,0.1485395570,-0.0184786961,2.4452969830,0.2677848954,0.5340000000,0.1773245612,-0.1739921950,2.8572800358,-0.1984635908,0.3700000000,0.1284523258,-0.2763580506,4.3692561983,1.1380239111
