Instance,FV_avg_avg,FV_avg_sd,FV_sd_avg,FV_sd_sd,FV_r1_avg,FV_r1_sd,FV_kr_avg,FV_kr_sd,FV_sk_avg,FV_sk_sd,FD_avg_avg,FD_avg_sd,FD_sd_avg,FD_sd_sd,FD_r1_avg,FD_r1_sd,FD_kr_avg,FD_kr_sd,FD_sk_avg,FD_sk_sd,IN_avg_avg,IN_avg_sd,IN_sd_avg,IN_sd_sd,IN_r1_avg,IN_r1_sd,IN_kr_avg,IN_kr_sd,IN_sk_avg,IN_sk_sd
394,0.4936148447,0.3001552223,0.0013266995,0.0010519909,0.9126948943,0.0736752162,2.3156253011,0.4789103443,-0.1365823316,0.4411707198,0.0000100633,0.0000224619,0.0000341790,0.0000207586,0.0796090547,0.1412749087,2.8914996280,0.5948718457,-0.0612272054,0.3300340489,0.5108350000,0.0236880830,0.0370965866,0.0036736576,0.0365511547,0.1530739498,2.9121058613,0.5931522244,0.0058136922,0.3018452512
