Instance,FV_avg_avg,FV_avg_sd,FV_sd_avg,FV_sd_sd,FV_r1_avg,FV_r1_sd,FV_kr_avg,FV_kr_sd,FV_sk_avg,FV_sk_sd,FD_avg_avg,FD_avg_sd,FD_sd_avg,FD_sd_sd,FD_r1_avg,FD_r1_sd,FD_kr_avg,FD_kr_sd,FD_sk_avg,FD_sk_sd,IN_avg_avg,IN_avg_sd,IN_sd_avg,IN_sd_sd,IN_r1_avg,IN_r1_sd,IN_kr_avg,IN_kr_sd,IN_sk_avg,IN_sk_sd
201,0.4453375660,0.2707507517,0.0230470288,0.0137903263,0.9585940534,0.0156571938,2.2856755318,0.1960184820,0.7171803127,0.1273318615,-0.0013547858,0.0008077906,0.0005811755,0.0003591026,0.9357120231,0.0210740613,2.4111531082,0.3574911009,0.7577660482,0.1703851190,0.1455802697,0.0251851395,0.1421838020,0.0154406792,0.9181241463,0.0172770909,2.8489872711,0.5875971143,0.9873169961,0.2317882246
