Instance,INF_avg,INF_sd,INF_r1,INF_kr,INF_sk,SUP_avg,SUP_sd,SUP_r1,SUP_kr,SUP_sk,INC_avg,INC_sd,INC_r1,INC_kr,INC_sk,IND_avg,IND_sd,IND_r1,IND_kr,IND_sk
118,0.3833802817,0.0988945044,0.3903010826,2.2070146613,-0.1165616361,0.1278873239,0.0759153623,0.4122215951,3.0490143424,0.7358875552,0.4887323944,0.0753382902,-0.2179847273,2.8452649480,-0.0628576013,0.1157746479,0.0328745791,-0.0085950331,3.0539479387,-0.0023705288
