Instance,INF_avg,INF_sd,INF_r1,INF_kr,INF_sk,SUP_avg,SUP_sd,SUP_r1,SUP_kr,SUP_sk,INC_avg,INC_sd,INC_r1,INC_kr,INC_sk,IND_avg,IND_sd,IND_r1,IND_kr,IND_sk
493,0.2700000000,0.0379473319,0.0000000000,2.5000000000,-0.0000000000,0.1920000000,0.0299332591,-0.4464464464,1.5061383929,-0.0590599619,0.5380000000,0.0203960781,-0.0651629073,1.3731508876,-0.1527442976,0.0640000000,0.0101980390,-0.1904761905,1.9556213018,0.2715454179
