Instance,INF_avg,INF_sd,INF_r1,INF_kr,INF_sk,SUP_avg,SUP_sd,SUP_r1,SUP_kr,SUP_sk,INC_avg,INC_sd,INC_r1,INC_kr,INC_sk,IND_avg,IND_sd,IND_r1,IND_kr,IND_sk
46,0.3839928058,0.0727348092,0.8099883274,2.2361454755,-0.2001948304,0.0905755396,0.0593976937,0.8699724660,2.4215718229,0.6105965147,0.5254316547,0.0374285027,-0.0005939313,2.9877258137,-0.1760951037,0.0462230216,0.0121270511,0.1084594669,3.0234108226,0.3488971441
