Instance,FV_avg_avg,FV_avg_sd,FV_sd_avg,FV_sd_sd,FV_r1_avg,FV_r1_sd,FV_kr_avg,FV_kr_sd,FV_sk_avg,FV_sk_sd,FD_avg_avg,FD_avg_sd,FD_sd_avg,FD_sd_sd,FD_r1_avg,FD_r1_sd,FD_kr_avg,FD_kr_sd,FD_sk_avg,FD_sk_sd,IN_avg_avg,IN_avg_sd,IN_sd_avg,IN_sd_sd,IN_r1_avg,IN_r1_sd,IN_kr_avg,IN_kr_sd,IN_sk_avg,IN_sk_sd
482,0.4967822085,0.3006270071,0.0029085700,0.0020742247,0.8874992275,0.0728493182,2.3240265889,0.5166108384,-0.0411290560,0.3707679871,0.0000181305,0.0000756949,0.0002674588,0.0001602424,0.0468583780,0.1658713467,2.9995813124,0.6378373188,-0.0357462759,0.3868541823,0.5032000000,0.0289975861,0.1134879322,0.0106952913,0.0134747262,0.1377730374,2.9515809906,0.7136083610,-0.0671921136,0.3653130082
