Instance,FV_avg_avg,FV_avg_sd,FV_sd_avg,FV_sd_sd,FV_r1_avg,FV_r1_sd,FV_kr_avg,FV_kr_sd,FV_sk_avg,FV_sk_sd,FD_avg_avg,FD_avg_sd,FD_sd_avg,FD_sd_sd,FD_r1_avg,FD_r1_sd,FD_kr_avg,FD_kr_sd,FD_sk_avg,FD_sk_sd,IN_avg_avg,IN_avg_sd,IN_sd_avg,IN_sd_sd,IN_r1_avg,IN_r1_sd,IN_kr_avg,IN_kr_sd,IN_sk_avg,IN_sk_sd
444,0.5015385356,0.3040312821,0.0002883139,0.0001875664,0.9223360427,0.0451625498,2.3970640682,0.4370963791,-0.0170165139,0.3600205991,-0.0000008026,0.0000061628,0.0000123667,0.0000076217,0.2540667045,0.1470876170,2.9174143877,0.3683514669,0.0377185669,0.2049204388,0.4960200000,0.0198092554,0.0546586720,0.0035330692,0.1426299974,0.1066428557,2.9671462522,0.3428614625,-0.0678416433,0.2800371235
