Instance,INF_avg,INF_sd,INF_r1,INF_kr,INF_sk,SUP_avg,SUP_sd,SUP_r1,SUP_kr,SUP_sk,INC_avg,INC_sd,INC_r1,INC_kr,INC_sk,IND_avg,IND_sd,IND_r1,IND_kr,IND_sk
155,0.1900000000,0.0200000000,-0.3157894737,3.2500000000,-1.5000000000,0.3000000000,0.0316227766,0.0000000000,2.5000000000,0.0000000000,0.5100000000,0.0489897949,-0.1309523810,2.7291666667,0.8675276172,0.2200000000,0.0509901951,-0.7283950617,1.9556213018,0.2715454179
