Instance,INF_avg,INF_sd,INF_r1,INF_kr,INF_sk,SUP_avg,SUP_sd,SUP_r1,SUP_kr,SUP_sk,INC_avg,INC_sd,INC_r1,INC_kr,INC_sk,IND_avg,IND_sd,IND_r1,IND_kr,IND_sk
362,0.2472000000,0.0679717588,-0.0217652323,2.6321759921,0.3566142940,0.2352000000,0.0594050503,0.0292733888,2.9107384389,0.1879793134,0.5176000000,0.0864074071,-0.1475340254,1.7407866867,-0.1428363936,0.1144000000,0.0315061899,0.0472768239,2.8862629339,0.3444350958
