Instance,INF_avg,INF_sd,INF_r1,INF_kr,INF_sk,SUP_avg,SUP_sd,SUP_r1,SUP_kr,SUP_sk,INC_avg,INC_sd,INC_r1,INC_kr,INC_sk,IND_avg,IND_sd,IND_r1,IND_kr,IND_sk
104,0.2430000000,0.0191311265,0.8448043185,2.1610230225,-0.6778070876,0.2630000000,0.0287402157,0.3063221274,2.0785166120,0.3775998185,0.4940000000,0.0213072758,-0.3449972663,2.4986027286,-0.9471232726,0.0430000000,0.0112249722,-0.1764705882,1.8469387755,-0.3436215967
