Instance,FV_avg_avg,FV_avg_sd,FV_sd_avg,FV_sd_sd,FV_r1_avg,FV_r1_sd,FV_kr_avg,FV_kr_sd,FV_sk_avg,FV_sk_sd,FD_avg_avg,FD_avg_sd,FD_sd_avg,FD_sd_sd,FD_r1_avg,FD_r1_sd,FD_kr_avg,FD_kr_sd,FD_sk_avg,FD_sk_sd,IN_avg_avg,IN_avg_sd,IN_sd_avg,IN_sd_sd,IN_r1_avg,IN_r1_sd,IN_kr_avg,IN_kr_sd,IN_sk_avg,IN_sk_sd
417,0.4995955660,0.3034154251,0.0001487918,0.0001045610,0.1537151838,0.4078526210,1.8088984016,0.3896644565,-0.0720664733,0.4559808040,0.0000021552,0.0000172021,0.0000162395,0.0000107421,-0.3156462747,0.4230833427,1.8049348824,0.4986647759,-0.1132510084,0.5495963094,0.4993000000,0.0325654725,0.0396260693,0.0121562591,-0.3442924527,0.4126485491,2.1493906682,0.3872923924,0.0929876354,0.5957117497
