Instance,FV_avg_avg,FV_avg_sd,FV_sd_avg,FV_sd_sd,FV_r1_avg,FV_r1_sd,FV_kr_avg,FV_kr_sd,FV_sk_avg,FV_sk_sd,FD_avg_avg,FD_avg_sd,FD_sd_avg,FD_sd_sd,FD_r1_avg,FD_r1_sd,FD_kr_avg,FD_kr_sd,FD_sk_avg,FD_sk_sd,IN_avg_avg,IN_avg_sd,IN_sd_avg,IN_sd_sd,IN_r1_avg,IN_r1_sd,IN_kr_avg,IN_kr_sd,IN_sk_avg,IN_sk_sd
352,0.4846155788,0.2949154987,0.0028651183,0.0022336236,0.7783506531,0.1310129405,2.3847577330,0.5502905840,0.0539787121,0.3849602086,0.0001154048,0.0001866447,0.0005002443,0.0003197342,-0.0140570561,0.2557400486,2.6778482959,0.6285932220,0.0836141271,0.3414451148,0.5216000000,0.0461545231,0.1527138706,0.0261088824,-0.0083369502,0.1523065132,2.5099982433,0.4446722245,-0.0611383192,0.3066210938
