Instance,FV_avg_avg,FV_avg_sd,FV_sd_avg,FV_sd_sd,FV_r1_avg,FV_r1_sd,FV_kr_avg,FV_kr_sd,FV_sk_avg,FV_sk_sd,FD_avg_avg,FD_avg_sd,FD_sd_avg,FD_sd_sd,FD_r1_avg,FD_r1_sd,FD_kr_avg,FD_kr_sd,FD_sk_avg,FD_sk_sd,IN_avg_avg,IN_avg_sd,IN_sd_avg,IN_sd_sd,IN_r1_avg,IN_r1_sd,IN_kr_avg,IN_kr_sd,IN_sk_avg,IN_sk_sd
88,0.5001450723,0.3035700229,0.0005049308,0.0003699248,0.5223787592,0.2354473816,2.1894706940,0.5332272909,-0.2097245112,0.5488918797,-0.0000156024,0.0000481338,0.0001235501,0.0000821288,-0.1272763696,0.2957134133,2.4778805263,0.8112264644,0.1460456382,0.5666311853,0.4900000000,0.0439317653,0.1408037649,0.0380039445,-0.1415556297,0.3010901324,2.3741166926,0.7024714895,0.0048927457,0.5198746914
