Instance,FV_avg_avg,FV_avg_sd,FV_sd_avg,FV_sd_sd,FV_r1_avg,FV_r1_sd,FV_kr_avg,FV_kr_sd,FV_sk_avg,FV_sk_sd,FD_avg_avg,FD_avg_sd,FD_sd_avg,FD_sd_sd,FD_r1_avg,FD_r1_sd,FD_kr_avg,FD_kr_sd,FD_sk_avg,FD_sk_sd,IN_avg_avg,IN_avg_sd,IN_sd_avg,IN_sd_sd,IN_r1_avg,IN_r1_sd,IN_kr_avg,IN_kr_sd,IN_sk_avg,IN_sk_sd
224,0.4960115491,0.3015242608,0.0004407731,0.0003378614,-0.0557609768,0.5001160048,1.8795169697,0.4184161944,0.1206779829,0.5281355763,-0.0000013217,0.0000813636,0.0001645138,0.0001450299,-0.1920730468,0.4117342782,2.0083399057,0.5443780284,-0.0063159293,0.6512343120,0.4940000000,0.0648382603,0.1346572499,0.0450269369,-0.3084650782,0.4760740181,1.9266096764,0.4117791836,-0.0208840626,0.5772761238
