Instance,INF_avg,INF_sd,INF_r1,INF_kr,INF_sk,SUP_avg,SUP_sd,SUP_r1,SUP_kr,SUP_sk,INC_avg,INC_sd,INC_r1,INC_kr,INC_sk,IND_avg,IND_sd,IND_r1,IND_kr,IND_sk
174,0.2760000000,0.0120000000,0.1984732824,1.3981481481,0.1111111111,0.3260000000,0.0560713831,0.0752719788,1.7804615116,0.0827734420,0.3980000000,0.0526877595,0.0976975731,1.8097525932,0.2930646955,0.0680000000,0.0231516738,0.5331069610,1.3968589886,0.2436882574
