Instance,INF_avg,INF_sd,INF_r1,INF_kr,INF_sk,SUP_avg,SUP_sd,SUP_r1,SUP_kr,SUP_sk,INC_avg,INC_sd,INC_r1,INC_kr,INC_sk,IND_avg,IND_sd,IND_r1,IND_kr,IND_sk
397,0.2520000000,0.1627759196,0.2796682108,1.6657302387,0.3538250808,0.1760000000,0.1175755077,0.1183671548,3.2692901235,0.6208776084,0.5720000000,0.1844342701,0.2546905575,2.5789694231,0.2230410128,0.3920000000,0.1092520023,-0.1726725898,2.0964392758,-0.2093691114
