Instance,FV_avg_avg,FV_avg_sd,FV_sd_avg,FV_sd_sd,FV_r1_avg,FV_r1_sd,FV_kr_avg,FV_kr_sd,FV_sk_avg,FV_sk_sd,FD_avg_avg,FD_avg_sd,FD_sd_avg,FD_sd_sd,FD_r1_avg,FD_r1_sd,FD_kr_avg,FD_kr_sd,FD_sk_avg,FD_sk_sd,IN_avg_avg,IN_avg_sd,IN_sd_avg,IN_sd_sd,IN_r1_avg,IN_r1_sd,IN_kr_avg,IN_kr_sd,IN_sk_avg,IN_sk_sd
436,0.4910127318,0.2999790498,0.0028402541,0.0018412973,0.7681672598,0.1528696307,2.3875474068,0.4973710982,0.0363976284,0.4015987080,-0.0000102181,0.0001321497,0.0003801191,0.0002454555,-0.0267682229,0.2423284171,2.6654968422,0.5945657043,-0.0582314030,0.3297949133,0.4949000000,0.0422586086,0.1165061710,0.0157959527,-0.0024633073,0.2423650743,2.6392941155,0.6101948274,-0.0234771229,0.3964371914
