Instance,INF_avg,INF_sd,INF_r1,INF_kr,INF_sk,SUP_avg,SUP_sd,SUP_r1,SUP_kr,SUP_sk,INC_avg,INC_sd,INC_r1,INC_kr,INC_sk,IND_avg,IND_sd,IND_r1,IND_kr,IND_sk
424,0.2596000000,0.0373743227,0.3193866780,3.5887804779,0.8746373335,0.3083000000,0.0404055689,0.3041743637,2.9089383135,-0.3523191826,0.4321000000,0.0307097704,-0.1288949820,2.1955271461,-0.2471586517,0.0358000000,0.0082680106,-0.4085380988,3.2455468434,0.3015280182
