Instance,FV_avg_avg,FV_avg_sd,FV_sd_avg,FV_sd_sd,FV_r1_avg,FV_r1_sd,FV_kr_avg,FV_kr_sd,FV_sk_avg,FV_sk_sd,FD_avg_avg,FD_avg_sd,FD_sd_avg,FD_sd_sd,FD_r1_avg,FD_r1_sd,FD_kr_avg,FD_kr_sd,FD_sk_avg,FD_sk_sd,IN_avg_avg,IN_avg_sd,IN_sd_avg,IN_sd_sd,IN_r1_avg,IN_r1_sd,IN_kr_avg,IN_kr_sd,IN_sk_avg,IN_sk_sd
468,0.4960694804,0.3027683465,0.0002547198,0.0001734544,0.7711419463,0.1688353661,2.3976864475,0.6198880804,0.1303514913,0.3910075506,-0.0000016715,0.0000153465,0.0000330308,0.0000197424,0.0313061096,0.1872375922,2.7261418222,0.7033126540,0.0038481784,0.4542148696,0.4883000000,0.0337655150,0.1112428810,0.0142485586,-0.0622296893,0.2068895292,3.0035665971,0.6979465082,0.2065064680,0.5655112257
