Instance,INF_avg,INF_sd,INF_r1,INF_kr,INF_sk,SUP_avg,SUP_sd,SUP_r1,SUP_kr,SUP_sk,INC_avg,INC_sd,INC_r1,INC_kr,INC_sk,IND_avg,IND_sd,IND_r1,IND_kr,IND_sk
A,0.3042000000,0.0580375740,0.2477998205,2.8176529124,0.3340533736,0.2532000000,0.0562295296,0.1132906592,2.8026804249,-0.3594562179,0.4426000000,0.0514901932,0.1721597808,2.4135117233,-0.3105732897,0.0684000000,0.0161691063,0.0575995175,2.8629243328,0.3735306797
