Instance,FV_avg_avg,FV_avg_sd,FV_sd_avg,FV_sd_sd,FV_r1_avg,FV_r1_sd,FV_kr_avg,FV_kr_sd,FV_sk_avg,FV_sk_sd,FD_avg_avg,FD_avg_sd,FD_sd_avg,FD_sd_sd,FD_r1_avg,FD_r1_sd,FD_kr_avg,FD_kr_sd,FD_sk_avg,FD_sk_sd,IN_avg_avg,IN_avg_sd,IN_sd_avg,IN_sd_sd,IN_r1_avg,IN_r1_sd,IN_kr_avg,IN_kr_sd,IN_sk_avg,IN_sk_sd
293,0.4960286043,0.3024416869,0.0006420507,0.0004740572,0.9473047268,0.0410102555,2.3719481920,0.4904778976,0.0216243080,0.5022491102,0.0000028344,0.0000130606,0.0000576274,0.0000371118,-0.0008082945,0.0962354887,2.9957773326,0.4220198069,0.0570628998,0.2599483537,0.5058500000,0.0247815960,0.1614277448,0.0082300179,-0.0113086447,0.0910574072,2.7317515534,0.3765373165,0.0444081021,0.2292295578
