Instance,INF_avg,INF_sd,INF_r1,INF_kr,INF_sk,SUP_avg,SUP_sd,SUP_r1,SUP_kr,SUP_sk,INC_avg,INC_sd,INC_r1,INC_kr,INC_sk,IND_avg,IND_sd,IND_r1,IND_kr,IND_sk
121,0.3430882353,0.0809458307,0.2585710444,3.4806537914,0.4281676211,0.1579411765,0.0726506310,0.3660458713,3.1041123668,0.5016804607,0.4989705882,0.0666121281,0.0643199805,3.4709803888,-0.2332543674,0.1133823529,0.0378118521,0.0413956219,2.5305510048,0.1223702120
