Instance,INF_avg,INF_sd,INF_r1,INF_kr,INF_sk,SUP_avg,SUP_sd,SUP_r1,SUP_kr,SUP_sk,INC_avg,INC_sd,INC_r1,INC_kr,INC_sk,IND_avg,IND_sd,IND_r1,IND_kr,IND_sk
161,0.2606000000,0.0468629918,0.5094364271,2.4397143199,0.0179194848,0.2633500000,0.0419348006,0.4118450856,2.2381075636,0.0596724219,0.4760500000,0.0460124711,0.4176370362,2.7542560278,0.0693790966,0.0369500000,0.0109520546,0.2280142054,2.9370818310,0.1767125478
