Instance,FV_avg_avg,FV_avg_sd,FV_sd_avg,FV_sd_sd,FV_r1_avg,FV_r1_sd,FV_kr_avg,FV_kr_sd,FV_sk_avg,FV_sk_sd,FD_avg_avg,FD_avg_sd,FD_sd_avg,FD_sd_sd,FD_r1_avg,FD_r1_sd,FD_kr_avg,FD_kr_sd,FD_sk_avg,FD_sk_sd,IN_avg_avg,IN_avg_sd,IN_sd_avg,IN_sd_sd,IN_r1_avg,IN_r1_sd,IN_kr_avg,IN_kr_sd,IN_sk_avg,IN_sk_sd
110,0.4988552094,0.3035913744,0.0002870664,0.0001773602,0.9409048499,0.0442650843,2.7398466832,0.7874488961,-0.3235169412,0.5561793956,0.0000001368,0.0000042677,0.0000067101,0.0000040564,0.0428807941,0.1058497377,3.0177438897,0.3098644121,0.0207423057,0.2194743169,0.4984675000,0.0139943227,0.0358854289,0.0023840870,-0.0137093426,0.0947562577,2.8872961780,0.3791261738,0.0313217765,0.1894680965
