Instance,INF_avg,INF_sd,INF_r1,INF_kr,INF_sk,SUP_avg,SUP_sd,SUP_r1,SUP_kr,SUP_sk,INC_avg,INC_sd,INC_r1,INC_kr,INC_sk,IND_avg,IND_sd,IND_r1,IND_kr,IND_sk
64,0.2384000000,0.0530418703,0.0936037513,2.3380844609,-0.1710873924,0.2712000000,0.0750637063,-0.0198504164,2.2726300682,0.1929156435,0.4904000000,0.0722484602,0.0453234745,2.7579760271,-0.2201492434,0.1184000000,0.0341385413,-0.2784746172,2.9788916965,0.1004917720
