Instance,FV_avg_avg,FV_avg_sd,FV_sd_avg,FV_sd_sd,FV_r1_avg,FV_r1_sd,FV_kr_avg,FV_kr_sd,FV_sk_avg,FV_sk_sd,FD_avg_avg,FD_avg_sd,FD_sd_avg,FD_sd_sd,FD_r1_avg,FD_r1_sd,FD_kr_avg,FD_kr_sd,FD_sk_avg,FD_sk_sd,IN_avg_avg,IN_avg_sd,IN_sd_avg,IN_sd_sd,IN_r1_avg,IN_r1_sd,IN_kr_avg,IN_kr_sd,IN_sk_avg,IN_sk_sd
231,0.4929969992,0.2989283316,0.0018970696,0.0017319257,0.9352122889,0.0546558508,2.3651807741,0.5826294166,-0.1098219063,0.3785018325,-0.0000047998,0.0000414261,0.0000633802,0.0000440016,0.2892645968,0.1575267871,3.0791862642,0.5078846695,0.1697752656,0.2470175872,0.5042800000,0.0334897984,0.0621714197,0.0088277727,0.2514293262,0.1577803878,2.9736023630,0.4996638820,0.0608404677,0.2853613264
