Instance,INF_avg,INF_sd,INF_r1,INF_kr,INF_sk,SUP_avg,SUP_sd,SUP_r1,SUP_kr,SUP_sk,INC_avg,INC_sd,INC_r1,INC_kr,INC_sk,IND_avg,IND_sd,IND_r1,IND_kr,IND_sk
356,0.3948514851,0.0917930719,0.7147032135,2.7767478082,0.1561009595,0.1020792079,0.0600629510,0.7951480034,2.5009678695,0.6174316516,0.5030693069,0.0584408404,0.2552597821,3.0287750873,-0.2497722477,0.0752970297,0.0199047457,0.0398361969,3.3479563874,0.3987262191
