Instance,FV_avg_avg,FV_avg_sd,FV_sd_avg,FV_sd_sd,FV_r1_avg,FV_r1_sd,FV_kr_avg,FV_kr_sd,FV_sk_avg,FV_sk_sd,FD_avg_avg,FD_avg_sd,FD_sd_avg,FD_sd_sd,FD_r1_avg,FD_r1_sd,FD_kr_avg,FD_kr_sd,FD_sk_avg,FD_sk_sd,IN_avg_avg,IN_avg_sd,IN_sd_avg,IN_sd_sd,IN_r1_avg,IN_r1_sd,IN_kr_avg,IN_kr_sd,IN_sk_avg,IN_sk_sd
221,0.4955620509,0.3002495248,0.0005107432,0.0003598361,0.6201778033,0.2660058969,2.4337584496,0.6914599842,0.0060421627,0.6206090051,-0.0000207767,0.0000537775,0.0000439634,0.0000287449,0.1844407604,0.3400751897,2.4026385874,0.7216763368,-0.2162892613,0.5019124366,0.4799000000,0.0551370112,0.0564156272,0.0122138038,0.1628539588,0.3760548962,2.5635558354,0.8231360916,-0.1364816692,0.5977642978
