Instance,FV_avg_avg,FV_avg_sd,FV_sd_avg,FV_sd_sd,FV_r1_avg,FV_r1_sd,FV_kr_avg,FV_kr_sd,FV_sk_avg,FV_sk_sd,FD_avg_avg,FD_avg_sd,FD_sd_avg,FD_sd_sd,FD_r1_avg,FD_r1_sd,FD_kr_avg,FD_kr_sd,FD_sk_avg,FD_sk_sd,IN_avg_avg,IN_avg_sd,IN_sd_avg,IN_sd_sd,IN_r1_avg,IN_r1_sd,IN_kr_avg,IN_kr_sd,IN_sk_avg,IN_sk_sd
247,0.4598428586,0.2790283343,0.0216199856,0.0126200326,0.9834139686,0.0066189939,2.1135552284,0.1058775853,0.5536156125,0.0929728376,-0.0005092615,0.0003180061,0.0002426167,0.0001437421,0.8707430976,0.0339770880,2.3469534543,0.2097837109,0.5432465738,0.1479342131,0.2074422064,0.0196533805,0.1424718883,0.0120389342,0.8363141287,0.0375347185,2.5382396487,0.2741491501,0.6969361490,0.1594825945
