Instance,INF_avg,INF_sd,INF_r1,INF_kr,INF_sk,SUP_avg,SUP_sd,SUP_r1,SUP_kr,SUP_sk,INC_avg,INC_sd,INC_r1,INC_kr,INC_sk,IND_avg,IND_sd,IND_r1,IND_kr,IND_sk
153,0.2744000000,0.0631240049,-0.0448761748,3.3512439003,0.7999062522,0.2632000000,0.0629107304,0.1514411461,2.4761332714,0.2765330350,0.4624000000,0.0562337977,0.0038164224,2.2970221657,0.1796040508,0.1056000000,0.0309941930,0.0506713857,3.0047687507,-0.1502763718
