Instance,INF_avg,INF_sd,INF_r1,INF_kr,INF_sk,SUP_avg,SUP_sd,SUP_r1,SUP_kr,SUP_sk,INC_avg,INC_sd,INC_r1,INC_kr,INC_sk,IND_avg,IND_sd,IND_r1,IND_kr,IND_sk
243,0.2640000000,0.0900222195,0.0876758151,3.0915282960,-0.2167283296,0.2780000000,0.1049571341,0.1777856255,2.2444018840,0.1753179678,0.4580000000,0.1163443166,0.3520099333,3.3561786379,0.9300164447,0.2160000000,0.0703135833,-0.0409910494,3.1268734094,0.7151044083
