Instance,FV_avg_avg,FV_avg_sd,FV_sd_avg,FV_sd_sd,FV_r1_avg,FV_r1_sd,FV_kr_avg,FV_kr_sd,FV_sk_avg,FV_sk_sd,FD_avg_avg,FD_avg_sd,FD_sd_avg,FD_sd_sd,FD_r1_avg,FD_r1_sd,FD_kr_avg,FD_kr_sd,FD_sk_avg,FD_sk_sd,IN_avg_avg,IN_avg_sd,IN_sd_avg,IN_sd_sd,IN_r1_avg,IN_r1_sd,IN_kr_avg,IN_kr_sd,IN_sk_avg,IN_sk_sd
94,0.4414296980,0.2677320106,0.0233227786,0.0139577803,0.9733531586,0.0098602941,2.1538632924,0.1695067247,0.5647807955,0.1359141007,-0.0008949324,0.0005564830,0.0004205566,0.0002559321,0.8594825530,0.0535376605,2.3696140546,0.2885280812,0.5245523667,0.1496877487,0.1931626704,0.0278394553,0.1434614361,0.0111289854,0.8244428460,0.0632349790,2.6977603677,0.3984228918,0.7919252004,0.2385978997
