Instance,FV_avg_avg,FV_avg_sd,FV_sd_avg,FV_sd_sd,FV_r1_avg,FV_r1_sd,FV_kr_avg,FV_kr_sd,FV_sk_avg,FV_sk_sd,FD_avg_avg,FD_avg_sd,FD_sd_avg,FD_sd_sd,FD_r1_avg,FD_r1_sd,FD_kr_avg,FD_kr_sd,FD_sk_avg,FD_sk_sd,IN_avg_avg,IN_avg_sd,IN_sd_avg,IN_sd_sd,IN_r1_avg,IN_r1_sd,IN_kr_avg,IN_kr_sd,IN_sk_avg,IN_sk_sd
370,0.4876181014,0.2966589216,0.0058489761,0.0043396719,0.9895891010,0.0060708623,1.8513786780,0.0890573811,0.1578416721,0.1625921280,-0.0000670933,0.0000490943,0.0000869137,0.0000539617,0.1620375381,0.1613283377,3.0079020550,0.7203804610,0.0352059919,0.3846681946,0.3854173609,0.0370325065,0.1649813348,0.0170915008,0.1305948369,0.1481730228,2.9235194965,0.4949726495,0.1161563872,0.2956954980
