Instance,INF_avg,INF_sd,INF_r1,INF_kr,INF_sk,SUP_avg,SUP_sd,SUP_r1,SUP_kr,SUP_sk,INC_avg,INC_sd,INC_r1,INC_kr,INC_sk,IND_avg,IND_sd,IND_r1,IND_kr,IND_sk
225,0.3280000000,0.0556417110,-0.1274001038,2.7070388398,0.8590398961,0.2120000000,0.0256124969,0.1755319149,1.6140690065,0.2056922718,0.4600000000,0.0433589668,-0.0384615385,2.5181077411,-1.0157657450,0.0540000000,0.0101980390,-0.4682539683,1.9556213018,0.2715454179
