Instance,FV_avg_avg,FV_avg_sd,FV_sd_avg,FV_sd_sd,FV_r1_avg,FV_r1_sd,FV_kr_avg,FV_kr_sd,FV_sk_avg,FV_sk_sd,FD_avg_avg,FD_avg_sd,FD_sd_avg,FD_sd_sd,FD_r1_avg,FD_r1_sd,FD_kr_avg,FD_kr_sd,FD_sk_avg,FD_sk_sd,IN_avg_avg,IN_avg_sd,IN_sd_avg,IN_sd_sd,IN_r1_avg,IN_r1_sd,IN_kr_avg,IN_kr_sd,IN_sk_avg,IN_sk_sd
265,0.4943348278,0.3014789702,0.0004451627,0.0003516658,0.4235420121,0.4099193989,2.2910159810,0.6518953742,-0.0352301974,0.5130159808,0.0000059122,0.0000682462,0.0000887500,0.0000597838,-0.2181214055,0.3421546584,2.5441509459,0.6906189266,-0.0000946897,0.6327156366,0.5102500000,0.0663226017,0.1122157328,0.0204053745,-0.0909998962,0.3223493273,2.3604480312,0.6059518081,-0.1024803406,0.4743407453
