Instance,INF_avg,INF_sd,INF_r1,INF_kr,INF_sk,SUP_avg,SUP_sd,SUP_r1,SUP_kr,SUP_sk,INC_avg,INC_sd,INC_r1,INC_kr,INC_sk,IND_avg,IND_sd,IND_r1,IND_kr,IND_sk
80,0.2000000000,0.0741619849,-0.1428571429,2.4380165289,0.3677453795,0.2550000000,0.0650000000,-0.3797389683,1.7932495361,0.0873918980,0.5450000000,0.1059481005,-0.0050859772,1.7107901250,0.0681091553,0.2150000000,0.0593717104,-0.0572687225,3.1415421759,0.8385682959
