Instance,INF_avg,INF_sd,INF_r1,INF_kr,INF_sk,SUP_avg,SUP_sd,SUP_r1,SUP_kr,SUP_sk,INC_avg,INC_sd,INC_r1,INC_kr,INC_sk,IND_avg,IND_sd,IND_r1,IND_kr,IND_sk
111,0.2295000000,0.0308585482,-0.0097608461,3.4927058870,-0.5745778389,0.2620000000,0.0283019434,-0.7278039279,2.5480742705,-0.3127059913,0.5085000000,0.0434194657,-0.3733250817,3.1104691515,0.7317618651,0.0435000000,0.0173277235,-0.1763230499,2.8852565965,0.9883426757
