Instance,INF_avg,INF_sd,INF_r1,INF_kr,INF_sk,SUP_avg,SUP_sd,SUP_r1,SUP_kr,SUP_sk,INC_avg,INC_sd,INC_r1,INC_kr,INC_sk,IND_avg,IND_sd,IND_r1,IND_kr,IND_sk
462,0.2360000000,0.0512249939,-0.3466334165,2.3111986913,0.6870693244,0.2660000000,0.0380000000,-0.2246598167,2.0283530667,-0.0839772562,0.4980000000,0.0660000000,-0.3599777963,2.1774949596,0.3886801903,0.1200000000,0.0489897949,-0.0178571429,1.8333333333,0.5715476066
