Instance,INF_avg,INF_sd,INF_r1,INF_kr,INF_sk,SUP_avg,SUP_sd,SUP_r1,SUP_kr,SUP_sk,INC_avg,INC_sd,INC_r1,INC_kr,INC_sk,IND_avg,IND_sd,IND_r1,IND_kr,IND_sk
78,0.2480000000,0.0278567766,-0.3312693498,2.1905090870,-0.6261779404,0.2360000000,0.0287054002,-0.2458471761,2.6779621076,1.1140963830,0.5160000000,0.0458693798,-0.0942578548,1.8900157585,0.4073395093,0.0600000000,0.0178885438,-0.4166666667,1.9531250000,-0.6288941187
