Instance,FV_avg_avg,FV_avg_sd,FV_sd_avg,FV_sd_sd,FV_r1_avg,FV_r1_sd,FV_kr_avg,FV_kr_sd,FV_sk_avg,FV_sk_sd,FD_avg_avg,FD_avg_sd,FD_sd_avg,FD_sd_sd,FD_r1_avg,FD_r1_sd,FD_kr_avg,FD_kr_sd,FD_sk_avg,FD_sk_sd,IN_avg_avg,IN_avg_sd,IN_sd_avg,IN_sd_sd,IN_r1_avg,IN_r1_sd,IN_kr_avg,IN_kr_sd,IN_sk_avg,IN_sk_sd
343,0.4943275118,0.3004308632,0.0008610304,0.0007527853,0.7609555475,0.1377019646,2.5976196890,0.8916951475,-0.1032859124,0.5927140388,0.0000010516,0.0000331690,0.0001397231,0.0000879364,-0.0288186258,0.2085542716,2.7907449667,1.0667425216,-0.0338948578,0.4101475996,0.5078000000,0.0277265216,0.1511869016,0.0212819359,-0.0475327201,0.1900762612,2.5318200714,0.5093572287,-0.0602937005,0.4314131972
