Instance,FV_avg_avg,FV_avg_sd,FV_sd_avg,FV_sd_sd,FV_r1_avg,FV_r1_sd,FV_kr_avg,FV_kr_sd,FV_sk_avg,FV_sk_sd,FD_avg_avg,FD_avg_sd,FD_sd_avg,FD_sd_sd,FD_r1_avg,FD_r1_sd,FD_kr_avg,FD_kr_sd,FD_sk_avg,FD_sk_sd,IN_avg_avg,IN_avg_sd,IN_sd_avg,IN_sd_sd,IN_r1_avg,IN_r1_sd,IN_kr_avg,IN_kr_sd,IN_sk_avg,IN_sk_sd
82,0.5003030647,0.3043230011,0.0005658633,0.0004703887,0.9262362551,0.0459551094,2.4171183068,0.4844468015,-0.1664303596,0.3737709217,0.0000022411,0.0000125565,0.0000185568,0.0000117674,0.0630119037,0.1614150035,2.7507240248,0.3034517468,-0.0006787655,0.2003152138,0.5007100000,0.0252976659,0.0541299053,0.0049575546,0.0551833972,0.1371616583,2.7258236616,0.3459393867,-0.0467409286,0.2417123548
