Instance,INF_avg,INF_sd,INF_r1,INF_kr,INF_sk,SUP_avg,SUP_sd,SUP_r1,SUP_kr,SUP_sk,INC_avg,INC_sd,INC_r1,INC_kr,INC_sk,IND_avg,IND_sd,IND_r1,IND_kr,IND_sk
472,0.2436000000,0.0459460553,0.1108794553,2.5683573079,0.4139856929,0.2828000000,0.0418588103,0.0637730186,2.6214998314,0.3493146947,0.4736000000,0.0492649977,-0.0852896149,2.7313700454,0.2761715412,0.0636000000,0.0197747314,0.1244919203,2.7497016643,-0.3038892849
