Instance,FV_avg_avg,FV_avg_sd,FV_sd_avg,FV_sd_sd,FV_r1_avg,FV_r1_sd,FV_kr_avg,FV_kr_sd,FV_sk_avg,FV_sk_sd,FD_avg_avg,FD_avg_sd,FD_sd_avg,FD_sd_sd,FD_r1_avg,FD_r1_sd,FD_kr_avg,FD_kr_sd,FD_sk_avg,FD_sk_sd,IN_avg_avg,IN_avg_sd,IN_sd_avg,IN_sd_sd,IN_r1_avg,IN_r1_sd,IN_kr_avg,IN_kr_sd,IN_sk_avg,IN_sk_sd
86,0.4597229165,0.3149089377,0.0162332905,0.0106797556,0.9930373089,0.0013442910,2.6915860173,0.2321253842,0.9073177083,0.1212897981,-0.0001837613,0.0001234919,0.0000501576,0.0000334596,0.9373616973,0.0135801081,4.3751710825,0.8314769652,1.3285181438,0.2236814968,0.1318875504,0.0122995928,0.1166485993,0.0118982666,0.9525263864,0.0092105302,3.8212143363,0.3891412753,1.2318371703,0.1051896768
