Instance,INF_avg,INF_sd,INF_r1,INF_kr,INF_sk,SUP_avg,SUP_sd,SUP_r1,SUP_kr,SUP_sk,INC_avg,INC_sd,INC_r1,INC_kr,INC_sk,IND_avg,IND_sd,IND_r1,IND_kr,IND_sk
306,0.2164000000,0.0355392740,-0.0252607113,2.4913336122,0.2220547483,0.2580000000,0.0357770876,0.1681315922,3.4700000000,-0.4968263538,0.5256000000,0.0454383098,0.1153172331,2.5939854047,0.5502224450,0.0688000000,0.0179599555,0.0213485743,3.5713134212,0.3871708616
