Instance,INF_avg,INF_sd,INF_r1,INF_kr,INF_sk,SUP_avg,SUP_sd,SUP_r1,SUP_kr,SUP_sk,INC_avg,INC_sd,INC_r1,INC_kr,INC_sk,IND_avg,IND_sd,IND_r1,IND_kr,IND_sk
374,0.6200000000,0.1101078608,0.7854919799,4.1991532910,-1.1682220389,0.1048201439,0.0878303836,0.8492167455,4.2251654795,1.3034469909,0.2751798561,0.0484486306,0.1435488119,2.8160022558,0.2200607281,0.0634532374,0.0191439917,0.0796176386,2.9586699945,0.3204610417
