Instance,FV_avg_avg,FV_avg_sd,FV_sd_avg,FV_sd_sd,FV_r1_avg,FV_r1_sd,FV_kr_avg,FV_kr_sd,FV_sk_avg,FV_sk_sd,FD_avg_avg,FD_avg_sd,FD_sd_avg,FD_sd_sd,FD_r1_avg,FD_r1_sd,FD_kr_avg,FD_kr_sd,FD_sk_avg,FD_sk_sd,IN_avg_avg,IN_avg_sd,IN_sd_avg,IN_sd_sd,IN_r1_avg,IN_r1_sd,IN_kr_avg,IN_kr_sd,IN_sk_avg,IN_sk_sd
10,0.4995257105,0.3042730669,0.0002962815,0.0002076943,0.3795671343,0.3402016777,2.1932259753,0.6493360538,-0.0374713412,0.4459552673,0.0000125653,0.0000209865,0.0000254365,0.0000177570,-0.0622791220,0.3218970922,2.5857406682,0.9722059135,0.1446533808,0.7565267417,0.5137750000,0.0175238944,0.0320679085,0.0077095231,-0.0940666555,0.3588360016,2.3437311279,0.6199743644,0.1691482317,0.4558596398
