Instance,FV_avg_avg,FV_avg_sd,FV_sd_avg,FV_sd_sd,FV_r1_avg,FV_r1_sd,FV_kr_avg,FV_kr_sd,FV_sk_avg,FV_sk_sd,FD_avg_avg,FD_avg_sd,FD_sd_avg,FD_sd_sd,FD_r1_avg,FD_r1_sd,FD_kr_avg,FD_kr_sd,FD_sk_avg,FD_sk_sd,IN_avg_avg,IN_avg_sd,IN_sd_avg,IN_sd_sd,IN_r1_avg,IN_r1_sd,IN_kr_avg,IN_kr_sd,IN_sk_avg,IN_sk_sd
504,0.4790817816,0.2909022757,0.0060464286,0.0039282183,0.8769079971,0.0609155600,2.7043023276,0.6285767662,0.0198599147,0.4309688301,0.0000629339,0.0002671380,0.0004792639,0.0003083410,0.3428641056,0.1391599878,2.9954424702,0.5529776050,0.0746912362,0.2917372291,0.5101900000,0.0387190638,0.0840063850,0.0077540497,0.2547122342,0.1346665644,2.9372019872,0.5131828696,-0.0178858411,0.2126647288
