Instance,FV_avg_avg,FV_avg_sd,FV_sd_avg,FV_sd_sd,FV_r1_avg,FV_r1_sd,FV_kr_avg,FV_kr_sd,FV_sk_avg,FV_sk_sd,FD_avg_avg,FD_avg_sd,FD_sd_avg,FD_sd_sd,FD_r1_avg,FD_r1_sd,FD_kr_avg,FD_kr_sd,FD_sk_avg,FD_sk_sd,IN_avg_avg,IN_avg_sd,IN_sd_avg,IN_sd_sd,IN_r1_avg,IN_r1_sd,IN_kr_avg,IN_kr_sd,IN_sk_avg,IN_sk_sd
137,0.4997033700,0.3034519156,0.0003119815,0.0001797242,0.7914085498,0.1378430590,2.2059556962,0.5259749040,-0.0504937949,0.4233617865,0.0000060579,0.0000157876,0.0000197631,0.0000112302,0.2067255881,0.2814667072,2.9798920556,0.7247568416,-0.0089140963,0.4661573121,0.5017600000,0.0350887788,0.0539779668,0.0071315569,0.0279123481,0.2572049838,3.0021873905,0.9052864063,-0.1027817442,0.5217082831
