Instance,FV_avg_avg,FV_avg_sd,FV_sd_avg,FV_sd_sd,FV_r1_avg,FV_r1_sd,FV_kr_avg,FV_kr_sd,FV_sk_avg,FV_sk_sd,FD_avg_avg,FD_avg_sd,FD_sd_avg,FD_sd_sd,FD_r1_avg,FD_r1_sd,FD_kr_avg,FD_kr_sd,FD_sk_avg,FD_sk_sd,IN_avg_avg,IN_avg_sd,IN_sd_avg,IN_sd_sd,IN_r1_avg,IN_r1_sd,IN_kr_avg,IN_kr_sd,IN_sk_avg,IN_sk_sd
41,0.5052631223,0.3066248848,0.0005235806,0.0004335617,0.5000587642,0.3083795781,2.3021822025,0.6444879451,0.1814010549,0.4453984509,-0.0000013166,0.0000965330,0.0001190538,0.0000788006,-0.0599694602,0.2309717762,2.6156592123,0.8469274357,0.1912864753,0.5881745298,0.4945000000,0.0773611660,0.1318402266,0.0308732030,-0.1231205661,0.2607748061,2.4180813156,0.4722852110,0.1005558344,0.4566550605
