Instance,FV_avg_avg,FV_avg_sd,FV_sd_avg,FV_sd_sd,FV_r1_avg,FV_r1_sd,FV_kr_avg,FV_kr_sd,FV_sk_avg,FV_sk_sd,FD_avg_avg,FD_avg_sd,FD_sd_avg,FD_sd_sd,FD_r1_avg,FD_r1_sd,FD_kr_avg,FD_kr_sd,FD_sk_avg,FD_sk_sd,IN_avg_avg,IN_avg_sd,IN_sd_avg,IN_sd_sd,IN_r1_avg,IN_r1_sd,IN_kr_avg,IN_kr_sd,IN_sk_avg,IN_sk_sd
309,0.4934706189,0.3001413567,0.0017852105,0.0013606836,0.9398815165,0.0435312588,2.2793953699,0.4921888427,-0.0893981259,0.3700037286,-0.0000050104,0.0000289630,0.0001191164,0.0000723042,0.0008879897,0.1275912837,2.8343990265,0.2675044010,-0.0184975005,0.2369059262,0.4976000000,0.0290592498,0.1080355699,0.0063730393,0.0045878208,0.1003550342,2.7688573403,0.3306857926,0.0432098250,0.2150970887
