Instance,FV_avg_avg,FV_avg_sd,FV_sd_avg,FV_sd_sd,FV_r1_avg,FV_r1_sd,FV_kr_avg,FV_kr_sd,FV_sk_avg,FV_sk_sd,FD_avg_avg,FD_avg_sd,FD_sd_avg,FD_sd_sd,FD_r1_avg,FD_r1_sd,FD_kr_avg,FD_kr_sd,FD_sk_avg,FD_sk_sd,IN_avg_avg,IN_avg_sd,IN_sd_avg,IN_sd_sd,IN_r1_avg,IN_r1_sd,IN_kr_avg,IN_kr_sd,IN_sk_avg,IN_sk_sd
58,0.5000017439,0.3026553603,0.0003869680,0.0002589331,-0.0506629173,0.4793794209,2.0955297315,0.4748336072,-0.0787221753,0.6714590784,-0.0000055425,0.0000351306,0.0000669654,0.0000472353,-0.1580620781,0.3789278222,2.1582251321,0.5537623866,-0.0814382193,0.7501988463,0.4972000000,0.0356673520,0.0535823144,0.0176899854,-0.1566886841,0.3794314302,2.0532162007,0.5322344371,-0.2618205226,0.6303329833
