Instance,INF_avg,INF_sd,INF_r1,INF_kr,INF_sk,SUP_avg,SUP_sd,SUP_r1,SUP_kr,SUP_sk,INC_avg,INC_sd,INC_r1,INC_kr,INC_sk,IND_avg,IND_sd,IND_r1,IND_kr,IND_sk
318,0.2900000000,0.1473091986,0.1519955756,2.5820255261,0.2102227303,0.2340000000,0.1450655024,-0.0307846294,2.9900200595,0.5746304656,0.4760000000,0.1556406117,-0.1088496511,2.3943903575,0.1798167564,0.3860000000,0.1183384975,-0.0571368164,2.6386142091,0.3445014216
