Instance,INF_avg,INF_sd,INF_r1,INF_kr,INF_sk,SUP_avg,SUP_sd,SUP_r1,SUP_kr,SUP_sk,INC_avg,INC_sd,INC_r1,INC_kr,INC_sk,IND_avg,IND_sd,IND_r1,IND_kr,IND_sk
88,0.2420000000,0.0493153120,0.0959467495,3.7983980047,-0.3556931448,0.2531000000,0.0446473963,0.0543172356,2.5590231718,0.2242893849,0.5049000000,0.0513516309,0.0379010531,3.1065837908,0.1631193293,0.0619000000,0.0146078746,0.1332834118,3.4544880783,0.3614869976
