Instance,FV_avg_avg,FV_avg_sd,FV_sd_avg,FV_sd_sd,FV_r1_avg,FV_r1_sd,FV_kr_avg,FV_kr_sd,FV_sk_avg,FV_sk_sd,FD_avg_avg,FD_avg_sd,FD_sd_avg,FD_sd_sd,FD_r1_avg,FD_r1_sd,FD_kr_avg,FD_kr_sd,FD_sk_avg,FD_sk_sd,IN_avg_avg,IN_avg_sd,IN_sd_avg,IN_sd_sd,IN_r1_avg,IN_r1_sd,IN_kr_avg,IN_kr_sd,IN_sk_avg,IN_sk_sd
191,0.5006084402,0.3040022599,0.0002731524,0.0002202499,0.7329900165,0.2313046029,2.3394030992,0.9261522986,-0.2128859986,0.4975215751,-0.0000026866,0.0000152856,0.0000518350,0.0000337094,-0.0112681344,0.1765868849,2.8847296525,0.9232194066,-0.0545740803,0.4882593816,0.4922000000,0.0371262710,0.1598592011,0.0174881624,-0.0074744528,0.1758273886,2.8137641567,0.7494418759,-0.0652914822,0.3737810578
