Instance,INF_avg,INF_sd,INF_r1,INF_kr,INF_sk,SUP_avg,SUP_sd,SUP_r1,SUP_kr,SUP_sk,INC_avg,INC_sd,INC_r1,INC_kr,INC_sk,IND_avg,IND_sd,IND_r1,IND_kr,IND_sk
75,0.2480000000,0.1403424383,-0.0552191129,3.6263088465,0.4967772295,0.2240000000,0.1320000000,0.0953614879,3.1913904889,0.2833291594,0.5280000000,0.1470238076,-0.0240357154,2.9144170971,-0.1125514478,0.3800000000,0.1095445115,0.1154371585,2.1533333333,0.2190890230
