Instance,FV_avg_avg,FV_avg_sd,FV_sd_avg,FV_sd_sd,FV_r1_avg,FV_r1_sd,FV_kr_avg,FV_kr_sd,FV_sk_avg,FV_sk_sd,FD_avg_avg,FD_avg_sd,FD_sd_avg,FD_sd_sd,FD_r1_avg,FD_r1_sd,FD_kr_avg,FD_kr_sd,FD_sk_avg,FD_sk_sd,IN_avg_avg,IN_avg_sd,IN_sd_avg,IN_sd_sd,IN_r1_avg,IN_r1_sd,IN_kr_avg,IN_kr_sd,IN_sk_avg,IN_sk_sd
162,0.4976949057,0.3021234972,0.0008120931,0.0006887884,0.9514165775,0.0388518757,2.1393661222,0.4528591775,-0.0009906584,0.3936484468,-0.0000002139,0.0000111415,0.0000153494,0.0000093930,0.1069576789,0.1547026906,3.0047992092,0.5655521582,-0.0697597447,0.3040481132,0.4995375000,0.0165985306,0.0360208016,0.0029221955,0.0767971242,0.1286240150,2.9080594397,0.5508488372,-0.0881175531,0.2028327572
