Instance,FV_avg_avg,FV_avg_sd,FV_sd_avg,FV_sd_sd,FV_r1_avg,FV_r1_sd,FV_kr_avg,FV_kr_sd,FV_sk_avg,FV_sk_sd,FD_avg_avg,FD_avg_sd,FD_sd_avg,FD_sd_sd,FD_r1_avg,FD_r1_sd,FD_kr_avg,FD_kr_sd,FD_sk_avg,FD_sk_sd,IN_avg_avg,IN_avg_sd,IN_sd_avg,IN_sd_sd,IN_r1_avg,IN_r1_sd,IN_kr_avg,IN_kr_sd,IN_sk_avg,IN_sk_sd
312,0.4966082612,0.3022280662,0.0004154840,0.0002890604,0.8780245631,0.0925786871,2.4122003960,0.5698358683,-0.0038479896,0.4994551219,0.0000033238,0.0000093255,0.0000418093,0.0000251792,0.0429932307,0.1176141352,3.0365764067,0.5606488976,-0.0794940976,0.2440486617,0.4987000000,0.0247428778,0.1107594836,0.0101703876,0.0173818968,0.1330517218,2.6937728074,0.3976493313,-0.0180349687,0.2567526773
