Instance,INF_avg,INF_sd,INF_r1,INF_kr,INF_sk,SUP_avg,SUP_sd,SUP_r1,SUP_kr,SUP_sk,INC_avg,INC_sd,INC_r1,INC_kr,INC_sk,IND_avg,IND_sd,IND_r1,IND_kr,IND_sk
131,0.1800000000,0.0979795897,0.1025641026,2.7291666667,-0.8675276172,0.2800000000,0.0979795897,0.0384615385,1.1666666667,0.4082482905,0.5400000000,0.1743559577,-0.1611374408,1.7957063712,0.0543353054,0.3600000000,0.1356465997,-0.7955801105,1.2296786389,-0.2115471545
