Instance,INF_avg,INF_sd,INF_r1,INF_kr,INF_sk,SUP_avg,SUP_sd,SUP_r1,SUP_kr,SUP_sk,INC_avg,INC_sd,INC_r1,INC_kr,INC_sk,IND_avg,IND_sd,IND_r1,IND_kr,IND_sk
454,0.2300000000,0.1140175425,-0.0559200250,2.5560946746,0.1335826829,0.2920000000,0.1055272477,0.0554374702,2.3888986945,-0.1720833544,0.4780000000,0.1225397895,-0.2692997630,2.1004909272,0.2699393936,0.1860000000,0.0500399840,-0.0717082083,2.4194439057,0.3424737344
