Instance,INF_avg,INF_sd,INF_r1,INF_kr,INF_sk,SUP_avg,SUP_sd,SUP_r1,SUP_kr,SUP_sk,INC_avg,INC_sd,INC_r1,INC_kr,INC_sk,IND_avg,IND_sd,IND_r1,IND_kr,IND_sk
315,0.2526000000,0.0299873307,0.2772117042,2.4048156370,0.3880229475,0.2277000000,0.0337817998,0.2186534752,2.9732690442,0.3124085930,0.5197000000,0.0373953206,-0.1280484418,3.5545328877,-0.7376355071,0.0378000000,0.0099075729,-0.1515271325,2.2307195677,-0.1352105930
