Instance,INF_avg,INF_sd,INF_r1,INF_kr,INF_sk,SUP_avg,SUP_sd,SUP_r1,SUP_kr,SUP_sk,INC_avg,INC_sd,INC_r1,INC_kr,INC_sk,IND_avg,IND_sd,IND_r1,IND_kr,IND_sk
393,0.2483000000,0.0405784426,0.4116248072,3.0109482644,0.3700431382,0.3684000000,0.0470897016,0.4315478392,2.4404330988,0.1237117667,0.3833000000,0.0393523824,0.0505231102,2.6339333959,-0.1166639618,0.0352000000,0.0088294960,-0.0715688098,3.3125213730,0.7237855776
