Instance,INF_avg,INF_sd,INF_r1,INF_kr,INF_sk,SUP_avg,SUP_sd,SUP_r1,SUP_kr,SUP_sk,INC_avg,INC_sd,INC_r1,INC_kr,INC_sk,IND_avg,IND_sd,IND_r1,IND_kr,IND_sk
251,0.2500000000,0.0806225775,-0.3600000000,2.5147928994,0.0000000000,0.2700000000,0.1100000000,-0.0749185668,1.4327573253,0.1622839970,0.4800000000,0.1469693846,-0.3690476190,2.1954732510,-0.4082482905,0.3800000000,0.1248999600,-0.5395480226,2.0295857988,0.0739053018
