Instance,INF_avg,INF_sd,INF_r1,INF_kr,INF_sk,SUP_avg,SUP_sd,SUP_r1,SUP_kr,SUP_sk,INC_avg,INC_sd,INC_r1,INC_kr,INC_sk,IND_avg,IND_sd,IND_r1,IND_kr,IND_sk
202,0.1895000000,0.0349606922,0.0278890641,1.6422646571,0.3146683320,0.2935000000,0.0349320769,0.4161290987,2.2362011825,-0.4227010806,0.5170000000,0.0229346899,-0.2428489703,2.0678410849,-0.4197735603,0.0320000000,0.0087177979,-0.2859195402,1.8216759003,0.1675338583
