Instance,INF_avg,INF_sd,INF_r1,INF_kr,INF_sk,SUP_avg,SUP_sd,SUP_r1,SUP_kr,SUP_sk,INC_avg,INC_sd,INC_r1,INC_kr,INC_sk,IND_avg,IND_sd,IND_r1,IND_kr,IND_sk
237,0.2530000000,0.0924175308,0.0865727422,2.7335169638,0.3966665081,0.2665000000,0.1053695876,-0.1037548306,4.4671370004,0.6450780311,0.4805000000,0.1195606541,-0.0884496544,3.1268113201,0.0262758304,0.2215000000,0.0742478956,-0.0348344333,2.2392140012,-0.0104095896
