Instance,FV_avg_avg,FV_avg_sd,FV_sd_avg,FV_sd_sd,FV_r1_avg,FV_r1_sd,FV_kr_avg,FV_kr_sd,FV_sk_avg,FV_sk_sd,FD_avg_avg,FD_avg_sd,FD_sd_avg,FD_sd_sd,FD_r1_avg,FD_r1_sd,FD_kr_avg,FD_kr_sd,FD_sk_avg,FD_sk_sd,IN_avg_avg,IN_avg_sd,IN_sd_avg,IN_sd_sd,IN_r1_avg,IN_r1_sd,IN_kr_avg,IN_kr_sd,IN_sk_avg,IN_sk_sd
59,0.4969437491,0.3013316040,0.0022876463,0.0013824402,0.9270153929,0.0547683251,2.3148933535,0.6090027426,0.0631912376,0.3649016913,-0.0000050643,0.0000486282,0.0001700883,0.0001040271,0.0069257301,0.1119620520,3.2650838488,0.7620643795,-0.0709771661,0.3164017628,0.4979250000,0.0206605149,0.1130013960,0.0057681895,-0.0301289051,0.1026115047,2.9301890436,0.5266969909,-0.1548616257,0.2422707427
