Instance,FV_avg_avg,FV_avg_sd,FV_sd_avg,FV_sd_sd,FV_r1_avg,FV_r1_sd,FV_kr_avg,FV_kr_sd,FV_sk_avg,FV_sk_sd,FD_avg_avg,FD_avg_sd,FD_sd_avg,FD_sd_sd,FD_r1_avg,FD_r1_sd,FD_kr_avg,FD_kr_sd,FD_sk_avg,FD_sk_sd,IN_avg_avg,IN_avg_sd,IN_sd_avg,IN_sd_sd,IN_r1_avg,IN_r1_sd,IN_kr_avg,IN_kr_sd,IN_sk_avg,IN_sk_sd
332,0.4934670069,0.2998655964,0.0012930459,0.0008809828,0.7952962121,0.1737700987,2.6819681151,0.6094459540,0.1716123644,0.5546027321,-0.0000183175,0.0001114862,0.0002526109,0.0001641827,-0.0536087596,0.2502012269,2.8036604291,0.7858132875,-0.2053593514,0.4545162037,0.4894000000,0.0527677932,0.1608143735,0.0249386704,-0.0749833483,0.2470709331,2.6041112154,0.5758150983,-0.1458235026,0.3327730238
