Instance,FV_avg_avg,FV_avg_sd,FV_sd_avg,FV_sd_sd,FV_r1_avg,FV_r1_sd,FV_kr_avg,FV_kr_sd,FV_sk_avg,FV_sk_sd,FD_avg_avg,FD_avg_sd,FD_sd_avg,FD_sd_sd,FD_r1_avg,FD_r1_sd,FD_kr_avg,FD_kr_sd,FD_sk_avg,FD_sk_sd,IN_avg_avg,IN_avg_sd,IN_sd_avg,IN_sd_sd,IN_r1_avg,IN_r1_sd,IN_kr_avg,IN_kr_sd,IN_sk_avg,IN_sk_sd
28,0.4917288663,0.3004852202,0.0003393710,0.0001902674,0.1247666339,0.4678101850,1.8388913233,0.5481534367,-0.2116206317,0.5228285729,0.0000023138,0.0000684739,0.0000460593,0.0000351367,-0.3126884373,0.4283277493,2.0582078134,0.5542746572,0.0027759059,0.7018995698,0.5001000000,0.0413108944,0.0502777467,0.0190931450,-0.2995961210,0.4605541920,1.9320903497,0.5828523546,0.0009372159,0.6571558463
