Instance,INF_avg,INF_sd,INF_r1,INF_kr,INF_sk,SUP_avg,SUP_sd,SUP_r1,SUP_kr,SUP_sk,INC_avg,INC_sd,INC_r1,INC_kr,INC_sk,IND_avg,IND_sd,IND_r1,IND_kr,IND_sk
165,0.2680000000,0.0354400903,-0.5938864629,1.4154935291,0.4076135177,0.2320000000,0.0213541565,-1.1531100478,2.2746999077,0.8478566294,0.5000000000,0.0384707681,-0.8219178082,1.2728268809,0.2107602344,0.0580000000,0.0146969385,-0.7125984252,1.5781893004,0.3477670622
