Instance,INF_avg,INF_sd,INF_r1,INF_kr,INF_sk,SUP_avg,SUP_sd,SUP_r1,SUP_kr,SUP_sk,INC_avg,INC_sd,INC_r1,INC_kr,INC_sk,IND_avg,IND_sd,IND_r1,IND_kr,IND_sk
43,0.2720000000,0.0960000000,0.2022871245,2.7347615560,-0.1287434896,0.2760000000,0.0986103443,-0.1609669086,2.9188095762,0.0562652332,0.4520000000,0.1272635062,0.0620247185,3.3786258492,0.1735993538,0.2080000000,0.0560000000,-0.0642689440,5.2586845325,0.2802933673
