Instance,FV_avg_avg,FV_avg_sd,FV_sd_avg,FV_sd_sd,FV_r1_avg,FV_r1_sd,FV_kr_avg,FV_kr_sd,FV_sk_avg,FV_sk_sd,FD_avg_avg,FD_avg_sd,FD_sd_avg,FD_sd_sd,FD_r1_avg,FD_r1_sd,FD_kr_avg,FD_kr_sd,FD_sk_avg,FD_sk_sd,IN_avg_avg,IN_avg_sd,IN_sd_avg,IN_sd_sd,IN_r1_avg,IN_r1_sd,IN_kr_avg,IN_kr_sd,IN_sk_avg,IN_sk_sd
252,0.4981391342,0.3022680563,0.0005353830,0.0004485473,0.9500294149,0.0304302123,2.5868479752,0.6152764677,-0.1004845077,0.5371194895,-0.0000016475,0.0000062242,0.0000203625,0.0000125898,0.0233554010,0.0878114638,2.9905960035,0.3248269385,0.0932393583,0.2292926709,0.4949100000,0.0142464697,0.0709985620,0.0051511359,0.0072011508,0.0877783875,3.0450010775,0.2917021180,0.0378820332,0.2570788652
