Instance,FV_avg_avg,FV_avg_sd,FV_sd_avg,FV_sd_sd,FV_r1_avg,FV_r1_sd,FV_kr_avg,FV_kr_sd,FV_sk_avg,FV_sk_sd,FD_avg_avg,FD_avg_sd,FD_sd_avg,FD_sd_sd,FD_r1_avg,FD_r1_sd,FD_kr_avg,FD_kr_sd,FD_sk_avg,FD_sk_sd,IN_avg_avg,IN_avg_sd,IN_sd_avg,IN_sd_sd,IN_r1_avg,IN_r1_sd,IN_kr_avg,IN_kr_sd,IN_sk_avg,IN_sk_sd
149,0.4862462160,0.2975334848,0.0029201933,0.0022755914,0.9093229149,0.0521868572,2.3691452649,0.3032977551,-0.0534722333,0.3580601295,0.0000496364,0.0001613908,0.0001324259,0.0000833619,0.2727859186,0.2028757394,2.9004261220,0.5295449784,0.0117287775,0.1682818809,0.5031450000,0.0438153452,0.0569909656,0.0092089274,0.2104415427,0.1609532276,2.7695369828,0.3511717383,0.0013513515,0.1467262630
