Instance,INF_avg,INF_sd,INF_r1,INF_kr,INF_sk,SUP_avg,SUP_sd,SUP_r1,SUP_kr,SUP_sk,INC_avg,INC_sd,INC_r1,INC_kr,INC_sk,IND_avg,IND_sd,IND_r1,IND_kr,IND_sk
189,0.2400000000,0.0888819442,-0.2552891396,2.1353949688,0.1965343422,0.1900000000,0.0700000000,-0.4556962025,1.8521449396,0.3586005831,0.5700000000,0.1144552314,-0.6520595968,1.6180292524,-0.2961256497,0.2300000000,0.0871779789,-0.1318242344,4.6004155125,1.3040473294
