Instance,INF_avg,INF_sd,INF_r1,INF_kr,INF_sk,SUP_avg,SUP_sd,SUP_r1,SUP_kr,SUP_sk,INC_avg,INC_sd,INC_r1,INC_kr,INC_sk,IND_avg,IND_sd,IND_r1,IND_kr,IND_sk
87,0.3080000000,0.1297536127,0.0778966616,3.3759191645,0.7921257919,0.2840000000,0.0987117014,-0.1183946944,2.8050122546,0.1682263712,0.4080000000,0.1218031198,0.0689124767,2.0050226504,-0.1862549861,0.2160000000,0.0751265599,-0.0598086820,5.7296281470,1.1791866343
