Instance,INF_avg,INF_sd,INF_r1,INF_kr,INF_sk,SUP_avg,SUP_sd,SUP_r1,SUP_kr,SUP_sk,INC_avg,INC_sd,INC_r1,INC_kr,INC_sk,IND_avg,IND_sd,IND_r1,IND_kr,IND_sk
491,0.2140000000,0.0922171351,-0.0141786242,2.6138155118,0.1977622152,0.3800000000,0.1122497216,0.2871519624,1.9489795918,-0.2799879677,0.4060000000,0.0886791971,-0.0268209028,3.9793431365,0.8936850378,0.2020000000,0.0479165942,-0.3256447357,4.9406390754,0.7382165383
