Instance,INF_avg,INF_sd,INF_r1,INF_kr,INF_sk,SUP_avg,SUP_sd,SUP_r1,SUP_kr,SUP_sk,INC_avg,INC_sd,INC_r1,INC_kr,INC_sk,IND_avg,IND_sd,IND_r1,IND_kr,IND_sk
420,0.2617021277,0.1313646727,-0.1815693993,3.9386283884,0.5615100676,0.2361702128,0.1118995216,0.0135195996,2.2646961947,0.0746537386,0.5021276596,0.1630681384,0.0258345745,3.5889948712,-0.0047979182,0.3638297872,0.0998414315,-0.2414321012,3.4154249172,0.0013355284
