Instance,INF_avg,INF_sd,INF_r1,INF_kr,INF_sk,SUP_avg,SUP_sd,SUP_r1,SUP_kr,SUP_sk,INC_avg,INC_sd,INC_r1,INC_kr,INC_sk,IND_avg,IND_sd,IND_r1,IND_kr,IND_sk
65,0.2496000000,0.0616103887,0.0326551387,3.1238938400,-0.4383970529,0.2668000000,0.0668861720,0.0526578766,2.5958869973,-0.1429627803,0.4836000000,0.0763874335,0.0486405820,2.6370980188,0.4001916433,0.0984000000,0.0331879496,-0.2182671411,2.8472922753,0.3110696916
