Instance,FV_avg_avg,FV_avg_sd,FV_sd_avg,FV_sd_sd,FV_r1_avg,FV_r1_sd,FV_kr_avg,FV_kr_sd,FV_sk_avg,FV_sk_sd,FD_avg_avg,FD_avg_sd,FD_sd_avg,FD_sd_sd,FD_r1_avg,FD_r1_sd,FD_kr_avg,FD_kr_sd,FD_sk_avg,FD_sk_sd,IN_avg_avg,IN_avg_sd,IN_sd_avg,IN_sd_sd,IN_r1_avg,IN_r1_sd,IN_kr_avg,IN_kr_sd,IN_sk_avg,IN_sk_sd
453,0.4979962038,0.3024264810,0.0004554638,0.0003770206,0.8897817803,0.0658340899,2.4585937070,0.4851489629,-0.0289691380,0.4878770223,0.0000027472,0.0000088977,0.0000125148,0.0000078473,0.1066841590,0.1184645343,2.6873108433,0.5246311417,0.0164289899,0.2753782088,0.5011450000,0.0201113519,0.0360807333,0.0042459609,0.0531149445,0.0954557322,2.6587604643,0.6648168449,-0.0874028439,0.3195190304
