Instance,FV_avg_avg,FV_avg_sd,FV_sd_avg,FV_sd_sd,FV_r1_avg,FV_r1_sd,FV_kr_avg,FV_kr_sd,FV_sk_avg,FV_sk_sd,FD_avg_avg,FD_avg_sd,FD_sd_avg,FD_sd_sd,FD_r1_avg,FD_r1_sd,FD_kr_avg,FD_kr_sd,FD_sk_avg,FD_sk_sd,IN_avg_avg,IN_avg_sd,IN_sd_avg,IN_sd_sd,IN_r1_avg,IN_r1_sd,IN_kr_avg,IN_kr_sd,IN_sk_avg,IN_sk_sd
198,0.4993816178,0.3037713279,0.0009270689,0.0007093783,0.9235909601,0.0599075028,2.4748283734,0.5169902628,0.0175308555,0.5511730889,-0.0000084954,0.0000124865,0.0000954003,0.0000570026,-0.0151151670,0.0910302739,3.0413301789,0.4887237923,0.0339477818,0.3056436342,0.4901500000,0.0251282212,0.1574232480,0.0111566564,-0.0353640446,0.1060016670,2.7184607121,0.3422995131,-0.0005283676,0.2130217655
