Instance,INF_avg,INF_sd,INF_r1,INF_kr,INF_sk,SUP_avg,SUP_sd,SUP_r1,SUP_kr,SUP_sk,INC_avg,INC_sd,INC_r1,INC_kr,INC_sk,IND_avg,IND_sd,IND_r1,IND_kr,IND_sk
360,0.2600000000,0.0489897949,-1.1794871795,2.7291666667,0.8675276172,0.2100000000,0.0374165739,-0.0869565217,1.8469387755,-0.3436215967,0.5300000000,0.0509901951,-0.4393939394,1.9556213018,-0.2715454179,0.2400000000,0.0489897949,-0.9230769231,1.1666666667,0.4082482905
