Instance,FV_avg_avg,FV_avg_sd,FV_sd_avg,FV_sd_sd,FV_r1_avg,FV_r1_sd,FV_kr_avg,FV_kr_sd,FV_sk_avg,FV_sk_sd,FD_avg_avg,FD_avg_sd,FD_sd_avg,FD_sd_sd,FD_r1_avg,FD_r1_sd,FD_kr_avg,FD_kr_sd,FD_sk_avg,FD_sk_sd,IN_avg_avg,IN_avg_sd,IN_sd_avg,IN_sd_sd,IN_r1_avg,IN_r1_sd,IN_kr_avg,IN_kr_sd,IN_sk_avg,IN_sk_sd
458,0.4978214522,0.3029487675,0.0007677848,0.0004587875,0.9510827411,0.0313093847,2.4785792041,0.4614349320,0.2041996688,0.3943002585,-0.0000023538,0.0000120885,0.0000509556,0.0000300415,-0.0626724735,0.0632165649,3.0300763176,0.4106907492,0.0330670830,0.2407163546,0.4955750000,0.0200432501,0.1116907165,0.0075908733,-0.0544863958,0.0532691665,2.8961062206,0.3433850284,0.0633790220,0.2330436783
