Instance,INF_avg,INF_sd,INF_r1,INF_kr,INF_sk,SUP_avg,SUP_sd,SUP_r1,SUP_kr,SUP_sk,INC_avg,INC_sd,INC_r1,INC_kr,INC_sk,IND_avg,IND_sd,IND_r1,IND_kr,IND_sk
137,0.2800000000,0.1029563014,0.2875647668,1.3209327163,0.1319482681,0.1900000000,0.0734846923,-0.3888888889,2.8127572016,-1.1642636432,0.5300000000,0.0927361850,0.0566037736,2.9694429421,-1.2864700617,0.2200000000,0.0748331477,-0.3235294118,1.8469387755,-0.3436215967
