Instance,INF_avg,INF_sd,INF_r1,INF_kr,INF_sk,SUP_avg,SUP_sd,SUP_r1,SUP_kr,SUP_sk,INC_avg,INC_sd,INC_r1,INC_kr,INC_sk,IND_avg,IND_sd,IND_r1,IND_kr,IND_sk
193,0.2520000000,0.0337786915,0.0816860161,2.6490954242,-0.7389180389,0.2635000000,0.0316267292,-0.4585839617,2.2467325558,0.0582273179,0.4845000000,0.0325921770,-0.1874837888,3.3953524762,0.3684464708,0.0415000000,0.0077620873,0.2794668888,3.1586405193,-0.3464012398
