Instance,FV_avg_avg,FV_avg_sd,FV_sd_avg,FV_sd_sd,FV_r1_avg,FV_r1_sd,FV_kr_avg,FV_kr_sd,FV_sk_avg,FV_sk_sd,FD_avg_avg,FD_avg_sd,FD_sd_avg,FD_sd_sd,FD_r1_avg,FD_r1_sd,FD_kr_avg,FD_kr_sd,FD_sk_avg,FD_sk_sd,IN_avg_avg,IN_avg_sd,IN_sd_avg,IN_sd_sd,IN_r1_avg,IN_r1_sd,IN_kr_avg,IN_kr_sd,IN_sk_avg,IN_sk_sd
62,0.4819056395,0.2915649408,0.0076332236,0.0056777613,0.9924538830,0.0065868780,1.8340029833,0.0570085871,0.1213616130,0.0755884168,-0.0000712602,0.0000518164,0.0000891970,0.0000551489,0.1934012971,0.1371409475,2.9335570921,0.4382531770,0.0789695692,0.3347370582,0.3983267716,0.0388627329,0.1641156688,0.0121525613,0.1525169325,0.1776112623,2.8362028665,0.3365499455,0.0829286706,0.2112624047
