Instance,FV_avg_avg,FV_avg_sd,FV_sd_avg,FV_sd_sd,FV_r1_avg,FV_r1_sd,FV_kr_avg,FV_kr_sd,FV_sk_avg,FV_sk_sd,FD_avg_avg,FD_avg_sd,FD_sd_avg,FD_sd_sd,FD_r1_avg,FD_r1_sd,FD_kr_avg,FD_kr_sd,FD_sk_avg,FD_sk_sd,IN_avg_avg,IN_avg_sd,IN_sd_avg,IN_sd_sd,IN_r1_avg,IN_r1_sd,IN_kr_avg,IN_kr_sd,IN_sk_avg,IN_sk_sd
493,0.4988785520,0.3031511993,0.0005200470,0.0003865500,0.5221835715,0.3606390329,2.6785204386,0.9463218500,0.1532888490,0.7289470656,0.0000001852,0.0000689563,0.0001187547,0.0000794530,-0.1583869551,0.2897188443,2.5002575478,0.8351213333,0.0432695610,0.7069664266,0.5005000000,0.0751315513,0.1456326418,0.0373648717,-0.0890530029,0.2528357003,2.4820559875,0.7803809414,0.1004568291,0.5554287846
