Instance,FV_avg_avg,FV_avg_sd,FV_sd_avg,FV_sd_sd,FV_r1_avg,FV_r1_sd,FV_kr_avg,FV_kr_sd,FV_sk_avg,FV_sk_sd,FD_avg_avg,FD_avg_sd,FD_sd_avg,FD_sd_sd,FD_r1_avg,FD_r1_sd,FD_kr_avg,FD_kr_sd,FD_sk_avg,FD_sk_sd,IN_avg_avg,IN_avg_sd,IN_sd_avg,IN_sd_sd,IN_r1_avg,IN_r1_sd,IN_kr_avg,IN_kr_sd,IN_sk_avg,IN_sk_sd
11,0.5026749452,0.3055827022,0.0005226950,0.0003451011,0.9194381949,0.0999022271,2.9594275119,0.9941601457,-0.1857160265,0.7799671375,0.0000033141,0.0000176465,0.0000639319,0.0000384362,-0.0389942034,0.1132910229,2.6365007122,0.3930380469,0.1092680341,0.2385558209,0.5064000000,0.0355674008,0.1577346956,0.0124002340,-0.0377024775,0.1018639607,2.5721338481,0.4017589828,0.0509580009,0.2222623779
