Instance,FV_avg_avg,FV_avg_sd,FV_sd_avg,FV_sd_sd,FV_r1_avg,FV_r1_sd,FV_kr_avg,FV_kr_sd,FV_sk_avg,FV_sk_sd,FD_avg_avg,FD_avg_sd,FD_sd_avg,FD_sd_sd,FD_r1_avg,FD_r1_sd,FD_kr_avg,FD_kr_sd,FD_sk_avg,FD_sk_sd,IN_avg_avg,IN_avg_sd,IN_sd_avg,IN_sd_sd,IN_r1_avg,IN_r1_sd,IN_kr_avg,IN_kr_sd,IN_sk_avg,IN_sk_sd
148,0.4968994527,0.3015730387,0.0016289614,0.0012110071,0.8441583363,0.1400876037,2.4719829395,0.6537374474,-0.0460805623,0.4448170501,0.0000043630,0.0000666452,0.0002235185,0.0001351301,-0.0107730771,0.1522142787,2.8168993902,0.4750241616,-0.0770695864,0.2857198053,0.5081000000,0.0312312344,0.1572722359,0.0146439006,-0.0244195200,0.1375218530,2.7917987715,0.3598379292,-0.0477690301,0.2727076018
