Instance,INF_avg,INF_sd,INF_r1,INF_kr,INF_sk,SUP_avg,SUP_sd,SUP_r1,SUP_kr,SUP_sk,INC_avg,INC_sd,INC_r1,INC_kr,INC_sk,IND_avg,IND_sd,IND_r1,IND_kr,IND_sk
468,0.2840000000,0.1514727698,-0.2913383603,2.2538325076,0.1339152829,0.2480000000,0.1526302722,0.1982004361,7.4236637332,1.6578523896,0.4680000000,0.1642437213,-0.0098370004,2.2016712892,0.0863225445,0.3760000000,0.1141227409,-0.2094486565,2.4878840198,0.6402004058
