Instance,FV_avg_avg,FV_avg_sd,FV_sd_avg,FV_sd_sd,FV_r1_avg,FV_r1_sd,FV_kr_avg,FV_kr_sd,FV_sk_avg,FV_sk_sd,FD_avg_avg,FD_avg_sd,FD_sd_avg,FD_sd_sd,FD_r1_avg,FD_r1_sd,FD_kr_avg,FD_kr_sd,FD_sk_avg,FD_sk_sd,IN_avg_avg,IN_avg_sd,IN_sd_avg,IN_sd_sd,IN_r1_avg,IN_r1_sd,IN_kr_avg,IN_kr_sd,IN_sk_avg,IN_sk_sd
47,0.4945889140,0.3007044344,0.0005563012,0.0003824673,0.2237472714,0.4162744681,2.0872692169,0.4316148690,0.1611961817,0.6086547356,0.0000115095,0.0000807269,0.0000497484,0.0000309033,-0.2031133839,0.3204446640,2.0545453932,0.5127147486,-0.1174105742,0.6090969050,0.4988000000,0.0507006903,0.0361831302,0.0174006060,-0.1410116423,0.4260783988,1.9838713883,0.5463396585,-0.1074329145,0.5948814815
