Instance,INF_avg,INF_sd,INF_r1,INF_kr,INF_sk,SUP_avg,SUP_sd,SUP_r1,SUP_kr,SUP_sk,INC_avg,INC_sd,INC_r1,INC_kr,INC_sk,IND_avg,IND_sd,IND_r1,IND_kr,IND_sk
497,0.1880000000,0.0886340792,-0.2628490531,2.3094188260,0.2793930695,0.2320000000,0.0785875308,0.2502136524,2.3441031974,-0.1352902202,0.5800000000,0.0927361850,0.0144792153,2.8396430503,-0.3084518861,0.2560000000,0.0816333265,0.0694267669,4.4142802379,0.6338771235
