Instance,INF_avg,INF_sd,INF_r1,INF_kr,INF_sk,SUP_avg,SUP_sd,SUP_r1,SUP_kr,SUP_sk,INC_avg,INC_sd,INC_r1,INC_kr,INC_sk,IND_avg,IND_sd,IND_r1,IND_kr,IND_sk
436,0.2140000000,0.0608604962,0.3861553304,1.7102776054,-0.3660249138,0.3300000000,0.0509901951,0.3456790123,1.5721893491,0.0000000000,0.4560000000,0.0402988834,0.0918860828,1.2184352933,0.4026563426,0.0980000000,0.0278567766,-0.9375736160,1.3296312042,-0.2931045678
