Instance,FV_avg_avg,FV_avg_sd,FV_sd_avg,FV_sd_sd,FV_r1_avg,FV_r1_sd,FV_kr_avg,FV_kr_sd,FV_sk_avg,FV_sk_sd,FD_avg_avg,FD_avg_sd,FD_sd_avg,FD_sd_sd,FD_r1_avg,FD_r1_sd,FD_kr_avg,FD_kr_sd,FD_sk_avg,FD_sk_sd,IN_avg_avg,IN_avg_sd,IN_sd_avg,IN_sd_sd,IN_r1_avg,IN_r1_sd,IN_kr_avg,IN_kr_sd,IN_sk_avg,IN_sk_sd
181,0.5015408129,0.3040029984,0.0001175974,0.0000910371,-0.0075097350,0.4903707120,2.0032916707,0.4906558501,0.1024912690,0.5731946942,0.0000007835,0.0000058814,0.0000074906,0.0000058758,-0.2507599898,0.2985404221,1.9198927934,0.5073764701,0.0420876394,0.5881163591,0.4968000000,0.0180765041,0.0320187078,0.0131834120,-0.2085749947,0.2977273035,1.8939256377,0.5264766605,0.0706563233,0.5629570924
