Instance,FV_avg_avg,FV_avg_sd,FV_sd_avg,FV_sd_sd,FV_r1_avg,FV_r1_sd,FV_kr_avg,FV_kr_sd,FV_sk_avg,FV_sk_sd,FD_avg_avg,FD_avg_sd,FD_sd_avg,FD_sd_sd,FD_r1_avg,FD_r1_sd,FD_kr_avg,FD_kr_sd,FD_sk_avg,FD_sk_sd,IN_avg_avg,IN_avg_sd,IN_sd_avg,IN_sd_sd,IN_r1_avg,IN_r1_sd,IN_kr_avg,IN_kr_sd,IN_sk_avg,IN_sk_sd
308,0.4963949003,0.3021994149,0.0003507652,0.0002529879,0.6161851920,0.2874657180,2.1047030415,0.5681020817,-0.1284959620,0.4623409694,0.0000021263,0.0000168908,0.0000517160,0.0000326652,-0.1611514915,0.3047094373,2.5054401414,0.8373464133,0.0083847927,0.5042462953,0.4950000000,0.0381444622,0.0956255410,0.0255099178,-0.2263284053,0.2266352107,2.2783042608,0.6189119643,-0.0724992914,0.5641912150
