Instance,INF_avg,INF_sd,INF_r1,INF_kr,INF_sk,SUP_avg,SUP_sd,SUP_r1,SUP_kr,SUP_sk,INC_avg,INC_sd,INC_r1,INC_kr,INC_sk,IND_avg,IND_sd,IND_r1,IND_kr,IND_sk
281,0.2760000000,0.1083697375,-0.2233169130,1.9464878349,0.1095251321,0.2480000000,0.0587877538,-0.4892623716,2.2147633745,0.0774915737,0.4760000000,0.0763151361,-0.2726772952,2.7518717546,1.1041549626,0.1280000000,0.0299332591,-0.4575645756,2.1339285714,0.7301958931
