Instance,INF_avg,INF_sd,INF_r1,INF_kr,INF_sk,SUP_avg,SUP_sd,SUP_r1,SUP_kr,SUP_sk,INC_avg,INC_sd,INC_r1,INC_kr,INC_sk,IND_avg,IND_sd,IND_r1,IND_kr,IND_sk
35,0.2470000000,0.1330075186,-0.0900242372,2.5244330713,-0.1140033551,0.2840000000,0.1205985075,-0.0300279330,2.4574351825,0.4117527383,0.4690000000,0.1309160036,0.0507084472,2.9628183831,0.2913481234,0.3660000000,0.1050904372,0.0950292882,3.3048323646,0.2979376203
