Instance,FV_avg_avg,FV_avg_sd,FV_sd_avg,FV_sd_sd,FV_r1_avg,FV_r1_sd,FV_kr_avg,FV_kr_sd,FV_sk_avg,FV_sk_sd,FD_avg_avg,FD_avg_sd,FD_sd_avg,FD_sd_sd,FD_r1_avg,FD_r1_sd,FD_kr_avg,FD_kr_sd,FD_sk_avg,FD_sk_sd,IN_avg_avg,IN_avg_sd,IN_sd_avg,IN_sd_sd,IN_r1_avg,IN_r1_sd,IN_kr_avg,IN_kr_sd,IN_sk_avg,IN_sk_sd
148,0.4735491668,0.2875753107,0.0143022839,0.0088228605,0.9778110291,0.0116817042,1.9125210082,0.0785437249,0.3279457537,0.0797866220,-0.0004076928,0.0002520750,0.0002787759,0.0001709269,0.6766246510,0.0827466423,2.4742668658,0.3475837523,0.1937910562,0.3023167158,0.2870780964,0.0336448870,0.1518115909,0.0135524307,0.5709050276,0.0843440628,2.7248943107,0.5877118498,0.4176657501,0.2812334349
