Instance,INF_avg,INF_sd,INF_r1,INF_kr,INF_sk,SUP_avg,SUP_sd,SUP_r1,SUP_kr,SUP_sk,INC_avg,INC_sd,INC_r1,INC_kr,INC_sk,IND_avg,IND_sd,IND_r1,IND_kr,IND_sk
381,0.2600000000,0.1854723699,-0.7832167832,1.5091941590,-0.1579875514,0.2400000000,0.1854723699,0.1608391608,1.5091941590,0.1579875514,0.5000000000,0.2683281573,-0.2500000000,1.2500000000,0.0000000000,0.4000000000,0.1095445115,-0.8000000000,2.5000000000,0.9128709292
