Instance,FV_avg_avg,FV_avg_sd,FV_sd_avg,FV_sd_sd,FV_r1_avg,FV_r1_sd,FV_kr_avg,FV_kr_sd,FV_sk_avg,FV_sk_sd,FD_avg_avg,FD_avg_sd,FD_sd_avg,FD_sd_sd,FD_r1_avg,FD_r1_sd,FD_kr_avg,FD_kr_sd,FD_sk_avg,FD_sk_sd,IN_avg_avg,IN_avg_sd,IN_sd_avg,IN_sd_sd,IN_r1_avg,IN_r1_sd,IN_kr_avg,IN_kr_sd,IN_sk_avg,IN_sk_sd
237,0.4690726217,0.2842749004,0.0132459608,0.0085793060,0.9903349832,0.0043791419,1.8799269487,0.0558669688,0.2806096429,0.0799607099,-0.0001895136,0.0001205693,0.0001235887,0.0000780905,0.6148865917,0.0978946621,2.6335545423,0.3698730371,0.1486257972,0.1567439564,0.3014697880,0.0274030347,0.1450886138,0.0130365228,0.5411226772,0.1198784037,2.8239217850,0.5267800815,0.3843136735,0.1922590174
