Instance,INF_avg,INF_sd,INF_r1,INF_kr,INF_sk,SUP_avg,SUP_sd,SUP_r1,SUP_kr,SUP_sk,INC_avg,INC_sd,INC_r1,INC_kr,INC_sk,IND_avg,IND_sd,IND_r1,IND_kr,IND_sk
25,0.2800000000,0.0379473319,-0.2352941176,1.7592592593,-0.3513641845,0.2280000000,0.0627375486,0.3139963168,1.7813801309,0.0171057167,0.4920000000,0.0515363949,0.2883548983,1.5489185658,0.0252482701,0.1040000000,0.0149666295,-0.0869565217,1.8469387755,-0.3436215967
