Instance,INF_avg,INF_sd,INF_r1,INF_kr,INF_sk,SUP_avg,SUP_sd,SUP_r1,SUP_kr,SUP_sk,INC_avg,INC_sd,INC_r1,INC_kr,INC_sk,IND_avg,IND_sd,IND_r1,IND_kr,IND_sk
402,0.2290000000,0.0482597140,0.0034574817,2.2612890910,0.2908265936,0.2920000000,0.0485386444,-0.3528667028,1.7499286581,-0.3737767057,0.4790000000,0.0522398315,-0.5158133479,1.9104786463,0.2797930726,0.0790000000,0.0202237484,-0.1921074267,1.7207991344,-0.0812426930
