Instance,FV_avg_avg,FV_avg_sd,FV_sd_avg,FV_sd_sd,FV_r1_avg,FV_r1_sd,FV_kr_avg,FV_kr_sd,FV_sk_avg,FV_sk_sd,FD_avg_avg,FD_avg_sd,FD_sd_avg,FD_sd_sd,FD_r1_avg,FD_r1_sd,FD_kr_avg,FD_kr_sd,FD_sk_avg,FD_sk_sd,IN_avg_avg,IN_avg_sd,IN_sd_avg,IN_sd_sd,IN_r1_avg,IN_r1_sd,IN_kr_avg,IN_kr_sd,IN_sk_avg,IN_sk_sd
350,0.4972546804,0.3023741525,0.0001902589,0.0001170773,0.7626060486,0.1086482158,2.2767803821,0.5490165944,0.0250563784,0.4014295530,-0.0000024569,0.0000094314,0.0000282106,0.0000176938,-0.0075778335,0.1448304222,2.5442589991,0.6377574939,-0.0586910426,0.2682562639,0.4812000000,0.0330417917,0.1114228779,0.0154836135,0.0629793192,0.1905209066,2.6428871393,0.8549823113,0.0880962740,0.2967858993
