Instance,FV_avg_avg,FV_avg_sd,FV_sd_avg,FV_sd_sd,FV_r1_avg,FV_r1_sd,FV_kr_avg,FV_kr_sd,FV_sk_avg,FV_sk_sd,FD_avg_avg,FD_avg_sd,FD_sd_avg,FD_sd_sd,FD_r1_avg,FD_r1_sd,FD_kr_avg,FD_kr_sd,FD_sk_avg,FD_sk_sd,IN_avg_avg,IN_avg_sd,IN_sd_avg,IN_sd_sd,IN_r1_avg,IN_r1_sd,IN_kr_avg,IN_kr_sd,IN_sk_avg,IN_sk_sd
384,0.5000674979,0.3031472469,0.0002534706,0.0001788577,0.6096458430,0.2063511008,2.1522967344,0.5178172870,-0.0830673930,0.5542019492,0.0000012301,0.0000179841,0.0000517754,0.0000347398,-0.0891905160,0.3504058676,2.4619840368,0.8331401549,-0.0287061812,0.5967405775,0.5050000000,0.0327871926,0.1089885605,0.0199121490,-0.0820673102,0.3240991413,2.3311746415,0.7758462359,-0.0984997067,0.4588026931
