Instance,FV_avg_avg,FV_avg_sd,FV_sd_avg,FV_sd_sd,FV_r1_avg,FV_r1_sd,FV_kr_avg,FV_kr_sd,FV_sk_avg,FV_sk_sd,FD_avg_avg,FD_avg_sd,FD_sd_avg,FD_sd_sd,FD_r1_avg,FD_r1_sd,FD_kr_avg,FD_kr_sd,FD_sk_avg,FD_sk_sd,IN_avg_avg,IN_avg_sd,IN_sd_avg,IN_sd_sd,IN_r1_avg,IN_r1_sd,IN_kr_avg,IN_kr_sd,IN_sk_avg,IN_sk_sd
9,0.4615374062,0.3056002825,0.0164635307,0.0104945535,0.9928781463,0.0039338012,2.1669300757,0.2375448152,0.5792262217,0.2048505367,-0.0001435207,0.0000920514,0.0000608646,0.0000367081,0.9503076186,0.0435781967,2.3701941109,0.2523181043,0.6190000353,0.1856389170,0.1855844535,0.0786273236,0.1262656605,0.0240104865,0.9380750017,0.0579067855,2.5585180023,0.2069533149,0.7759812292,0.2097974611
