Instance,INF_avg,INF_sd,INF_r1,INF_kr,INF_sk,SUP_avg,SUP_sd,SUP_r1,SUP_kr,SUP_sk,INC_avg,INC_sd,INC_r1,INC_kr,INC_sk,IND_avg,IND_sd,IND_r1,IND_kr,IND_sk
29,0.2929824561,0.0919756816,-0.1600021526,2.6114235694,0.5280972868,0.1622807018,0.0779567479,-0.0917345617,2.8397034653,0.5048121263,0.5447368421,0.1041608955,-0.2006920803,2.8514357628,-0.2325091863,0.2535087719,0.0799449641,-0.1529404807,3.8081955672,0.6579777580
