Instance,FV_avg_avg,FV_avg_sd,FV_sd_avg,FV_sd_sd,FV_r1_avg,FV_r1_sd,FV_kr_avg,FV_kr_sd,FV_sk_avg,FV_sk_sd,FD_avg_avg,FD_avg_sd,FD_sd_avg,FD_sd_sd,FD_r1_avg,FD_r1_sd,FD_kr_avg,FD_kr_sd,FD_sk_avg,FD_sk_sd,IN_avg_avg,IN_avg_sd,IN_sd_avg,IN_sd_sd,IN_r1_avg,IN_r1_sd,IN_kr_avg,IN_kr_sd,IN_sk_avg,IN_sk_sd
270,0.5010731942,0.3035863406,0.0005917158,0.0004202518,0.8341582366,0.1194456875,2.3014559281,0.3970329883,-0.1069444145,0.3421993195,-0.0000077211,0.0000261497,0.0000743936,0.0000467176,-0.0115432578,0.2355159187,2.6175895843,0.6803686158,-0.1115385680,0.3035331492,0.4948000000,0.0292602119,0.1137332657,0.0134738369,-0.0375049715,0.2677813723,2.7751394097,0.8644603749,-0.1228300905,0.4514486363
