Instance,INF_avg,INF_sd,INF_r1,INF_kr,INF_sk,SUP_avg,SUP_sd,SUP_r1,SUP_kr,SUP_sk,INC_avg,INC_sd,INC_r1,INC_kr,INC_sk,IND_avg,IND_sd,IND_r1,IND_kr,IND_sk
382,0.3272727273,0.0648201581,0.1669186239,2.7975760179,0.2014012393,0.0845454545,0.0654861035,0.4808025856,3.6558688623,1.1497315332,0.5881818182,0.0622777038,-0.1217690475,2.0545387495,-0.4189785259,0.1654545455,0.0422898304,-0.2677820174,2.6225036815,0.1878674647
