Instance,INF_avg,INF_sd,INF_r1,INF_kr,INF_sk,SUP_avg,SUP_sd,SUP_r1,SUP_kr,SUP_sk,INC_avg,INC_sd,INC_r1,INC_kr,INC_sk,IND_avg,IND_sd,IND_r1,IND_kr,IND_sk
439,0.2000000000,0.1183215957,0.4285714286,4.3877551020,1.4488358652,0.3100000000,0.1135781669,-0.4371257485,2.2460789616,-0.1965657837,0.4900000000,0.1640121947,-0.1249513429,4.5026602728,-0.6554957325,0.3400000000,0.1280624847,-0.3177339901,2.3837001785,0.6513588606
