Instance,INF_avg,INF_sd,INF_r1,INF_kr,INF_sk,SUP_avg,SUP_sd,SUP_r1,SUP_kr,SUP_sk,INC_avg,INC_sd,INC_r1,INC_kr,INC_sk,IND_avg,IND_sd,IND_r1,IND_kr,IND_sk
327,0.2310000000,0.1053043209,-0.0200128998,3.2397979356,0.3651835550,0.2485000000,0.0901263003,0.0824422607,2.8613570832,0.4750968242,0.5205000000,0.1193932578,-0.0111233954,2.3585538436,0.0255404034,0.2290000000,0.0652610144,0.0647747492,2.4374309261,0.2431329807
