Instance,INF_avg,INF_sd,INF_r1,INF_kr,INF_sk,SUP_avg,SUP_sd,SUP_r1,SUP_kr,SUP_sk,INC_avg,INC_sd,INC_r1,INC_kr,INC_sk,IND_avg,IND_sd,IND_r1,IND_kr,IND_sk
81,0.2200000000,0.0374165739,-0.4814814815,1.8469387755,-0.3436215967,0.2240000000,0.0215406592,-0.8900343643,1.7636741974,-0.4034071140,0.5560000000,0.0195959179,-0.0084925690,2.4361979167,0.5677202789,0.0700000000,0.0219089023,-0.0000000000,1.5625000000,-0.1141088661
