Instance,FV_avg_avg,FV_avg_sd,FV_sd_avg,FV_sd_sd,FV_r1_avg,FV_r1_sd,FV_kr_avg,FV_kr_sd,FV_sk_avg,FV_sk_sd,FD_avg_avg,FD_avg_sd,FD_sd_avg,FD_sd_sd,FD_r1_avg,FD_r1_sd,FD_kr_avg,FD_kr_sd,FD_sk_avg,FD_sk_sd,IN_avg_avg,IN_avg_sd,IN_sd_avg,IN_sd_sd,IN_r1_avg,IN_r1_sd,IN_kr_avg,IN_kr_sd,IN_sk_avg,IN_sk_sd
10,0.4981557596,0.3023620209,0.0012479653,0.0009465294,0.9407897146,0.0480089717,2.6098579600,0.6156940335,0.0807687160,0.4735626852,-0.0000082576,0.0000204610,0.0000275306,0.0000170547,0.0921216796,0.1170769985,2.7728565551,0.3778249065,-0.0038435553,0.2037997079,0.4919700000,0.0198882591,0.0375528854,0.0027851480,0.0533938769,0.0988750404,2.8827555241,0.4233826336,-0.0236683557,0.2389504412
