Instance,FV_avg_avg,FV_avg_sd,FV_sd_avg,FV_sd_sd,FV_r1_avg,FV_r1_sd,FV_kr_avg,FV_kr_sd,FV_sk_avg,FV_sk_sd,FD_avg_avg,FD_avg_sd,FD_sd_avg,FD_sd_sd,FD_r1_avg,FD_r1_sd,FD_kr_avg,FD_kr_sd,FD_sk_avg,FD_sk_sd,IN_avg_avg,IN_avg_sd,IN_sd_avg,IN_sd_sd,IN_r1_avg,IN_r1_sd,IN_kr_avg,IN_kr_sd,IN_sk_avg,IN_sk_sd
329,0.4951111076,0.3011846112,0.0002237201,0.0001801094,0.4709259877,0.2928313250,2.6300967495,1.4325706282,-0.1503511478,0.7713215222,0.0000025487,0.0000194101,0.0000458110,0.0000309750,-0.1168026683,0.3409055222,2.3500070664,0.5338885775,0.1197468531,0.5431764675,0.4915000000,0.0362318920,0.1002419352,0.0221710266,-0.1277176025,0.2716184820,2.2594264912,0.5859405371,-0.0736155425,0.4713260128
