Instance,FV_avg_avg,FV_avg_sd,FV_sd_avg,FV_sd_sd,FV_r1_avg,FV_r1_sd,FV_kr_avg,FV_kr_sd,FV_sk_avg,FV_sk_sd,FD_avg_avg,FD_avg_sd,FD_sd_avg,FD_sd_sd,FD_r1_avg,FD_r1_sd,FD_kr_avg,FD_kr_sd,FD_sk_avg,FD_sk_sd,IN_avg_avg,IN_avg_sd,IN_sd_avg,IN_sd_sd,IN_r1_avg,IN_r1_sd,IN_kr_avg,IN_kr_sd,IN_sk_avg,IN_sk_sd
238,0.4954971224,0.3016508278,0.0014506942,0.0010861108,0.7974001500,0.1747719787,2.6480837160,0.9062490580,0.1154088715,0.5719991123,0.0000229597,0.0000621649,0.0000774760,0.0000466116,0.0571901386,0.1829989852,2.6208090476,0.4196345240,-0.0483946184,0.4911994804,0.5132000000,0.0309484733,0.0514950037,0.0064044202,-0.0224615227,0.1764853396,2.5749311556,0.5307301435,0.0079984404,0.4104005936
