Instance,INF_avg,INF_sd,INF_r1,INF_kr,INF_sk,SUP_avg,SUP_sd,SUP_r1,SUP_kr,SUP_sk,INC_avg,INC_sd,INC_r1,INC_kr,INC_sk,IND_avg,IND_sd,IND_r1,IND_kr,IND_sk
196,0.2777777778,0.0820267948,-0.0039040714,1.9120865247,0.2789919011,0.1888888889,0.0773799349,-0.6627118644,4.1323732596,-1.4248138715,0.5333333333,0.0881917104,-0.5812807882,2.6173469388,-0.7019340213,0.2666666667,0.0666666667,0.2928571429,1.8281250000,-0.3437500000
