Instance,FV_avg_avg,FV_avg_sd,FV_sd_avg,FV_sd_sd,FV_r1_avg,FV_r1_sd,FV_kr_avg,FV_kr_sd,FV_sk_avg,FV_sk_sd,FD_avg_avg,FD_avg_sd,FD_sd_avg,FD_sd_sd,FD_r1_avg,FD_r1_sd,FD_kr_avg,FD_kr_sd,FD_sk_avg,FD_sk_sd,IN_avg_avg,IN_avg_sd,IN_sd_avg,IN_sd_sd,IN_r1_avg,IN_r1_sd,IN_kr_avg,IN_kr_sd,IN_sk_avg,IN_sk_sd
89,0.4992667990,0.3034113685,0.0003643823,0.0002675478,0.7969083412,0.1453624744,2.3593847904,0.4730831092,-0.0029534949,0.4364589754,0.0000035986,0.0000134399,0.0000183190,0.0000108058,0.0286486273,0.1953112849,2.7251263652,0.7360278450,-0.0621384391,0.4238561009,0.5084600000,0.0235389974,0.0467029522,0.0051164691,-0.0267492020,0.2291539374,2.5907212096,0.5168454873,-0.0732561270,0.3944291647
