Instance,INF_avg,INF_sd,INF_r1,INF_kr,INF_sk,SUP_avg,SUP_sd,SUP_r1,SUP_kr,SUP_sk,INC_avg,INC_sd,INC_r1,INC_kr,INC_sk,IND_avg,IND_sd,IND_r1,IND_kr,IND_sk
210,0.2776000000,0.0645773954,-0.1629018727,2.0924724746,0.2363118713,0.2600000000,0.0582408791,0.0837438424,2.8813634745,0.9718907827,0.4624000000,0.0625638873,-0.0606141044,2.1424984633,-0.2209822224,0.1216000000,0.0379135860,0.1761205300,3.4037362554,0.8010530198
