Instance,FV_avg_avg,FV_avg_sd,FV_sd_avg,FV_sd_sd,FV_r1_avg,FV_r1_sd,FV_kr_avg,FV_kr_sd,FV_sk_avg,FV_sk_sd,FD_avg_avg,FD_avg_sd,FD_sd_avg,FD_sd_sd,FD_r1_avg,FD_r1_sd,FD_kr_avg,FD_kr_sd,FD_sk_avg,FD_sk_sd,IN_avg_avg,IN_avg_sd,IN_sd_avg,IN_sd_sd,IN_r1_avg,IN_r1_sd,IN_kr_avg,IN_kr_sd,IN_sk_avg,IN_sk_sd
384,0.4948431247,0.3016028985,0.0004073140,0.0002657293,0.8166512916,0.1458599405,2.4822066353,0.8988962816,0.0918679517,0.6704534281,-0.0000008286,0.0000128389,0.0000632786,0.0000406000,-0.0961952490,0.1684984315,2.4939036543,0.7617782222,-0.0191541910,0.4162713024,0.4914000000,0.0325029229,0.1527420522,0.0189595750,-0.1173110939,0.1259954192,2.4161605435,0.5249215854,-0.1147472033,0.3431165317
