Instance,FV_avg_avg,FV_avg_sd,FV_sd_avg,FV_sd_sd,FV_r1_avg,FV_r1_sd,FV_kr_avg,FV_kr_sd,FV_sk_avg,FV_sk_sd,FD_avg_avg,FD_avg_sd,FD_sd_avg,FD_sd_sd,FD_r1_avg,FD_r1_sd,FD_kr_avg,FD_kr_sd,FD_sk_avg,FD_sk_sd,IN_avg_avg,IN_avg_sd,IN_sd_avg,IN_sd_sd,IN_r1_avg,IN_r1_sd,IN_kr_avg,IN_kr_sd,IN_sk_avg,IN_sk_sd
233,0.4947984105,0.3005070393,0.0003133943,0.0002461548,0.5647744400,0.2907308320,2.2511423972,0.6233741499,-0.0676395971,0.6130078811,0.0000001412,0.0000180078,0.0000202670,0.0000128318,0.0092702427,0.2633982473,2.3934238563,0.7410429661,-0.1617921709,0.5452603771,0.4975500000,0.0263542691,0.0438603322,0.0110553723,-0.1169544967,0.2555112402,2.3786199776,0.7990433062,-0.0463080927,0.5954760071
