Instance,FV_avg_avg,FV_avg_sd,FV_sd_avg,FV_sd_sd,FV_r1_avg,FV_r1_sd,FV_kr_avg,FV_kr_sd,FV_sk_avg,FV_sk_sd,FD_avg_avg,FD_avg_sd,FD_sd_avg,FD_sd_sd,FD_r1_avg,FD_r1_sd,FD_kr_avg,FD_kr_sd,FD_sk_avg,FD_sk_sd,IN_avg_avg,IN_avg_sd,IN_sd_avg,IN_sd_sd,IN_r1_avg,IN_r1_sd,IN_kr_avg,IN_kr_sd,IN_sk_avg,IN_sk_sd
347,0.4680152066,0.2835128070,0.0173561956,0.0112151471,0.9769938318,0.0101982204,1.9051039490,0.1560507171,0.3101074950,0.1622913714,-0.0005675359,0.0003676033,0.0003879997,0.0002465323,0.6791946492,0.1152139981,2.5914301583,0.5102559734,0.1551483238,0.2767796269,0.2874736345,0.0301327070,0.1498212522,0.0154395834,0.6039605094,0.1311431009,2.6065211685,0.3270899630,0.3335298315,0.2779269822
