Instance,INF_avg,INF_sd,INF_r1,INF_kr,INF_sk,SUP_avg,SUP_sd,SUP_r1,SUP_kr,SUP_sk,INC_avg,INC_sd,INC_r1,INC_kr,INC_sk,IND_avg,IND_sd,IND_r1,IND_kr,IND_sk
64,0.3970348837,0.0790417828,0.7323526571,2.3186778103,-0.0483613346,0.1152906977,0.0818778680,0.8354643849,3.1791794221,0.8724049000,0.4876744186,0.0483488875,0.1077399267,2.8998863198,-0.1088857758,0.0708139535,0.0222415448,0.1254687265,3.9498528363,0.3065552540
