Instance,FV_avg_avg,FV_avg_sd,FV_sd_avg,FV_sd_sd,FV_r1_avg,FV_r1_sd,FV_kr_avg,FV_kr_sd,FV_sk_avg,FV_sk_sd,FD_avg_avg,FD_avg_sd,FD_sd_avg,FD_sd_sd,FD_r1_avg,FD_r1_sd,FD_kr_avg,FD_kr_sd,FD_sk_avg,FD_sk_sd,IN_avg_avg,IN_avg_sd,IN_sd_avg,IN_sd_sd,IN_r1_avg,IN_r1_sd,IN_kr_avg,IN_kr_sd,IN_sk_avg,IN_sk_sd
59,0.4984914535,0.3023943300,0.0005529849,0.0003882717,0.1126055835,0.4592365909,1.9039029574,0.4771089120,0.0589300988,0.5301144820,-0.0000140145,0.0000515374,0.0000505685,0.0000423375,-0.3190528686,0.4268908104,1.9135670276,0.5123297364,0.1529544652,0.5741274547,0.5031500000,0.0310133439,0.0282951605,0.0103384666,-0.2739328826,0.4790640935,2.0775571704,0.4721726114,0.1513365704,0.6701691007
