Instance,FV_avg_avg,FV_avg_sd,FV_sd_avg,FV_sd_sd,FV_r1_avg,FV_r1_sd,FV_kr_avg,FV_kr_sd,FV_sk_avg,FV_sk_sd,FD_avg_avg,FD_avg_sd,FD_sd_avg,FD_sd_sd,FD_r1_avg,FD_r1_sd,FD_kr_avg,FD_kr_sd,FD_sk_avg,FD_sk_sd,IN_avg_avg,IN_avg_sd,IN_sd_avg,IN_sd_sd,IN_r1_avg,IN_r1_sd,IN_kr_avg,IN_kr_sd,IN_sk_avg,IN_sk_sd
344,0.4994885344,0.3022199932,0.0021118437,0.0018386830,0.7749999861,0.1434055981,2.4965633707,0.5255719036,-0.0502528345,0.4772194618,-0.0000179572,0.0001208721,0.0001180215,0.0000733267,-0.1269472264,0.2149045578,2.4878566468,0.5350996420,0.0476005908,0.3088275874,0.4987200000,0.0374903934,0.0506062050,0.0084049996,-0.1020579065,0.1955391052,2.5564711334,0.4609733088,0.0978861959,0.4404680183
