Instance,FV_avg_avg,FV_avg_sd,FV_sd_avg,FV_sd_sd,FV_r1_avg,FV_r1_sd,FV_kr_avg,FV_kr_sd,FV_sk_avg,FV_sk_sd,FD_avg_avg,FD_avg_sd,FD_sd_avg,FD_sd_sd,FD_r1_avg,FD_r1_sd,FD_kr_avg,FD_kr_sd,FD_sk_avg,FD_sk_sd,IN_avg_avg,IN_avg_sd,IN_sd_avg,IN_sd_sd,IN_r1_avg,IN_r1_sd,IN_kr_avg,IN_kr_sd,IN_sk_avg,IN_sk_sd
25,0.4981348326,0.3021341508,0.0005244510,0.0003093684,0.8392412898,0.0987700641,2.5904175812,0.7798725474,-0.0439879701,0.4871247168,0.0000010662,0.0000110974,0.0000268517,0.0000163098,-0.0177385274,0.1176759926,2.9092958618,0.6389590483,0.0786474216,0.3371535482,0.5078900000,0.0200581629,0.0491267061,0.0052995046,-0.0558730588,0.1356061725,2.9362831916,0.5453977910,-0.0909821337,0.3386080145
