Instance,FV_avg_avg,FV_avg_sd,FV_sd_avg,FV_sd_sd,FV_r1_avg,FV_r1_sd,FV_kr_avg,FV_kr_sd,FV_sk_avg,FV_sk_sd,FD_avg_avg,FD_avg_sd,FD_sd_avg,FD_sd_sd,FD_r1_avg,FD_r1_sd,FD_kr_avg,FD_kr_sd,FD_sk_avg,FD_sk_sd,IN_avg_avg,IN_avg_sd,IN_sd_avg,IN_sd_sd,IN_r1_avg,IN_r1_sd,IN_kr_avg,IN_kr_sd,IN_sk_avg,IN_sk_sd
52,0.4821955244,0.2939186733,0.0093622028,0.0052766370,0.9929258711,0.0020104228,1.9066925804,0.0612184824,0.2738719639,0.0579445400,-0.0001026216,0.0000587964,0.0000604091,0.0000359790,0.4732687432,0.1195841806,3.0687375877,0.5594236348,0.3219892986,0.2294740224,0.2936751019,0.0252040893,0.1295825737,0.0069368895,0.4094155350,0.1157249264,3.0896021082,0.4839993888,0.4339079847,0.1791616633
