Instance,FV_avg_avg,FV_avg_sd,FV_sd_avg,FV_sd_sd,FV_r1_avg,FV_r1_sd,FV_kr_avg,FV_kr_sd,FV_sk_avg,FV_sk_sd,FD_avg_avg,FD_avg_sd,FD_sd_avg,FD_sd_sd,FD_r1_avg,FD_r1_sd,FD_kr_avg,FD_kr_sd,FD_sk_avg,FD_sk_sd,IN_avg_avg,IN_avg_sd,IN_sd_avg,IN_sd_sd,IN_r1_avg,IN_r1_sd,IN_kr_avg,IN_kr_sd,IN_sk_avg,IN_sk_sd
232,0.4967077002,0.3022190021,0.0007059568,0.0005518285,0.9061870973,0.0728876921,2.3427016231,0.6719310214,-0.1040784711,0.5098835683,-0.0000008577,0.0000102867,0.0000295596,0.0000178787,-0.0221580592,0.1272562373,2.8106100890,0.7249182889,-0.1103960879,0.2860834365,0.4995600000,0.0173900661,0.0681905515,0.0096042017,0.0086545902,0.1283194267,2.6868847310,0.5453682691,0.0264102580,0.3741996400
