Instance,FV_avg_avg,FV_avg_sd,FV_sd_avg,FV_sd_sd,FV_r1_avg,FV_r1_sd,FV_kr_avg,FV_kr_sd,FV_sk_avg,FV_sk_sd,FD_avg_avg,FD_avg_sd,FD_sd_avg,FD_sd_sd,FD_r1_avg,FD_r1_sd,FD_kr_avg,FD_kr_sd,FD_sk_avg,FD_sk_sd,IN_avg_avg,IN_avg_sd,IN_sd_avg,IN_sd_sd,IN_r1_avg,IN_r1_sd,IN_kr_avg,IN_kr_sd,IN_sk_avg,IN_sk_sd
331,0.4974368989,0.3025382659,0.0000868028,0.0000662249,0.1280513661,0.5618340615,1.9607905268,0.5553562460,-0.2412946785,0.6046447423,0.0000044361,0.0000248243,0.0000318728,0.0000218928,-0.2043311844,0.3976796619,1.8733222571,0.4602726867,-0.0040256290,0.4793225895,0.4990000000,0.0591523457,0.1425862542,0.0408553561,-0.2081661572,0.4216722631,1.9807101583,0.4938708486,-0.1283545625,0.6051987219
