Instance,INF_avg,INF_sd,INF_r1,INF_kr,INF_sk,SUP_avg,SUP_sd,SUP_r1,SUP_kr,SUP_sk,INC_avg,INC_sd,INC_r1,INC_kr,INC_sk,IND_avg,IND_sd,IND_r1,IND_kr,IND_sk
382,0.3380000000,0.0487442304,0.0950920245,2.2685950413,-0.1790421687,0.1940000000,0.0307245830,0.2661361627,2.5246337259,0.9035993059,0.4680000000,0.0299332591,-0.3717605004,2.9410873724,-1.2832119003,0.0500000000,0.0200000000,-0.3500000000,2.0500000000,-0.0000000000
