Instance,INF_avg,INF_sd,INF_r1,INF_kr,INF_sk,SUP_avg,SUP_sd,SUP_r1,SUP_kr,SUP_sk,INC_avg,INC_sd,INC_r1,INC_kr,INC_sk,IND_avg,IND_sd,IND_r1,IND_kr,IND_sk
185,0.4344117647,0.1257610053,0.9221493026,1.8440046943,0.0230857241,0.0910294118,0.0876052259,0.8548984191,3.7695957827,1.2540125405,0.4745588235,0.0669324467,0.7769611457,2.2592362929,-0.0287418356,0.0442647059,0.0109901261,0.0541968158,2.9564034307,0.0874592381
