Instance,FV_avg_avg,FV_avg_sd,FV_sd_avg,FV_sd_sd,FV_r1_avg,FV_r1_sd,FV_kr_avg,FV_kr_sd,FV_sk_avg,FV_sk_sd,FD_avg_avg,FD_avg_sd,FD_sd_avg,FD_sd_sd,FD_r1_avg,FD_r1_sd,FD_kr_avg,FD_kr_sd,FD_sk_avg,FD_sk_sd,IN_avg_avg,IN_avg_sd,IN_sd_avg,IN_sd_sd,IN_r1_avg,IN_r1_sd,IN_kr_avg,IN_kr_sd,IN_sk_avg,IN_sk_sd
401,0.4807688708,0.2917626123,0.0104720569,0.0065000017,0.9953035208,0.0022876103,1.8776147981,0.0673268723,0.2335781928,0.0690516887,-0.0000875099,0.0000547840,0.0000515065,0.0000313358,0.4720898854,0.0889254001,2.8001969863,0.4146055701,0.2001305974,0.1862666385,0.3006887384,0.0269352334,0.1310427501,0.0085650482,0.3894070574,0.1063794026,2.8199508350,0.2898244326,0.3408085393,0.2035184367
