Instance,FV_avg_avg,FV_avg_sd,FV_sd_avg,FV_sd_sd,FV_r1_avg,FV_r1_sd,FV_kr_avg,FV_kr_sd,FV_sk_avg,FV_sk_sd,FD_avg_avg,FD_avg_sd,FD_sd_avg,FD_sd_sd,FD_r1_avg,FD_r1_sd,FD_kr_avg,FD_kr_sd,FD_sk_avg,FD_sk_sd,IN_avg_avg,IN_avg_sd,IN_sd_avg,IN_sd_sd,IN_r1_avg,IN_r1_sd,IN_kr_avg,IN_kr_sd,IN_sk_avg,IN_sk_sd
220,0.4917449780,0.3004245208,0.0003044261,0.0001930945,0.5394790045,0.2757805583,2.5431764892,1.0970308388,0.1864879606,0.7018272472,0.0000109428,0.0000275554,0.0000374370,0.0000253504,-0.1536348487,0.3779275276,2.6708289261,0.8688732799,-0.0735952018,0.6868631854,0.5111000000,0.0362903568,0.0670408077,0.0159790520,-0.0532643910,0.3361266484,2.3562784204,0.9393747765,-0.0713923738,0.6342193268
