Instance,INF_avg,INF_sd,INF_r1,INF_kr,INF_sk,SUP_avg,SUP_sd,SUP_r1,SUP_kr,SUP_sk,INC_avg,INC_sd,INC_r1,INC_kr,INC_sk,IND_avg,IND_sd,IND_r1,IND_kr,IND_sk
463,0.1400000000,0.0800000000,-0.0563380282,2.0781250000,-0.8437500000,0.3800000000,0.1166190379,-0.6568047337,1.6280276817,-0.3631734744,0.4800000000,0.1166190379,-0.4285714286,1.6280276817,-0.3631734744,0.3400000000,0.0800000000,-0.3157894737,3.2500000000,1.5000000000
