Instance,FV_avg_avg,FV_avg_sd,FV_sd_avg,FV_sd_sd,FV_r1_avg,FV_r1_sd,FV_kr_avg,FV_kr_sd,FV_sk_avg,FV_sk_sd,FD_avg_avg,FD_avg_sd,FD_sd_avg,FD_sd_sd,FD_r1_avg,FD_r1_sd,FD_kr_avg,FD_kr_sd,FD_sk_avg,FD_sk_sd,IN_avg_avg,IN_avg_sd,IN_sd_avg,IN_sd_sd,IN_r1_avg,IN_r1_sd,IN_kr_avg,IN_kr_sd,IN_sk_avg,IN_sk_sd
304,0.5013366157,0.3048665167,0.0002689924,0.0001815418,0.5036340480,0.2491354049,2.2381801483,0.6001664712,-0.1458364141,0.4963374493,0.0000052074,0.0000145606,0.0000146832,0.0000096236,-0.0060195698,0.3143535786,2.5797749028,0.9049460236,-0.0576721218,0.6404630035,0.5112000000,0.0236692839,0.0326397155,0.0079670556,-0.0498341414,0.3115350383,2.4951436385,0.6801370734,-0.1471049574,0.5564149893
