Instance,INF_avg,INF_sd,INF_r1,INF_kr,INF_sk,SUP_avg,SUP_sd,SUP_r1,SUP_kr,SUP_sk,INC_avg,INC_sd,INC_r1,INC_kr,INC_sk,IND_avg,IND_sd,IND_r1,IND_kr,IND_sk
33,0.2410000000,0.0895488693,0.0869396705,2.3273214238,0.1667501324,0.2785000000,0.0975333276,-0.0513562999,2.5656254567,0.2422486400,0.4805000000,0.0992207136,-0.1808167857,2.5316945868,0.0021322106,0.2240000000,0.0683666585,0.0312259160,5.0001049149,0.8282006256
