Instance,INF_avg,INF_sd,INF_r1,INF_kr,INF_sk,SUP_avg,SUP_sd,SUP_r1,SUP_kr,SUP_sk,INC_avg,INC_sd,INC_r1,INC_kr,INC_sk,IND_avg,IND_sd,IND_r1,IND_kr,IND_sk
H,0.4700289017,0.1093497559,0.9046215788,2.0430400075,-0.2904163722,0.0793641618,0.0704764979,0.9237861922,3.7347570160,1.2799719395,0.4506069364,0.0573505231,0.6612183563,2.3942380885,-0.0422186343,0.0424855491,0.0112335207,-0.0209114949,3.3118768626,0.3784263911
