Instance,INF_avg,INF_sd,INF_r1,INF_kr,INF_sk,SUP_avg,SUP_sd,SUP_r1,SUP_kr,SUP_sk,INC_avg,INC_sd,INC_r1,INC_kr,INC_sk,IND_avg,IND_sd,IND_r1,IND_kr,IND_sk
279,0.2798000000,0.0641557480,-0.0768230087,3.0796815756,0.1508339319,0.2478000000,0.0616373264,-0.0153949877,2.6081733117,0.1584536607,0.4724000000,0.0712617710,-0.1454725876,2.6444436341,-0.1488241980,0.1044000000,0.0289247299,-0.0028218015,2.7621958478,-0.2681381406
