Instance,FV_avg_avg,FV_avg_sd,FV_sd_avg,FV_sd_sd,FV_r1_avg,FV_r1_sd,FV_kr_avg,FV_kr_sd,FV_sk_avg,FV_sk_sd,FD_avg_avg,FD_avg_sd,FD_sd_avg,FD_sd_sd,FD_r1_avg,FD_r1_sd,FD_kr_avg,FD_kr_sd,FD_sk_avg,FD_sk_sd,IN_avg_avg,IN_avg_sd,IN_sd_avg,IN_sd_sd,IN_r1_avg,IN_r1_sd,IN_kr_avg,IN_kr_sd,IN_sk_avg,IN_sk_sd
472,0.4990742302,0.3035641709,0.0001970982,0.0001565473,0.6198406582,0.2529310432,2.3772210485,1.0413764699,0.2359959850,0.6006877392,0.0000009228,0.0000061184,0.0000093838,0.0000057048,0.0073119512,0.2770261380,2.5369425347,0.9237556375,0.1166603951,0.5522975654,0.4982500000,0.0206479418,0.0325717232,0.0071716700,-0.1614991481,0.3276752844,2.3752642065,0.6406978326,0.2043224004,0.5257639939
