Instance,FV_avg_avg,FV_avg_sd,FV_sd_avg,FV_sd_sd,FV_r1_avg,FV_r1_sd,FV_kr_avg,FV_kr_sd,FV_sk_avg,FV_sk_sd,FD_avg_avg,FD_avg_sd,FD_sd_avg,FD_sd_sd,FD_r1_avg,FD_r1_sd,FD_kr_avg,FD_kr_sd,FD_sk_avg,FD_sk_sd,IN_avg_avg,IN_avg_sd,IN_sd_avg,IN_sd_sd,IN_r1_avg,IN_r1_sd,IN_kr_avg,IN_kr_sd,IN_sk_avg,IN_sk_sd
33,0.4987156110,0.3028029282,0.0001138612,0.0000991475,0.1661537369,0.5385994589,2.2200693680,0.4898921119,0.1158347689,0.7672751617,-0.0000016669,0.0000137308,0.0000431050,0.0000314751,-0.2365352223,0.3949732039,1.9574810266,0.5562585752,-0.1288369990,0.5775598565,0.4960000000,0.0646838465,0.1369589209,0.0569407938,-0.1878010938,0.4080434177,1.9153047493,0.4037883341,-0.0721948193,0.4419519298
