Instance,FV_avg_avg,FV_avg_sd,FV_sd_avg,FV_sd_sd,FV_r1_avg,FV_r1_sd,FV_kr_avg,FV_kr_sd,FV_sk_avg,FV_sk_sd,FD_avg_avg,FD_avg_sd,FD_sd_avg,FD_sd_sd,FD_r1_avg,FD_r1_sd,FD_kr_avg,FD_kr_sd,FD_sk_avg,FD_sk_sd,IN_avg_avg,IN_avg_sd,IN_sd_avg,IN_sd_sd,IN_r1_avg,IN_r1_sd,IN_kr_avg,IN_kr_sd,IN_sk_avg,IN_sk_sd
239,0.4977738442,0.3028362152,0.0003581006,0.0002983538,0.7428363305,0.1940105800,2.5287076717,0.6803057902,0.1720761809,0.5971558107,0.0000034003,0.0000082673,0.0000136431,0.0000082169,-0.0551104325,0.1829422763,2.8342912744,0.6582411581,0.0541907031,0.3547291730,0.5016000000,0.0177127073,0.0355962157,0.0052734646,-0.0006169302,0.1831538906,3.0010823189,0.9310180346,0.0493068749,0.5170644772
