Instance,FV_avg_avg,FV_avg_sd,FV_sd_avg,FV_sd_sd,FV_r1_avg,FV_r1_sd,FV_kr_avg,FV_kr_sd,FV_sk_avg,FV_sk_sd,FD_avg_avg,FD_avg_sd,FD_sd_avg,FD_sd_sd,FD_r1_avg,FD_r1_sd,FD_kr_avg,FD_kr_sd,FD_sk_avg,FD_sk_sd,IN_avg_avg,IN_avg_sd,IN_sd_avg,IN_sd_sd,IN_r1_avg,IN_r1_sd,IN_kr_avg,IN_kr_sd,IN_sk_avg,IN_sk_sd
40,0.4951701769,0.3007527385,0.0018238493,0.0010639046,0.8936963366,0.0786064704,2.4394918065,0.6355387141,0.1906483491,0.3903187823,0.0000177389,0.0000748182,0.0001302777,0.0000802234,0.1475381452,0.1740786066,2.8694642480,0.4763364653,-0.0006505029,0.3127795278,0.5039400000,0.0281368868,0.0719626497,0.0084952369,0.1057936772,0.1561860139,2.8957149055,0.6092513628,0.0075963689,0.3829203455
