Instance,FV_avg_avg,FV_avg_sd,FV_sd_avg,FV_sd_sd,FV_r1_avg,FV_r1_sd,FV_kr_avg,FV_kr_sd,FV_sk_avg,FV_sk_sd,FD_avg_avg,FD_avg_sd,FD_sd_avg,FD_sd_sd,FD_r1_avg,FD_r1_sd,FD_kr_avg,FD_kr_sd,FD_sk_avg,FD_sk_sd,IN_avg_avg,IN_avg_sd,IN_sd_avg,IN_sd_sd,IN_r1_avg,IN_r1_sd,IN_kr_avg,IN_kr_sd,IN_sk_avg,IN_sk_sd
274,0.4988525170,0.3035527583,0.0001800048,0.0001339247,0.5084580295,0.3187859298,2.5366742358,0.7496732224,0.1234712467,0.6361400286,-0.0000047113,0.0000281506,0.0000533379,0.0000414639,-0.0894058016,0.3075326063,2.3903633686,0.6945381440,-0.1743282672,0.5111514550,0.4760000000,0.0529528092,0.1361419405,0.0313906360,-0.1427230901,0.3081318683,2.6900086282,0.7924641598,0.0752242974,0.5875044689
