Instance,INF_avg,INF_sd,INF_r1,INF_kr,INF_sk,SUP_avg,SUP_sd,SUP_r1,SUP_kr,SUP_sk,INC_avg,INC_sd,INC_r1,INC_kr,INC_sk,IND_avg,IND_sd,IND_r1,IND_kr,IND_sk
486,0.2940000000,0.1120892502,0.0939092359,2.8375425367,0.3737641019,0.2260000000,0.1453409784,0.3193264835,3.1702728904,0.7930316000,0.4800000000,0.1442220510,0.2497114275,3.8868343195,-0.1680101556,0.3260000000,0.0912359578,0.1095580520,3.6325125082,0.2543320560
