Instance,INF_avg,INF_sd,INF_r1,INF_kr,INF_sk,SUP_avg,SUP_sd,SUP_r1,SUP_kr,SUP_sk,INC_avg,INC_sd,INC_r1,INC_kr,INC_sk,IND_avg,IND_sd,IND_r1,IND_kr,IND_sk
57,0.2470000000,0.0391024296,-0.0705357260,2.3717134741,0.1693996328,0.2692000000,0.0456000000,0.0793612125,2.4651155892,0.1163374156,0.4838000000,0.0471546392,0.1727676486,2.2868183248,0.3129821454,0.0646000000,0.0209007177,0.0580777194,5.6920247277,1.2457761493
