Instance,INF_avg,INF_sd,INF_r1,INF_kr,INF_sk,SUP_avg,SUP_sd,SUP_r1,SUP_kr,SUP_sk,INC_avg,INC_sd,INC_r1,INC_kr,INC_sk,IND_avg,IND_sd,IND_r1,IND_kr,IND_sk
408,0.2740000000,0.0585149554,-0.4807270448,1.5201818936,-0.0596540523,0.2040000000,0.0397994975,0.0859658208,2.2016375880,0.4081062644,0.5220000000,0.0519230199,0.0330363771,2.7686296437,1.0945214781,0.0800000000,0.0126491106,-0.5000000000,2.5000000000,0.0000000000
