Instance,INF_avg,INF_sd,INF_r1,INF_kr,INF_sk,SUP_avg,SUP_sd,SUP_r1,SUP_kr,SUP_sk,INC_avg,INC_sd,INC_r1,INC_kr,INC_sk,IND_avg,IND_sd,IND_r1,IND_kr,IND_sk
322,0.4466435986,0.1155466066,0.7801302830,2.0078145396,-0.1595329748,0.1071972318,0.0685143825,0.7627066768,2.9964172139,0.7868034544,0.4461591696,0.0670649295,0.4137770438,2.5252253645,-0.0732019674,0.0697923875,0.0204945383,0.0047903658,4.1507214184,0.4452188483
