Instance,INF_avg,INF_sd,INF_r1,INF_kr,INF_sk,SUP_avg,SUP_sd,SUP_r1,SUP_kr,SUP_sk,INC_avg,INC_sd,INC_r1,INC_kr,INC_sk,IND_avg,IND_sd,IND_r1,IND_kr,IND_sk
215,0.2955000000,0.1113766133,0.0267923310,2.6170334399,-0.0442926986,0.2230000000,0.0952417975,0.1341294018,2.8837154548,0.4044663624,0.4815000000,0.1080867707,-0.1245724550,3.2254578757,0.1848933810,0.2245000000,0.0694604204,0.1335922872,2.4399312086,0.2444572391
