Instance,INF_avg,INF_sd,INF_r1,INF_kr,INF_sk,SUP_avg,SUP_sd,SUP_r1,SUP_kr,SUP_sk,INC_avg,INC_sd,INC_r1,INC_kr,INC_sk,IND_avg,IND_sd,IND_r1,IND_kr,IND_sk
104,0.4446818182,0.0845207809,0.7831616418,2.3417267614,-0.2125871172,0.0674090909,0.0528923943,0.8583086396,3.9423978792,1.1541639855,0.4879090909,0.0476940144,0.3312350141,2.9169756511,-0.2196203022,0.0517272727,0.0123294983,-0.0104377935,3.2545954617,0.0510919909
