Instance,FV_avg_avg,FV_avg_sd,FV_sd_avg,FV_sd_sd,FV_r1_avg,FV_r1_sd,FV_kr_avg,FV_kr_sd,FV_sk_avg,FV_sk_sd,FD_avg_avg,FD_avg_sd,FD_sd_avg,FD_sd_sd,FD_r1_avg,FD_r1_sd,FD_kr_avg,FD_kr_sd,FD_sk_avg,FD_sk_sd,IN_avg_avg,IN_avg_sd,IN_sd_avg,IN_sd_sd,IN_r1_avg,IN_r1_sd,IN_kr_avg,IN_kr_sd,IN_sk_avg,IN_sk_sd
284,0.4997109160,0.3032025633,0.0009631402,0.0005420407,0.4522143331,0.3775087306,2.1116643533,0.5550391489,-0.1600672955,0.5088523867,0.0000543917,0.0001505481,0.0000854620,0.0000455250,0.1387757699,0.3832091290,2.4313437470,0.8860978708,0.0628729103,0.5904468316,0.5122750000,0.0757514810,0.0452273913,0.0139336130,0.0974339353,0.2900193144,2.4627541085,0.8931694095,0.0671414594,0.5394530768
