Instance,INF_avg,INF_sd,INF_r1,INF_kr,INF_sk,SUP_avg,SUP_sd,SUP_r1,SUP_kr,SUP_sk,INC_avg,INC_sd,INC_r1,INC_kr,INC_sk,IND_avg,IND_sd,IND_r1,IND_kr,IND_sk
28,0.2656000000,0.0716703565,0.2824179326,2.5190289546,-0.2105453175,0.2446000000,0.0699631331,0.2291895309,2.3694508716,-0.0267656730,0.4898000000,0.0894648534,0.1929664556,2.4555484203,-0.0275078281,0.1122000000,0.0342806068,-0.0720364179,2.8509558286,0.1045867025
