Instance,INF_avg,INF_sd,INF_r1,INF_kr,INF_sk,SUP_avg,SUP_sd,SUP_r1,SUP_kr,SUP_sk,INC_avg,INC_sd,INC_r1,INC_kr,INC_sk,IND_avg,IND_sd,IND_r1,IND_kr,IND_sk
47,0.2408000000,0.0558512310,-0.0542843359,2.1695104824,-0.1072607377,0.2656000000,0.0610625908,-0.1826858236,2.4419965827,0.2314789840,0.4936000000,0.0815293812,-0.2325097742,2.2327014335,-0.2328620068,0.1048000000,0.0260952103,-0.0725847342,3.7551691729,0.8465817703
