Instance,INF_avg,INF_sd,INF_r1,INF_kr,INF_sk,SUP_avg,SUP_sd,SUP_r1,SUP_kr,SUP_sk,INC_avg,INC_sd,INC_r1,INC_kr,INC_sk,IND_avg,IND_sd,IND_r1,IND_kr,IND_sk
216,0.2290000000,0.0267955220,0.0534907954,2.1389227272,-0.3040669373,0.2932000000,0.0350108555,0.0671734861,3.2311676579,-0.2954699224,0.4778000000,0.0308246654,-0.1120314572,3.6695205485,0.1214374413,0.0534000000,0.0095624265,0.1335331157,3.8594813116,-1.0487240334
