Instance,INF_avg,INF_sd,INF_r1,INF_kr,INF_sk,SUP_avg,SUP_sd,SUP_r1,SUP_kr,SUP_sk,INC_avg,INC_sd,INC_r1,INC_kr,INC_sk,IND_avg,IND_sd,IND_r1,IND_kr,IND_sk
182,0.1600000000,0.0969535971,-0.0218978102,2.3587596197,-0.2830922144,0.4100000000,0.0860232527,0.5175438596,2.6519357195,-1.0179522960,0.4300000000,0.0812403840,-0.0582822086,2.2685950413,-0.1790421687,0.2300000000,0.0871779789,-0.0107816712,1.7957063712,-0.0543353054
