Instance,FV_avg_avg,FV_avg_sd,FV_sd_avg,FV_sd_sd,FV_r1_avg,FV_r1_sd,FV_kr_avg,FV_kr_sd,FV_sk_avg,FV_sk_sd,FD_avg_avg,FD_avg_sd,FD_sd_avg,FD_sd_sd,FD_r1_avg,FD_r1_sd,FD_kr_avg,FD_kr_sd,FD_sk_avg,FD_sk_sd,IN_avg_avg,IN_avg_sd,IN_sd_avg,IN_sd_sd,IN_r1_avg,IN_r1_sd,IN_kr_avg,IN_kr_sd,IN_sk_avg,IN_sk_sd
436,0.4723885481,0.2871051519,0.0122545058,0.0084702110,0.9476995021,0.0329578847,1.8082386648,0.1550970187,0.2117998415,0.1264910774,-0.0005816952,0.0004481049,0.0006314184,0.0003808171,0.2574000309,0.3639998388,2.5933554271,0.6025279996,0.0805343412,0.4247536996,0.3600760733,0.0696672157,0.1804798192,0.0306539963,0.2035721862,0.3360758507,2.9182884003,0.6579693678,0.0641840009,0.5525012958
