Instance,FV_avg_avg,FV_avg_sd,FV_sd_avg,FV_sd_sd,FV_r1_avg,FV_r1_sd,FV_kr_avg,FV_kr_sd,FV_sk_avg,FV_sk_sd,FD_avg_avg,FD_avg_sd,FD_sd_avg,FD_sd_sd,FD_r1_avg,FD_r1_sd,FD_kr_avg,FD_kr_sd,FD_sk_avg,FD_sk_sd,IN_avg_avg,IN_avg_sd,IN_sd_avg,IN_sd_sd,IN_r1_avg,IN_r1_sd,IN_kr_avg,IN_kr_sd,IN_sk_avg,IN_sk_sd
382,0.4662323728,0.2832311596,0.0086045830,0.0058039269,0.9535182210,0.0059241494,3.4421765425,0.5509245689,1.2136972042,0.2000263221,-0.0003642547,0.0002229535,0.0001531416,0.0001001458,0.7451495077,0.0714361152,3.5037184280,0.6295893378,0.9449239300,0.2495111820,0.2025752225,0.0289266044,0.1385118089,0.0181004409,0.8179498704,0.0480609709,2.8423770712,0.4899733929,0.8152969127,0.2075485651
