Instance,INF_avg,INF_sd,INF_r1,INF_kr,INF_sk,SUP_avg,SUP_sd,SUP_r1,SUP_kr,SUP_sk,INC_avg,INC_sd,INC_r1,INC_kr,INC_sk,IND_avg,IND_sd,IND_r1,IND_kr,IND_sk
299,0.4240865385,0.1228013648,0.9326392942,1.8444511167,0.0196049864,0.1181250000,0.0846406076,0.9373679961,2.2477953785,0.5643749410,0.4577884615,0.0550691302,0.6638594752,2.4496107265,-0.2361698276,0.0415865385,0.0096392732,0.0214890554,2.5816707462,0.0694225405
