Instance,INF_avg,INF_sd,INF_r1,INF_kr,INF_sk,SUP_avg,SUP_sd,SUP_r1,SUP_kr,SUP_sk,INC_avg,INC_sd,INC_r1,INC_kr,INC_sk,IND_avg,IND_sd,IND_r1,IND_kr,IND_sk
431,0.2260000000,0.0363318042,-0.2118250672,2.8508539945,0.0780683397,0.2740000000,0.0480832611,0.1078663711,2.6669639971,0.4486162909,0.5000000000,0.0460434577,-0.0000000000,3.3173727305,-0.6195951236,0.0672000000,0.0180044439,0.0491992211,4.2810253477,0.5868245208
