Instance,FV_avg_avg,FV_avg_sd,FV_sd_avg,FV_sd_sd,FV_r1_avg,FV_r1_sd,FV_kr_avg,FV_kr_sd,FV_sk_avg,FV_sk_sd,FD_avg_avg,FD_avg_sd,FD_sd_avg,FD_sd_sd,FD_r1_avg,FD_r1_sd,FD_kr_avg,FD_kr_sd,FD_sk_avg,FD_sk_sd,IN_avg_avg,IN_avg_sd,IN_sd_avg,IN_sd_sd,IN_r1_avg,IN_r1_sd,IN_kr_avg,IN_kr_sd,IN_sk_avg,IN_sk_sd
339,0.4995380530,0.3024470959,0.0010888434,0.0008368034,0.5523614649,0.3600515145,2.1792361528,0.5904639609,0.0059653108,0.5235774280,-0.0000074465,0.0000861597,0.0000561559,0.0000376107,0.0699682489,0.3891408684,2.2015646762,0.5546787256,0.0543698994,0.4889217433,0.4951750000,0.0327476240,0.0335478205,0.0085721198,-0.0965888556,0.3151948129,2.6086532296,0.6117625538,0.0154231561,0.6252516357
