Instance,INF_avg,INF_sd,INF_r1,INF_kr,INF_sk,SUP_avg,SUP_sd,SUP_r1,SUP_kr,SUP_sk,INC_avg,INC_sd,INC_r1,INC_kr,INC_sk,IND_avg,IND_sd,IND_r1,IND_kr,IND_sk
469,0.2700000000,0.0900000000,0.2130518234,2.1897576589,-0.5061728395,0.2250000000,0.0460977223,-0.1515151515,2.1626297578,0.3828184550,0.5050000000,0.0850000000,0.1599707816,3.2942254044,0.8206798290,0.2450000000,0.0522015325,-0.3865932048,2.9675111523,0.2003526542
