Instance,INF_avg,INF_sd,INF_r1,INF_kr,INF_sk,SUP_avg,SUP_sd,SUP_r1,SUP_kr,SUP_sk,INC_avg,INC_sd,INC_r1,INC_kr,INC_sk,IND_avg,IND_sd,IND_r1,IND_kr,IND_sk
125,0.3893478261,0.0888428553,0.6347517504,2.2876837348,0.1674480069,0.0956521739,0.0699581295,0.7855329388,3.1968609536,0.8287307846,0.5150000000,0.0545634852,0.0797680806,3.1805310791,-0.2311150347,0.0786231884,0.0225925481,0.1007449766,2.5592837543,0.2540566218
