Instance,FV_avg_avg,FV_avg_sd,FV_sd_avg,FV_sd_sd,FV_r1_avg,FV_r1_sd,FV_kr_avg,FV_kr_sd,FV_sk_avg,FV_sk_sd,FD_avg_avg,FD_avg_sd,FD_sd_avg,FD_sd_sd,FD_r1_avg,FD_r1_sd,FD_kr_avg,FD_kr_sd,FD_sk_avg,FD_sk_sd,IN_avg_avg,IN_avg_sd,IN_sd_avg,IN_sd_sd,IN_r1_avg,IN_r1_sd,IN_kr_avg,IN_kr_sd,IN_sk_avg,IN_sk_sd
191,0.4964656907,0.3019849929,0.0004691835,0.0002967867,0.9374172698,0.0552257084,2.4167369007,0.4455332256,0.0994200860,0.3650838816,0.0000004312,0.0000086270,0.0000355696,0.0000213099,0.0096861855,0.1210802708,2.9388865317,0.3543994934,-0.0183170768,0.2531993151,0.4936250000,0.0239874316,0.1113806238,0.0056629620,0.0222420653,0.1155354084,2.7771759217,0.3091712241,0.0406755755,0.2017204610
