Instance,INF_avg,INF_sd,INF_r1,INF_kr,INF_sk,SUP_avg,SUP_sd,SUP_r1,SUP_kr,SUP_sk,INC_avg,INC_sd,INC_r1,INC_kr,INC_sk,IND_avg,IND_sd,IND_r1,IND_kr,IND_sk
G,0.2880000000,0.0733212111,0.1017780503,1.6316964286,-0.0769607738,0.3000000000,0.0829457654,0.0975609756,1.8185505679,-0.0504672721,0.4120000000,0.0160000000,-0.3380281690,2.0781250000,0.8437500000,0.1040000000,0.0344093011,-0.6666666667,1.9945215486,0.3958703373
