Instance,INF_avg,INF_sd,INF_r1,INF_kr,INF_sk,SUP_avg,SUP_sd,SUP_r1,SUP_kr,SUP_sk,INC_avg,INC_sd,INC_r1,INC_kr,INC_sk,IND_avg,IND_sd,IND_r1,IND_kr,IND_sk
50,0.2660000000,0.1422814113,-0.1307640122,2.8699983497,0.6124933184,0.2840000000,0.1629232948,0.0405020860,2.6898260025,0.5637949725,0.4500000000,0.1723368794,-0.0358974359,3.4987926402,-0.4454512408,0.3900000000,0.1004987562,0.0079123554,2.8084501519,-0.0354666721
