Instance,INF_avg,INF_sd,INF_r1,INF_kr,INF_sk,SUP_avg,SUP_sd,SUP_r1,SUP_kr,SUP_sk,INC_avg,INC_sd,INC_r1,INC_kr,INC_sk,IND_avg,IND_sd,IND_r1,IND_kr,IND_sk
53,0.2560000000,0.0662117814,-1.1974063401,2.1221428952,0.1428726702,0.2560000000,0.0427083130,-0.6176470588,1.7206832872,0.1380231722,0.4880000000,0.0601331855,-0.7849898580,1.2397603571,0.2754946631,0.1120000000,0.0271293199,-0.7955801105,1.2296786389,-0.2115471545
