Instance,FV_avg_avg,FV_avg_sd,FV_sd_avg,FV_sd_sd,FV_r1_avg,FV_r1_sd,FV_kr_avg,FV_kr_sd,FV_sk_avg,FV_sk_sd,FD_avg_avg,FD_avg_sd,FD_sd_avg,FD_sd_sd,FD_r1_avg,FD_r1_sd,FD_kr_avg,FD_kr_sd,FD_sk_avg,FD_sk_sd,IN_avg_avg,IN_avg_sd,IN_sd_avg,IN_sd_sd,IN_r1_avg,IN_r1_sd,IN_kr_avg,IN_kr_sd,IN_sk_avg,IN_sk_sd
74,0.4968502795,0.3020319849,0.0004841475,0.0004120536,0.8031207025,0.1569600733,2.1630814642,0.5495287743,0.1240338633,0.4827234584,-0.0000011319,0.0000136538,0.0000301995,0.0000189767,0.0159329930,0.1326904400,2.8593609670,0.8972051261,0.0177107112,0.4987090372,0.4981200000,0.0256365676,0.0680620146,0.0100595312,0.0681789952,0.2005750746,2.5992553282,0.4892678547,-0.0607436285,0.3169934031
