Instance,FV_avg_avg,FV_avg_sd,FV_sd_avg,FV_sd_sd,FV_r1_avg,FV_r1_sd,FV_kr_avg,FV_kr_sd,FV_sk_avg,FV_sk_sd,FD_avg_avg,FD_avg_sd,FD_sd_avg,FD_sd_sd,FD_r1_avg,FD_r1_sd,FD_kr_avg,FD_kr_sd,FD_sk_avg,FD_sk_sd,IN_avg_avg,IN_avg_sd,IN_sd_avg,IN_sd_sd,IN_r1_avg,IN_r1_sd,IN_kr_avg,IN_kr_sd,IN_sk_avg,IN_sk_sd
470,0.4969063696,0.3026423724,0.0010644085,0.0005972966,0.8935170860,0.0669716682,2.3542341676,0.5756258143,-0.0102239583,0.3624146739,0.0000000314,0.0000318641,0.0000359671,0.0000221761,0.0899206971,0.1519052118,2.8680493383,0.5376482382,-0.0292626416,0.3203927619,0.5009300000,0.0269629394,0.0377366279,0.0036030428,0.0992793659,0.1525802567,2.8599563256,0.6491370700,-0.0317934735,0.3199920188
