Instance,FV_avg_avg,FV_avg_sd,FV_sd_avg,FV_sd_sd,FV_r1_avg,FV_r1_sd,FV_kr_avg,FV_kr_sd,FV_sk_avg,FV_sk_sd,FD_avg_avg,FD_avg_sd,FD_sd_avg,FD_sd_sd,FD_r1_avg,FD_r1_sd,FD_kr_avg,FD_kr_sd,FD_sk_avg,FD_sk_sd,IN_avg_avg,IN_avg_sd,IN_sd_avg,IN_sd_sd,IN_r1_avg,IN_r1_sd,IN_kr_avg,IN_kr_sd,IN_sk_avg,IN_sk_sd
279,0.4973027734,0.3030277239,0.0005407316,0.0004056933,0.8827886234,0.0741955823,2.2565919505,0.4671956549,-0.0772442634,0.3647481395,0.0000018981,0.0000083041,0.0000198289,0.0000118857,-0.0471842294,0.1539539867,2.8045960944,0.4511344177,0.0627639110,0.2775128004,0.5010000000,0.0164104845,0.0493826768,0.0054449276,-0.0265787624,0.1243875222,2.8324674683,0.5856176261,0.0677651181,0.2606439983
