Instance,INF_avg,INF_sd,INF_r1,INF_kr,INF_sk,SUP_avg,SUP_sd,SUP_r1,SUP_kr,SUP_sk,INC_avg,INC_sd,INC_r1,INC_kr,INC_sk,IND_avg,IND_sd,IND_r1,IND_kr,IND_sk
303,0.2800000000,0.0579655070,-0.1204819277,2.2278911565,0.1971615884,0.2320000000,0.0627375486,-0.3802931596,2.9810628594,0.2939073141,0.4880000000,0.0574108004,0.1223793272,1.9144594212,-0.2516356129,0.1200000000,0.0389871774,-0.6756756757,2.5900277008,0.3239931638
