Instance,FV_avg_avg,FV_avg_sd,FV_sd_avg,FV_sd_sd,FV_r1_avg,FV_r1_sd,FV_kr_avg,FV_kr_sd,FV_sk_avg,FV_sk_sd,FD_avg_avg,FD_avg_sd,FD_sd_avg,FD_sd_sd,FD_r1_avg,FD_r1_sd,FD_kr_avg,FD_kr_sd,FD_sk_avg,FD_sk_sd,IN_avg_avg,IN_avg_sd,IN_sd_avg,IN_sd_sd,IN_r1_avg,IN_r1_sd,IN_kr_avg,IN_kr_sd,IN_sk_avg,IN_sk_sd
382,0.4840663912,0.2941776689,0.0053864540,0.0041946316,0.9268352670,0.1228467227,1.9008801153,0.1905023862,0.2791275648,0.1916765566,-0.0002065519,0.0001465152,0.0002083771,0.0001391325,0.1915497603,0.1847345921,2.9206372433,0.9046508412,-0.0156498547,0.5822028130,0.3691756625,0.0557867460,0.1694186857,0.0193785992,0.1724073269,0.2846520913,3.1020612817,0.8296121231,-0.0823373379,0.5460938714
