Instance,FV_avg_avg,FV_avg_sd,FV_sd_avg,FV_sd_sd,FV_r1_avg,FV_r1_sd,FV_kr_avg,FV_kr_sd,FV_sk_avg,FV_sk_sd,FD_avg_avg,FD_avg_sd,FD_sd_avg,FD_sd_sd,FD_r1_avg,FD_r1_sd,FD_kr_avg,FD_kr_sd,FD_sk_avg,FD_sk_sd,IN_avg_avg,IN_avg_sd,IN_sd_avg,IN_sd_sd,IN_r1_avg,IN_r1_sd,IN_kr_avg,IN_kr_sd,IN_sk_avg,IN_sk_sd
11,0.4994128062,0.3035461291,0.0002095026,0.0001706183,0.5310645722,0.3339140749,2.5465200054,0.8937369684,0.2121773389,0.6306015364,-0.0000021143,0.0000347632,0.0000547574,0.0000354657,-0.1426166615,0.2678002313,2.5848913045,0.6768935274,-0.1139257847,0.5823251291,0.5140000000,0.0679264308,0.1563500415,0.0290631128,-0.1106394973,0.2499288031,2.3587245335,0.6105466870,0.0213083438,0.4440508194
