Instance,INF_avg,INF_sd,INF_r1,INF_kr,INF_sk,SUP_avg,SUP_sd,SUP_r1,SUP_kr,SUP_sk,INC_avg,INC_sd,INC_r1,INC_kr,INC_sk,IND_avg,IND_sd,IND_r1,IND_kr,IND_sk
5,0.2400000000,0.0663324958,-0.0431654676,2.2169421488,0.3700366502,0.2200000000,0.0244948974,-0.5384615385,1.1666666667,0.4082482905,0.5400000000,0.0800000000,-0.0050251256,2.5908203125,-0.5507812500,0.2100000000,0.0374165739,0.0740740741,1.8469387755,-0.3436215967
