Instance,INF_avg,INF_sd,INF_r1,INF_kr,INF_sk,SUP_avg,SUP_sd,SUP_r1,SUP_kr,SUP_sk,INC_avg,INC_sd,INC_r1,INC_kr,INC_sk,IND_avg,IND_sd,IND_r1,IND_kr,IND_sk
I,0.2200000000,0.1280624847,-0.0081259523,3.3723973825,0.3656751498,0.2420000000,0.1372443077,-0.0325117508,2.2254415746,-0.0415545226,0.5380000000,0.1534796403,0.0564080941,3.2618365038,0.5420595809,0.3740000000,0.1196829144,-0.0130514799,3.0414186044,0.1603231040
