Instance,FV_avg_avg,FV_avg_sd,FV_sd_avg,FV_sd_sd,FV_r1_avg,FV_r1_sd,FV_kr_avg,FV_kr_sd,FV_sk_avg,FV_sk_sd,FD_avg_avg,FD_avg_sd,FD_sd_avg,FD_sd_sd,FD_r1_avg,FD_r1_sd,FD_kr_avg,FD_kr_sd,FD_sk_avg,FD_sk_sd,IN_avg_avg,IN_avg_sd,IN_sd_avg,IN_sd_sd,IN_r1_avg,IN_r1_sd,IN_kr_avg,IN_kr_sd,IN_sk_avg,IN_sk_sd
167,0.5030576350,0.3056995209,0.0002298622,0.0002303042,0.5536216765,0.2718926688,1.9952075009,0.4766251396,0.0633861914,0.4870388382,0.0000007696,0.0000199038,0.0000401873,0.0000284940,-0.0804864546,0.2730565717,2.5130446400,0.9407043215,0.2283016966,0.5389259013,0.5005000000,0.0391758854,0.1069451085,0.0206819674,-0.1365443536,0.2425064024,2.5688370288,0.7252001806,0.1287042145,0.4643822545
