Instance,FV_avg_avg,FV_avg_sd,FV_sd_avg,FV_sd_sd,FV_r1_avg,FV_r1_sd,FV_kr_avg,FV_kr_sd,FV_sk_avg,FV_sk_sd,FD_avg_avg,FD_avg_sd,FD_sd_avg,FD_sd_sd,FD_r1_avg,FD_r1_sd,FD_kr_avg,FD_kr_sd,FD_sk_avg,FD_sk_sd,IN_avg_avg,IN_avg_sd,IN_sd_avg,IN_sd_sd,IN_r1_avg,IN_r1_sd,IN_kr_avg,IN_kr_sd,IN_sk_avg,IN_sk_sd
158,0.5009563496,0.3035931117,0.0003914769,0.0003446928,0.6080931574,0.2433236601,2.0052500844,0.4388402733,0.1529222823,0.2903019898,0.0000020972,0.0000200855,0.0000249459,0.0000168027,-0.1377376514,0.3015053518,2.6226687874,0.9894412163,0.1085178818,0.6788575631,0.5026000000,0.0319004702,0.0447363173,0.0105953722,-0.0929216125,0.3618942431,2.7317604282,0.7974549852,0.0748999718,0.6794884141
