Instance,FV_avg_avg,FV_avg_sd,FV_sd_avg,FV_sd_sd,FV_r1_avg,FV_r1_sd,FV_kr_avg,FV_kr_sd,FV_sk_avg,FV_sk_sd,FD_avg_avg,FD_avg_sd,FD_sd_avg,FD_sd_sd,FD_r1_avg,FD_r1_sd,FD_kr_avg,FD_kr_sd,FD_sk_avg,FD_sk_sd,IN_avg_avg,IN_avg_sd,IN_sd_avg,IN_sd_sd,IN_r1_avg,IN_r1_sd,IN_kr_avg,IN_kr_sd,IN_sk_avg,IN_sk_sd
62,0.4984321420,0.3029243307,0.0003474809,0.0002710557,0.5398721865,0.2487103322,2.2596315335,0.4761426157,-0.1681929978,0.5421741061,0.0000019350,0.0000239836,0.0000241186,0.0000159938,-0.1771589096,0.2927034660,2.4647250901,0.6419490317,-0.0420051719,0.5591297733,0.4906000000,0.0371219612,0.0446087204,0.0124764605,-0.1798243850,0.2732641154,2.4085229137,0.6439529906,-0.1901361630,0.5641033778
