Instance,FV_avg_avg,FV_avg_sd,FV_sd_avg,FV_sd_sd,FV_r1_avg,FV_r1_sd,FV_kr_avg,FV_kr_sd,FV_sk_avg,FV_sk_sd,FD_avg_avg,FD_avg_sd,FD_sd_avg,FD_sd_sd,FD_r1_avg,FD_r1_sd,FD_kr_avg,FD_kr_sd,FD_sk_avg,FD_sk_sd,IN_avg_avg,IN_avg_sd,IN_sd_avg,IN_sd_sd,IN_r1_avg,IN_r1_sd,IN_kr_avg,IN_kr_sd,IN_sk_avg,IN_sk_sd
420,0.5018746666,0.3040175797,0.0005875563,0.0004583672,0.9555991682,0.0222997367,2.0260746601,0.3212231025,0.0576360177,0.3033633711,-0.0000000724,0.0000087181,0.0000157151,0.0000095026,0.0743004592,0.1091539294,2.8324363178,0.3078667399,-0.0052617231,0.2543677623,0.5036550000,0.0179047054,0.0493507150,0.0033644352,0.0479472323,0.1029076296,2.8432036228,0.2868238597,0.0352351825,0.1977263833
