Instance,FV_avg_avg,FV_avg_sd,FV_sd_avg,FV_sd_sd,FV_r1_avg,FV_r1_sd,FV_kr_avg,FV_kr_sd,FV_sk_avg,FV_sk_sd,FD_avg_avg,FD_avg_sd,FD_sd_avg,FD_sd_sd,FD_r1_avg,FD_r1_sd,FD_kr_avg,FD_kr_sd,FD_sk_avg,FD_sk_sd,IN_avg_avg,IN_avg_sd,IN_sd_avg,IN_sd_sd,IN_r1_avg,IN_r1_sd,IN_kr_avg,IN_kr_sd,IN_sk_avg,IN_sk_sd
110,0.4960062903,0.3019131075,0.0001668302,0.0001391312,0.7539853051,0.1311247196,2.3248845594,0.5705990367,0.0883235793,0.4189780169,-0.0000005055,0.0000063521,0.0000088864,0.0000053405,-0.0715116828,0.2587813627,2.6495671721,0.5412710882,-0.0185703188,0.3759727930,0.5007000000,0.0200379141,0.0475153353,0.0063941314,-0.0732383177,0.2798425156,2.9190078390,0.9960997229,-0.0131708027,0.4914877744
