Instance,FV_avg_avg,FV_avg_sd,FV_sd_avg,FV_sd_sd,FV_r1_avg,FV_r1_sd,FV_kr_avg,FV_kr_sd,FV_sk_avg,FV_sk_sd,FD_avg_avg,FD_avg_sd,FD_sd_avg,FD_sd_sd,FD_r1_avg,FD_r1_sd,FD_kr_avg,FD_kr_sd,FD_sk_avg,FD_sk_sd,IN_avg_avg,IN_avg_sd,IN_sd_avg,IN_sd_sd,IN_r1_avg,IN_r1_sd,IN_kr_avg,IN_kr_sd,IN_sk_avg,IN_sk_sd
485,0.5041552772,0.3057009038,0.0002541809,0.0001878090,0.0075158468,0.4083507835,2.0262765686,0.5101862081,-0.1738637895,0.5965078155,0.0000037269,0.0000845998,0.0001006998,0.0000710017,-0.1816919468,0.3108781554,2.1636774138,0.5611240440,0.1884689705,0.7365782102,0.5020000000,0.0582752091,0.1282572361,0.0393710731,-0.2978412282,0.3772699636,2.0523854274,0.5095289096,0.0499647431,0.6817950790
