Instance,FV_avg_avg,FV_avg_sd,FV_sd_avg,FV_sd_sd,FV_r1_avg,FV_r1_sd,FV_kr_avg,FV_kr_sd,FV_sk_avg,FV_sk_sd,FD_avg_avg,FD_avg_sd,FD_sd_avg,FD_sd_sd,FD_r1_avg,FD_r1_sd,FD_kr_avg,FD_kr_sd,FD_sk_avg,FD_sk_sd,IN_avg_avg,IN_avg_sd,IN_sd_avg,IN_sd_sd,IN_r1_avg,IN_r1_sd,IN_kr_avg,IN_kr_sd,IN_sk_avg,IN_sk_sd
229,0.4645935464,0.2815544775,0.0172419163,0.0106847358,0.9930351386,0.0026599003,1.9899909557,0.1181406869,0.4238246378,0.1156843127,-0.0002045452,0.0001294847,0.0000884301,0.0000541670,0.8396416745,0.0384062547,2.7710220502,0.3055011391,0.6467095916,0.1745170898,0.2018032384,0.0289776957,0.1272243676,0.0134466848,0.8019627683,0.0425235715,3.0803616792,0.4791054202,0.8248609573,0.2066938650
