Instance,FV_avg_avg,FV_avg_sd,FV_sd_avg,FV_sd_sd,FV_r1_avg,FV_r1_sd,FV_kr_avg,FV_kr_sd,FV_sk_avg,FV_sk_sd,FD_avg_avg,FD_avg_sd,FD_sd_avg,FD_sd_sd,FD_r1_avg,FD_r1_sd,FD_kr_avg,FD_kr_sd,FD_sk_avg,FD_sk_sd,IN_avg_avg,IN_avg_sd,IN_sd_avg,IN_sd_sd,IN_r1_avg,IN_r1_sd,IN_kr_avg,IN_kr_sd,IN_sk_avg,IN_sk_sd
169,0.4436419171,0.2708394267,0.0267641501,0.0158590319,0.9946743561,0.0026617794,1.9865788567,0.0855423714,0.4507446786,0.0759772896,-0.0002106444,0.0001268327,0.0001035147,0.0000612441,0.9472406495,0.0150542452,2.0957440758,0.2039580300,0.4469519449,0.1201523948,0.2007890627,0.0166113187,0.1429474680,0.0065234070,0.9260866024,0.0148566354,2.3416524888,0.1663843736,0.6610727622,0.1156447544
