Instance,FV_avg_avg,FV_avg_sd,FV_sd_avg,FV_sd_sd,FV_r1_avg,FV_r1_sd,FV_kr_avg,FV_kr_sd,FV_sk_avg,FV_sk_sd,FD_avg_avg,FD_avg_sd,FD_sd_avg,FD_sd_sd,FD_r1_avg,FD_r1_sd,FD_kr_avg,FD_kr_sd,FD_sk_avg,FD_sk_sd,IN_avg_avg,IN_avg_sd,IN_sd_avg,IN_sd_sd,IN_r1_avg,IN_r1_sd,IN_kr_avg,IN_kr_sd,IN_sk_avg,IN_sk_sd
437,0.4974431265,0.3019199633,0.0016995001,0.0010010570,0.9525565041,0.0269587798,2.3223573302,0.4060201596,-0.2587090386,0.4625131718,0.0000058510,0.0000328592,0.0000379906,0.0000227215,0.1699580625,0.1485559959,2.9408940514,0.3892530557,0.0893461512,0.2030065087,0.5033075000,0.0195186403,0.0373413534,0.0030608744,0.1413314455,0.1096611603,2.8353174420,0.2889600207,0.0917862131,0.1879360854
