Instance,FV_avg_avg,FV_avg_sd,FV_sd_avg,FV_sd_sd,FV_r1_avg,FV_r1_sd,FV_kr_avg,FV_kr_sd,FV_sk_avg,FV_sk_sd,FD_avg_avg,FD_avg_sd,FD_sd_avg,FD_sd_sd,FD_r1_avg,FD_r1_sd,FD_kr_avg,FD_kr_sd,FD_sk_avg,FD_sk_sd,IN_avg_avg,IN_avg_sd,IN_sd_avg,IN_sd_sd,IN_r1_avg,IN_r1_sd,IN_kr_avg,IN_kr_sd,IN_sk_avg,IN_sk_sd
93,0.5026339599,0.3051274404,0.0001312135,0.0001097849,0.1359591618,0.4464582548,1.9675593706,0.4984660970,0.3858946483,0.5116037017,-0.0000026072,0.0000243027,0.0000277965,0.0000179598,-0.2533860580,0.2815440046,2.0823728791,0.5267497587,-0.1789093539,0.6117077952,0.5045000000,0.0540809578,0.0898997582,0.0323733453,-0.3253795016,0.3264465753,2.0645010054,0.5448028233,0.2228258600,0.6428151630
