Instance,INF_avg,INF_sd,INF_r1,INF_kr,INF_sk,SUP_avg,SUP_sd,SUP_r1,SUP_kr,SUP_sk,INC_avg,INC_sd,INC_r1,INC_kr,INC_sk,IND_avg,IND_sd,IND_r1,IND_kr,IND_sk
150,0.2240000000,0.0618384993,-0.1314314610,2.2164484165,0.0458746592,0.2440000000,0.0941488184,-0.3680020220,3.3408025323,0.8564864171,0.5320000000,0.1121427662,-0.3482206678,3.0737585708,-0.1631303896,0.2140000000,0.0714422844,-0.2307305893,2.8884911705,0.4878436471
