Instance,FV_avg_avg,FV_avg_sd,FV_sd_avg,FV_sd_sd,FV_r1_avg,FV_r1_sd,FV_kr_avg,FV_kr_sd,FV_sk_avg,FV_sk_sd,FD_avg_avg,FD_avg_sd,FD_sd_avg,FD_sd_sd,FD_r1_avg,FD_r1_sd,FD_kr_avg,FD_kr_sd,FD_sk_avg,FD_sk_sd,IN_avg_avg,IN_avg_sd,IN_sd_avg,IN_sd_sd,IN_r1_avg,IN_r1_sd,IN_kr_avg,IN_kr_sd,IN_sk_avg,IN_sk_sd
113,0.4935182399,0.3019075630,0.0027600101,0.0016063861,0.9016652037,0.0596322218,2.6662607953,0.5112135521,0.0436729909,0.5097455195,0.0000241334,0.0001449944,0.0002600295,0.0001561898,0.0623694890,0.1538961916,2.8818735005,0.4948193173,-0.1885797761,0.2489262216,0.4978500000,0.0448578588,0.1152364488,0.0112343613,0.0654365280,0.1366104341,2.8434082359,0.4812960315,-0.1377517681,0.2982272418
