Instance,FV_avg_avg,FV_avg_sd,FV_sd_avg,FV_sd_sd,FV_r1_avg,FV_r1_sd,FV_kr_avg,FV_kr_sd,FV_sk_avg,FV_sk_sd,FD_avg_avg,FD_avg_sd,FD_sd_avg,FD_sd_sd,FD_r1_avg,FD_r1_sd,FD_kr_avg,FD_kr_sd,FD_sk_avg,FD_sk_sd,IN_avg_avg,IN_avg_sd,IN_sd_avg,IN_sd_sd,IN_r1_avg,IN_r1_sd,IN_kr_avg,IN_kr_sd,IN_sk_avg,IN_sk_sd
308,0.5002345499,0.3031971268,0.0005511181,0.0003791730,0.8600859804,0.1056355735,2.9351727076,0.7810248408,0.1044850512,0.7002716403,-0.0000009620,0.0000139548,0.0000552423,0.0000342749,-0.0217619256,0.1116850324,2.7195104019,0.4949168841,-0.0522102306,0.2746342508,0.5044000000,0.0228919200,0.1140648486,0.0118663525,-0.0479628531,0.1577277962,2.9441756771,0.5816134408,0.0281802909,0.2592422833
