Instance,INF_avg,INF_sd,INF_r1,INF_kr,INF_sk,SUP_avg,SUP_sd,SUP_r1,SUP_kr,SUP_sk,INC_avg,INC_sd,INC_r1,INC_kr,INC_sk,IND_avg,IND_sd,IND_r1,IND_kr,IND_sk
458,0.2280000000,0.1217209924,-0.0728642106,5.9098703637,1.2495737096,0.2700000000,0.1284523258,0.0256036889,2.7119559229,0.4019885457,0.5020000000,0.1421126314,-0.0202000408,3.0426830725,-0.3279264840,0.3700000000,0.1044030651,-0.0531152362,2.2564598939,-0.2214424072
