Instance,FV_avg_avg,FV_avg_sd,FV_sd_avg,FV_sd_sd,FV_r1_avg,FV_r1_sd,FV_kr_avg,FV_kr_sd,FV_sk_avg,FV_sk_sd,FD_avg_avg,FD_avg_sd,FD_sd_avg,FD_sd_sd,FD_r1_avg,FD_r1_sd,FD_kr_avg,FD_kr_sd,FD_sk_avg,FD_sk_sd,IN_avg_avg,IN_avg_sd,IN_sd_avg,IN_sd_sd,IN_r1_avg,IN_r1_sd,IN_kr_avg,IN_kr_sd,IN_sk_avg,IN_sk_sd
8,0.4981761205,0.3024278135,0.0002057784,0.0001623187,0.2766305570,0.4707004154,1.7263440048,0.4452800388,-0.0761104437,0.5187643416,-0.0000017468,0.0000261446,0.0000223411,0.0000169003,-0.1645705230,0.3705452660,2.0832111585,0.4141692158,0.0006617332,0.6178428032,0.5036000000,0.0412388167,0.0452507872,0.0131440579,-0.3269905882,0.3545982140,1.9357522925,0.4980131103,0.1564420581,0.5371455468
