Instance,INF_avg,INF_sd,INF_r1,INF_kr,INF_sk,SUP_avg,SUP_sd,SUP_r1,SUP_kr,SUP_sk,INC_avg,INC_sd,INC_r1,INC_kr,INC_sk,IND_avg,IND_sd,IND_r1,IND_kr,IND_sk
361,0.2570000000,0.0318747549,-0.2771203156,1.3299336599,-0.1823080253,0.2480000000,0.0143527001,-0.0754332314,1.7447921576,0.2009026265,0.4950000000,0.0386005181,-0.1611721612,1.8018332508,0.3129630766,0.0310000000,0.0037416574,-0.7391304348,1.8469387755,-0.3436215967
