Instance,INF_avg,INF_sd,INF_r1,INF_kr,INF_sk,SUP_avg,SUP_sd,SUP_r1,SUP_kr,SUP_sk,INC_avg,INC_sd,INC_r1,INC_kr,INC_sk,IND_avg,IND_sd,IND_r1,IND_kr,IND_sk
331,0.4176650943,0.1021512526,0.8960917091,2.0236446611,-0.2058858490,0.0912382075,0.0750491182,0.9300609788,2.6436718171,0.8706716821,0.4910966981,0.0451730174,0.4680116681,2.5645346558,-0.2590696070,0.0455896226,0.0124150504,0.1124692855,2.9962257864,0.2783156182
