Instance,FV_avg_avg,FV_avg_sd,FV_sd_avg,FV_sd_sd,FV_r1_avg,FV_r1_sd,FV_kr_avg,FV_kr_sd,FV_sk_avg,FV_sk_sd,FD_avg_avg,FD_avg_sd,FD_sd_avg,FD_sd_sd,FD_r1_avg,FD_r1_sd,FD_kr_avg,FD_kr_sd,FD_sk_avg,FD_sk_sd,IN_avg_avg,IN_avg_sd,IN_sd_avg,IN_sd_sd,IN_r1_avg,IN_r1_sd,IN_kr_avg,IN_kr_sd,IN_sk_avg,IN_sk_sd
438,0.4985561116,0.3024683761,0.0004049572,0.0003044709,0.9108504504,0.0722304838,2.3087730642,0.6276676576,-0.0273405790,0.4225837622,-0.0000017417,0.0000079370,0.0000209796,0.0000127903,-0.0426476700,0.1117501976,2.6504693834,0.3645238742,0.0022684123,0.2646112113,0.4959400000,0.0197246141,0.0676133467,0.0060076071,-0.0577801434,0.1193403927,2.8047960716,0.7105345486,-0.0026852410,0.3359832248
