Instance,INF_avg,INF_sd,INF_r1,INF_kr,INF_sk,SUP_avg,SUP_sd,SUP_r1,SUP_kr,SUP_sk,INC_avg,INC_sd,INC_r1,INC_kr,INC_sk,IND_avg,IND_sd,IND_r1,IND_kr,IND_sk
361,0.2482000000,0.0372794850,0.3082832936,2.3640487471,-0.1182111316,0.2463000000,0.0458236838,0.4204505309,2.5574562130,-0.0612543435,0.5055000000,0.0415000000,0.3762297215,2.6179505381,0.0679134013,0.0416000000,0.0115082579,0.1669238356,2.2009213771,0.1772734627
