Instance,INF_avg,INF_sd,INF_r1,INF_kr,INF_sk,SUP_avg,SUP_sd,SUP_r1,SUP_kr,SUP_sk,INC_avg,INC_sd,INC_r1,INC_kr,INC_sk,IND_avg,IND_sd,IND_r1,IND_kr,IND_sk
472,0.3680981595,0.0883283900,0.3991567543,3.1057144257,0.2570495139,0.1311656442,0.0777315866,0.6503056312,3.1398126521,0.7731667828,0.5007361963,0.0765158333,-0.1080180232,2.8724613415,-0.2734012663,0.1212269939,0.0351468961,-0.0073241152,2.6134624589,0.1371368930
