Instance,FV_avg_avg,FV_avg_sd,FV_sd_avg,FV_sd_sd,FV_r1_avg,FV_r1_sd,FV_kr_avg,FV_kr_sd,FV_sk_avg,FV_sk_sd,FD_avg_avg,FD_avg_sd,FD_sd_avg,FD_sd_sd,FD_r1_avg,FD_r1_sd,FD_kr_avg,FD_kr_sd,FD_sk_avg,FD_sk_sd,IN_avg_avg,IN_avg_sd,IN_sd_avg,IN_sd_sd,IN_r1_avg,IN_r1_sd,IN_kr_avg,IN_kr_sd,IN_sk_avg,IN_sk_sd
265,0.5027401575,0.3053106077,0.0003641278,0.0002550929,0.0410397072,0.4580933027,1.8700809241,0.3839192560,-0.1721390460,0.5068040919,0.0000012491,0.0000355580,0.0000260733,0.0000167472,-0.1411403930,0.4329890146,2.2631466507,0.4710341317,0.1046877426,0.7764735118,0.5051500000,0.0349145743,0.0336723285,0.0136884731,-0.2043358605,0.3855192591,2.1885966789,0.4856630333,0.2673225748,0.6978208010
