Instance,FV_avg_avg,FV_avg_sd,FV_sd_avg,FV_sd_sd,FV_r1_avg,FV_r1_sd,FV_kr_avg,FV_kr_sd,FV_sk_avg,FV_sk_sd,FD_avg_avg,FD_avg_sd,FD_sd_avg,FD_sd_sd,FD_r1_avg,FD_r1_sd,FD_kr_avg,FD_kr_sd,FD_sk_avg,FD_sk_sd,IN_avg_avg,IN_avg_sd,IN_sd_avg,IN_sd_sd,IN_r1_avg,IN_r1_sd,IN_kr_avg,IN_kr_sd,IN_sk_avg,IN_sk_sd
414,0.4963578290,0.3016164016,0.0002729954,0.0001925633,0.4669178643,0.2891308296,2.6965125675,1.1765147957,-0.1755745390,0.7953362354,-0.0000009293,0.0000202536,0.0000294669,0.0000187822,-0.0131396888,0.3121339208,2.2654664928,0.5101661858,0.0779916702,0.3566490995,0.4939000000,0.0397314737,0.0646359418,0.0131299287,-0.1107697483,0.3178968452,2.1627565589,0.5422513186,-0.0482171985,0.4461321690
