Instance,INF_avg,INF_sd,INF_r1,INF_kr,INF_sk,SUP_avg,SUP_sd,SUP_r1,SUP_kr,SUP_sk,INC_avg,INC_sd,INC_r1,INC_kr,INC_sk,IND_avg,IND_sd,IND_r1,IND_kr,IND_sk
92,0.2500000000,0.0207364414,-0.6627906977,1.5265008112,0.1514018163,0.2290000000,0.0115758369,-0.6009463722,2.1988193362,-0.3365218792,0.5210000000,0.0152970585,-0.2081128748,2.1747753671,-0.5665577237,0.0390000000,0.0174355958,-0.0250173732,2.3118507618,0.8184255374
