Instance,INF_avg,INF_sd,INF_r1,INF_kr,INF_sk,SUP_avg,SUP_sd,SUP_r1,SUP_kr,SUP_sk,INC_avg,INC_sd,INC_r1,INC_kr,INC_sk,IND_avg,IND_sd,IND_r1,IND_kr,IND_sk
23,0.2228000000,0.0268544224,-0.1911736314,3.4705034036,0.3797984448,0.2745000000,0.0315317301,0.1354746566,2.8525794123,-0.1260270093,0.5027000000,0.0376325657,-0.0666305488,2.7213944997,-0.0784020211,0.0334000000,0.0090796476,0.3113559623,2.4408587570,0.0598616364
