Instance,INF_avg,INF_sd,INF_r1,INF_kr,INF_sk,SUP_avg,SUP_sd,SUP_r1,SUP_kr,SUP_sk,INC_avg,INC_sd,INC_r1,INC_kr,INC_sk,IND_avg,IND_sd,IND_r1,IND_kr,IND_sk
113,0.3180000000,0.0988736568,-0.2344536259,1.8826947855,-0.0400749494,0.2360000000,0.1153429668,-0.1200112065,2.0564865675,0.0107603482,0.4460000000,0.1224091500,0.1379774217,2.7093289614,-0.3326437053,0.2100000000,0.0761577311,0.0510697032,4.7401902497,0.9508396862
