Instance,FV_avg_avg,FV_avg_sd,FV_sd_avg,FV_sd_sd,FV_r1_avg,FV_r1_sd,FV_kr_avg,FV_kr_sd,FV_sk_avg,FV_sk_sd,FD_avg_avg,FD_avg_sd,FD_sd_avg,FD_sd_sd,FD_r1_avg,FD_r1_sd,FD_kr_avg,FD_kr_sd,FD_sk_avg,FD_sk_sd,IN_avg_avg,IN_avg_sd,IN_sd_avg,IN_sd_sd,IN_r1_avg,IN_r1_sd,IN_kr_avg,IN_kr_sd,IN_sk_avg,IN_sk_sd
53,0.4996814640,0.3029892645,0.0003447779,0.0002493308,0.9093438865,0.0935206678,2.5121233271,0.7786409557,0.0779559858,0.5112121181,-0.0000019095,0.0000076652,0.0000378623,0.0000239035,-0.0124506682,0.1015778064,2.9886597039,0.9881465194,0.0819760637,0.3586055900,0.5030000000,0.0295939183,0.1481329730,0.0192826946,-0.0054174094,0.0806996964,2.7884737747,0.5703398945,0.0486519175,0.2977507324
