Instance,FV_avg_avg,FV_avg_sd,FV_sd_avg,FV_sd_sd,FV_r1_avg,FV_r1_sd,FV_kr_avg,FV_kr_sd,FV_sk_avg,FV_sk_sd,FD_avg_avg,FD_avg_sd,FD_sd_avg,FD_sd_sd,FD_r1_avg,FD_r1_sd,FD_kr_avg,FD_kr_sd,FD_sk_avg,FD_sk_sd,IN_avg_avg,IN_avg_sd,IN_sd_avg,IN_sd_sd,IN_r1_avg,IN_r1_sd,IN_kr_avg,IN_kr_sd,IN_sk_avg,IN_sk_sd
174,0.4954975806,0.3021125208,0.0003019309,0.0001855785,0.5242049710,0.3353747161,2.2488461392,0.5781770434,0.0303529868,0.4906750625,-0.0000069644,0.0000358962,0.0000864110,0.0000610345,-0.0483588067,0.3027892164,2.3363280592,0.7935859532,0.0417030366,0.5061811139,0.4885000000,0.0577299749,0.1426604092,0.0365103771,-0.1309482802,0.2943470815,2.5321338613,0.7781361553,-0.3122477780,0.5896135256
