Instance,INF_avg,INF_sd,INF_r1,INF_kr,INF_sk,SUP_avg,SUP_sd,SUP_r1,SUP_kr,SUP_sk,INC_avg,INC_sd,INC_r1,INC_kr,INC_sk,IND_avg,IND_sd,IND_r1,IND_kr,IND_sk
504,0.2700000000,0.1345362405,-0.4769572460,2.8270504563,-0.4287287783,0.3900000000,0.1445683229,-0.6874066700,1.5992536801,0.1747489172,0.3400000000,0.1019803903,-0.6334661355,1.9556213018,0.2715454179,0.4000000000,0.1095445115,0.1818181818,2.5000000000,0.0000000000
