Instance,INF_avg,INF_sd,INF_r1,INF_kr,INF_sk,SUP_avg,SUP_sd,SUP_r1,SUP_kr,SUP_sk,INC_avg,INC_sd,INC_r1,INC_kr,INC_sk,IND_avg,IND_sd,IND_r1,IND_kr,IND_sk
256,0.2170000000,0.0371618084,0.3836962503,1.9726792861,-0.1723289398,0.2280000000,0.0523067873,0.0775262613,2.3022724941,0.5745455440,0.5550000000,0.0420119031,-0.5925394548,3.4988243225,0.5785491070,0.0780000000,0.0146969385,0.0178571429,2.1954732510,-0.4082482905
