Instance,FV_avg_avg,FV_avg_sd,FV_sd_avg,FV_sd_sd,FV_r1_avg,FV_r1_sd,FV_kr_avg,FV_kr_sd,FV_sk_avg,FV_sk_sd,FD_avg_avg,FD_avg_sd,FD_sd_avg,FD_sd_sd,FD_r1_avg,FD_r1_sd,FD_kr_avg,FD_kr_sd,FD_sk_avg,FD_sk_sd,IN_avg_avg,IN_avg_sd,IN_sd_avg,IN_sd_sd,IN_r1_avg,IN_r1_sd,IN_kr_avg,IN_kr_sd,IN_sk_avg,IN_sk_sd
497,0.4752585542,0.2926500997,0.0022654606,0.0012679079,0.4902769943,0.4466414551,2.1766544561,0.6794679221,-0.1315530350,0.4138439950,-0.0001063366,0.0003530987,0.0006976288,0.0004731455,-0.0522372886,0.3570288705,2.2512703467,0.6920713057,-0.0323870749,0.4849200831,0.4675000000,0.0697047344,0.1543409195,0.0318414912,-0.0425493583,0.2812944065,2.0827934438,0.3382271463,-0.0563662968,0.3604032749
