Instance,INF_avg,INF_sd,INF_r1,INF_kr,INF_sk,SUP_avg,SUP_sd,SUP_r1,SUP_kr,SUP_sk,INC_avg,INC_sd,INC_r1,INC_kr,INC_sk,IND_avg,IND_sd,IND_r1,IND_kr,IND_sk
28,0.3347826087,0.1289040616,0.2423628407,2.6854554703,0.4141607362,0.1608695652,0.1052497255,0.1443141465,1.8356154411,0.3276924318,0.5043478261,0.0883582671,-0.3293730433,2.0374232715,-0.3683360050,0.2347826087,0.0633053034,0.0920585968,2.4084082414,0.0709480271
