Instance,FV_avg_avg,FV_avg_sd,FV_sd_avg,FV_sd_sd,FV_r1_avg,FV_r1_sd,FV_kr_avg,FV_kr_sd,FV_sk_avg,FV_sk_sd,FD_avg_avg,FD_avg_sd,FD_sd_avg,FD_sd_sd,FD_r1_avg,FD_r1_sd,FD_kr_avg,FD_kr_sd,FD_sk_avg,FD_sk_sd,IN_avg_avg,IN_avg_sd,IN_sd_avg,IN_sd_sd,IN_r1_avg,IN_r1_sd,IN_kr_avg,IN_kr_sd,IN_sk_avg,IN_sk_sd
495,0.4935872289,0.2983412218,0.0029464461,0.0018291646,0.8692527527,0.0816706345,2.5681270925,0.6053130384,-0.1490595725,0.3816077963,0.0000049336,0.0000997028,0.0001990291,0.0001137024,0.0942858139,0.1731715834,2.6655574598,0.3803472071,0.0129982457,0.2415351368,0.5074400000,0.0265210558,0.0750084280,0.0093710046,0.1010366922,0.1692978480,2.7787802586,0.5029724030,0.0155509374,0.3311658107
