Instance,INF_avg,INF_sd,INF_r1,INF_kr,INF_sk,SUP_avg,SUP_sd,SUP_r1,SUP_kr,SUP_sk,INC_avg,INC_sd,INC_r1,INC_kr,INC_sk,IND_avg,IND_sd,IND_r1,IND_kr,IND_sk
479,0.2960000000,0.0463033476,-0.0321100917,2.5997995099,0.8238983939,0.2320000000,0.0299332591,-0.3235294118,1.8469387755,0.3436215967,0.4720000000,0.0601331855,-0.2148217636,2.0385699742,-0.0988955201,0.1240000000,0.0233238076,0.6067415730,1.6280276817,0.3631734744
