Instance,FV_avg_avg,FV_avg_sd,FV_sd_avg,FV_sd_sd,FV_r1_avg,FV_r1_sd,FV_kr_avg,FV_kr_sd,FV_sk_avg,FV_sk_sd,FD_avg_avg,FD_avg_sd,FD_sd_avg,FD_sd_sd,FD_r1_avg,FD_r1_sd,FD_kr_avg,FD_kr_sd,FD_sk_avg,FD_sk_sd,IN_avg_avg,IN_avg_sd,IN_sd_avg,IN_sd_sd,IN_r1_avg,IN_r1_sd,IN_kr_avg,IN_kr_sd,IN_sk_avg,IN_sk_sd
288,0.4979937931,0.3025381878,0.0008760886,0.0006653935,0.9508435416,0.0279637782,2.4152746365,0.4460315901,0.1251178046,0.3815730987,0.0000024571,0.0000090472,0.0000251285,0.0000154640,0.0384701640,0.1097493100,2.9776950005,0.3266489454,-0.0741981149,0.2183356394,0.5010600000,0.0131738149,0.0502313720,0.0032613286,0.0094190801,0.1083046842,3.1560758380,0.5227134031,0.0594796006,0.2427812784
