Instance,INF_avg,INF_sd,INF_r1,INF_kr,INF_sk,SUP_avg,SUP_sd,SUP_r1,SUP_kr,SUP_sk,INC_avg,INC_sd,INC_r1,INC_kr,INC_sk,IND_avg,IND_sd,IND_r1,IND_kr,IND_sk
233,0.2546000000,0.0533370415,0.2535499145,2.7441346318,-0.1511587650,0.2492000000,0.0503523584,0.1186948769,3.3928958071,0.5038750823,0.4962000000,0.0601627792,0.3078874690,2.1568424834,-0.3536974537,0.0664000000,0.0165843300,-0.1430205149,2.3566696819,0.0826701876
