Instance,FV_avg_avg,FV_avg_sd,FV_sd_avg,FV_sd_sd,FV_r1_avg,FV_r1_sd,FV_kr_avg,FV_kr_sd,FV_sk_avg,FV_sk_sd,FD_avg_avg,FD_avg_sd,FD_sd_avg,FD_sd_sd,FD_r1_avg,FD_r1_sd,FD_kr_avg,FD_kr_sd,FD_sk_avg,FD_sk_sd,IN_avg_avg,IN_avg_sd,IN_sd_avg,IN_sd_sd,IN_r1_avg,IN_r1_sd,IN_kr_avg,IN_kr_sd,IN_sk_avg,IN_sk_sd
291,0.4935135259,0.3003821971,0.0014409606,0.0010471079,0.9393465393,0.0462915174,2.3915988887,0.7407209019,-0.2256677485,0.4907034091,0.0000010832,0.0000291030,0.0000303922,0.0000190724,0.1470252097,0.1415507498,2.7486387586,0.3481767994,-0.0473931871,0.2314636112,0.4996325000,0.0224693974,0.0369264783,0.0032770151,0.1104372424,0.1438212039,2.8802865301,0.3660920205,-0.1001711630,0.2901168686
