Instance,INF_avg,INF_sd,INF_r1,INF_kr,INF_sk,SUP_avg,SUP_sd,SUP_r1,SUP_kr,SUP_sk,INC_avg,INC_sd,INC_r1,INC_kr,INC_sk,IND_avg,IND_sd,IND_r1,IND_kr,IND_sk
457,0.2724000000,0.0511687405,0.3241294733,3.6477699145,0.6380051097,0.2263000000,0.0513936767,0.2849344236,2.6047684687,0.1667753642,0.5013000000,0.0516072669,0.2247802967,3.2142646118,-0.3273944448,0.0626000000,0.0167104758,0.1788293564,3.3723519428,0.5495550399
