Instance,FV_avg_avg,FV_avg_sd,FV_sd_avg,FV_sd_sd,FV_r1_avg,FV_r1_sd,FV_kr_avg,FV_kr_sd,FV_sk_avg,FV_sk_sd,FD_avg_avg,FD_avg_sd,FD_sd_avg,FD_sd_sd,FD_r1_avg,FD_r1_sd,FD_kr_avg,FD_kr_sd,FD_sk_avg,FD_sk_sd,IN_avg_avg,IN_avg_sd,IN_sd_avg,IN_sd_sd,IN_r1_avg,IN_r1_sd,IN_kr_avg,IN_kr_sd,IN_sk_avg,IN_sk_sd
224,0.5015068069,0.3043558300,0.0005991872,0.0004294183,0.4597925145,0.3745885348,2.2262414271,0.6080298518,0.1024687943,0.4710474000,0.0000196503,0.0000531330,0.0000356168,0.0000227347,0.0622146960,0.2427527469,2.6605072317,1.0185384190,0.0725467771,0.7075556769,0.5118250000,0.0269797494,0.0326016453,0.0069116005,-0.0283191999,0.2388738334,2.5189177925,0.7674218556,-0.0024884792,0.6231041723
