Instance,FV_avg_avg,FV_avg_sd,FV_sd_avg,FV_sd_sd,FV_r1_avg,FV_r1_sd,FV_kr_avg,FV_kr_sd,FV_sk_avg,FV_sk_sd,FD_avg_avg,FD_avg_sd,FD_sd_avg,FD_sd_sd,FD_r1_avg,FD_r1_sd,FD_kr_avg,FD_kr_sd,FD_sk_avg,FD_sk_sd,IN_avg_avg,IN_avg_sd,IN_sd_avg,IN_sd_sd,IN_r1_avg,IN_r1_sd,IN_kr_avg,IN_kr_sd,IN_sk_avg,IN_sk_sd
331,0.4773979263,0.2894056120,0.0113828466,0.0076484901,0.9971471999,0.0010707506,1.8814673661,0.0289448546,0.2510988983,0.0505363731,-0.0000544943,0.0000359957,0.0000349010,0.0000218277,0.5489030984,0.0680438991,2.6543128780,0.1815254099,0.1669334497,0.1175778433,0.3134038495,0.0267708149,0.1360149567,0.0066227369,0.4346735625,0.0749470809,2.7828144822,0.1834347280,0.3726225948,0.1625813139
