Instance,FV_avg_avg,FV_avg_sd,FV_sd_avg,FV_sd_sd,FV_r1_avg,FV_r1_sd,FV_kr_avg,FV_kr_sd,FV_sk_avg,FV_sk_sd,FD_avg_avg,FD_avg_sd,FD_sd_avg,FD_sd_sd,FD_r1_avg,FD_r1_sd,FD_kr_avg,FD_kr_sd,FD_sk_avg,FD_sk_sd,IN_avg_avg,IN_avg_sd,IN_sd_avg,IN_sd_sd,IN_r1_avg,IN_r1_sd,IN_kr_avg,IN_kr_sd,IN_sk_avg,IN_sk_sd
505,0.4700508653,0.2859153989,0.0069389402,0.0047785698,0.9060243022,0.0377738129,2.4477851310,0.4167782246,0.0471804178,0.4070753188,0.0000686349,0.0002424508,0.0006748073,0.0004102429,0.1318517819,0.1270572433,2.6702296274,0.2686904425,-0.0425182464,0.1802368483,0.5048000000,0.0368382953,0.1172930998,0.0112795718,0.0909577063,0.1531414905,2.8077032691,0.3741578334,-0.0210526213,0.2359900998
