Instance,FV_avg_avg,FV_avg_sd,FV_sd_avg,FV_sd_sd,FV_r1_avg,FV_r1_sd,FV_kr_avg,FV_kr_sd,FV_sk_avg,FV_sk_sd,FD_avg_avg,FD_avg_sd,FD_sd_avg,FD_sd_sd,FD_r1_avg,FD_r1_sd,FD_kr_avg,FD_kr_sd,FD_sk_avg,FD_sk_sd,IN_avg_avg,IN_avg_sd,IN_sd_avg,IN_sd_sd,IN_r1_avg,IN_r1_sd,IN_kr_avg,IN_kr_sd,IN_sk_avg,IN_sk_sd
428,0.4807462359,0.2913988601,0.0093206188,0.0063429278,0.9966109960,0.0014686490,1.8510772606,0.0372045780,0.1721701914,0.0533578257,-0.0000699533,0.0000460176,0.0000375967,0.0000226954,0.4317881452,0.0950468149,2.8740530718,0.2631534000,0.2324152755,0.1571143625,0.2920731527,0.0235550193,0.1239051642,0.0079283928,0.3335871797,0.0890564697,2.9705292242,0.3028684759,0.3776083563,0.1665749828
