Instance,FV_avg_avg,FV_avg_sd,FV_sd_avg,FV_sd_sd,FV_r1_avg,FV_r1_sd,FV_kr_avg,FV_kr_sd,FV_sk_avg,FV_sk_sd,FD_avg_avg,FD_avg_sd,FD_sd_avg,FD_sd_sd,FD_r1_avg,FD_r1_sd,FD_kr_avg,FD_kr_sd,FD_sk_avg,FD_sk_sd,IN_avg_avg,IN_avg_sd,IN_sd_avg,IN_sd_sd,IN_r1_avg,IN_r1_sd,IN_kr_avg,IN_kr_sd,IN_sk_avg,IN_sk_sd
371,0.4991806605,0.3031380441,0.0001779805,0.0001498675,0.4855079389,0.3464099105,2.1765905930,0.6989079578,-0.1114393627,0.4996619431,-0.0000017965,0.0000229151,0.0000457201,0.0000293531,-0.1833406752,0.2536161888,2.2648730947,0.3455216904,-0.1060042117,0.4348796638,0.4985000000,0.0547060326,0.1407896324,0.0321446636,-0.2139252980,0.3339680242,2.1490987325,0.5101101050,-0.0700095583,0.4630444479
