Instance,FV_avg_avg,FV_avg_sd,FV_sd_avg,FV_sd_sd,FV_r1_avg,FV_r1_sd,FV_kr_avg,FV_kr_sd,FV_sk_avg,FV_sk_sd,FD_avg_avg,FD_avg_sd,FD_sd_avg,FD_sd_sd,FD_r1_avg,FD_r1_sd,FD_kr_avg,FD_kr_sd,FD_sk_avg,FD_sk_sd,IN_avg_avg,IN_avg_sd,IN_sd_avg,IN_sd_sd,IN_r1_avg,IN_r1_sd,IN_kr_avg,IN_kr_sd,IN_sk_avg,IN_sk_sd
181,0.5000223705,0.3040772044,0.0001053659,0.0000752084,0.1605514502,0.3216233581,2.0366789601,0.4948315688,0.0111619985,0.6099462362,0.0000005630,0.0000218926,0.0000383156,0.0000292812,-0.1054389553,0.3988883788,2.0717450070,0.4969506789,-0.0855606174,0.6259999333,0.5010000000,0.0658710862,0.1278056046,0.0531575717,-0.3345295092,0.3623217723,2.0743676335,0.4804700666,-0.2686430571,0.5866220424
