Instance,FV_avg_avg,FV_avg_sd,FV_sd_avg,FV_sd_sd,FV_r1_avg,FV_r1_sd,FV_kr_avg,FV_kr_sd,FV_sk_avg,FV_sk_sd,FD_avg_avg,FD_avg_sd,FD_sd_avg,FD_sd_sd,FD_r1_avg,FD_r1_sd,FD_kr_avg,FD_kr_sd,FD_sk_avg,FD_sk_sd,IN_avg_avg,IN_avg_sd,IN_sd_avg,IN_sd_sd,IN_r1_avg,IN_r1_sd,IN_kr_avg,IN_kr_sd,IN_sk_avg,IN_sk_sd
476,0.4983584120,0.3020234839,0.0008056678,0.0004742861,0.9508865877,0.0244578963,2.4832737238,0.4155548833,0.0766065543,0.4837744954,-0.0000040203,0.0000106788,0.0000238752,0.0000148521,0.0673413522,0.1118341330,3.0241154044,0.5172772528,-0.0139364736,0.2270345244,0.4946550000,0.0173648632,0.0514830957,0.0039157835,0.0629419035,0.1010494334,3.0826696389,0.4434127042,0.0040766989,0.2400314073
