Instance,FV_avg_avg,FV_avg_sd,FV_sd_avg,FV_sd_sd,FV_r1_avg,FV_r1_sd,FV_kr_avg,FV_kr_sd,FV_sk_avg,FV_sk_sd,FD_avg_avg,FD_avg_sd,FD_sd_avg,FD_sd_sd,FD_r1_avg,FD_r1_sd,FD_kr_avg,FD_kr_sd,FD_sk_avg,FD_sk_sd,IN_avg_avg,IN_avg_sd,IN_sd_avg,IN_sd_sd,IN_r1_avg,IN_r1_sd,IN_kr_avg,IN_kr_sd,IN_sk_avg,IN_sk_sd
417,0.4971865028,0.3032747726,0.0002894398,0.0002181029,0.6713296943,0.2233345798,2.0623369398,0.7321805615,0.0673934586,0.4751043667,0.0000037149,0.0000152882,0.0000279504,0.0000202395,-0.1627163203,0.3490934966,2.2718506753,0.6624095187,-0.1575581899,0.5092976730,0.5028000000,0.0321894393,0.0691201052,0.0202586045,-0.1928431578,0.3126995600,2.6863278786,0.7385148442,0.0288654896,0.6494305683
