Instance,INF_avg,INF_sd,INF_r1,INF_kr,INF_sk,SUP_avg,SUP_sd,SUP_r1,SUP_kr,SUP_sk,INC_avg,INC_sd,INC_r1,INC_kr,INC_sk,IND_avg,IND_sd,IND_r1,IND_kr,IND_sk
133,0.2625000000,0.0302696217,0.3631457209,2.2226120393,-0.8112627524,0.2500000000,0.0213307290,-0.3012048193,3.4059896148,0.9968593317,0.4875000000,0.0294321253,0.1653196179,3.2780182780,1.1649078661,0.0370000000,0.0078102497,-0.6006600660,2.2270894921,0.4218920142
