Instance,INF_avg,INF_sd,INF_r1,INF_kr,INF_sk,SUP_avg,SUP_sd,SUP_r1,SUP_kr,SUP_sk,INC_avg,INC_sd,INC_r1,INC_kr,INC_sk,IND_avg,IND_sd,IND_r1,IND_kr,IND_sk
328,0.2530000000,0.0107703296,0.3691148776,1.7636741974,0.4034071140,0.3000000000,0.0288097206,-0.7261146497,1.6174335898,-0.0940947471,0.4470000000,0.0332565783,-0.6260404281,1.1965328032,0.3875832466,0.0260000000,0.0073484692,0.0384615385,1.1666666667,0.4082482905
