Instance,INF_avg,INF_sd,INF_r1,INF_kr,INF_sk,SUP_avg,SUP_sd,SUP_r1,SUP_kr,SUP_sk,INC_avg,INC_sd,INC_r1,INC_kr,INC_sk,IND_avg,IND_sd,IND_r1,IND_kr,IND_sk
199,0.2536000000,0.0592540294,-0.4617464140,2.3184877584,0.1284065201,0.2512000000,0.0647654229,-0.0127771984,2.2936024831,-0.3802591899,0.4952000000,0.0733822867,-0.1769664125,2.1196302370,-0.3962590220,0.1208000000,0.0336951035,-0.0292164675,3.2673256064,0.6397578806
