Instance,INF_avg,INF_sd,INF_r1,INF_kr,INF_sk,SUP_avg,SUP_sd,SUP_r1,SUP_kr,SUP_sk,INC_avg,INC_sd,INC_r1,INC_kr,INC_sk,IND_avg,IND_sd,IND_r1,IND_kr,IND_sk
290,0.4672149123,0.1127615181,0.9053495187,2.1512628489,-0.3144155347,0.0896710526,0.0669495204,0.8920920565,2.9269761950,0.9039603095,0.4431140351,0.0572865617,0.6846214170,2.2896239335,-0.1643805058,0.0376754386,0.0113686207,0.0627048739,3.8884751620,0.4973408175
