Instance,INF_avg,INF_sd,INF_r1,INF_kr,INF_sk,SUP_avg,SUP_sd,SUP_r1,SUP_kr,SUP_sk,INC_avg,INC_sd,INC_r1,INC_kr,INC_sk,IND_avg,IND_sd,IND_r1,IND_kr,IND_sk
65,0.2400000000,0.1356465997,-0.4380530973,2.9310018904,1.1731251294,0.3600000000,0.0800000000,-0.5131578947,2.0781250000,0.8437500000,0.4000000000,0.1095445115,-0.3333333333,2.5000000000,-0.9128709292,0.2800000000,0.0748331477,-0.4814814815,1.8469387755,0.3436215967
