Instance,FV_avg_avg,FV_avg_sd,FV_sd_avg,FV_sd_sd,FV_r1_avg,FV_r1_sd,FV_kr_avg,FV_kr_sd,FV_sk_avg,FV_sk_sd,FD_avg_avg,FD_avg_sd,FD_sd_avg,FD_sd_sd,FD_r1_avg,FD_r1_sd,FD_kr_avg,FD_kr_sd,FD_sk_avg,FD_sk_sd,IN_avg_avg,IN_avg_sd,IN_sd_avg,IN_sd_sd,IN_r1_avg,IN_r1_sd,IN_kr_avg,IN_kr_sd,IN_sk_avg,IN_sk_sd
208,0.4937220634,0.3010255611,0.0013323849,0.0007757830,0.9245619388,0.0547428458,2.6788896384,1.0904086297,0.1248802747,0.6416776691,0.0000069963,0.0000440770,0.0000418872,0.0000250904,0.1396676885,0.1696884887,2.7711506557,0.5165012691,-0.0072697489,0.2698922788,0.5040550000,0.0302020111,0.0400131852,0.0034735438,0.1524260173,0.2017578060,2.7452422647,0.5242414639,-0.0056056504,0.2883950588
