Instance,FV_avg_avg,FV_avg_sd,FV_sd_avg,FV_sd_sd,FV_r1_avg,FV_r1_sd,FV_kr_avg,FV_kr_sd,FV_sk_avg,FV_sk_sd,FD_avg_avg,FD_avg_sd,FD_sd_avg,FD_sd_sd,FD_r1_avg,FD_r1_sd,FD_kr_avg,FD_kr_sd,FD_sk_avg,FD_sk_sd,IN_avg_avg,IN_avg_sd,IN_sd_avg,IN_sd_sd,IN_r1_avg,IN_r1_sd,IN_kr_avg,IN_kr_sd,IN_sk_avg,IN_sk_sd
149,0.4916077297,0.2985010952,0.0010468276,0.0009798087,0.2510018360,0.4143459682,1.8614300541,0.5057731958,0.0575697618,0.6113027778,0.0000452936,0.0001601394,0.0001929048,0.0001239842,-0.2924561076,0.4027107686,2.0333786713,0.4779257997,0.1613419370,0.5826240892,0.5175000000,0.0692730106,0.0886088501,0.0258548194,-0.2390701425,0.3502500999,2.1646943207,0.5472192155,0.1219360866,0.7512347515
