Instance,FV_avg_avg,FV_avg_sd,FV_sd_avg,FV_sd_sd,FV_r1_avg,FV_r1_sd,FV_kr_avg,FV_kr_sd,FV_sk_avg,FV_sk_sd,FD_avg_avg,FD_avg_sd,FD_sd_avg,FD_sd_sd,FD_r1_avg,FD_r1_sd,FD_kr_avg,FD_kr_sd,FD_sk_avg,FD_sk_sd,IN_avg_avg,IN_avg_sd,IN_sd_avg,IN_sd_sd,IN_r1_avg,IN_r1_sd,IN_kr_avg,IN_kr_sd,IN_sk_avg,IN_sk_sd
337,0.4986279471,0.3034889591,0.0003567129,0.0002914754,0.7638669324,0.1232645711,2.4545159675,0.6907714256,-0.2300160258,0.4704163395,0.0000002662,0.0000142815,0.0000421515,0.0000260622,-0.0394842089,0.1939430757,2.7741577946,0.7399719265,0.0971947154,0.4504444331,0.5033000000,0.0204770603,0.1113978007,0.0132412239,-0.0506077763,0.1413353644,2.7539028950,0.5846225817,0.0675815011,0.3580678304
