Instance,INF_avg,INF_sd,INF_r1,INF_kr,INF_sk,SUP_avg,SUP_sd,SUP_r1,SUP_kr,SUP_sk,INC_avg,INC_sd,INC_r1,INC_kr,INC_sk,IND_avg,IND_sd,IND_r1,IND_kr,IND_sk
297,0.2120000000,0.0409878031,0.1318905280,2.5431292517,0.5778722575,0.2916000000,0.0451380106,-0.0679730150,2.3303786538,0.1354434637,0.4964000000,0.0428840297,0.1082189109,2.7735560899,0.2387393843,0.0680000000,0.0162480768,0.0376035692,2.5330578512,0.4923659639
