Instance,FV_avg_avg,FV_avg_sd,FV_sd_avg,FV_sd_sd,FV_r1_avg,FV_r1_sd,FV_kr_avg,FV_kr_sd,FV_sk_avg,FV_sk_sd,FD_avg_avg,FD_avg_sd,FD_sd_avg,FD_sd_sd,FD_r1_avg,FD_r1_sd,FD_kr_avg,FD_kr_sd,FD_sk_avg,FD_sk_sd,IN_avg_avg,IN_avg_sd,IN_sd_avg,IN_sd_sd,IN_r1_avg,IN_r1_sd,IN_kr_avg,IN_kr_sd,IN_sk_avg,IN_sk_sd
439,0.4965407652,0.3022911249,0.0007078917,0.0005513983,0.8824376649,0.0770022883,2.2826709201,0.4425844861,-0.0705058334,0.4152845928,-0.0000039528,0.0000219682,0.0000212341,0.0000127041,0.0374313237,0.1444438182,2.7612166857,0.3847724237,0.0232184904,0.2748134803,0.4952500000,0.0237616393,0.0331160362,0.0031064690,0.0032399815,0.1258793072,3.0371697931,0.4607831895,0.1760090724,0.4175588921
