Instance,INF_avg,INF_sd,INF_r1,INF_kr,INF_sk,SUP_avg,SUP_sd,SUP_r1,SUP_kr,SUP_sk,INC_avg,INC_sd,INC_r1,INC_kr,INC_sk,IND_avg,IND_sd,IND_r1,IND_kr,IND_sk
264,0.2520000000,0.0793473377,-0.3075772425,2.2740167816,0.1145303041,0.2800000000,0.0905538514,0.0080563948,4.6201665675,0.8080355566,0.4680000000,0.0904212364,-0.1510699394,2.8689266662,-0.1790056254,0.2360000000,0.0656048779,0.1237156991,2.2903152251,0.2072223283
