Instance,FV_avg_avg,FV_avg_sd,FV_sd_avg,FV_sd_sd,FV_r1_avg,FV_r1_sd,FV_kr_avg,FV_kr_sd,FV_sk_avg,FV_sk_sd,FD_avg_avg,FD_avg_sd,FD_sd_avg,FD_sd_sd,FD_r1_avg,FD_r1_sd,FD_kr_avg,FD_kr_sd,FD_sk_avg,FD_sk_sd,IN_avg_avg,IN_avg_sd,IN_sd_avg,IN_sd_sd,IN_r1_avg,IN_r1_sd,IN_kr_avg,IN_kr_sd,IN_sk_avg,IN_sk_sd
281,0.4995121763,0.3031388152,0.0009174692,0.0006504397,0.9079224620,0.0634415854,2.3576010936,0.8486198966,0.2700278998,0.4621039600,-0.0000018814,0.0000213903,0.0000799216,0.0000514850,0.0109150036,0.1263067629,2.7773727038,0.5326119883,0.0242938333,0.2505497008,0.5007500000,0.0291511149,0.1151991195,0.0114591822,-0.0201521126,0.1286176510,2.5090497829,0.4206772255,0.0190189646,0.1878768241
