Instance,FV_avg_avg,FV_avg_sd,FV_sd_avg,FV_sd_sd,FV_r1_avg,FV_r1_sd,FV_kr_avg,FV_kr_sd,FV_sk_avg,FV_sk_sd,FD_avg_avg,FD_avg_sd,FD_sd_avg,FD_sd_sd,FD_r1_avg,FD_r1_sd,FD_kr_avg,FD_kr_sd,FD_sk_avg,FD_sk_sd,IN_avg_avg,IN_avg_sd,IN_sd_avg,IN_sd_sd,IN_r1_avg,IN_r1_sd,IN_kr_avg,IN_kr_sd,IN_sk_avg,IN_sk_sd
33,0.4945788786,0.3018711718,0.0001156979,0.0000837931,0.0548307591,0.3538020817,2.0701155896,0.4166077433,-0.1380236171,0.6200108348,0.0000034071,0.0000154092,0.0000258377,0.0000236120,-0.3163566250,0.2691118306,2.0909551301,0.5582608734,0.0582502675,0.7041531949,0.5180000000,0.0414246304,0.0837136911,0.0300336132,-0.2868603094,0.3220932407,1.8493278712,0.4933771056,0.1029169238,0.5417148447
