Instance,FV_avg_avg,FV_avg_sd,FV_sd_avg,FV_sd_sd,FV_r1_avg,FV_r1_sd,FV_kr_avg,FV_kr_sd,FV_sk_avg,FV_sk_sd,FD_avg_avg,FD_avg_sd,FD_sd_avg,FD_sd_sd,FD_r1_avg,FD_r1_sd,FD_kr_avg,FD_kr_sd,FD_sk_avg,FD_sk_sd,IN_avg_avg,IN_avg_sd,IN_sd_avg,IN_sd_sd,IN_r1_avg,IN_r1_sd,IN_kr_avg,IN_kr_sd,IN_sk_avg,IN_sk_sd
183,0.4762372204,0.2874032367,0.0142067062,0.0096321129,0.9930105574,0.0022787407,1.8637068827,0.0506448112,0.2640095699,0.0729467746,-0.0001500509,0.0001061354,0.0001022808,0.0000651222,0.5807183758,0.1422584145,2.6968592541,0.5157189213,0.1677721119,0.2478391836,0.3073306384,0.0359970355,0.1407273993,0.0081660786,0.4843423774,0.1053067997,2.7689946106,0.3561803459,0.3261963094,0.2342365650
