Instance,INF_avg,INF_sd,INF_r1,INF_kr,INF_sk,SUP_avg,SUP_sd,SUP_r1,SUP_kr,SUP_sk,INC_avg,INC_sd,INC_r1,INC_kr,INC_sk,IND_avg,IND_sd,IND_r1,IND_kr,IND_sk
198,0.2670454545,0.1127865955,-0.0496469176,4.0232871985,0.8203155885,0.1738636364,0.0944413216,0.1333302436,4.5605887137,0.9964610471,0.5590909091,0.1239834700,-0.2426305970,2.7197472251,-0.1190029512,0.2352272727,0.0662120779,0.1731802287,3.0688412527,0.0247200413
