Instance,FV_avg_avg,FV_avg_sd,FV_sd_avg,FV_sd_sd,FV_r1_avg,FV_r1_sd,FV_kr_avg,FV_kr_sd,FV_sk_avg,FV_sk_sd,FD_avg_avg,FD_avg_sd,FD_sd_avg,FD_sd_sd,FD_r1_avg,FD_r1_sd,FD_kr_avg,FD_kr_sd,FD_sk_avg,FD_sk_sd,IN_avg_avg,IN_avg_sd,IN_sd_avg,IN_sd_sd,IN_r1_avg,IN_r1_sd,IN_kr_avg,IN_kr_sd,IN_sk_avg,IN_sk_sd
413,0.4523797196,0.2943174729,0.0185414606,0.0114012374,0.9904018195,0.0024835022,2.6045378038,0.2241652379,0.8746431841,0.1312096862,-0.0002096268,0.0001255290,0.0000865444,0.0000534453,0.9627501991,0.0116224684,2.8511150417,0.4459330882,0.9771845652,0.1919398934,0.1546372685,0.0250487255,0.1414445638,0.0114644852,0.9616346944,0.0064842724,2.8671721235,0.5041974707,0.9822895976,0.2574372650
