Instance,FV_avg_avg,FV_avg_sd,FV_sd_avg,FV_sd_sd,FV_r1_avg,FV_r1_sd,FV_kr_avg,FV_kr_sd,FV_sk_avg,FV_sk_sd,FD_avg_avg,FD_avg_sd,FD_sd_avg,FD_sd_sd,FD_r1_avg,FD_r1_sd,FD_kr_avg,FD_kr_sd,FD_sk_avg,FD_sk_sd,IN_avg_avg,IN_avg_sd,IN_sd_avg,IN_sd_sd,IN_r1_avg,IN_r1_sd,IN_kr_avg,IN_kr_sd,IN_sk_avg,IN_sk_sd
65,0.4967750969,0.3023209335,0.0004749325,0.0003015713,0.9262103558,0.0608400624,2.6614245678,0.6055094342,-0.0234204973,0.4420825589,-0.0000041528,0.0000123472,0.0000177965,0.0000110598,0.1119037325,0.1541544524,3.0276236394,0.4734963345,0.0209581049,0.2401011931,0.4941400000,0.0236695458,0.0535516659,0.0041026916,0.0479131626,0.1013203156,2.8980859810,0.4246645798,-0.0541151982,0.2268863699
