Instance,FV_avg_avg,FV_avg_sd,FV_sd_avg,FV_sd_sd,FV_r1_avg,FV_r1_sd,FV_kr_avg,FV_kr_sd,FV_sk_avg,FV_sk_sd,FD_avg_avg,FD_avg_sd,FD_sd_avg,FD_sd_sd,FD_r1_avg,FD_r1_sd,FD_kr_avg,FD_kr_sd,FD_sk_avg,FD_sk_sd,IN_avg_avg,IN_avg_sd,IN_sd_avg,IN_sd_sd,IN_r1_avg,IN_r1_sd,IN_kr_avg,IN_kr_sd,IN_sk_avg,IN_sk_sd
239,0.4973632207,0.3023848039,0.0004702367,0.0003416824,0.8307001658,0.1949668333,2.1916318602,0.5549502650,0.0527907331,0.5100583547,0.0000009021,0.0000136116,0.0000427551,0.0000284889,-0.0670448675,0.2009690928,2.8976760245,0.6552737858,0.0629648711,0.4746935706,0.4995000000,0.0277911857,0.1096054463,0.0160949104,-0.0656403410,0.2017646130,2.8555627830,0.5794455794,-0.1014606008,0.4726495177
