Instance,INF_avg,INF_sd,INF_r1,INF_kr,INF_sk,SUP_avg,SUP_sd,SUP_r1,SUP_kr,SUP_sk,INC_avg,INC_sd,INC_r1,INC_kr,INC_sk,IND_avg,IND_sd,IND_r1,IND_kr,IND_sk
399,0.2888000000,0.0652576432,0.1571729828,3.0149789560,-0.1076180991,0.2288000000,0.0638949137,0.1058935731,2.6428051157,0.2454198249,0.4824000000,0.0790584594,-0.0380012254,2.3354789186,-0.3514338837,0.1044000000,0.0275070900,0.0079507805,2.3391828207,0.2002198190
