Instance,INF_avg,INF_sd,INF_r1,INF_kr,INF_sk,SUP_avg,SUP_sd,SUP_r1,SUP_kr,SUP_sk,INC_avg,INC_sd,INC_r1,INC_kr,INC_sk,IND_avg,IND_sd,IND_r1,IND_kr,IND_sk
287,0.3452000000,0.0520092300,0.2403524402,2.9957637802,-0.6384428564,0.2532000000,0.0386491915,0.0073843227,3.5545161445,0.6420484368,0.4016000000,0.0335475782,-0.0600883383,2.8260472773,-0.3741468358,0.0532000000,0.0156767344,0.0391964188,2.0385793050,0.1474119193
