Instance,INF_avg,INF_sd,INF_r1,INF_kr,INF_sk,SUP_avg,SUP_sd,SUP_r1,SUP_kr,SUP_sk,INC_avg,INC_sd,INC_r1,INC_kr,INC_sk,IND_avg,IND_sd,IND_r1,IND_kr,IND_sk
215,0.2882352941,0.1277974175,0.4387315673,2.5157821028,-0.4558014581,0.2176470588,0.1149695311,-0.0880000000,1.9155587840,-0.1157227374,0.4941176471,0.1258878503,-0.2325113910,2.0122137259,-0.0661114662,0.3705882353,0.0665512265,0.3677359368,2.2211914062,0.4143203796
