Instance,FV_avg_avg,FV_avg_sd,FV_sd_avg,FV_sd_sd,FV_r1_avg,FV_r1_sd,FV_kr_avg,FV_kr_sd,FV_sk_avg,FV_sk_sd,FD_avg_avg,FD_avg_sd,FD_sd_avg,FD_sd_sd,FD_r1_avg,FD_r1_sd,FD_kr_avg,FD_kr_sd,FD_sk_avg,FD_sk_sd,IN_avg_avg,IN_avg_sd,IN_sd_avg,IN_sd_sd,IN_r1_avg,IN_r1_sd,IN_kr_avg,IN_kr_sd,IN_sk_avg,IN_sk_sd
410,0.5018998892,0.3041547457,0.0010731921,0.0007067548,0.8540704117,0.0758069049,2.5106595644,0.5987788538,0.1073383022,0.4693312561,0.0000032760,0.0000370349,0.0000521811,0.0000332072,0.0207436344,0.1297545521,2.6672479745,0.4337318541,0.0121001527,0.2992169797,0.5014900000,0.0383508266,0.0512003030,0.0068573300,0.0169302595,0.1137310234,2.7641253796,0.4622009804,0.0549221167,0.3094922338
