Instance,INF_avg,INF_sd,INF_r1,INF_kr,INF_sk,SUP_avg,SUP_sd,SUP_r1,SUP_kr,SUP_sk,INC_avg,INC_sd,INC_r1,INC_kr,INC_sk,IND_avg,IND_sd,IND_r1,IND_kr,IND_sk
489,0.3198000000,0.0735660248,0.2195155849,2.6501961335,-0.2922436151,0.2662000000,0.0596452848,0.0588414525,2.5764472054,0.0538713678,0.4140000000,0.0813633824,0.1518242745,3.5900413468,-0.1170089223,0.1100000000,0.0356089876,0.0230341541,2.5955577227,0.3401827874
