Instance,FV_avg_avg,FV_avg_sd,FV_sd_avg,FV_sd_sd,FV_r1_avg,FV_r1_sd,FV_kr_avg,FV_kr_sd,FV_sk_avg,FV_sk_sd,FD_avg_avg,FD_avg_sd,FD_sd_avg,FD_sd_sd,FD_r1_avg,FD_r1_sd,FD_kr_avg,FD_kr_sd,FD_sk_avg,FD_sk_sd,IN_avg_avg,IN_avg_sd,IN_sd_avg,IN_sd_sd,IN_r1_avg,IN_r1_sd,IN_kr_avg,IN_kr_sd,IN_sk_avg,IN_sk_sd
221,0.5005184891,0.3032605190,0.0003245534,0.0002616743,0.1344122249,0.4086791304,1.9227274462,0.5292753831,-0.0387625203,0.5234012428,-0.0000095947,0.0000663398,0.0000344472,0.0000262666,-0.1583164691,0.2908906096,1.9549974545,0.5303137643,-0.2009363237,0.5500037872,0.4908000000,0.0514486151,0.0461320419,0.0124191269,-0.1932919959,0.3470128362,2.1361013973,0.5313201924,-0.1575675989,0.6530665101
