Instance,INF_avg,INF_sd,INF_r1,INF_kr,INF_sk,SUP_avg,SUP_sd,SUP_r1,SUP_kr,SUP_sk,INC_avg,INC_sd,INC_r1,INC_kr,INC_sk,IND_avg,IND_sd,IND_r1,IND_kr,IND_sk
406,0.2984000000,0.0616882485,0.1087544281,2.2400421486,-0.1375491558,0.2768000000,0.0644186308,0.1383237413,2.6254711926,0.1874536727,0.4248000000,0.0698065899,0.3215737684,1.9889822841,0.2675138793,0.0936000000,0.0297832168,-0.4521771815,1.8588076185,0.1216292670
