Instance,INF_avg,INF_sd,INF_r1,INF_kr,INF_sk,SUP_avg,SUP_sd,SUP_r1,SUP_kr,SUP_sk,INC_avg,INC_sd,INC_r1,INC_kr,INC_sk,IND_avg,IND_sd,IND_r1,IND_kr,IND_sk
95,0.2300000000,0.1122497216,-0.9281045752,2.3760393046,-0.1315095000,0.2800000000,0.0509901951,-0.5289256198,1.9556213018,-0.2715454179,0.4900000000,0.1428285686,-0.6407599309,1.6640715110,0.2018050709,0.1800000000,0.0244948974,0.0384615385,1.1666666667,-0.4082482905
