Instance,FV_avg_avg,FV_avg_sd,FV_sd_avg,FV_sd_sd,FV_r1_avg,FV_r1_sd,FV_kr_avg,FV_kr_sd,FV_sk_avg,FV_sk_sd,FD_avg_avg,FD_avg_sd,FD_sd_avg,FD_sd_sd,FD_r1_avg,FD_r1_sd,FD_kr_avg,FD_kr_sd,FD_sk_avg,FD_sk_sd,IN_avg_avg,IN_avg_sd,IN_sd_avg,IN_sd_sd,IN_r1_avg,IN_r1_sd,IN_kr_avg,IN_kr_sd,IN_sk_avg,IN_sk_sd
303,0.4953702316,0.3004204806,0.0008625992,0.0007354652,0.3589809360,0.4521309842,2.2397695906,0.4925586445,-0.1086742525,0.5955996816,-0.0000208866,0.0000758301,0.0001873758,0.0001275045,-0.1514567595,0.2949036481,2.4880010002,0.7764393726,0.0277025273,0.5041871305,0.4935000000,0.0423408786,0.1467083212,0.0298608185,-0.2050727292,0.3421914711,2.3038841329,0.8648152612,0.2241508339,0.4061103527
