Instance,INF_avg,INF_sd,INF_r1,INF_kr,INF_sk,SUP_avg,SUP_sd,SUP_r1,SUP_kr,SUP_sk,INC_avg,INC_sd,INC_r1,INC_kr,INC_sk,IND_avg,IND_sd,IND_r1,IND_kr,IND_sk
295,0.2900000000,0.1135781669,-0.1366313310,2.0838290968,0.5036998208,0.2400000000,0.0916515139,-0.1104368932,1.9957482993,0.3935715520,0.4700000000,0.1029563014,-0.0830090791,2.4957280171,-0.2693943807,0.1800000000,0.0748331477,0.0737410072,3.7123724490,0.5225911784
