Instance,INF_avg,INF_sd,INF_r1,INF_kr,INF_sk,SUP_avg,SUP_sd,SUP_r1,SUP_kr,SUP_sk,INC_avg,INC_sd,INC_r1,INC_kr,INC_sk,IND_avg,IND_sd,IND_r1,IND_kr,IND_sk
449,0.2590000000,0.0947048045,-0.0414181826,2.8585921520,0.2879748897,0.2710000000,0.1122898036,-0.1626818030,3.1557437560,0.4653503926,0.4700000000,0.1228820573,0.0094654046,2.2804701548,-0.0210183774,0.2300000000,0.0812403840,-0.0290482077,2.4132231405,0.0727358810
