Instance,FV_avg_avg,FV_avg_sd,FV_sd_avg,FV_sd_sd,FV_r1_avg,FV_r1_sd,FV_kr_avg,FV_kr_sd,FV_sk_avg,FV_sk_sd,FD_avg_avg,FD_avg_sd,FD_sd_avg,FD_sd_sd,FD_r1_avg,FD_r1_sd,FD_kr_avg,FD_kr_sd,FD_sk_avg,FD_sk_sd,IN_avg_avg,IN_avg_sd,IN_sd_avg,IN_sd_sd,IN_r1_avg,IN_r1_sd,IN_kr_avg,IN_kr_sd,IN_sk_avg,IN_sk_sd
330,0.4970308070,0.2999012356,0.0020895687,0.0015466811,0.7827154635,0.1443388319,2.4566714818,0.5986119158,-0.1138081990,0.4829234853,-0.0000251095,0.0001717064,0.0000967853,0.0000615226,0.1255678393,0.2119010096,2.7900267102,0.7734860179,0.1037994628,0.3527689049,0.4926700000,0.0491322409,0.0395372442,0.0046957770,0.0722893031,0.2262558439,2.9201399146,0.7327594581,0.2115322566,0.4196686708
