Instance,INF_avg,INF_sd,INF_r1,INF_kr,INF_sk,SUP_avg,SUP_sd,SUP_r1,SUP_kr,SUP_sk,INC_avg,INC_sd,INC_r1,INC_kr,INC_sk,IND_avg,IND_sd,IND_r1,IND_kr,IND_sk
332,0.2698000000,0.0487438201,0.2503155357,2.5507911405,0.1582337557,0.3171000000,0.0552864359,0.1714892569,2.1944305833,0.0123483467,0.4131000000,0.0556182524,0.2164638013,2.5992753233,-0.1610490426,0.0524000000,0.0156920362,-0.0829481035,2.9372494481,0.5003220759
