Instance,FV_avg_avg,FV_avg_sd,FV_sd_avg,FV_sd_sd,FV_r1_avg,FV_r1_sd,FV_kr_avg,FV_kr_sd,FV_sk_avg,FV_sk_sd,FD_avg_avg,FD_avg_sd,FD_sd_avg,FD_sd_sd,FD_r1_avg,FD_r1_sd,FD_kr_avg,FD_kr_sd,FD_sk_avg,FD_sk_sd,IN_avg_avg,IN_avg_sd,IN_sd_avg,IN_sd_sd,IN_r1_avg,IN_r1_sd,IN_kr_avg,IN_kr_sd,IN_sk_avg,IN_sk_sd
2,0.4971767507,0.3023820989,0.0002680598,0.0002185770,0.5060452302,0.3493098615,2.5159176859,1.0429768471,0.2143162722,0.6077686294,0.0000064787,0.0000215130,0.0000496400,0.0000332131,-0.0887393267,0.3441337517,2.2048364738,0.4316806239,0.0100385504,0.4535491907,0.5120000000,0.0405709256,0.1030562370,0.0267284871,-0.0679944451,0.3563692433,2.1742321325,0.6890822550,-0.0282687632,0.4807917525
