Instance,INF_avg,INF_sd,INF_r1,INF_kr,INF_sk,SUP_avg,SUP_sd,SUP_r1,SUP_kr,SUP_sk,INC_avg,INC_sd,INC_r1,INC_kr,INC_sk,IND_avg,IND_sd,IND_r1,IND_kr,IND_sk
38,0.2526500000,0.0292442729,-0.1258499966,2.9821465385,-0.2597475691,0.2315500000,0.0329597861,0.2191552337,3.3372334386,0.4319417065,0.5158000000,0.0364192257,0.0493633770,2.8909403518,0.0161727343,0.0352000000,0.0104383907,0.0018318716,3.6907105707,0.1447342792
