Instance,INF_avg,INF_sd,INF_r1,INF_kr,INF_sk,SUP_avg,SUP_sd,SUP_r1,SUP_kr,SUP_sk,INC_avg,INC_sd,INC_r1,INC_kr,INC_sk,IND_avg,IND_sd,IND_r1,IND_kr,IND_sk
482,0.2420000000,0.1328006024,-0.1738535729,2.3912745024,0.3773480138,0.2560000000,0.1498799520,0.0910613142,2.2752970755,0.3119875817,0.5020000000,0.1516443207,-0.0615796193,4.0119661429,-0.7220620436,0.4000000000,0.1200000000,0.0138888889,2.4305555556,0.3472222222
