Instance,FV_avg_avg,FV_avg_sd,FV_sd_avg,FV_sd_sd,FV_r1_avg,FV_r1_sd,FV_kr_avg,FV_kr_sd,FV_sk_avg,FV_sk_sd,FD_avg_avg,FD_avg_sd,FD_sd_avg,FD_sd_sd,FD_r1_avg,FD_r1_sd,FD_kr_avg,FD_kr_sd,FD_sk_avg,FD_sk_sd,IN_avg_avg,IN_avg_sd,IN_sd_avg,IN_sd_sd,IN_r1_avg,IN_r1_sd,IN_kr_avg,IN_kr_sd,IN_sk_avg,IN_sk_sd
196,0.4958709126,0.3009990744,0.0007344122,0.0008663715,0.7422338535,0.1417231341,2.5530661350,0.7059480169,0.0080503769,0.5398091824,0.0000063142,0.0000265646,0.0000296150,0.0000211902,0.0472020431,0.2174025512,2.4376558191,0.4515980587,0.0574423560,0.3689604240,0.5030300000,0.0305597955,0.0365404418,0.0057848177,-0.0115392984,0.1823775471,2.5933573421,0.5374908842,-0.0998364588,0.4033215347
