Instance,FV_avg_avg,FV_avg_sd,FV_sd_avg,FV_sd_sd,FV_r1_avg,FV_r1_sd,FV_kr_avg,FV_kr_sd,FV_sk_avg,FV_sk_sd,FD_avg_avg,FD_avg_sd,FD_sd_avg,FD_sd_sd,FD_r1_avg,FD_r1_sd,FD_kr_avg,FD_kr_sd,FD_sk_avg,FD_sk_sd,IN_avg_avg,IN_avg_sd,IN_sd_avg,IN_sd_sd,IN_r1_avg,IN_r1_sd,IN_kr_avg,IN_kr_sd,IN_sk_avg,IN_sk_sd
1,0.4944834971,0.3010793140,0.0018666689,0.0018030613,0.8729020565,0.0799578174,2.4089795052,0.5330035673,0.0151339575,0.4276574967,0.0000013007,0.0000400498,0.0000548597,0.0000358759,0.1890744062,0.2229785955,2.9008039872,0.5624444641,0.0268645840,0.2385279537,0.4919500000,0.0326805829,0.0377335388,0.0050007051,0.1069957817,0.1979198597,2.8205501239,0.3462910479,0.0644021018,0.2870272531
