Instance,FV_avg_avg,FV_avg_sd,FV_sd_avg,FV_sd_sd,FV_r1_avg,FV_r1_sd,FV_kr_avg,FV_kr_sd,FV_sk_avg,FV_sk_sd,FD_avg_avg,FD_avg_sd,FD_sd_avg,FD_sd_sd,FD_r1_avg,FD_r1_sd,FD_kr_avg,FD_kr_sd,FD_sk_avg,FD_sk_sd,IN_avg_avg,IN_avg_sd,IN_sd_avg,IN_sd_sd,IN_r1_avg,IN_r1_sd,IN_kr_avg,IN_kr_sd,IN_sk_avg,IN_sk_sd
438,0.4990852363,0.3034207668,0.0003952128,0.0002857563,0.8945071566,0.0749713534,2.4570214380,0.6389109974,0.1196615153,0.3612488658,-0.0000002906,0.0000073399,0.0000487747,0.0000298336,-0.0381202620,0.1586540277,2.7726247577,0.4837741406,-0.0520497148,0.2718685267,0.5008000000,0.0228595713,0.1551234204,0.0123904987,-0.0622168532,0.1499307012,2.6228167730,0.4855759973,-0.0079745494,0.2687541513
