Instance,FV_avg_avg,FV_avg_sd,FV_sd_avg,FV_sd_sd,FV_r1_avg,FV_r1_sd,FV_kr_avg,FV_kr_sd,FV_sk_avg,FV_sk_sd,FD_avg_avg,FD_avg_sd,FD_sd_avg,FD_sd_sd,FD_r1_avg,FD_r1_sd,FD_kr_avg,FD_kr_sd,FD_sk_avg,FD_sk_sd,IN_avg_avg,IN_avg_sd,IN_sd_avg,IN_sd_sd,IN_r1_avg,IN_r1_sd,IN_kr_avg,IN_kr_sd,IN_sk_avg,IN_sk_sd
42,0.4784541583,0.2901919502,0.0111432638,0.0069112583,0.9627486560,0.0138933686,2.3017211250,0.1461163241,0.6319138362,0.0962433743,-0.0005485237,0.0003511819,0.0002621756,0.0001604639,0.8376768284,0.0438968090,2.4763881436,0.2348259971,0.5731043846,0.1503288122,0.2065274636,0.0299528728,0.1461965320,0.0183133567,0.8281353213,0.0450838398,2.5329136531,0.4014574166,0.7131986780,0.1703031752
