Instance,INF_avg,INF_sd,INF_r1,INF_kr,INF_sk,SUP_avg,SUP_sd,SUP_r1,SUP_kr,SUP_sk,INC_avg,INC_sd,INC_r1,INC_kr,INC_sk,IND_avg,IND_sd,IND_r1,IND_kr,IND_sk
202,0.2730000000,0.0965453261,-0.4017995433,3.2356814993,0.2191179269,0.2960000000,0.0999199680,-0.1210295202,2.2933250894,0.4108576639,0.4310000000,0.1122007130,-0.1292687047,3.1727313822,-0.2110223734,0.2190000000,0.0582151183,-0.0151084481,2.3035087134,0.0631959782
