Instance,FV_avg_avg,FV_avg_sd,FV_sd_avg,FV_sd_sd,FV_r1_avg,FV_r1_sd,FV_kr_avg,FV_kr_sd,FV_sk_avg,FV_sk_sd,FD_avg_avg,FD_avg_sd,FD_sd_avg,FD_sd_sd,FD_r1_avg,FD_r1_sd,FD_kr_avg,FD_kr_sd,FD_sk_avg,FD_sk_sd,IN_avg_avg,IN_avg_sd,IN_sd_avg,IN_sd_sd,IN_r1_avg,IN_r1_sd,IN_kr_avg,IN_kr_sd,IN_sk_avg,IN_sk_sd
98,0.4973426959,0.3024742356,0.0003527120,0.0002346481,0.8104716263,0.1343982220,2.1895612215,0.3871265777,-0.0049663327,0.3042425272,0.0000004328,0.0000071654,0.0000269893,0.0000173492,-0.0233543793,0.1931152251,2.8785207917,0.6824878737,-0.1100781618,0.4451234349,0.4996000000,0.0175754374,0.0650722871,0.0074122497,-0.1084871934,0.1759257911,2.7786765012,0.6199986619,-0.1358820451,0.5675573864
