Instance,INF_avg,INF_sd,INF_r1,INF_kr,INF_sk,SUP_avg,SUP_sd,SUP_r1,SUP_kr,SUP_sk,INC_avg,INC_sd,INC_r1,INC_kr,INC_sk,IND_avg,IND_sd,IND_r1,IND_kr,IND_sk
448,0.2632000000,0.0659527103,0.0284211030,3.9721576675,0.2436207155,0.2254000000,0.0611787545,0.2111471424,2.4432911417,-0.0359480728,0.5114000000,0.0751667480,0.0514077579,2.8652675978,0.1637105835,0.1086000000,0.0304965572,0.0374496131,2.9407630914,0.3867328922
