Instance,FV_avg_avg,FV_avg_sd,FV_sd_avg,FV_sd_sd,FV_r1_avg,FV_r1_sd,FV_kr_avg,FV_kr_sd,FV_sk_avg,FV_sk_sd,FD_avg_avg,FD_avg_sd,FD_sd_avg,FD_sd_sd,FD_r1_avg,FD_r1_sd,FD_kr_avg,FD_kr_sd,FD_sk_avg,FD_sk_sd,IN_avg_avg,IN_avg_sd,IN_sd_avg,IN_sd_sd,IN_r1_avg,IN_r1_sd,IN_kr_avg,IN_kr_sd,IN_sk_avg,IN_sk_sd
202,0.4958699302,0.3000711359,0.0027923964,0.0018004341,0.8882374294,0.0696213036,2.3542618746,0.3760727313,-0.1411059381,0.4759578192,0.0000001571,0.0000779871,0.0002805448,0.0001672097,-0.0197116006,0.1445505995,2.8068738583,0.3766035617,-0.0569113827,0.2847347501,0.5068500000,0.0413899444,0.1123313563,0.0094401480,-0.0314064373,0.1130052717,2.9564076417,0.5368491221,0.0072063733,0.3076866665
