Instance,FV_avg_avg,FV_avg_sd,FV_sd_avg,FV_sd_sd,FV_r1_avg,FV_r1_sd,FV_kr_avg,FV_kr_sd,FV_sk_avg,FV_sk_sd,FD_avg_avg,FD_avg_sd,FD_sd_avg,FD_sd_sd,FD_r1_avg,FD_r1_sd,FD_kr_avg,FD_kr_sd,FD_sk_avg,FD_sk_sd,IN_avg_avg,IN_avg_sd,IN_sd_avg,IN_sd_sd,IN_r1_avg,IN_r1_sd,IN_kr_avg,IN_kr_sd,IN_sk_avg,IN_sk_sd
60,0.4970101645,0.3030581283,0.0001412087,0.0001557042,0.1837443587,0.3945626440,1.9250540524,0.4239263484,-0.1314163973,0.5455465535,0.0000028159,0.0000087058,0.0000129412,0.0000086140,-0.3187109980,0.3372852959,2.0469702150,0.4652168162,-0.2050343949,0.6641469288,0.4994000000,0.0285804129,0.0410086120,0.0131565095,-0.1923418077,0.4322949880,1.6762292157,0.4144721496,-0.1732383012,0.4243673724
