Instance,FV_avg_avg,FV_avg_sd,FV_sd_avg,FV_sd_sd,FV_r1_avg,FV_r1_sd,FV_kr_avg,FV_kr_sd,FV_sk_avg,FV_sk_sd,FD_avg_avg,FD_avg_sd,FD_sd_avg,FD_sd_sd,FD_r1_avg,FD_r1_sd,FD_kr_avg,FD_kr_sd,FD_sk_avg,FD_sk_sd,IN_avg_avg,IN_avg_sd,IN_sd_avg,IN_sd_sd,IN_r1_avg,IN_r1_sd,IN_kr_avg,IN_kr_sd,IN_sk_avg,IN_sk_sd
421,0.4939150520,0.2997275891,0.0024788268,0.0020080412,0.9522188569,0.0238406359,2.4622278423,0.5320807524,0.1151111008,0.5523473557,-0.0000068641,0.0000487278,0.0000538628,0.0000352225,0.2567818388,0.1763269178,2.9667503489,0.3894141387,-0.0688974322,0.2294962760,0.4980275000,0.0222166462,0.0416540253,0.0039886776,0.1963336465,0.1516835794,3.0408658216,0.3966204978,-0.0045977427,0.1978817124
