Instance,INF_avg,INF_sd,INF_r1,INF_kr,INF_sk,SUP_avg,SUP_sd,SUP_r1,SUP_kr,SUP_sk,INC_avg,INC_sd,INC_r1,INC_kr,INC_sk,IND_avg,IND_sd,IND_r1,IND_kr,IND_sk
354,0.2720000000,0.0574108004,-0.4671814672,3.2717975304,0.6574995047,0.2460000000,0.0774854825,-0.0445970269,3.0735436868,-0.3823715988,0.4820000000,0.0831624915,0.2608150932,2.4295435167,0.4299664952,0.1080000000,0.0256124969,0.0149625935,2.3837001785,0.6513588606
