Instance,FV_avg_avg,FV_avg_sd,FV_sd_avg,FV_sd_sd,FV_r1_avg,FV_r1_sd,FV_kr_avg,FV_kr_sd,FV_sk_avg,FV_sk_sd,FD_avg_avg,FD_avg_sd,FD_sd_avg,FD_sd_sd,FD_r1_avg,FD_r1_sd,FD_kr_avg,FD_kr_sd,FD_sk_avg,FD_sk_sd,IN_avg_avg,IN_avg_sd,IN_sd_avg,IN_sd_sd,IN_r1_avg,IN_r1_sd,IN_kr_avg,IN_kr_sd,IN_sk_avg,IN_sk_sd
176,0.4833059153,0.2931753569,0.0049957456,0.0034223500,0.9272110172,0.0493353772,2.2849033057,0.4157290499,-0.1204507756,0.2844678232,-0.0000457083,0.0001208514,0.0004252667,0.0002639530,0.1670770076,0.1468054091,3.1263329071,0.6713176058,-0.0782620494,0.3100608504,0.4886750000,0.0234586205,0.1220930572,0.0104150311,0.1100157993,0.1585679509,2.8426405497,0.3187423214,0.0351496650,0.2240755207
