Instance,FV_avg_avg,FV_avg_sd,FV_sd_avg,FV_sd_sd,FV_r1_avg,FV_r1_sd,FV_kr_avg,FV_kr_sd,FV_sk_avg,FV_sk_sd,FD_avg_avg,FD_avg_sd,FD_sd_avg,FD_sd_sd,FD_r1_avg,FD_r1_sd,FD_kr_avg,FD_kr_sd,FD_sk_avg,FD_sk_sd,IN_avg_avg,IN_avg_sd,IN_sd_avg,IN_sd_sd,IN_r1_avg,IN_r1_sd,IN_kr_avg,IN_kr_sd,IN_sk_avg,IN_sk_sd
401,0.5004823424,0.3034287530,0.0004742544,0.0003932041,0.8959107436,0.0964543509,2.5755611513,0.6452318882,0.0861997338,0.6031959546,-0.0000025214,0.0000093652,0.0000237458,0.0000142908,0.0094832242,0.1629674795,2.8133806850,0.4883492136,0.0017475593,0.2286719417,0.4960800000,0.0192630631,0.0706644798,0.0055226165,0.0148272662,0.1338127734,2.8304855886,0.4423316456,-0.0256952835,0.2573824232
