Instance,FV_avg_avg,FV_avg_sd,FV_sd_avg,FV_sd_sd,FV_r1_avg,FV_r1_sd,FV_kr_avg,FV_kr_sd,FV_sk_avg,FV_sk_sd,FD_avg_avg,FD_avg_sd,FD_sd_avg,FD_sd_sd,FD_r1_avg,FD_r1_sd,FD_kr_avg,FD_kr_sd,FD_sk_avg,FD_sk_sd,IN_avg_avg,IN_avg_sd,IN_sd_avg,IN_sd_sd,IN_r1_avg,IN_r1_sd,IN_kr_avg,IN_kr_sd,IN_sk_avg,IN_sk_sd
390,0.4664468365,0.2841513170,0.0156960270,0.0093094729,0.9939140866,0.0019754178,1.9637663770,0.0830427101,0.3745325939,0.0848367837,-0.0001818548,0.0001094161,0.0000689881,0.0000411315,0.8115949617,0.0371650106,2.9067998331,0.4908943077,0.6465613767,0.1749866620,0.1899216714,0.0259064250,0.1168057804,0.0102172672,0.7680989982,0.0492623403,3.3791859983,0.7679623203,0.8754768350,0.2627936621
