Instance,FV_avg_avg,FV_avg_sd,FV_sd_avg,FV_sd_sd,FV_r1_avg,FV_r1_sd,FV_kr_avg,FV_kr_sd,FV_sk_avg,FV_sk_sd,FD_avg_avg,FD_avg_sd,FD_sd_avg,FD_sd_sd,FD_r1_avg,FD_r1_sd,FD_kr_avg,FD_kr_sd,FD_sk_avg,FD_sk_sd,IN_avg_avg,IN_avg_sd,IN_sd_avg,IN_sd_sd,IN_r1_avg,IN_r1_sd,IN_kr_avg,IN_kr_sd,IN_sk_avg,IN_sk_sd
422,0.4847323826,0.2940417358,0.0081113508,0.0054183951,0.9962215658,0.0011256029,1.8852476715,0.0430020857,0.2303859729,0.0742533927,-0.0000503793,0.0000346553,0.0000351502,0.0000220141,0.4954874723,0.1420274119,2.8632646521,0.3870059109,0.1261998509,0.2859145388,0.3278018143,0.0434417018,0.1331820430,0.0096032570,0.4013334576,0.1256518818,2.9891126975,0.6030824158,0.2492286365,0.3462237397
