Instance,FV_avg_avg,FV_avg_sd,FV_sd_avg,FV_sd_sd,FV_r1_avg,FV_r1_sd,FV_kr_avg,FV_kr_sd,FV_sk_avg,FV_sk_sd,FD_avg_avg,FD_avg_sd,FD_sd_avg,FD_sd_sd,FD_r1_avg,FD_r1_sd,FD_kr_avg,FD_kr_sd,FD_sk_avg,FD_sk_sd,IN_avg_avg,IN_avg_sd,IN_sd_avg,IN_sd_sd,IN_r1_avg,IN_r1_sd,IN_kr_avg,IN_kr_sd,IN_sk_avg,IN_sk_sd
265,0.4985491913,0.3032186817,0.0002725093,0.0001980706,0.0854673761,0.4291440262,1.9387192948,0.5440122226,0.0685413980,0.6297509191,0.0000006050,0.0000339488,0.0000314360,0.0000261257,-0.4064850865,0.3695949156,1.9116254582,0.5579282736,0.0208631502,0.6017680609,0.4956000000,0.0303354578,0.0434571571,0.0133369972,-0.3398191853,0.3035933675,2.1161665758,0.5502784548,-0.0004519045,0.7227016851
