Instance,FV_avg_avg,FV_avg_sd,FV_sd_avg,FV_sd_sd,FV_r1_avg,FV_r1_sd,FV_kr_avg,FV_kr_sd,FV_sk_avg,FV_sk_sd,FD_avg_avg,FD_avg_sd,FD_sd_avg,FD_sd_sd,FD_r1_avg,FD_r1_sd,FD_kr_avg,FD_kr_sd,FD_sk_avg,FD_sk_sd,IN_avg_avg,IN_avg_sd,IN_sd_avg,IN_sd_sd,IN_r1_avg,IN_r1_sd,IN_kr_avg,IN_kr_sd,IN_sk_avg,IN_sk_sd
121,0.5009116737,0.3045404246,0.0001650531,0.0001076550,0.8425589035,0.0843041331,2.2934756499,0.5901145477,-0.2050279412,0.4471973818,0.0000000347,0.0000035865,0.0000059495,0.0000039263,-0.0609205745,0.1657220639,2.7898716644,0.6383762759,-0.0584330566,0.3480413149,0.5011600000,0.0162354673,0.0348405304,0.0051770109,-0.0208901808,0.1853297460,2.8214530193,0.6322445497,-0.1915912928,0.4823061533
