Instance,FV_avg_avg,FV_avg_sd,FV_sd_avg,FV_sd_sd,FV_r1_avg,FV_r1_sd,FV_kr_avg,FV_kr_sd,FV_sk_avg,FV_sk_sd,FD_avg_avg,FD_avg_sd,FD_sd_avg,FD_sd_sd,FD_r1_avg,FD_r1_sd,FD_kr_avg,FD_kr_sd,FD_sk_avg,FD_sk_sd,IN_avg_avg,IN_avg_sd,IN_sd_avg,IN_sd_sd,IN_r1_avg,IN_r1_sd,IN_kr_avg,IN_kr_sd,IN_sk_avg,IN_sk_sd
306,0.4953525350,0.3026876370,0.0013638145,0.0008226281,0.9187717208,0.0532694994,2.2969550260,0.4596983191,0.0865595707,0.4220150836,-0.0000071075,0.0000448016,0.0000773720,0.0000495457,-0.0503917938,0.1537912692,2.8692916757,0.4819795907,-0.0986864085,0.2718707875,0.4926600000,0.0261715189,0.0692893141,0.0075740971,-0.0511064563,0.1587142617,2.7974877259,0.5036247525,-0.0726191062,0.3013754583
