Instance,INF_avg,INF_sd,INF_r1,INF_kr,INF_sk,SUP_avg,SUP_sd,SUP_r1,SUP_kr,SUP_sk,INC_avg,INC_sd,INC_r1,INC_kr,INC_sk,IND_avg,IND_sd,IND_r1,IND_kr,IND_sk
358,0.2100000000,0.1135781669,-0.1890504705,2.2460789616,-0.1965657837,0.1900000000,0.0830662386,-0.6420361248,1.4738500315,0.1884300309,0.6000000000,0.1264911064,-0.1666666667,2.0312500000,0.2964635306,0.3400000000,0.0916515139,-0.0436893204,2.1020408163,-0.0935219530
