Instance,FV_avg_avg,FV_avg_sd,FV_sd_avg,FV_sd_sd,FV_r1_avg,FV_r1_sd,FV_kr_avg,FV_kr_sd,FV_sk_avg,FV_sk_sd,FD_avg_avg,FD_avg_sd,FD_sd_avg,FD_sd_sd,FD_r1_avg,FD_r1_sd,FD_kr_avg,FD_kr_sd,FD_sk_avg,FD_sk_sd,IN_avg_avg,IN_avg_sd,IN_sd_avg,IN_sd_sd,IN_r1_avg,IN_r1_sd,IN_kr_avg,IN_kr_sd,IN_sk_avg,IN_sk_sd
159,0.4967745808,0.3028595690,0.0007350818,0.0005277793,0.6113636257,0.2433754096,2.1122164688,0.6195267073,-0.0517247466,0.4769559761,-0.0000092568,0.0000421772,0.0001245514,0.0000796925,-0.1300345806,0.2434113916,2.5609292193,0.7915557396,-0.2317478687,0.5160232909,0.4907500000,0.0379563894,0.1143797415,0.0240525413,-0.0844380072,0.2527219422,2.3437078823,0.5129140923,0.0385096658,0.5517114815
