Instance,FV_avg_avg,FV_avg_sd,FV_sd_avg,FV_sd_sd,FV_r1_avg,FV_r1_sd,FV_kr_avg,FV_kr_sd,FV_sk_avg,FV_sk_sd,FD_avg_avg,FD_avg_sd,FD_sd_avg,FD_sd_sd,FD_r1_avg,FD_r1_sd,FD_kr_avg,FD_kr_sd,FD_sk_avg,FD_sk_sd,IN_avg_avg,IN_avg_sd,IN_sd_avg,IN_sd_sd,IN_r1_avg,IN_r1_sd,IN_kr_avg,IN_kr_sd,IN_sk_avg,IN_sk_sd
451,0.4945154512,0.2993732076,0.0020493091,0.0012152750,0.9011035641,0.0542517962,2.2579914454,0.4619174367,0.1747446132,0.3853431575,-0.0000292957,0.0000832279,0.0000681914,0.0000412761,0.2513422186,0.1718580496,2.7130557216,0.4333009919,-0.0694756418,0.2710664752,0.4964300000,0.0344625899,0.0390870088,0.0053470313,0.1747684100,0.1586470126,2.8921822565,0.4038127619,0.0557410689,0.3203751641
