Instance,FV_avg_avg,FV_avg_sd,FV_sd_avg,FV_sd_sd,FV_r1_avg,FV_r1_sd,FV_kr_avg,FV_kr_sd,FV_sk_avg,FV_sk_sd,FD_avg_avg,FD_avg_sd,FD_sd_avg,FD_sd_sd,FD_r1_avg,FD_r1_sd,FD_kr_avg,FD_kr_sd,FD_sk_avg,FD_sk_sd,IN_avg_avg,IN_avg_sd,IN_sd_avg,IN_sd_sd,IN_r1_avg,IN_r1_sd,IN_kr_avg,IN_kr_sd,IN_sk_avg,IN_sk_sd
207,0.4972852319,0.3001437906,0.0025158160,0.0020250103,0.9257030624,0.0586061945,2.5274682926,0.5445061626,-0.0429342901,0.2907918773,-0.0000194783,0.0000725173,0.0002599077,0.0001545489,-0.0130161597,0.1376369159,2.8738129383,0.3629268783,-0.0486603826,0.1753018762,0.5001000000,0.0346971180,0.1571797295,0.0114294640,0.0143893270,0.1272615144,2.8980011221,0.4413713589,-0.0367123536,0.1437723499
