Instance,INF_avg,INF_sd,INF_r1,INF_kr,INF_sk,SUP_avg,SUP_sd,SUP_r1,SUP_kr,SUP_sk,INC_avg,INC_sd,INC_r1,INC_kr,INC_sk,IND_avg,IND_sd,IND_r1,IND_kr,IND_sk
123,0.2280000000,0.1114271062,0.0866105111,2.6254317675,0.6469950262,0.3160000000,0.1488086019,0.1949413039,2.6004940860,0.0889143081,0.4560000000,0.1551257554,0.2574323602,2.4188387704,0.0486564743,0.3320000000,0.1008761617,0.0780500126,2.5810193426,-0.2042481914
