Instance,INF_avg,INF_sd,INF_r1,INF_kr,INF_sk,SUP_avg,SUP_sd,SUP_r1,SUP_kr,SUP_sk,INC_avg,INC_sd,INC_r1,INC_kr,INC_sk,IND_avg,IND_sd,IND_r1,IND_kr,IND_sk
217,0.2648500000,0.0467196693,0.4872296735,3.0560680874,0.1961090899,0.2291000000,0.0408557218,0.3368575410,2.7265229223,0.3760126139,0.5060500000,0.0463427179,0.3387097200,2.5947038075,0.1025090525,0.0422000000,0.0106845683,0.0998618995,3.2146146325,0.3532657409
