Instance,FV_avg_avg,FV_avg_sd,FV_sd_avg,FV_sd_sd,FV_r1_avg,FV_r1_sd,FV_kr_avg,FV_kr_sd,FV_sk_avg,FV_sk_sd,FD_avg_avg,FD_avg_sd,FD_sd_avg,FD_sd_sd,FD_r1_avg,FD_r1_sd,FD_kr_avg,FD_kr_sd,FD_sk_avg,FD_sk_sd,IN_avg_avg,IN_avg_sd,IN_sd_avg,IN_sd_sd,IN_r1_avg,IN_r1_sd,IN_kr_avg,IN_kr_sd,IN_sk_avg,IN_sk_sd
32,0.4919162339,0.2988846119,0.0005711429,0.0004070350,0.8286167097,0.1372220067,2.3712770521,0.6776290231,-0.0747315080,0.4350413967,0.0000019722,0.0000315599,0.0000798740,0.0000503257,-0.0901514596,0.2140840746,2.6823258343,0.6214641010,0.0476112622,0.5004933376,0.5030000000,0.0406521832,0.1474838677,0.0201719795,-0.0850706280,0.1874050979,2.5985512184,0.4556326433,0.0420043145,0.3574119161
