Instance,INF_avg,INF_sd,INF_r1,INF_kr,INF_sk,SUP_avg,SUP_sd,SUP_r1,SUP_kr,SUP_sk,INC_avg,INC_sd,INC_r1,INC_kr,INC_sk,IND_avg,IND_sd,IND_r1,IND_kr,IND_sk
498,0.2294000000,0.0304078937,-0.2391394688,1.8976844097,0.1365599496,0.2628000000,0.0450572969,0.3760671067,3.7315055065,0.4942928086,0.5078000000,0.0454770272,0.2882048222,2.5758051240,-0.5551558096,0.0398000000,0.0068527367,-0.1295103751,3.2351444848,-0.1144048587
