Instance,FV_avg_avg,FV_avg_sd,FV_sd_avg,FV_sd_sd,FV_r1_avg,FV_r1_sd,FV_kr_avg,FV_kr_sd,FV_sk_avg,FV_sk_sd,FD_avg_avg,FD_avg_sd,FD_sd_avg,FD_sd_sd,FD_r1_avg,FD_r1_sd,FD_kr_avg,FD_kr_sd,FD_sk_avg,FD_sk_sd,IN_avg_avg,IN_avg_sd,IN_sd_avg,IN_sd_sd,IN_r1_avg,IN_r1_sd,IN_kr_avg,IN_kr_sd,IN_sk_avg,IN_sk_sd
7,0.5001504670,0.3038982873,0.0004278902,0.0003169741,0.2612106991,0.3535759804,1.7906074636,0.4721999755,0.1384631452,0.4827009170,0.0000268651,0.0001393731,0.0001625442,0.0001157614,-0.2239739981,0.3219669715,1.9068340021,0.5014406923,0.2440338348,0.5416247309,0.5190000000,0.0945462850,0.1216965356,0.0423078388,-0.3424456155,0.2996571025,1.8722007050,0.4943760715,0.1768576481,0.5539130081
