Instance,INF_avg,INF_sd,INF_r1,INF_kr,INF_sk,SUP_avg,SUP_sd,SUP_r1,SUP_kr,SUP_sk,INC_avg,INC_sd,INC_r1,INC_kr,INC_sk,IND_avg,IND_sd,IND_r1,IND_kr,IND_sk
309,0.3400000000,0.1200000000,-0.4245014245,2.7870370370,0.5833333333,0.1900000000,0.1300000000,-0.1361926260,3.8099856448,1.0050068275,0.4700000000,0.1187434209,-0.0233682514,1.4514863437,-0.1218432567,0.3600000000,0.0916515139,-0.1801242236,2.1020408163,0.0935219530
