Instance,INF_avg,INF_sd,INF_r1,INF_kr,INF_sk,SUP_avg,SUP_sd,SUP_r1,SUP_kr,SUP_sk,INC_avg,INC_sd,INC_r1,INC_kr,INC_sk,IND_avg,IND_sd,IND_r1,IND_kr,IND_sk
178,0.4166666667,0.2339278141,-0.2860847018,1.4126877786,0.0332727340,0.1666666667,0.1598610508,-0.2477876106,3.3629489603,1.2873498607,0.4166666667,0.1771690969,-0.5436447167,1.8520635915,0.1065595320,0.3833333333,0.1067187373,-0.4693877551,3.0178465199,1.1579713077
