Instance,INF_avg,INF_sd,INF_r1,INF_kr,INF_sk,SUP_avg,SUP_sd,SUP_r1,SUP_kr,SUP_sk,INC_avg,INC_sd,INC_r1,INC_kr,INC_sk,IND_avg,IND_sd,IND_r1,IND_kr,IND_sk
104,0.3205000000,0.0377789624,0.1059129956,3.5156867580,0.5349867788,0.2380000000,0.0452879675,0.0063042257,1.6760912195,0.0222208774,0.4415000000,0.0438206572,-0.4532362860,2.5885934383,0.3888213353,0.0360000000,0.0111355287,0.0243902439,3.0646462019,0.4540827596
