Instance,INF_avg,INF_sd,INF_r1,INF_kr,INF_sk,SUP_avg,SUP_sd,SUP_r1,SUP_kr,SUP_sk,INC_avg,INC_sd,INC_r1,INC_kr,INC_sk,IND_avg,IND_sd,IND_r1,IND_kr,IND_sk
184,0.2822000000,0.0627945858,0.1635230391,2.2228621197,0.0631822339,0.2390000000,0.0592199291,-0.1179203752,3.6151807347,0.1111398453,0.4788000000,0.0748235257,-0.0977742286,3.0452228577,-0.0080291809,0.0992000000,0.0293829883,-0.0143472781,3.1301345587,0.1636928477
