Instance,INF_avg,INF_sd,INF_r1,INF_kr,INF_sk,SUP_avg,SUP_sd,SUP_r1,SUP_kr,SUP_sk,INC_avg,INC_sd,INC_r1,INC_kr,INC_sk,IND_avg,IND_sd,IND_r1,IND_kr,IND_sk
443,0.4861832061,0.1287251526,0.8504470971,1.9115861674,-0.0075279116,0.1100763359,0.0751131074,0.8703109255,2.4705689914,0.6710446267,0.4037404580,0.0739334947,0.5046488563,2.3186981945,-0.1252539532,0.0632061069,0.0182127870,0.0684852883,3.1539634059,0.3079747101
