Instance,FV_avg_avg,FV_avg_sd,FV_sd_avg,FV_sd_sd,FV_r1_avg,FV_r1_sd,FV_kr_avg,FV_kr_sd,FV_sk_avg,FV_sk_sd,FD_avg_avg,FD_avg_sd,FD_sd_avg,FD_sd_sd,FD_r1_avg,FD_r1_sd,FD_kr_avg,FD_kr_sd,FD_sk_avg,FD_sk_sd,IN_avg_avg,IN_avg_sd,IN_sd_avg,IN_sd_sd,IN_r1_avg,IN_r1_sd,IN_kr_avg,IN_kr_sd,IN_sk_avg,IN_sk_sd
378,0.4997068868,0.3030008185,0.0003123463,0.0002388952,0.8993562602,0.0877361856,2.5299507144,1.0571427103,-0.0512300004,0.6561666026,0.0000006259,0.0000044312,0.0000217864,0.0000135010,0.0332851797,0.1439316738,2.7736587259,0.5384579439,0.0387829802,0.3702004035,0.5105000000,0.0198657998,0.1079056764,0.0136552192,0.0090448324,0.1346410502,2.8087380558,0.6476117955,-0.0081208960,0.3141078305
