Instance,INF_avg,INF_sd,INF_r1,INF_kr,INF_sk,SUP_avg,SUP_sd,SUP_r1,SUP_kr,SUP_sk,INC_avg,INC_sd,INC_r1,INC_kr,INC_sk,IND_avg,IND_sd,IND_r1,IND_kr,IND_sk
105,0.2430000000,0.0511957029,-0.6780805517,2.5682240164,0.5953320609,0.3140000000,0.0471593045,0.4639213504,2.2523808291,-0.1253977159,0.4430000000,0.0583180932,0.1339894972,2.9536686072,-0.5341135830,0.0670000000,0.0195192213,-0.1809942324,2.5366110732,-0.3824213485
