Instance,FV_avg_avg,FV_avg_sd,FV_sd_avg,FV_sd_sd,FV_r1_avg,FV_r1_sd,FV_kr_avg,FV_kr_sd,FV_sk_avg,FV_sk_sd,FD_avg_avg,FD_avg_sd,FD_sd_avg,FD_sd_sd,FD_r1_avg,FD_r1_sd,FD_kr_avg,FD_kr_sd,FD_sk_avg,FD_sk_sd,IN_avg_avg,IN_avg_sd,IN_sd_avg,IN_sd_sd,IN_r1_avg,IN_r1_sd,IN_kr_avg,IN_kr_sd,IN_sk_avg,IN_sk_sd
95,0.4987876857,0.3024454559,0.0009135463,0.0006358289,0.5509404802,0.2745860648,2.8041470557,0.7490625555,0.0467777010,0.7729337403,-0.0000380811,0.0001542307,0.0002525020,0.0001749434,-0.0624922865,0.3064118925,2.3073199095,0.6344280053,0.0843776395,0.3938015915,0.4800000000,0.0882609767,0.1470472880,0.0358761074,-0.0883547578,0.3080185979,2.5419649342,0.6467789181,-0.0892437558,0.5594099084
