Instance,INF_avg,INF_sd,INF_r1,INF_kr,INF_sk,SUP_avg,SUP_sd,SUP_r1,SUP_kr,SUP_sk,INC_avg,INC_sd,INC_r1,INC_kr,INC_sk,IND_avg,IND_sd,IND_r1,IND_kr,IND_sk
15,0.2760000000,0.0578273292,0.0308582449,1.8396327923,0.4229718109,0.2380000000,0.0695413546,-0.2829845314,5.1380957952,1.4541216326,0.4860000000,0.0732393337,-0.3240026944,1.9899320518,-0.0813733720,0.1240000000,0.0265329983,-0.2500000000,3.8440082645,-1.1409463380
