Instance,FV_avg_avg,FV_avg_sd,FV_sd_avg,FV_sd_sd,FV_r1_avg,FV_r1_sd,FV_kr_avg,FV_kr_sd,FV_sk_avg,FV_sk_sd,FD_avg_avg,FD_avg_sd,FD_sd_avg,FD_sd_sd,FD_r1_avg,FD_r1_sd,FD_kr_avg,FD_kr_sd,FD_sk_avg,FD_sk_sd,IN_avg_avg,IN_avg_sd,IN_sd_avg,IN_sd_sd,IN_r1_avg,IN_r1_sd,IN_kr_avg,IN_kr_sd,IN_sk_avg,IN_sk_sd
316,0.4959149820,0.3014778726,0.0027349165,0.0019939932,0.9353676834,0.0311042031,2.4689525804,0.8244025206,-0.0308968157,0.5147311295,0.0000101754,0.0000502664,0.0001367998,0.0000873590,0.1512455327,0.1354189706,2.8146233949,0.2992825801,-0.0127786766,0.2026272895,0.5042200000,0.0241335368,0.0774902140,0.0069448346,0.1280339329,0.1122967307,2.8012425723,0.3080494914,0.0061914881,0.1930322034
