Instance,FV_avg_avg,FV_avg_sd,FV_sd_avg,FV_sd_sd,FV_r1_avg,FV_r1_sd,FV_kr_avg,FV_kr_sd,FV_sk_avg,FV_sk_sd,FD_avg_avg,FD_avg_sd,FD_sd_avg,FD_sd_sd,FD_r1_avg,FD_r1_sd,FD_kr_avg,FD_kr_sd,FD_sk_avg,FD_sk_sd,IN_avg_avg,IN_avg_sd,IN_sd_avg,IN_sd_sd,IN_r1_avg,IN_r1_sd,IN_kr_avg,IN_kr_sd,IN_sk_avg,IN_sk_sd
411,0.4918293511,0.2998288554,0.0004415383,0.0002935901,0.5032788932,0.3126714597,2.2539574060,0.5855601266,0.1016896611,0.5380588614,-0.0000032720,0.0000410283,0.0000366636,0.0000248723,-0.0547758769,0.3504214675,2.6904307251,0.8345483888,0.0806137098,0.6719739557,0.4990500000,0.0335864184,0.0458430335,0.0109529119,-0.0985945057,0.2589381239,2.4628967825,0.8281617067,0.0743645797,0.5366451746
