Instance,INF_avg,INF_sd,INF_r1,INF_kr,INF_sk,SUP_avg,SUP_sd,SUP_r1,SUP_kr,SUP_sk,INC_avg,INC_sd,INC_r1,INC_kr,INC_sk,IND_avg,IND_sd,IND_r1,IND_kr,IND_sk
398,0.2360000000,0.0606630036,-0.1294139061,5.2793572779,-1.1765641143,0.2592000000,0.0698524158,0.0887189127,2.2969119718,0.2024174719,0.5048000000,0.0729449107,-0.5270867218,4.0259767153,-0.2570546696,0.1136000000,0.0281254333,-0.0747770409,1.9928127062,0.0615826542
