Instance,FV_avg_avg,FV_avg_sd,FV_sd_avg,FV_sd_sd,FV_r1_avg,FV_r1_sd,FV_kr_avg,FV_kr_sd,FV_sk_avg,FV_sk_sd,FD_avg_avg,FD_avg_sd,FD_sd_avg,FD_sd_sd,FD_r1_avg,FD_r1_sd,FD_kr_avg,FD_kr_sd,FD_sk_avg,FD_sk_sd,IN_avg_avg,IN_avg_sd,IN_sd_avg,IN_sd_sd,IN_r1_avg,IN_r1_sd,IN_kr_avg,IN_kr_sd,IN_sk_avg,IN_sk_sd
335,0.4976479111,0.3011627777,0.0005791584,0.0004086160,0.0254648075,0.4656856397,1.8732563846,0.4868780226,0.0297150138,0.5636716813,-0.0000115064,0.0000685418,0.0000684418,0.0000537975,-0.3037938794,0.4221510029,1.9681080675,0.4596489988,-0.0475790877,0.5450583364,0.4986000000,0.0297597043,0.0436645033,0.0150270141,-0.2616411344,0.3768513177,1.7365173738,0.4448024528,-0.1065102624,0.4523470662
