Instance,INF_avg,INF_sd,INF_r1,INF_kr,INF_sk,SUP_avg,SUP_sd,SUP_r1,SUP_kr,SUP_sk,INC_avg,INC_sd,INC_r1,INC_kr,INC_sk,IND_avg,IND_sd,IND_r1,IND_kr,IND_sk
149,0.3928571429,0.0989537101,0.7004796823,2.2302033413,0.1914210289,0.1095238095,0.0556756072,0.6727633770,4.4190149672,0.7836163054,0.4976190476,0.0691378720,0.3314091673,2.4437964527,-0.0720029854,0.0647619048,0.0203818424,0.2260880107,2.0467215537,0.4561487119
