Instance,FV_avg_avg,FV_avg_sd,FV_sd_avg,FV_sd_sd,FV_r1_avg,FV_r1_sd,FV_kr_avg,FV_kr_sd,FV_sk_avg,FV_sk_sd,FD_avg_avg,FD_avg_sd,FD_sd_avg,FD_sd_sd,FD_r1_avg,FD_r1_sd,FD_kr_avg,FD_kr_sd,FD_sk_avg,FD_sk_sd,IN_avg_avg,IN_avg_sd,IN_sd_avg,IN_sd_sd,IN_r1_avg,IN_r1_sd,IN_kr_avg,IN_kr_sd,IN_sk_avg,IN_sk_sd
137,0.4911456559,0.3004842934,0.0026692282,0.0019196722,0.9839962323,0.0187413055,1.8584836835,0.0992858781,0.0880406387,0.1181823913,-0.0000767454,0.0000469972,0.0000695053,0.0000449292,0.1535352171,0.1923748951,3.1943396549,1.2231775408,-0.2131223663,0.4845543773,0.3459609201,0.0345802916,0.1579065959,0.0169717957,0.0347829528,0.1870555633,2.9656834390,0.7047873427,0.1188618893,0.4609277232
