Instance,INF_avg,INF_sd,INF_r1,INF_kr,INF_sk,SUP_avg,SUP_sd,SUP_r1,SUP_kr,SUP_sk,INC_avg,INC_sd,INC_r1,INC_kr,INC_sk,IND_avg,IND_sd,IND_r1,IND_kr,IND_sk
117,0.2480000000,0.0499599840,-0.0927390367,2.3685897436,0.1185564216,0.3220000000,0.0622575297,-0.1788291901,2.0720956461,0.4439762872,0.4300000000,0.0682641927,-0.4451612903,2.4385234578,0.1282570622,0.1040000000,0.0215406592,0.0532544379,2.2318668252,-0.8836536782
