Instance,FV_avg_avg,FV_avg_sd,FV_sd_avg,FV_sd_sd,FV_r1_avg,FV_r1_sd,FV_kr_avg,FV_kr_sd,FV_sk_avg,FV_sk_sd,FD_avg_avg,FD_avg_sd,FD_sd_avg,FD_sd_sd,FD_r1_avg,FD_r1_sd,FD_kr_avg,FD_kr_sd,FD_sk_avg,FD_sk_sd,IN_avg_avg,IN_avg_sd,IN_sd_avg,IN_sd_sd,IN_r1_avg,IN_r1_sd,IN_kr_avg,IN_kr_sd,IN_sk_avg,IN_sk_sd
440,0.4969546524,0.3010530754,0.0003930787,0.0003746129,0.2444343995,0.3554355163,2.0547928774,0.5240435455,0.2631495895,0.6197556830,-0.0000024597,0.0000291905,0.0000227605,0.0000169703,-0.3281363255,0.3647193673,2.2638022165,0.5216185298,0.1590069523,0.7614179758,0.4928000000,0.0344072667,0.0289233220,0.0084994966,-0.2470309418,0.4068622750,2.0667588741,0.4943638694,-0.0246407426,0.6448244758
