Instance,INF_avg,INF_sd,INF_r1,INF_kr,INF_sk,SUP_avg,SUP_sd,SUP_r1,SUP_kr,SUP_sk,INC_avg,INC_sd,INC_r1,INC_kr,INC_sk,IND_avg,IND_sd,IND_r1,IND_kr,IND_sk
130,0.2450000000,0.0850000000,-0.2347486579,2.2022844554,-0.5764298799,0.2850000000,0.0923309266,-0.6846186988,2.5770074217,0.7298749383,0.4700000000,0.0842614977,-0.0623229462,2.8420948225,-0.1404079708,0.2200000000,0.0509901951,0.0995260664,1.9556213018,0.2715454179
