Instance,INF_avg,INF_sd,INF_r1,INF_kr,INF_sk,SUP_avg,SUP_sd,SUP_r1,SUP_kr,SUP_sk,INC_avg,INC_sd,INC_r1,INC_kr,INC_sk,IND_avg,IND_sd,IND_r1,IND_kr,IND_sk
305,0.2284000000,0.0547123386,-0.3266182465,4.1947443915,0.7462084721,0.2192000000,0.0619625693,0.0272201327,3.6866384160,0.7355084876,0.5524000000,0.0647320632,-0.1528034650,4.2667971018,-0.7934717098,0.1152000000,0.0388967865,0.1462371847,3.4163059256,0.2415869063
