Instance,INF_avg,INF_sd,INF_r1,INF_kr,INF_sk,SUP_avg,SUP_sd,SUP_r1,SUP_kr,SUP_sk,INC_avg,INC_sd,INC_r1,INC_kr,INC_sk,IND_avg,IND_sd,IND_r1,IND_kr,IND_sk
391,0.2320000000,0.0430813185,0.1267942584,1.9531807372,-0.6171168351,0.1840000000,0.0344093011,0.1264204545,2.8710737765,0.8671445485,0.5840000000,0.0496386946,0.1960580913,3.4998313375,-0.0722101098,0.1360000000,0.0320000000,0.1426282051,2.3344726562,0.7675781250
