Instance,FV_avg_avg,FV_avg_sd,FV_sd_avg,FV_sd_sd,FV_r1_avg,FV_r1_sd,FV_kr_avg,FV_kr_sd,FV_sk_avg,FV_sk_sd,FD_avg_avg,FD_avg_sd,FD_sd_avg,FD_sd_sd,FD_r1_avg,FD_r1_sd,FD_kr_avg,FD_kr_sd,FD_sk_avg,FD_sk_sd,IN_avg_avg,IN_avg_sd,IN_sd_avg,IN_sd_sd,IN_r1_avg,IN_r1_sd,IN_kr_avg,IN_kr_sd,IN_sk_avg,IN_sk_sd
275,0.4985370640,0.3030540536,0.0002974204,0.0001872029,0.9330169804,0.0484609024,2.3676668683,0.5825241463,0.0459928072,0.4552195619,0.0000006624,0.0000029318,0.0000206081,0.0000127245,-0.0008645383,0.1200956870,3.0871834288,0.7305755226,-0.0080182392,0.2764844159,0.4980250000,0.0157285370,0.1106343589,0.0080623273,-0.0040023820,0.0986619347,2.8655150648,0.4228575474,0.0882972376,0.1933241829
