Instance,FV_avg_avg,FV_avg_sd,FV_sd_avg,FV_sd_sd,FV_r1_avg,FV_r1_sd,FV_kr_avg,FV_kr_sd,FV_sk_avg,FV_sk_sd,FD_avg_avg,FD_avg_sd,FD_sd_avg,FD_sd_sd,FD_r1_avg,FD_r1_sd,FD_kr_avg,FD_kr_sd,FD_sk_avg,FD_sk_sd,IN_avg_avg,IN_avg_sd,IN_sd_avg,IN_sd_sd,IN_r1_avg,IN_r1_sd,IN_kr_avg,IN_kr_sd,IN_sk_avg,IN_sk_sd
79,0.4905811462,0.2989052491,0.0023653819,0.0016505713,0.7785512009,0.1226142308,2.7470039523,0.7697146522,-0.0615574020,0.6221740422,-0.0000065552,0.0002149831,0.0003449945,0.0002175447,0.0220842085,0.2442646271,2.7848962782,0.6792417966,0.0167363699,0.3605024995,0.5073000000,0.0393815947,0.1071342611,0.0115347347,0.0247268273,0.2513875608,2.4965821640,0.4336872941,0.0045215775,0.4093437831
