Instance,FV_avg_avg,FV_avg_sd,FV_sd_avg,FV_sd_sd,FV_r1_avg,FV_r1_sd,FV_kr_avg,FV_kr_sd,FV_sk_avg,FV_sk_sd,FD_avg_avg,FD_avg_sd,FD_sd_avg,FD_sd_sd,FD_r1_avg,FD_r1_sd,FD_kr_avg,FD_kr_sd,FD_sk_avg,FD_sk_sd,IN_avg_avg,IN_avg_sd,IN_sd_avg,IN_sd_sd,IN_r1_avg,IN_r1_sd,IN_kr_avg,IN_kr_sd,IN_sk_avg,IN_sk_sd
136,0.4962710248,0.3021973638,0.0007764093,0.0005292728,0.7350061857,0.1883837243,2.3530585476,0.5090713514,0.0876945601,0.4918633960,0.0000020495,0.0000619172,0.0000405065,0.0000258485,0.2237826609,0.3177469915,3.0741695811,0.8016940639,0.0045568953,0.5091085647,0.4995200000,0.0473282748,0.0394420914,0.0068429108,0.1745399079,0.3078113346,2.7951212419,0.6667113229,0.0565764367,0.4993597301
