Instance,FV_avg_avg,FV_avg_sd,FV_sd_avg,FV_sd_sd,FV_r1_avg,FV_r1_sd,FV_kr_avg,FV_kr_sd,FV_sk_avg,FV_sk_sd,FD_avg_avg,FD_avg_sd,FD_sd_avg,FD_sd_sd,FD_r1_avg,FD_r1_sd,FD_kr_avg,FD_kr_sd,FD_sk_avg,FD_sk_sd,IN_avg_avg,IN_avg_sd,IN_sd_avg,IN_sd_sd,IN_r1_avg,IN_r1_sd,IN_kr_avg,IN_kr_sd,IN_sk_avg,IN_sk_sd
199,0.4979539522,0.3032173546,0.0002753730,0.0002103399,0.5853543659,0.2635765998,2.0639669768,0.6448447471,-0.0340234602,0.5397569416,0.0000094947,0.0000275966,0.0000660933,0.0000458763,-0.2797999318,0.2372541672,2.5678783262,0.8366140904,0.1917695192,0.5696028679,0.5170000000,0.0472334627,0.1445784609,0.0278759512,-0.1862666339,0.2363141017,2.5838246482,0.8284026266,0.1042932259,0.5983771979
