Instance,INF_avg,INF_sd,INF_r1,INF_kr,INF_sk,SUP_avg,SUP_sd,SUP_r1,SUP_kr,SUP_sk,INC_avg,INC_sd,INC_r1,INC_kr,INC_sk,IND_avg,IND_sd,IND_r1,IND_kr,IND_sk
450,0.2432000000,0.0271985294,-0.3458336811,1.6769667443,0.0146883876,0.2380000000,0.0235372046,-0.0757450642,2.6824082159,0.0837448273,0.5188000000,0.0307987013,-0.2642573185,3.7065187020,0.9559165559,0.0364000000,0.0113595775,0.1129895675,2.7637467046,0.4913824574
