Instance,FV_avg_avg,FV_avg_sd,FV_sd_avg,FV_sd_sd,FV_r1_avg,FV_r1_sd,FV_kr_avg,FV_kr_sd,FV_sk_avg,FV_sk_sd,FD_avg_avg,FD_avg_sd,FD_sd_avg,FD_sd_sd,FD_r1_avg,FD_r1_sd,FD_kr_avg,FD_kr_sd,FD_sk_avg,FD_sk_sd,IN_avg_avg,IN_avg_sd,IN_sd_avg,IN_sd_sd,IN_r1_avg,IN_r1_sd,IN_kr_avg,IN_kr_sd,IN_sk_avg,IN_sk_sd
109,0.4986310257,0.3032122599,0.0000742002,0.0000667171,0.0593772980,0.4380932337,2.0195237750,0.5781542668,-0.1974199513,0.6457796944,0.0000002451,0.0000139484,0.0000254441,0.0000177763,-0.3289096026,0.3841282930,1.8315021286,0.4631922849,-0.1172594564,0.5208505257,0.4910000000,0.0780960947,0.1392707768,0.0335208997,-0.4361707342,0.2937651940,2.1314861194,0.5805811869,-0.1188969366,0.7125960889
