Instance,INF_avg,INF_sd,INF_r1,INF_kr,INF_sk,SUP_avg,SUP_sd,SUP_r1,SUP_kr,SUP_sk,INC_avg,INC_sd,INC_r1,INC_kr,INC_sk,IND_avg,IND_sd,IND_r1,IND_kr,IND_sk
88,0.2200000000,0.1166190379,-0.1194029851,1.6280276817,0.3631734744,0.2000000000,0.0632455532,-0.5000000000,2.5000000000,-0.0000000000,0.5800000000,0.1166190379,-0.6791044776,1.6280276817,-0.3631734744,0.3600000000,0.0800000000,-0.7741935484,2.0781250000,0.8437500000
