Instance,INF_avg,INF_sd,INF_r1,INF_kr,INF_sk,SUP_avg,SUP_sd,SUP_r1,SUP_kr,SUP_sk,INC_avg,INC_sd,INC_r1,INC_kr,INC_sk,IND_avg,IND_sd,IND_r1,IND_kr,IND_sk
501,0.7621052632,0.1651659117,0.7710435764,3.8115454073,-1.2962529339,0.0863157895,0.0719802989,0.4273623965,4.8229025269,1.4499224968,0.1515789474,0.1056938557,0.7943234880,2.8828950159,0.9727072079,0.0684210526,0.0245513764,0.0657058075,2.0404546929,0.3532429497
