Instance,INF_avg,INF_sd,INF_r1,INF_kr,INF_sk,SUP_avg,SUP_sd,SUP_r1,SUP_kr,SUP_sk,INC_avg,INC_sd,INC_r1,INC_kr,INC_sk,IND_avg,IND_sd,IND_r1,IND_kr,IND_sk
30,0.1950000000,0.0471699057,-0.9281663516,2.3654841560,-0.5145158249,0.3150000000,0.1001249220,0.1215448694,2.6971038737,-0.1912822435,0.4900000000,0.0969535971,-0.1175785797,2.0871435038,0.4476807111,0.2200000000,0.0556776436,-0.2091503268,3.6597294485,1.3383491861
