Instance,INF_avg,INF_sd,INF_r1,INF_kr,INF_sk,SUP_avg,SUP_sd,SUP_r1,SUP_kr,SUP_sk,INC_avg,INC_sd,INC_r1,INC_kr,INC_sk,IND_avg,IND_sd,IND_r1,IND_kr,IND_sk
291,0.2460000000,0.0915641851,-0.1075552814,2.0509694948,0.0790335349,0.2460000000,0.1085541340,-0.0699834343,3.9094170286,0.8063402566,0.5080000000,0.0976524449,-0.1198634189,3.9829871121,0.7094225412,0.2200000000,0.0565685425,0.2301829268,2.8085937500,0.1657281518
