Instance,FV_avg_avg,FV_avg_sd,FV_sd_avg,FV_sd_sd,FV_r1_avg,FV_r1_sd,FV_kr_avg,FV_kr_sd,FV_sk_avg,FV_sk_sd,FD_avg_avg,FD_avg_sd,FD_sd_avg,FD_sd_sd,FD_r1_avg,FD_r1_sd,FD_kr_avg,FD_kr_sd,FD_sk_avg,FD_sk_sd,IN_avg_avg,IN_avg_sd,IN_sd_avg,IN_sd_sd,IN_r1_avg,IN_r1_sd,IN_kr_avg,IN_kr_sd,IN_sk_avg,IN_sk_sd
454,0.4839157821,0.2943761256,0.0085734937,0.0053348886,0.9970886781,0.0009136581,1.8614569121,0.0357007683,0.2021106143,0.0636902762,-0.0000541045,0.0000328904,0.0000307085,0.0000186649,0.4235686550,0.0995228889,2.9380770665,0.3331907763,0.1755377607,0.1689819310,0.3094553347,0.0198549174,0.1286822497,0.0080710362,0.3351916370,0.1015822508,2.9498790168,0.3058703520,0.3209202437,0.1629692255
