Instance,FV_avg_avg,FV_avg_sd,FV_sd_avg,FV_sd_sd,FV_r1_avg,FV_r1_sd,FV_kr_avg,FV_kr_sd,FV_sk_avg,FV_sk_sd,FD_avg_avg,FD_avg_sd,FD_sd_avg,FD_sd_sd,FD_r1_avg,FD_r1_sd,FD_kr_avg,FD_kr_sd,FD_sk_avg,FD_sk_sd,IN_avg_avg,IN_avg_sd,IN_sd_avg,IN_sd_sd,IN_r1_avg,IN_r1_sd,IN_kr_avg,IN_kr_sd,IN_sk_avg,IN_sk_sd
405,0.4423742979,0.2687626329,0.0229636808,0.0137981582,0.9716881805,0.0116015059,2.4072180266,0.2046175648,0.7834344037,0.1292977871,-0.0008600661,0.0005189171,0.0003361601,0.0002059592,0.9362162451,0.0319213954,2.9248083258,0.4776079547,0.9593535937,0.1646804793,0.1367129046,0.0198740549,0.1361653435,0.0163952051,0.9311772687,0.0242669079,3.2641033926,0.6208799172,1.1323321620,0.1919227918
