Instance,FV_avg_avg,FV_avg_sd,FV_sd_avg,FV_sd_sd,FV_r1_avg,FV_r1_sd,FV_kr_avg,FV_kr_sd,FV_sk_avg,FV_sk_sd,FD_avg_avg,FD_avg_sd,FD_sd_avg,FD_sd_sd,FD_r1_avg,FD_r1_sd,FD_kr_avg,FD_kr_sd,FD_sk_avg,FD_sk_sd,IN_avg_avg,IN_avg_sd,IN_sd_avg,IN_sd_sd,IN_r1_avg,IN_r1_sd,IN_kr_avg,IN_kr_sd,IN_sk_avg,IN_sk_sd
420,0.4971549438,0.3023511675,0.0003787026,0.0003302250,0.8574569431,0.0997405334,2.3515427981,0.4534057780,-0.0262464342,0.3979138176,0.0000011237,0.0000099913,0.0000326894,0.0000181160,-0.0241169451,0.1222809409,2.6760923292,0.4306032741,-0.0444331512,0.2773949626,0.4992500000,0.0245007653,0.1074893682,0.0121526017,-0.0100613964,0.1403055236,2.8304009593,0.5370338363,-0.1160230242,0.2820470460
