Instance,FV_avg_avg,FV_avg_sd,FV_sd_avg,FV_sd_sd,FV_r1_avg,FV_r1_sd,FV_kr_avg,FV_kr_sd,FV_sk_avg,FV_sk_sd,FD_avg_avg,FD_avg_sd,FD_sd_avg,FD_sd_sd,FD_r1_avg,FD_r1_sd,FD_kr_avg,FD_kr_sd,FD_sk_avg,FD_sk_sd,IN_avg_avg,IN_avg_sd,IN_sd_avg,IN_sd_sd,IN_r1_avg,IN_r1_sd,IN_kr_avg,IN_kr_sd,IN_sk_avg,IN_sk_sd
480,0.5004550475,0.3047114854,0.0003671790,0.0002287248,0.8916495706,0.0634482068,2.3359186056,0.5166156671,0.2059522195,0.4984557846,0.0000013837,0.0000128166,0.0000155666,0.0000091957,0.1058542058,0.1935439929,3.2385888621,0.8342491756,-0.0607630381,0.3714702843,0.5012500000,0.0271563528,0.0489824862,0.0057433481,0.0808255386,0.1110222567,2.8049837281,0.6209737134,0.0272430559,0.2886669313
