Instance,FV_avg_avg,FV_avg_sd,FV_sd_avg,FV_sd_sd,FV_r1_avg,FV_r1_sd,FV_kr_avg,FV_kr_sd,FV_sk_avg,FV_sk_sd,FD_avg_avg,FD_avg_sd,FD_sd_avg,FD_sd_sd,FD_r1_avg,FD_r1_sd,FD_kr_avg,FD_kr_sd,FD_sk_avg,FD_sk_sd,IN_avg_avg,IN_avg_sd,IN_sd_avg,IN_sd_sd,IN_r1_avg,IN_r1_sd,IN_kr_avg,IN_kr_sd,IN_sk_avg,IN_sk_sd
471,0.4639065752,0.2823536100,0.0167434677,0.0099800957,0.9929668510,0.0021844502,2.0842888425,0.0986051443,0.5652021304,0.0876946669,-0.0001551444,0.0000919873,0.0000724369,0.0000428056,0.9466615514,0.0080966478,2.2011297783,0.1189744735,0.5552594192,0.1012530747,0.1923509801,0.0192607847,0.1422106111,0.0063462714,0.9262821799,0.0140315232,2.4535672811,0.2397150165,0.7265676263,0.1380325608
