Instance,FV_avg_avg,FV_avg_sd,FV_sd_avg,FV_sd_sd,FV_r1_avg,FV_r1_sd,FV_kr_avg,FV_kr_sd,FV_sk_avg,FV_sk_sd,FD_avg_avg,FD_avg_sd,FD_sd_avg,FD_sd_sd,FD_r1_avg,FD_r1_sd,FD_kr_avg,FD_kr_sd,FD_sk_avg,FD_sk_sd,IN_avg_avg,IN_avg_sd,IN_sd_avg,IN_sd_sd,IN_r1_avg,IN_r1_sd,IN_kr_avg,IN_kr_sd,IN_sk_avg,IN_sk_sd
336,0.4955348123,0.3012943194,0.0028263399,0.0017017515,0.9396071536,0.0355862214,2.3217733908,0.4743931096,-0.0253744317,0.3698727783,-0.0000302750,0.0000873192,0.0001405239,0.0000866119,0.1605320026,0.1499675127,3.1393648029,0.6190891098,0.0527950935,0.2220618067,0.4848600000,0.0355914653,0.0755157873,0.0052339157,0.1131814662,0.1263186158,2.9674883045,0.4037935510,-0.0041821394,0.1746745295
