Instance,INF_avg,INF_sd,INF_r1,INF_kr,INF_sk,SUP_avg,SUP_sd,SUP_r1,SUP_kr,SUP_sk,INC_avg,INC_sd,INC_r1,INC_kr,INC_sk,IND_avg,IND_sd,IND_r1,IND_kr,IND_sk
277,0.1600000000,0.1496662955,-0.3768115942,1.8469387755,0.3436215967,0.2000000000,0.0894427191,-0.0000000000,1.2500000000,0.0000000000,0.6400000000,0.1743559577,-0.8194070081,1.7957063712,0.0543353054,0.3400000000,0.1200000000,-0.1637931034,1.3981481481,-0.1111111111
