Instance,INF_avg,INF_sd,INF_r1,INF_kr,INF_sk,SUP_avg,SUP_sd,SUP_r1,SUP_kr,SUP_sk,INC_avg,INC_sd,INC_r1,INC_kr,INC_sk,IND_avg,IND_sd,IND_r1,IND_kr,IND_sk
55,0.3898684211,0.0878319781,0.7827377531,2.2416392887,-0.0195271587,0.1157894737,0.0697790339,0.7852144943,3.0945742548,0.8258497503,0.4943421053,0.0482546842,0.2155432119,2.7780151685,0.0166928930,0.0733552632,0.0214581624,0.1792575466,2.7653013320,0.1283538513
