Instance,FV_avg_avg,FV_avg_sd,FV_sd_avg,FV_sd_sd,FV_r1_avg,FV_r1_sd,FV_kr_avg,FV_kr_sd,FV_sk_avg,FV_sk_sd,FD_avg_avg,FD_avg_sd,FD_sd_avg,FD_sd_sd,FD_r1_avg,FD_r1_sd,FD_kr_avg,FD_kr_sd,FD_sk_avg,FD_sk_sd,IN_avg_avg,IN_avg_sd,IN_sd_avg,IN_sd_sd,IN_r1_avg,IN_r1_sd,IN_kr_avg,IN_kr_sd,IN_sk_avg,IN_sk_sd
51,0.4944684966,0.3004226356,0.0005220286,0.0004219822,0.9392043846,0.0401774047,2.3906925149,0.5721139395,0.1285347010,0.3762949542,-0.0000002638,0.0000081069,0.0000357789,0.0000230125,0.0278822723,0.0816394541,2.8777490194,0.5652357950,-0.0147643321,0.2784753551,0.4978750000,0.0183785711,0.1104704810,0.0094992277,0.0053396743,0.0748799477,2.7689163220,0.3585312701,-0.0065023584,0.2026097768
