Instance,FV_avg_avg,FV_avg_sd,FV_sd_avg,FV_sd_sd,FV_r1_avg,FV_r1_sd,FV_kr_avg,FV_kr_sd,FV_sk_avg,FV_sk_sd,FD_avg_avg,FD_avg_sd,FD_sd_avg,FD_sd_sd,FD_r1_avg,FD_r1_sd,FD_kr_avg,FD_kr_sd,FD_sk_avg,FD_sk_sd,IN_avg_avg,IN_avg_sd,IN_sd_avg,IN_sd_sd,IN_r1_avg,IN_r1_sd,IN_kr_avg,IN_kr_sd,IN_sk_avg,IN_sk_sd
335,0.4947386767,0.3007185082,0.0018813713,0.0011487572,0.9085856888,0.0689381839,2.7083959044,0.6457420951,0.0660598589,0.5739846175,0.0000015738,0.0000472110,0.0000597345,0.0000357665,0.2436202638,0.1882632434,2.8649231626,0.4658738952,-0.0178249363,0.2835738305,0.4992800000,0.0211528450,0.0416307563,0.0071602289,0.1918588691,0.1502720309,2.8426341763,0.3491066745,0.0178954420,0.2331280623
