Instance,INF_avg,INF_sd,INF_r1,INF_kr,INF_sk,SUP_avg,SUP_sd,SUP_r1,SUP_kr,SUP_sk,INC_avg,INC_sd,INC_r1,INC_kr,INC_sk,IND_avg,IND_sd,IND_r1,IND_kr,IND_sk
30,0.2520000000,0.0905317624,0.0812002119,2.9835280146,-0.0191159461,0.2880000000,0.1017644339,-0.1135728064,2.7109430351,0.1276663002,0.4600000000,0.0979795897,-0.0684298908,3.1471354167,0.5166892426,0.2240000000,0.0687313611,0.0930465487,2.3835388285,0.1572222106
