Instance,INF_avg,INF_sd,INF_r1,INF_kr,INF_sk,SUP_avg,SUP_sd,SUP_r1,SUP_kr,SUP_sk,INC_avg,INC_sd,INC_r1,INC_kr,INC_sk,IND_avg,IND_sd,IND_r1,IND_kr,IND_sk
83,0.2522727273,0.1229165208,-0.0991566133,3.6566493973,1.0306614108,0.2454545455,0.0877873087,0.4655954631,3.9384384276,-0.7683416528,0.5022727273,0.1238375702,-0.0396370500,2.7845805557,-0.5905927657,0.2295454545,0.0633516357,0.0522531457,2.2021287697,-0.1374046400
