Instance,FV_avg_avg,FV_avg_sd,FV_sd_avg,FV_sd_sd,FV_r1_avg,FV_r1_sd,FV_kr_avg,FV_kr_sd,FV_sk_avg,FV_sk_sd,FD_avg_avg,FD_avg_sd,FD_sd_avg,FD_sd_sd,FD_r1_avg,FD_r1_sd,FD_kr_avg,FD_kr_sd,FD_sk_avg,FD_sk_sd,IN_avg_avg,IN_avg_sd,IN_sd_avg,IN_sd_sd,IN_r1_avg,IN_r1_sd,IN_kr_avg,IN_kr_sd,IN_sk_avg,IN_sk_sd
449,0.4876872066,0.2957778042,0.0056764409,0.0040656041,0.9929659417,0.0036053506,1.8365155683,0.0675109959,0.1586280409,0.0768845294,-0.0000622393,0.0000399939,0.0000743759,0.0000450214,0.1577215870,0.1478514960,2.9951870759,0.5392410271,-0.0392447329,0.2464871263,0.3893113595,0.0360909285,0.1673225053,0.0166880819,0.0997720475,0.1617971106,2.7533934255,0.3406786989,0.1145044195,0.2168732848
