Instance,INF_avg,INF_sd,INF_r1,INF_kr,INF_sk,SUP_avg,SUP_sd,SUP_r1,SUP_kr,SUP_sk,INC_avg,INC_sd,INC_r1,INC_kr,INC_sk,IND_avg,IND_sd,IND_r1,IND_kr,IND_sk
70,0.2626000000,0.0422047391,0.1055697015,3.0206606295,0.0139504798,0.2394000000,0.0424457301,-0.0435046049,2.8012967718,0.1593155656,0.4980000000,0.0472228758,0.1288632980,2.1115099841,-0.1300198306,0.0708000000,0.0208652822,0.0027416794,3.8946476565,0.6929421937
