Instance,FV_avg_avg,FV_avg_sd,FV_sd_avg,FV_sd_sd,FV_r1_avg,FV_r1_sd,FV_kr_avg,FV_kr_sd,FV_sk_avg,FV_sk_sd,FD_avg_avg,FD_avg_sd,FD_sd_avg,FD_sd_sd,FD_r1_avg,FD_r1_sd,FD_kr_avg,FD_kr_sd,FD_sk_avg,FD_sk_sd,IN_avg_avg,IN_avg_sd,IN_sd_avg,IN_sd_sd,IN_r1_avg,IN_r1_sd,IN_kr_avg,IN_kr_sd,IN_sk_avg,IN_sk_sd
387,0.4944727380,0.3008819265,0.0003685130,0.0002727980,0.2558506928,0.4155959148,1.9524066922,0.4400296475,0.0576504254,0.5472894050,-0.0000132323,0.0000552566,0.0000630731,0.0000401297,-0.3555024337,0.4417939023,2.0172684489,0.4251257120,-0.0533039581,0.5450499154,0.5030000000,0.0639609256,0.0895933442,0.0268892668,-0.2657586491,0.3819258167,2.0456018550,0.5392180989,0.1672639351,0.6462660377
