Instance,FV_avg_avg,FV_avg_sd,FV_sd_avg,FV_sd_sd,FV_r1_avg,FV_r1_sd,FV_kr_avg,FV_kr_sd,FV_sk_avg,FV_sk_sd,FD_avg_avg,FD_avg_sd,FD_sd_avg,FD_sd_sd,FD_r1_avg,FD_r1_sd,FD_kr_avg,FD_kr_sd,FD_sk_avg,FD_sk_sd,IN_avg_avg,IN_avg_sd,IN_sd_avg,IN_sd_sd,IN_r1_avg,IN_r1_sd,IN_kr_avg,IN_kr_sd,IN_sk_avg,IN_sk_sd
45,0.4794022733,0.2905591899,0.0096238702,0.0073141971,0.9638554436,0.0290593283,1.8759177315,0.2101721137,0.2212400165,0.1904503715,-0.0002653044,0.0001786735,0.0003043953,0.0001795471,0.2374628622,0.2235533950,2.8197567715,0.7291833124,0.0175487052,0.3657645052,0.3613262735,0.0335048387,0.1744789345,0.0179242649,0.1486802814,0.2232345060,2.5812913284,0.4150084998,0.0519622884,0.3412452344
