Instance,INF_avg,INF_sd,INF_r1,INF_kr,INF_sk,SUP_avg,SUP_sd,SUP_r1,SUP_kr,SUP_sk,INC_avg,INC_sd,INC_r1,INC_kr,INC_sk,IND_avg,IND_sd,IND_r1,IND_kr,IND_sk
123,0.2472000000,0.0447678456,-0.2972974709,2.6506847045,0.7491691208,0.2276000000,0.0355842662,-0.2650772948,3.8023591555,0.4742919588,0.5252000000,0.0434621675,-0.1076277908,3.4399175943,-0.4390880911,0.0636000000,0.0185213390,0.1891215162,1.9072863876,0.1083663307
