Instance,FV_avg_avg,FV_avg_sd,FV_sd_avg,FV_sd_sd,FV_r1_avg,FV_r1_sd,FV_kr_avg,FV_kr_sd,FV_sk_avg,FV_sk_sd,FD_avg_avg,FD_avg_sd,FD_sd_avg,FD_sd_sd,FD_r1_avg,FD_r1_sd,FD_kr_avg,FD_kr_sd,FD_sk_avg,FD_sk_sd,IN_avg_avg,IN_avg_sd,IN_sd_avg,IN_sd_sd,IN_r1_avg,IN_r1_sd,IN_kr_avg,IN_kr_sd,IN_sk_avg,IN_sk_sd
480,0.4993406644,0.3033722358,0.0001139816,0.0000940356,0.0848026331,0.4150671698,1.9326951373,0.5024072297,0.0374762167,0.5295242038,-0.0000005234,0.0000142340,0.0000127871,0.0000089030,-0.4326345144,0.3537624195,1.9471416914,0.5000369213,-0.0198835436,0.5790909163,0.5055000000,0.0317922947,0.0421683410,0.0127212822,-0.5010452102,0.4020055632,1.8911914542,0.4893896158,0.0707387754,0.5218044589
