Instance,FV_avg_avg,FV_avg_sd,FV_sd_avg,FV_sd_sd,FV_r1_avg,FV_r1_sd,FV_kr_avg,FV_kr_sd,FV_sk_avg,FV_sk_sd,FD_avg_avg,FD_avg_sd,FD_sd_avg,FD_sd_sd,FD_r1_avg,FD_r1_sd,FD_kr_avg,FD_kr_sd,FD_sk_avg,FD_sk_sd,IN_avg_avg,IN_avg_sd,IN_sd_avg,IN_sd_sd,IN_r1_avg,IN_r1_sd,IN_kr_avg,IN_kr_sd,IN_sk_avg,IN_sk_sd
317,0.4957848400,0.3022543719,0.0001109689,0.0000840366,0.5167123933,0.2942141407,1.9743420474,0.3667401039,0.1793144565,0.3888195185,-0.0000007870,0.0000052380,0.0000060267,0.0000038967,-0.0280885654,0.3061820772,2.4603399127,0.6580876548,0.1718154734,0.5475216613,0.4936000000,0.0195777935,0.0336846380,0.0054859059,0.0738939259,0.3161406828,2.5113132623,0.6198246725,0.1112112952,0.5194248853
