Instance,INF_avg,INF_sd,INF_r1,INF_kr,INF_sk,SUP_avg,SUP_sd,SUP_r1,SUP_kr,SUP_sk,INC_avg,INC_sd,INC_r1,INC_kr,INC_sk,IND_avg,IND_sd,IND_r1,IND_kr,IND_sk
66,0.3590123457,0.0763294506,0.2648909732,3.4070429039,-0.2685519949,0.1219753086,0.0614720604,0.5300767967,2.3959913700,0.3967739794,0.5190123457,0.0725480673,-0.0834855608,3.2687025285,0.3843429193,0.1244444444,0.0309519739,0.0955488391,3.4408013604,0.2457341326
