Instance,FV_avg_avg,FV_avg_sd,FV_sd_avg,FV_sd_sd,FV_r1_avg,FV_r1_sd,FV_kr_avg,FV_kr_sd,FV_sk_avg,FV_sk_sd,FD_avg_avg,FD_avg_sd,FD_sd_avg,FD_sd_sd,FD_r1_avg,FD_r1_sd,FD_kr_avg,FD_kr_sd,FD_sk_avg,FD_sk_sd,IN_avg_avg,IN_avg_sd,IN_sd_avg,IN_sd_sd,IN_r1_avg,IN_r1_sd,IN_kr_avg,IN_kr_sd,IN_sk_avg,IN_sk_sd
180,0.4986225413,0.3034020007,0.0003519496,0.0002743670,0.1027687169,0.3832322971,1.9435551025,0.4820846663,-0.2137588465,0.5984428044,0.0000014222,0.0000584987,0.0000541957,0.0000409618,-0.2028360919,0.2900932579,1.9541944080,0.5641005129,0.3026272227,0.5650098864,0.5056000000,0.0446210713,0.0665142527,0.0241961605,-0.3138418733,0.3237156675,1.8997419116,0.4865056093,0.1869657587,0.5433710386
