Instance,INF_avg,INF_sd,INF_r1,INF_kr,INF_sk,SUP_avg,SUP_sd,SUP_r1,SUP_kr,SUP_sk,INC_avg,INC_sd,INC_r1,INC_kr,INC_sk,IND_avg,IND_sd,IND_r1,IND_kr,IND_sk
407,0.3256500000,0.0617197497,0.6899417893,3.1591522978,-0.1508638580,0.2769000000,0.0446641915,0.4353493468,3.1096590362,-0.0163044845,0.3974500000,0.0526236401,0.5040495076,2.3756234033,-0.1841269120,0.0275000000,0.0085293611,0.2138528139,2.7199135579,0.2961268939
