Instance,FV_avg_avg,FV_avg_sd,FV_sd_avg,FV_sd_sd,FV_r1_avg,FV_r1_sd,FV_kr_avg,FV_kr_sd,FV_sk_avg,FV_sk_sd,FD_avg_avg,FD_avg_sd,FD_sd_avg,FD_sd_sd,FD_r1_avg,FD_r1_sd,FD_kr_avg,FD_kr_sd,FD_sk_avg,FD_sk_sd,IN_avg_avg,IN_avg_sd,IN_sd_avg,IN_sd_sd,IN_r1_avg,IN_r1_sd,IN_kr_avg,IN_kr_sd,IN_sk_avg,IN_sk_sd
187,0.5019741849,0.3054948247,0.0000826817,0.0000574773,-0.0432178159,0.3544999664,2.2449487061,0.5455637436,-0.0427249652,0.7910610412,-0.0000014251,0.0000073522,0.0000102866,0.0000074680,-0.3055931533,0.4542991335,2.0896562332,0.3897741150,-0.1542998809,0.5821509961,0.4933000000,0.0182786761,0.0444402495,0.0143200637,-0.0712692947,0.4828488737,1.9691466357,0.5668647612,-0.0097574422,0.6466235735
