Instance,INF_avg,INF_sd,INF_r1,INF_kr,INF_sk,SUP_avg,SUP_sd,SUP_r1,SUP_kr,SUP_sk,INC_avg,INC_sd,INC_r1,INC_kr,INC_sk,IND_avg,IND_sd,IND_r1,IND_kr,IND_sk
215,0.2636000000,0.0673723979,0.0924014392,2.3172485635,-0.2185316378,0.2284000000,0.0622369665,-0.0377195542,3.1321815877,0.5662917560,0.5080000000,0.0699714227,-0.1658185183,2.4812251698,0.1216182777,0.1072000000,0.0298690475,0.1350669747,2.7224135411,0.0553924382
