Instance,FV_avg_avg,FV_avg_sd,FV_sd_avg,FV_sd_sd,FV_r1_avg,FV_r1_sd,FV_kr_avg,FV_kr_sd,FV_sk_avg,FV_sk_sd,FD_avg_avg,FD_avg_sd,FD_sd_avg,FD_sd_sd,FD_r1_avg,FD_r1_sd,FD_kr_avg,FD_kr_sd,FD_sk_avg,FD_sk_sd,IN_avg_avg,IN_avg_sd,IN_sd_avg,IN_sd_sd,IN_r1_avg,IN_r1_sd,IN_kr_avg,IN_kr_sd,IN_sk_avg,IN_sk_sd
234,0.5000878518,0.3040218384,0.0004864434,0.0003454811,0.8781530512,0.0931062508,2.3899555989,0.4500990747,0.2092508658,0.4065918730,0.0000036730,0.0000150744,0.0000633349,0.0000393219,-0.0252292110,0.1236707967,2.9612473105,0.6518761904,-0.0019715242,0.2589273167,0.5123000000,0.0242757080,0.1609661419,0.0154693617,-0.0459600083,0.1437832948,2.7989290398,0.5946199947,-0.0472365502,0.2366113368
