Instance,INF_avg,INF_sd,INF_r1,INF_kr,INF_sk,SUP_avg,SUP_sd,SUP_r1,SUP_kr,SUP_sk,INC_avg,INC_sd,INC_r1,INC_kr,INC_sk,IND_avg,IND_sd,IND_r1,IND_kr,IND_sk
351,0.2460000000,0.0382622529,-0.4193645084,2.7656991848,1.0359908583,0.2630000000,0.0334813381,-0.3123811249,1.8848477807,0.2660088915,0.4910000000,0.0422965720,0.0070372522,2.3777806801,-0.2044177730,0.0570000000,0.0161554944,-0.0241704220,2.1041529044,-0.5037252852
