Instance,FV_avg_avg,FV_avg_sd,FV_sd_avg,FV_sd_sd,FV_r1_avg,FV_r1_sd,FV_kr_avg,FV_kr_sd,FV_sk_avg,FV_sk_sd,FD_avg_avg,FD_avg_sd,FD_sd_avg,FD_sd_sd,FD_r1_avg,FD_r1_sd,FD_kr_avg,FD_kr_sd,FD_sk_avg,FD_sk_sd,IN_avg_avg,IN_avg_sd,IN_sd_avg,IN_sd_sd,IN_r1_avg,IN_r1_sd,IN_kr_avg,IN_kr_sd,IN_sk_avg,IN_sk_sd
444,0.4978430516,0.3029049066,0.0002937000,0.0001947800,0.9209369247,0.0481242152,2.5024991567,0.4924352253,0.0051002724,0.3980547345,0.0000014305,0.0000066158,0.0000246780,0.0000147270,0.0358357460,0.1297625391,2.8266817699,0.4629471011,0.0900173864,0.2362137676,0.5026250000,0.0246555648,0.1124878864,0.0077741822,0.0262876510,0.0923346441,2.8456714301,0.4583389606,0.0203228110,0.2607094040
