Instance,FV_avg_avg,FV_avg_sd,FV_sd_avg,FV_sd_sd,FV_r1_avg,FV_r1_sd,FV_kr_avg,FV_kr_sd,FV_sk_avg,FV_sk_sd,FD_avg_avg,FD_avg_sd,FD_sd_avg,FD_sd_sd,FD_r1_avg,FD_r1_sd,FD_kr_avg,FD_kr_sd,FD_sk_avg,FD_sk_sd,IN_avg_avg,IN_avg_sd,IN_sd_avg,IN_sd_sd,IN_r1_avg,IN_r1_sd,IN_kr_avg,IN_kr_sd,IN_sk_avg,IN_sk_sd
68,0.4999191610,0.3037030109,0.0008859904,0.0006290088,0.9614718400,0.0243252570,2.3790421791,0.3999254917,-0.0919167622,0.4600884259,-0.0000045824,0.0000182360,0.0000340607,0.0000215470,0.0595107003,0.1057920827,2.8560314807,0.4340751721,0.0271308374,0.2056383171,0.4966600000,0.0279891479,0.0721598217,0.0054783334,0.0524337833,0.1243146118,2.9265866428,0.2639036097,-0.0246170795,0.1986078220
