Instance,INF_avg,INF_sd,INF_r1,INF_kr,INF_sk,SUP_avg,SUP_sd,SUP_r1,SUP_kr,SUP_sk,INC_avg,INC_sd,INC_r1,INC_kr,INC_sk,IND_avg,IND_sd,IND_r1,IND_kr,IND_sk
205,0.2480000000,0.0943186090,-0.0794035685,2.9270535460,0.6118573312,0.2200000000,0.0728010989,0.0753556324,2.7785688857,0.1399522727,0.5320000000,0.1028396811,-0.0471620282,2.8130502997,0.1029171190,0.2130000000,0.0760328876,-0.2526600374,2.7771611403,0.2044017572
