Instance,INF_avg,INF_sd,INF_r1,INF_kr,INF_sk,SUP_avg,SUP_sd,SUP_r1,SUP_kr,SUP_sk,INC_avg,INC_sd,INC_r1,INC_kr,INC_sk,IND_avg,IND_sd,IND_r1,IND_kr,IND_sk
92,0.2620000000,0.0473708771,-0.0987090792,2.8435471418,0.1455123600,0.2489000000,0.0432872961,0.0207646850,2.9747170221,-0.0375430046,0.4891000000,0.0551379180,0.1081475606,3.3595230533,-0.0120548890,0.0641000000,0.0199045221,-0.0542567146,2.8485021061,0.3459233420
