Instance,INF_avg,INF_sd,INF_r1,INF_kr,INF_sk,SUP_avg,SUP_sd,SUP_r1,SUP_kr,SUP_sk,INC_avg,INC_sd,INC_r1,INC_kr,INC_sk,IND_avg,IND_sd,IND_r1,IND_kr,IND_sk
369,0.2820000000,0.1075918213,0.1101778240,2.0812000999,0.2536654612,0.2420000000,0.0844748483,-0.2399201193,1.9290592511,0.1024796237,0.4760000000,0.0895767827,-0.0388265923,2.3960128587,0.1134614257,0.2280000000,0.0633719181,0.0340981382,3.4631910605,0.5135684342
