Instance,INF_avg,INF_sd,INF_r1,INF_kr,INF_sk,SUP_avg,SUP_sd,SUP_r1,SUP_kr,SUP_sk,INC_avg,INC_sd,INC_r1,INC_kr,INC_sk,IND_avg,IND_sd,IND_r1,IND_kr,IND_sk
464,0.2610000000,0.0583866423,0.7149804133,2.1788524862,0.3108519907,0.2630000000,0.0337786915,-0.3335112534,1.7258543600,0.2388075997,0.4760000000,0.0585149554,0.7266624041,1.6112788235,-0.3146811151,0.0590000000,0.0144568323,-0.3712544439,2.1486916508,-0.8181426577
