Instance,FV_avg_avg,FV_avg_sd,FV_sd_avg,FV_sd_sd,FV_r1_avg,FV_r1_sd,FV_kr_avg,FV_kr_sd,FV_sk_avg,FV_sk_sd,FD_avg_avg,FD_avg_sd,FD_sd_avg,FD_sd_sd,FD_r1_avg,FD_r1_sd,FD_kr_avg,FD_kr_sd,FD_sk_avg,FD_sk_sd,IN_avg_avg,IN_avg_sd,IN_sd_avg,IN_sd_sd,IN_r1_avg,IN_r1_sd,IN_kr_avg,IN_kr_sd,IN_sk_avg,IN_sk_sd
167,0.4994787409,0.3029628496,0.0001932800,0.0001388900,0.4068974314,0.2398820096,2.4097323223,0.9121500935,-0.0340688653,0.6595230825,-0.0000037179,0.0000125085,0.0000110873,0.0000073914,-0.1684755934,0.3537175891,2.4475974741,0.7159844209,-0.0591095648,0.4782498330,0.4917750000,0.0226149702,0.0357345340,0.0066015591,-0.1560227185,0.2357718560,2.7836862836,1.0361419626,0.1772223614,0.7209757267
