Instance,INF_avg,INF_sd,INF_r1,INF_kr,INF_sk,SUP_avg,SUP_sd,SUP_r1,SUP_kr,SUP_sk,INC_avg,INC_sd,INC_r1,INC_kr,INC_sk,IND_avg,IND_sd,IND_r1,IND_kr,IND_sk
339,0.2440000000,0.1185917366,-0.1284682543,2.5329706811,0.3947348105,0.3360000000,0.1506784656,-0.1340516377,2.2574766794,-0.2393122101,0.4200000000,0.1311487705,-0.2441424555,2.8399134667,0.2127887028,0.3560000000,0.1151694404,0.0236879673,3.3223818137,0.6782056444
