Instance,INF_avg,INF_sd,INF_r1,INF_kr,INF_sk,SUP_avg,SUP_sd,SUP_r1,SUP_kr,SUP_sk,INC_avg,INC_sd,INC_r1,INC_kr,INC_sk,IND_avg,IND_sd,IND_r1,IND_kr,IND_sk
181,0.2380000000,0.1263170614,-0.0452607058,3.2337698412,0.3602771444,0.2610000000,0.1462155942,-0.0961120638,2.6178636964,0.4448775668,0.5010000000,0.1577941697,-0.0858138746,3.1360551756,-0.2149951229,0.3780000000,0.1204823639,-0.1847853020,3.2015737559,0.5653219546
