Instance,INF_avg,INF_sd,INF_r1,INF_kr,INF_sk,SUP_avg,SUP_sd,SUP_r1,SUP_kr,SUP_sk,INC_avg,INC_sd,INC_r1,INC_kr,INC_sk,IND_avg,IND_sd,IND_r1,IND_kr,IND_sk
78,0.2370000000,0.0241039416,-0.4928909953,1.6233125272,-0.0049270264,0.2690000000,0.0237486842,-0.1791689153,3.0750528142,-0.8553665390,0.4940000000,0.0386522962,-0.4714987550,3.5222066311,1.0110217792,0.0400000000,0.0100000000,-0.7083333333,2.4250000000,-0.3750000000
