Instance,INF_avg,INF_sd,INF_r1,INF_kr,INF_sk,SUP_avg,SUP_sd,SUP_r1,SUP_kr,SUP_sk,INC_avg,INC_sd,INC_r1,INC_kr,INC_sk,IND_avg,IND_sd,IND_r1,IND_kr,IND_sk
433,0.2460000000,0.0660000000,0.0463922838,2.4140301082,0.0186993906,0.2612000000,0.0563432338,-0.1583987219,2.4998055569,0.2822791639,0.4928000000,0.0674993333,-0.1303482321,3.2397937134,0.3961344551,0.1120000000,0.0282842712,-0.1199510404,2.7032000000,0.2206173157
