Instance,FV_avg_avg,FV_avg_sd,FV_sd_avg,FV_sd_sd,FV_r1_avg,FV_r1_sd,FV_kr_avg,FV_kr_sd,FV_sk_avg,FV_sk_sd,FD_avg_avg,FD_avg_sd,FD_sd_avg,FD_sd_sd,FD_r1_avg,FD_r1_sd,FD_kr_avg,FD_kr_sd,FD_sk_avg,FD_sk_sd,IN_avg_avg,IN_avg_sd,IN_sd_avg,IN_sd_sd,IN_r1_avg,IN_r1_sd,IN_kr_avg,IN_kr_sd,IN_sk_avg,IN_sk_sd
370,0.4966728007,0.3013845729,0.0004287959,0.0003025495,0.7897315809,0.1131260829,2.7011454044,0.9906552477,0.0469191855,0.5819739873,-0.0000022700,0.0000155489,0.0000255551,0.0000157653,-0.0790338286,0.1728578056,2.8792336775,0.8958210943,0.0860929531,0.5233833014,0.4959000000,0.0268265167,0.0490305474,0.0067921590,-0.0410204435,0.1498782814,2.7096816034,0.8175440191,-0.0162052258,0.5270538804
