Instance,FV_avg_avg,FV_avg_sd,FV_sd_avg,FV_sd_sd,FV_r1_avg,FV_r1_sd,FV_kr_avg,FV_kr_sd,FV_sk_avg,FV_sk_sd,FD_avg_avg,FD_avg_sd,FD_sd_avg,FD_sd_sd,FD_r1_avg,FD_r1_sd,FD_kr_avg,FD_kr_sd,FD_sk_avg,FD_sk_sd,IN_avg_avg,IN_avg_sd,IN_sd_avg,IN_sd_sd,IN_r1_avg,IN_r1_sd,IN_kr_avg,IN_kr_sd,IN_sk_avg,IN_sk_sd
473,0.4622591381,0.2814807524,0.0166846043,0.0106117014,0.9842718989,0.0054647313,2.0444580737,0.1020502434,0.4945459155,0.0879329346,-0.0003635952,0.0002177404,0.0001871475,0.0001182110,0.8737099352,0.0384979646,2.2385624391,0.2331861680,0.4674768820,0.1147535250,0.2183293854,0.0248852444,0.1434523229,0.0109871616,0.8347581538,0.0395876202,2.4267338447,0.2722190490,0.6354495443,0.1992616183
