Instance,FV_avg_avg,FV_avg_sd,FV_sd_avg,FV_sd_sd,FV_r1_avg,FV_r1_sd,FV_kr_avg,FV_kr_sd,FV_sk_avg,FV_sk_sd,FD_avg_avg,FD_avg_sd,FD_sd_avg,FD_sd_sd,FD_r1_avg,FD_r1_sd,FD_kr_avg,FD_kr_sd,FD_sk_avg,FD_sk_sd,IN_avg_avg,IN_avg_sd,IN_sd_avg,IN_sd_sd,IN_r1_avg,IN_r1_sd,IN_kr_avg,IN_kr_sd,IN_sk_avg,IN_sk_sd
358,0.5002239872,0.3031534046,0.0001863027,0.0001413002,0.5351500825,0.3577711688,2.1136479111,0.6077087753,0.0588339148,0.5112920805,-0.0000001228,0.0000106706,0.0000179323,0.0000118057,-0.0681509329,0.3162790625,2.5273979801,0.7386759264,0.0324974140,0.5403811930,0.5041000000,0.0339144512,0.0667167434,0.0154879356,-0.0484272297,0.3235274658,2.4478919159,0.7171925318,0.1658174346,0.4267939847
