Instance,INF_avg,INF_sd,INF_r1,INF_kr,INF_sk,SUP_avg,SUP_sd,SUP_r1,SUP_kr,SUP_sk,INC_avg,INC_sd,INC_r1,INC_kr,INC_sk,IND_avg,IND_sd,IND_r1,IND_kr,IND_sk
329,0.2358000000,0.0271727805,0.2996549531,3.4330551665,0.1257233221,0.2850000000,0.0327414111,0.0370192308,2.5144363305,0.5115560572,0.4792000000,0.0286244651,-0.1317371074,2.5283228186,-0.3352566982,0.0305000000,0.0097596106,0.0078219329,2.7363341393,0.5211902766
