Instance,FV_avg_avg,FV_avg_sd,FV_sd_avg,FV_sd_sd,FV_r1_avg,FV_r1_sd,FV_kr_avg,FV_kr_sd,FV_sk_avg,FV_sk_sd,FD_avg_avg,FD_avg_sd,FD_sd_avg,FD_sd_sd,FD_r1_avg,FD_r1_sd,FD_kr_avg,FD_kr_sd,FD_sk_avg,FD_sk_sd,IN_avg_avg,IN_avg_sd,IN_sd_avg,IN_sd_sd,IN_r1_avg,IN_r1_sd,IN_kr_avg,IN_kr_sd,IN_sk_avg,IN_sk_sd
464,0.4479778696,0.2731036411,0.0244484325,0.0151919726,0.9628207022,0.0122212644,2.2276186879,0.2543435047,0.6454969291,0.1846072127,-0.0013173798,0.0007962904,0.0006242656,0.0003966586,0.9210227024,0.0266109362,2.5847208532,0.7122877375,0.7840190210,0.3418845513,0.1640516349,0.0294594847,0.1497487405,0.0193679332,0.8913638219,0.0298591941,3.1407461629,1.1371706368,1.0458143709,0.3986007927
