Instance,INF_avg,INF_sd,INF_r1,INF_kr,INF_sk,SUP_avg,SUP_sd,SUP_r1,SUP_kr,SUP_sk,INC_avg,INC_sd,INC_r1,INC_kr,INC_sk,IND_avg,IND_sd,IND_r1,IND_kr,IND_sk
448,0.2700000000,0.0236643191,-0.6666666667,2.1683673469,0.5433134495,0.2320000000,0.0342928564,-0.9152276295,1.4582118562,0.1273544230,0.4980000000,0.0278567766,-0.4904386952,1.4252843023,0.0399688047,0.0560000000,0.0101980390,-0.1904761905,1.9556213018,-0.2715454179
