Instance,FV_avg_avg,FV_avg_sd,FV_sd_avg,FV_sd_sd,FV_r1_avg,FV_r1_sd,FV_kr_avg,FV_kr_sd,FV_sk_avg,FV_sk_sd,FD_avg_avg,FD_avg_sd,FD_sd_avg,FD_sd_sd,FD_r1_avg,FD_r1_sd,FD_kr_avg,FD_kr_sd,FD_sk_avg,FD_sk_sd,IN_avg_avg,IN_avg_sd,IN_sd_avg,IN_sd_sd,IN_r1_avg,IN_r1_sd,IN_kr_avg,IN_kr_sd,IN_sk_avg,IN_sk_sd
406,0.4961754101,0.3026309841,0.0005180341,0.0003363739,0.8826199909,0.0573111911,2.5715566346,0.6598092691,-0.0524833944,0.5191265238,0.0000022447,0.0000169206,0.0000180212,0.0000113561,0.1885053016,0.1794710146,2.7663050018,0.7033930770,-0.0135056471,0.3258464713,0.4958200000,0.0313688317,0.0390754846,0.0055973659,0.1625554874,0.1886369190,2.6749774596,0.5554977589,-0.0011218381,0.3052904546
