Instance,FV_avg_avg,FV_avg_sd,FV_sd_avg,FV_sd_sd,FV_r1_avg,FV_r1_sd,FV_kr_avg,FV_kr_sd,FV_sk_avg,FV_sk_sd,FD_avg_avg,FD_avg_sd,FD_sd_avg,FD_sd_sd,FD_r1_avg,FD_r1_sd,FD_kr_avg,FD_kr_sd,FD_sk_avg,FD_sk_sd,IN_avg_avg,IN_avg_sd,IN_sd_avg,IN_sd_sd,IN_r1_avg,IN_r1_sd,IN_kr_avg,IN_kr_sd,IN_sk_avg,IN_sk_sd
299,0.4964077905,0.3010170203,0.0017945346,0.0012435842,0.9475380410,0.0463340131,2.2543856694,0.6254084040,0.0035776998,0.4098293972,-0.0000095421,0.0000268156,0.0000378621,0.0000227899,0.1399472167,0.1452795028,2.9659495582,0.4308773983,0.0387587837,0.2106635829,0.4918225000,0.0220557106,0.0382917651,0.0023403735,0.1237146204,0.1221715326,2.8455797647,0.3854630313,0.1049722109,0.1528845201
