Instance,FV_avg_avg,FV_avg_sd,FV_sd_avg,FV_sd_sd,FV_r1_avg,FV_r1_sd,FV_kr_avg,FV_kr_sd,FV_sk_avg,FV_sk_sd,FD_avg_avg,FD_avg_sd,FD_sd_avg,FD_sd_sd,FD_r1_avg,FD_r1_sd,FD_kr_avg,FD_kr_sd,FD_sk_avg,FD_sk_sd,IN_avg_avg,IN_avg_sd,IN_sd_avg,IN_sd_sd,IN_r1_avg,IN_r1_sd,IN_kr_avg,IN_kr_sd,IN_sk_avg,IN_sk_sd
81,0.4877461351,0.2968481977,0.0021029004,0.0013999169,0.9113399174,0.0444804699,2.0765220064,0.2831641217,0.1827111982,0.3129770311,0.0000021253,0.0000718492,0.0001812330,0.0001088286,-0.0137886806,0.1197103201,2.9675809702,0.5039314766,0.1144468341,0.2733877950,0.4964500000,0.0293487223,0.1138088633,0.0081297382,-0.0068849986,0.1363700539,2.9897434491,0.7195857851,0.0362705842,0.3083518323
