Instance,FV_avg_avg,FV_avg_sd,FV_sd_avg,FV_sd_sd,FV_r1_avg,FV_r1_sd,FV_kr_avg,FV_kr_sd,FV_sk_avg,FV_sk_sd,FD_avg_avg,FD_avg_sd,FD_sd_avg,FD_sd_sd,FD_r1_avg,FD_r1_sd,FD_kr_avg,FD_kr_sd,FD_sk_avg,FD_sk_sd,IN_avg_avg,IN_avg_sd,IN_sd_avg,IN_sd_sd,IN_r1_avg,IN_r1_sd,IN_kr_avg,IN_kr_sd,IN_sk_avg,IN_sk_sd
282,0.5001372184,0.3032418271,0.0013204868,0.0011313799,0.9009149695,0.0725389715,2.3342515887,0.5668000331,-0.0041242426,0.3999771143,-0.0000031552,0.0000349994,0.0001110395,0.0000694981,0.0462506611,0.1235043874,2.7503511138,0.3889685003,0.0302554493,0.1900145065,0.4920500000,0.0315713082,0.1148537752,0.0095477920,0.0197125648,0.1256153668,2.9827394819,0.6647032703,-0.0336398873,0.2818614601
