Instance,FV_avg_avg,FV_avg_sd,FV_sd_avg,FV_sd_sd,FV_r1_avg,FV_r1_sd,FV_kr_avg,FV_kr_sd,FV_sk_avg,FV_sk_sd,FD_avg_avg,FD_avg_sd,FD_sd_avg,FD_sd_sd,FD_r1_avg,FD_r1_sd,FD_kr_avg,FD_kr_sd,FD_sk_avg,FD_sk_sd,IN_avg_avg,IN_avg_sd,IN_sd_avg,IN_sd_sd,IN_r1_avg,IN_r1_sd,IN_kr_avg,IN_kr_sd,IN_sk_avg,IN_sk_sd
214,0.4958971848,0.3010051069,0.0009325502,0.0007386096,0.1509905630,0.5503515387,1.7705450058,0.4807810149,0.1592195620,0.4800215650,0.0000340918,0.0001386474,0.0001985701,0.0001266441,-0.2742028479,0.5318545757,2.0881941107,0.3778136649,0.1484528338,0.5481922858,0.4950000000,0.0648459713,0.0923534594,0.0337763014,-0.2559628382,0.4197561575,2.0591565024,0.5009710697,-0.0283996650,0.6940857772
