Instance,INF_avg,INF_sd,INF_r1,INF_kr,INF_sk,SUP_avg,SUP_sd,SUP_r1,SUP_kr,SUP_sk,INC_avg,INC_sd,INC_r1,INC_kr,INC_sk,IND_avg,IND_sd,IND_r1,IND_kr,IND_sk
145,0.2776000000,0.0574999130,-0.0311477741,3.4552557754,-0.1877940526,0.2312000000,0.0564496236,-0.0047558298,2.6497583081,0.0569638070,0.4912000000,0.0643937885,0.1396074459,2.9947675229,0.5934948091,0.1108000000,0.0315493265,-0.1829733122,2.3102851176,-0.0429697380
