Instance,INF_avg,INF_sd,INF_r1,INF_kr,INF_sk,SUP_avg,SUP_sd,SUP_r1,SUP_kr,SUP_sk,INC_avg,INC_sd,INC_r1,INC_kr,INC_sk,IND_avg,IND_sd,IND_r1,IND_kr,IND_sk
31,0.4003030303,0.0915903765,0.7031474681,2.2045439622,0.0825610671,0.1115151515,0.0652170213,0.7773678455,2.7414093049,0.6516375097,0.4881818182,0.0547789615,0.0578424255,2.9856156372,-0.1629050337,0.0762626263,0.0219082503,-0.0736509507,2.7063133666,0.3774539925
