Instance,INF_avg,INF_sd,INF_r1,INF_kr,INF_sk,SUP_avg,SUP_sd,SUP_r1,SUP_kr,SUP_sk,INC_avg,INC_sd,INC_r1,INC_kr,INC_sk,IND_avg,IND_sd,IND_r1,IND_kr,IND_sk
320,0.2260000000,0.0449888875,-1.1082337317,1.5358855786,0.0126513455,0.2500000000,0.0363318042,-0.0606060606,2.8856749311,1.2510951876,0.5240000000,0.0422374242,0.3615257048,2.2532224658,0.0707085516,0.0560000000,0.0135646600,0.2265193370,1.2296786389,-0.2115471545
