Instance,FV_avg_avg,FV_avg_sd,FV_sd_avg,FV_sd_sd,FV_r1_avg,FV_r1_sd,FV_kr_avg,FV_kr_sd,FV_sk_avg,FV_sk_sd,FD_avg_avg,FD_avg_sd,FD_sd_avg,FD_sd_sd,FD_r1_avg,FD_r1_sd,FD_kr_avg,FD_kr_sd,FD_sk_avg,FD_sk_sd,IN_avg_avg,IN_avg_sd,IN_sd_avg,IN_sd_sd,IN_r1_avg,IN_r1_sd,IN_kr_avg,IN_kr_sd,IN_sk_avg,IN_sk_sd
271,0.4969288346,0.3020967161,0.0004269666,0.0003098252,-0.0779642166,0.4576750342,2.2316301402,0.5559626927,-0.2489191382,0.7819335410,-0.0000036621,0.0000668961,0.0001233458,0.0000892774,-0.2721808713,0.5173263964,1.7912916366,0.4581936510,-0.2048708035,0.4648448449,0.4840000000,0.0535163526,0.1060332342,0.0385610327,-0.4231734929,0.3918028913,1.7915033278,0.4196879360,-0.1602117721,0.4422387907
