Instance,FV_avg_avg,FV_avg_sd,FV_sd_avg,FV_sd_sd,FV_r1_avg,FV_r1_sd,FV_kr_avg,FV_kr_sd,FV_sk_avg,FV_sk_sd,FD_avg_avg,FD_avg_sd,FD_sd_avg,FD_sd_sd,FD_r1_avg,FD_r1_sd,FD_kr_avg,FD_kr_sd,FD_sk_avg,FD_sk_sd,IN_avg_avg,IN_avg_sd,IN_sd_avg,IN_sd_sd,IN_r1_avg,IN_r1_sd,IN_kr_avg,IN_kr_sd,IN_sk_avg,IN_sk_sd
81,0.4931515252,0.2991259268,0.0013613884,0.0009433539,0.7334755877,0.2017634179,2.4251364013,0.6239383619,-0.2281366757,0.5029208114,-0.0000011629,0.0000677349,0.0002337803,0.0001373960,-0.0631659069,0.1657314226,2.9888747070,1.1402409088,0.0086575972,0.4200226885,0.5058000000,0.0395469341,0.1579215698,0.0155941590,-0.0697981765,0.1560084788,2.6891694661,0.5730312808,-0.0773809823,0.3878823593
