Instance,INF_avg,INF_sd,INF_r1,INF_kr,INF_sk,SUP_avg,SUP_sd,SUP_r1,SUP_kr,SUP_sk,INC_avg,INC_sd,INC_r1,INC_kr,INC_sk,IND_avg,IND_sd,IND_r1,IND_kr,IND_sk
155,0.2872000000,0.0367172984,0.4582017498,2.9988576214,0.7229479337,0.2316000000,0.0404652938,-0.4511273480,3.9960181127,-0.0474469087,0.4812000000,0.0539125217,-0.0855443529,2.0835096153,-0.2850373321,0.0632000000,0.0173712406,-0.0249408125,2.4002731518,0.0057871643
