Instance,FV_avg_avg,FV_avg_sd,FV_sd_avg,FV_sd_sd,FV_r1_avg,FV_r1_sd,FV_kr_avg,FV_kr_sd,FV_sk_avg,FV_sk_sd,FD_avg_avg,FD_avg_sd,FD_sd_avg,FD_sd_sd,FD_r1_avg,FD_r1_sd,FD_kr_avg,FD_kr_sd,FD_sk_avg,FD_sk_sd,IN_avg_avg,IN_avg_sd,IN_sd_avg,IN_sd_sd,IN_r1_avg,IN_r1_sd,IN_kr_avg,IN_kr_sd,IN_sk_avg,IN_sk_sd
187,0.5014795160,0.3046435800,0.0001569404,0.0001122282,0.5665628551,0.3212015288,2.1168302861,0.5410137442,-0.0672906651,0.5343430718,0.0000057716,0.0000131827,0.0000299701,0.0000193662,-0.0791153129,0.2793521239,2.3711808286,0.5689724199,0.0462330034,0.4916875692,0.5195000000,0.0490382504,0.1422489454,0.0320973135,-0.0872774957,0.2739278672,2.2390467994,0.5322937961,-0.0176754505,0.4679604993
