Instance,INF_avg,INF_sd,INF_r1,INF_kr,INF_sk,SUP_avg,SUP_sd,SUP_r1,SUP_kr,SUP_sk,INC_avg,INC_sd,INC_r1,INC_kr,INC_sk,IND_avg,IND_sd,IND_r1,IND_kr,IND_sk
12,0.2980000000,0.1568311194,0.0657238673,2.0164372308,0.4685994364,0.3020000000,0.1568311194,0.1180887555,2.7749626880,0.2157961502,0.4000000000,0.1600000000,0.1968503937,2.5146484375,-0.1757812500,0.3460000000,0.1186760296,0.0091982917,2.5206957629,0.4900417197
