Instance,INF_avg,INF_sd,INF_r1,INF_kr,INF_sk,SUP_avg,SUP_sd,SUP_r1,SUP_kr,SUP_sk,INC_avg,INC_sd,INC_r1,INC_kr,INC_sk,IND_avg,IND_sd,IND_r1,IND_kr,IND_sk
283,0.2646000000,0.0273466634,-0.2753505404,2.7059066955,-0.6651300855,0.2648000000,0.0358184310,-0.5670848933,2.9223394722,0.1785449117,0.4706000000,0.0323208911,-0.3365322126,1.6640109864,0.1206749416,0.0368000000,0.0101862653,0.1365885732,2.3580961105,-0.2943779790
