Instance,INF_avg,INF_sd,INF_r1,INF_kr,INF_sk,SUP_avg,SUP_sd,SUP_r1,SUP_kr,SUP_sk,INC_avg,INC_sd,INC_r1,INC_kr,INC_sk,IND_avg,IND_sd,IND_r1,IND_kr,IND_sk
299,0.2504000000,0.0396464374,-0.0002220055,1.9458364197,0.2823224205,0.2284000000,0.0518983622,0.0042282600,2.6688319276,-0.5576229385,0.5212000000,0.0625664447,-0.1856902986,4.0567131638,0.3946832266,0.0804000000,0.0267551864,-0.1772143569,2.8094685651,0.1326686822
