Instance,INF_avg,INF_sd,INF_r1,INF_kr,INF_sk,SUP_avg,SUP_sd,SUP_r1,SUP_kr,SUP_sk,INC_avg,INC_sd,INC_r1,INC_kr,INC_sk,IND_avg,IND_sd,IND_r1,IND_kr,IND_sk
268,0.2560000000,0.1098362417,-0.1037370400,3.1453855300,-0.6960929490,0.2200000000,0.1019803903,-0.0092449923,2.2396449704,-0.1810302786,0.5240000000,0.1241933976,0.0070876010,2.6440574370,0.2900709456,0.3560000000,0.1022936948,-0.3864070491,1.9010324608,-0.1621522812
