Instance,INF_avg,INF_sd,INF_r1,INF_kr,INF_sk,SUP_avg,SUP_sd,SUP_r1,SUP_kr,SUP_sk,INC_avg,INC_sd,INC_r1,INC_kr,INC_sk,IND_avg,IND_sd,IND_r1,IND_kr,IND_sk
16,0.2700000000,0.1268857754,-0.0868207370,1.9728019752,0.2819575118,0.4200000000,0.0748331477,-0.2096774194,1.8469387755,-0.3436215967,0.3100000000,0.0943398113,-0.1443433030,2.3654841560,0.5145158249,0.3200000000,0.1077032961,-0.2110726644,4.9072532699,1.5175791430
