Instance,INF_avg,INF_sd,INF_r1,INF_kr,INF_sk,SUP_avg,SUP_sd,SUP_r1,SUP_kr,SUP_sk,INC_avg,INC_sd,INC_r1,INC_kr,INC_sk,IND_avg,IND_sd,IND_r1,IND_kr,IND_sk
396,0.2470000000,0.0245153013,0.2027002372,2.7797459033,0.6692821630,0.2205000000,0.0229619250,-0.1313259255,1.6149840789,-0.0952780184,0.5325000000,0.0201556444,-0.1076443058,2.2603076923,-0.1831897619,0.0310000000,0.0053851648,0.1058394161,2.7669441141,-0.4034071140
