Instance,INF_avg,INF_sd,INF_r1,INF_kr,INF_sk,SUP_avg,SUP_sd,SUP_r1,SUP_kr,SUP_sk,INC_avg,INC_sd,INC_r1,INC_kr,INC_sk,IND_avg,IND_sd,IND_r1,IND_kr,IND_sk
110,0.2534000000,0.0405763478,-0.0210798593,2.9961486728,-0.2289146558,0.2518000000,0.0379309900,0.1042007297,2.8477848272,0.3797599456,0.4948000000,0.0422960991,-0.0700953735,3.1014294944,-0.3213015956,0.0630000000,0.0186815417,-0.2240675823,2.9747621120,-0.0901860126
