Instance,INF_avg,INF_sd,INF_r1,INF_kr,INF_sk,SUP_avg,SUP_sd,SUP_r1,SUP_kr,SUP_sk,INC_avg,INC_sd,INC_r1,INC_kr,INC_sk,IND_avg,IND_sd,IND_r1,IND_kr,IND_sk
438,0.1900000000,0.1513274595,-0.6749660480,1.6471272478,0.3428176844,0.2200000000,0.1400000000,-0.5030674847,2.4144106622,0.2973760933,0.5900000000,0.2165640783,-0.7662508207,2.1013588773,0.2469268226,0.3100000000,0.1220655562,-0.4329738059,3.5087158236,1.1282308060
