Instance,INF_avg,INF_sd,INF_r1,INF_kr,INF_sk,SUP_avg,SUP_sd,SUP_r1,SUP_kr,SUP_sk,INC_avg,INC_sd,INC_r1,INC_kr,INC_sk,IND_avg,IND_sd,IND_r1,IND_kr,IND_sk
470,0.2612500000,0.0389703413,0.3087996650,2.2928831256,0.2359045175,0.2955000000,0.0376662979,-0.0041961936,2.5237123329,0.0892465171,0.4432500000,0.0381600249,0.3309167029,2.5332414956,0.3316484953,0.0337000000,0.0090448881,-0.0215645376,2.2586137072,0.2888741795
