Instance,FV_avg_avg,FV_avg_sd,FV_sd_avg,FV_sd_sd,FV_r1_avg,FV_r1_sd,FV_kr_avg,FV_kr_sd,FV_sk_avg,FV_sk_sd,FD_avg_avg,FD_avg_sd,FD_sd_avg,FD_sd_sd,FD_r1_avg,FD_r1_sd,FD_kr_avg,FD_kr_sd,FD_sk_avg,FD_sk_sd,IN_avg_avg,IN_avg_sd,IN_sd_avg,IN_sd_sd,IN_r1_avg,IN_r1_sd,IN_kr_avg,IN_kr_sd,IN_sk_avg,IN_sk_sd
272,0.4984692751,0.3019914638,0.0006541101,0.0005072856,0.1666589890,0.4604645977,1.9773522647,0.4656401539,0.1234576705,0.5387296530,0.0000155202,0.0001617466,0.0000932416,0.0000559559,-0.3232628988,0.3486025966,1.9067928899,0.4393933166,-0.0445094792,0.5605078235,0.4992000000,0.0754676089,0.0573822028,0.0204763961,-0.2735138900,0.3398778034,1.9006794908,0.4916443689,-0.0696266061,0.4736478332
