Instance,INF_avg,INF_sd,INF_r1,INF_kr,INF_sk,SUP_avg,SUP_sd,SUP_r1,SUP_kr,SUP_sk,INC_avg,INC_sd,INC_r1,INC_kr,INC_sk,IND_avg,IND_sd,IND_r1,IND_kr,IND_sk
330,0.4094444444,0.1149382550,0.6207343100,3.0425233392,0.5474719440,0.1183333333,0.0724760497,0.7608947410,2.7415199219,0.4735178418,0.4722222222,0.0844955985,0.2580151071,4.2860326987,-0.1393305796,0.1161111111,0.0322557297,0.0092689919,2.0759322650,-0.0007459586
