Instance,INF_avg,INF_sd,INF_r1,INF_kr,INF_sk,SUP_avg,SUP_sd,SUP_r1,SUP_kr,SUP_sk,INC_avg,INC_sd,INC_r1,INC_kr,INC_sk,IND_avg,IND_sd,IND_r1,IND_kr,IND_sk
198,0.2400000000,0.1428285686,-0.0784907183,2.5882352941,0.4900980294,0.2540000000,0.1519341963,-0.0867132455,3.0763668125,0.5653798768,0.5060000000,0.1617528980,-0.3285564538,2.3774504010,0.0871510016,0.3560000000,0.1134195750,0.0887942291,2.7054976981,0.2215390568
