Instance,FV_avg_avg,FV_avg_sd,FV_sd_avg,FV_sd_sd,FV_r1_avg,FV_r1_sd,FV_kr_avg,FV_kr_sd,FV_sk_avg,FV_sk_sd,FD_avg_avg,FD_avg_sd,FD_sd_avg,FD_sd_sd,FD_r1_avg,FD_r1_sd,FD_kr_avg,FD_kr_sd,FD_sk_avg,FD_sk_sd,IN_avg_avg,IN_avg_sd,IN_sd_avg,IN_sd_sd,IN_r1_avg,IN_r1_sd,IN_kr_avg,IN_kr_sd,IN_sk_avg,IN_sk_sd
78,0.4979684278,0.3029173422,0.0006183598,0.0004522068,0.8456462114,0.1351527309,2.1429685306,0.4669031503,-0.1401418522,0.3987447068,-0.0000043917,0.0000183065,0.0000416624,0.0000236944,-0.0034740008,0.1904630788,2.6709307707,0.7253529898,0.0030723512,0.3555882047,0.4905200000,0.0297362002,0.0689723366,0.0099148769,-0.0567694343,0.2200742235,2.5973893832,0.6025782354,-0.0742206973,0.3726136623
