Instance,INF_avg,INF_sd,INF_r1,INF_kr,INF_sk,SUP_avg,SUP_sd,SUP_r1,SUP_kr,SUP_sk,INC_avg,INC_sd,INC_r1,INC_kr,INC_sk,IND_avg,IND_sd,IND_r1,IND_kr,IND_sk
39,0.3395555556,0.0990612730,0.5524425524,2.8856946319,0.0423547832,0.1528888889,0.0757370369,0.6040276149,2.1895601328,0.0279717788,0.5075555556,0.0710291194,0.1308240292,2.8793982238,0.3861231328,0.1191111111,0.0365040164,0.0970324516,2.4788470800,0.0767204927
