Instance,INF_avg,INF_sd,INF_r1,INF_kr,INF_sk,SUP_avg,SUP_sd,SUP_r1,SUP_kr,SUP_sk,INC_avg,INC_sd,INC_r1,INC_kr,INC_sk,IND_avg,IND_sd,IND_r1,IND_kr,IND_sk
286,0.2410000000,0.1393520721,-0.0854722328,2.2513466137,0.1967947790,0.2470000000,0.1417427247,-0.0191442817,2.5421269092,0.1451481179,0.5120000000,0.1795995546,-0.1725908294,2.6412538974,-0.0143175665,0.3730000000,0.1147649772,0.0374082062,2.7937374475,0.3417203078
