Instance,INF_avg,INF_sd,INF_r1,INF_kr,INF_sk,SUP_avg,SUP_sd,SUP_r1,SUP_kr,SUP_sk,INC_avg,INC_sd,INC_r1,INC_kr,INC_sk,IND_avg,IND_sd,IND_r1,IND_kr,IND_sk
446,0.2090909091,0.1062120131,0.0539660785,5.3506219056,1.6394178867,0.1863636364,0.1332988936,-0.0379226122,3.4622769064,0.9844508989,0.6045454545,0.1827250113,-0.0022880215,2.4198163783,-0.7992008175,0.2409090909,0.0556702214,-0.0175557056,1.8077333333,-0.4278442084
