Instance,INF_avg,INF_sd,INF_r1,INF_kr,INF_sk,SUP_avg,SUP_sd,SUP_r1,SUP_kr,SUP_sk,INC_avg,INC_sd,INC_r1,INC_kr,INC_sk,IND_avg,IND_sd,IND_r1,IND_kr,IND_sk
100,0.2600000000,0.1019803903,-0.2301587302,1.9556213018,-0.2715454179,0.1400000000,0.0489897949,0.0384615385,1.1666666667,0.4082482905,0.6000000000,0.1264911064,0.0000000000,2.5000000000,0.0000000000,0.3400000000,0.0800000000,-0.5492957746,2.0781250000,-0.8437500000
