Instance,INF_avg,INF_sd,INF_r1,INF_kr,INF_sk,SUP_avg,SUP_sd,SUP_r1,SUP_kr,SUP_sk,INC_avg,INC_sd,INC_r1,INC_kr,INC_sk,IND_avg,IND_sd,IND_r1,IND_kr,IND_sk
289,0.2278000000,0.0404618339,0.3491982375,4.3558543744,0.0657569426,0.3108000000,0.0517238823,-0.0352899242,2.6924720847,-0.0085371871,0.4614000000,0.0452552759,0.0993788695,1.7483201093,0.0640396249,0.0582000000,0.0181868084,-0.1453023418,3.7291165144,0.7068336946
