Instance,INF_avg,INF_sd,INF_r1,INF_kr,INF_sk,SUP_avg,SUP_sd,SUP_r1,SUP_kr,SUP_sk,INC_avg,INC_sd,INC_r1,INC_kr,INC_sk,IND_avg,IND_sd,IND_r1,IND_kr,IND_sk
110,0.2446000000,0.0600569730,0.1229439195,2.1633569004,0.1150805314,0.2726000000,0.0715348866,-0.0137670808,2.8480188942,0.0961805120,0.4828000000,0.0770983787,-0.1486599104,3.1810677969,-0.4322918125,0.1014000000,0.0306274387,0.1086927737,2.6820318275,0.2498276128
