Instance,INF_avg,INF_sd,INF_r1,INF_kr,INF_sk,SUP_avg,SUP_sd,SUP_r1,SUP_kr,SUP_sk,INC_avg,INC_sd,INC_r1,INC_kr,INC_sk,IND_avg,IND_sd,IND_r1,IND_kr,IND_sk
163,0.2620000000,0.1109324119,0.1036125602,3.2238986615,0.5532466820,0.2410000000,0.0949684158,0.1335460445,3.3458939924,0.1800798281,0.4970000000,0.1137585162,-0.0958415220,2.5354115536,-0.2163531063,0.2340000000,0.0677790528,-0.1392304920,2.6689613698,0.2797509411
