Instance,FV_avg_avg,FV_avg_sd,FV_sd_avg,FV_sd_sd,FV_r1_avg,FV_r1_sd,FV_kr_avg,FV_kr_sd,FV_sk_avg,FV_sk_sd,FD_avg_avg,FD_avg_sd,FD_sd_avg,FD_sd_sd,FD_r1_avg,FD_r1_sd,FD_kr_avg,FD_kr_sd,FD_sk_avg,FD_sk_sd,IN_avg_avg,IN_avg_sd,IN_sd_avg,IN_sd_sd,IN_r1_avg,IN_r1_sd,IN_kr_avg,IN_kr_sd,IN_sk_avg,IN_sk_sd
476,0.4873055850,0.2961584778,0.0063433480,0.0045765572,0.9923977896,0.0064349260,1.8602352814,0.1224721014,0.1435823223,0.1517336361,-0.0000526143,0.0000398338,0.0000798015,0.0000491927,0.0996721858,0.1602695703,2.9083203946,0.4298194046,-0.0646163815,0.2648641264,0.3979711408,0.0381575766,0.1626114545,0.0123544389,0.0946951991,0.1366512853,2.9679905891,0.5064696689,-0.0210669006,0.3094050400
