Instance,INF_avg,INF_sd,INF_r1,INF_kr,INF_sk,SUP_avg,SUP_sd,SUP_r1,SUP_kr,SUP_sk,INC_avg,INC_sd,INC_r1,INC_kr,INC_sk,IND_avg,IND_sd,IND_r1,IND_kr,IND_sk
480,0.2340000000,0.1350703520,-0.1969016703,2.1917487140,0.0973158481,0.2700000000,0.1473091986,-0.2148325800,2.0030368027,0.3003181862,0.4960000000,0.1455472432,0.1142722175,2.2532093993,0.1862540350,0.3700000000,0.1063014581,-0.0352774331,2.8244185136,-0.0799196490
