Instance,FV_avg_avg,FV_avg_sd,FV_sd_avg,FV_sd_sd,FV_r1_avg,FV_r1_sd,FV_kr_avg,FV_kr_sd,FV_sk_avg,FV_sk_sd,FD_avg_avg,FD_avg_sd,FD_sd_avg,FD_sd_sd,FD_r1_avg,FD_r1_sd,FD_kr_avg,FD_kr_sd,FD_sk_avg,FD_sk_sd,IN_avg_avg,IN_avg_sd,IN_sd_avg,IN_sd_sd,IN_r1_avg,IN_r1_sd,IN_kr_avg,IN_kr_sd,IN_sk_avg,IN_sk_sd
255,0.5005136849,0.3041374299,0.0005789837,0.0004258992,0.7987650041,0.1733768672,2.2410159073,0.5245741262,0.0196823977,0.4923403652,-0.0000037599,0.0000119509,0.0000290420,0.0000185253,-0.0398727313,0.1673562836,2.7293109866,0.4938125833,-0.1810437489,0.3759210058,0.4889200000,0.0170693175,0.0505145574,0.0068521155,-0.0019342234,0.1987101377,2.8988991195,0.8392325552,-0.0757702399,0.3966851044
