Instance,INF_avg,INF_sd,INF_r1,INF_kr,INF_sk,SUP_avg,SUP_sd,SUP_r1,SUP_kr,SUP_sk,INC_avg,INC_sd,INC_r1,INC_kr,INC_sk,IND_avg,IND_sd,IND_r1,IND_kr,IND_sk
70,0.2920000000,0.1197330364,0.0308025102,2.1473111522,-0.0031599317,0.2360000000,0.1044222199,-0.3490539307,2.3392335107,0.5056226467,0.4720000000,0.1463420650,-0.4099328190,2.7870023132,0.0800545831,0.2260000000,0.0665131566,0.1900709761,2.1451641384,0.1099457526
