Instance,FV_avg_avg,FV_avg_sd,FV_sd_avg,FV_sd_sd,FV_r1_avg,FV_r1_sd,FV_kr_avg,FV_kr_sd,FV_sk_avg,FV_sk_sd,FD_avg_avg,FD_avg_sd,FD_sd_avg,FD_sd_sd,FD_r1_avg,FD_r1_sd,FD_kr_avg,FD_kr_sd,FD_sk_avg,FD_sk_sd,IN_avg_avg,IN_avg_sd,IN_sd_avg,IN_sd_sd,IN_r1_avg,IN_r1_sd,IN_kr_avg,IN_kr_sd,IN_sk_avg,IN_sk_sd
223,0.4972977321,0.3015154837,0.0006939564,0.0004270818,0.8719979941,0.0719186725,2.5431030243,0.5346904178,-0.0680829432,0.4478173804,0.0000023558,0.0000256023,0.0000465637,0.0000298037,-0.0151581000,0.1228534329,2.8331547041,0.4561586820,0.0678091663,0.3204462382,0.5083800000,0.0268314666,0.0702830684,0.0075457468,-0.0071567441,0.1264686504,2.8028605249,0.3762645179,0.0285957799,0.2762398773
