Instance,INF_avg,INF_sd,INF_r1,INF_kr,INF_sk,SUP_avg,SUP_sd,SUP_r1,SUP_kr,SUP_sk,INC_avg,INC_sd,INC_r1,INC_kr,INC_sk,IND_avg,IND_sd,IND_r1,IND_kr,IND_sk
138,0.2376000000,0.0415480445,0.0588454223,2.5468729926,-0.0105581146,0.2682000000,0.0496262028,-0.1500216326,3.0852054702,-0.0163255278,0.4942000000,0.0524629393,-0.0232842727,2.4739181560,0.2741483869,0.0608000000,0.0208652822,-0.0426117823,2.8758352590,0.2768217881
