Instance,INF_avg,INF_sd,INF_r1,INF_kr,INF_sk,SUP_avg,SUP_sd,SUP_r1,SUP_kr,SUP_sk,INC_avg,INC_sd,INC_r1,INC_kr,INC_sk,IND_avg,IND_sd,IND_r1,IND_kr,IND_sk
502,0.2494500000,0.0744207464,0.6525014621,3.0323462367,0.2527743177,0.2187500000,0.0697938930,0.5753652625,3.6534775843,0.6659236705,0.5318000000,0.0777480546,0.6448665277,3.9868752406,-0.1901937432,0.0384000000,0.0135440024,0.2963010796,3.7813496546,0.4727721571
