Instance,FV_avg_avg,FV_avg_sd,FV_sd_avg,FV_sd_sd,FV_r1_avg,FV_r1_sd,FV_kr_avg,FV_kr_sd,FV_sk_avg,FV_sk_sd,FD_avg_avg,FD_avg_sd,FD_sd_avg,FD_sd_sd,FD_r1_avg,FD_r1_sd,FD_kr_avg,FD_kr_sd,FD_sk_avg,FD_sk_sd,IN_avg_avg,IN_avg_sd,IN_sd_avg,IN_sd_sd,IN_r1_avg,IN_r1_sd,IN_kr_avg,IN_kr_sd,IN_sk_avg,IN_sk_sd
379,0.4989371482,0.3033136764,0.0001830036,0.0001622712,0.1200970233,0.4398402661,2.0558170254,0.4909041638,-0.1602115912,0.6533573562,0.0000043237,0.0000198973,0.0000400860,0.0000261536,-0.3861689150,0.4107249291,2.0439047713,0.4805719500,-0.1631687612,0.5385441589,0.5035000000,0.0465053760,0.0998376950,0.0279720336,-0.2385714061,0.3257428675,2.0524272567,0.4492329573,-0.0005673073,0.6455659227
