Instance,INF_avg,INF_sd,INF_r1,INF_kr,INF_sk,SUP_avg,SUP_sd,SUP_r1,SUP_kr,SUP_sk,INC_avg,INC_sd,INC_r1,INC_kr,INC_sk,IND_avg,IND_sd,IND_r1,IND_kr,IND_sk
113,0.2050000000,0.0341320963,-0.1558752998,2.3501077566,0.2037023930,0.2670000000,0.0498096376,0.2159409115,1.9347714943,-0.0497177036,0.5280000000,0.0660000000,0.2529482775,3.0306293590,-1.1661240504,0.0670000000,0.0141774469,-0.1524732279,2.3686789931,-0.3031933394
