Instance,FV_avg_avg,FV_avg_sd,FV_sd_avg,FV_sd_sd,FV_r1_avg,FV_r1_sd,FV_kr_avg,FV_kr_sd,FV_sk_avg,FV_sk_sd,FD_avg_avg,FD_avg_sd,FD_sd_avg,FD_sd_sd,FD_r1_avg,FD_r1_sd,FD_kr_avg,FD_kr_sd,FD_sk_avg,FD_sk_sd,IN_avg_avg,IN_avg_sd,IN_sd_avg,IN_sd_sd,IN_r1_avg,IN_r1_sd,IN_kr_avg,IN_kr_sd,IN_sk_avg,IN_sk_sd
201,0.4955953144,0.2993897157,0.0021277893,0.0014914830,0.8003558912,0.1421033222,2.3931671935,0.6020245075,0.1798594288,0.4598664732,-0.0000632535,0.0001401736,0.0001876437,0.0001092559,0.1108342681,0.2384531097,2.6895525852,0.5127481516,0.0639029592,0.3599310307,0.4799200000,0.0484062145,0.0797312703,0.0106092662,0.0643709536,0.2205939538,2.7618158425,0.4703648178,0.0974147551,0.3606732017
