Instance,FV_avg_avg,FV_avg_sd,FV_sd_avg,FV_sd_sd,FV_r1_avg,FV_r1_sd,FV_kr_avg,FV_kr_sd,FV_sk_avg,FV_sk_sd,FD_avg_avg,FD_avg_sd,FD_sd_avg,FD_sd_sd,FD_r1_avg,FD_r1_sd,FD_kr_avg,FD_kr_sd,FD_sk_avg,FD_sk_sd,IN_avg_avg,IN_avg_sd,IN_sd_avg,IN_sd_sd,IN_r1_avg,IN_r1_sd,IN_kr_avg,IN_kr_sd,IN_sk_avg,IN_sk_sd
432,0.5004160485,0.3037204118,0.0001101614,0.0000804893,0.0278368612,0.4001103195,1.8678549960,0.4739180909,0.0584338389,0.5793687309,-0.0000003280,0.0000078444,0.0000091799,0.0000057264,-0.1635801281,0.3968382062,1.9460818298,0.4627262354,0.0132867704,0.5653618871,0.4983000000,0.0222510674,0.0304711623,0.0131722538,-0.1988893705,0.3047411617,2.0511899094,0.4345837068,-0.0377608504,0.6008447419
