Instance,INF_avg,INF_sd,INF_r1,INF_kr,INF_sk,SUP_avg,SUP_sd,SUP_r1,SUP_kr,SUP_sk,INC_avg,INC_sd,INC_r1,INC_kr,INC_sk,IND_avg,IND_sd,IND_r1,IND_kr,IND_sk
493,0.2040000000,0.0152970585,-0.7244367418,1.9775367083,-0.1877351037,0.2900000000,0.0300000000,-0.0233918129,2.6425925926,-0.8888888889,0.5060000000,0.0333766385,-0.0910258763,2.2123858578,-0.4563550589,0.0320000000,0.0067823300,0.0331491713,1.2296786389,0.2115471545
