Instance,FV_avg_avg,FV_avg_sd,FV_sd_avg,FV_sd_sd,FV_r1_avg,FV_r1_sd,FV_kr_avg,FV_kr_sd,FV_sk_avg,FV_sk_sd,FD_avg_avg,FD_avg_sd,FD_sd_avg,FD_sd_sd,FD_r1_avg,FD_r1_sd,FD_kr_avg,FD_kr_sd,FD_sk_avg,FD_sk_sd,IN_avg_avg,IN_avg_sd,IN_sd_avg,IN_sd_sd,IN_r1_avg,IN_r1_sd,IN_kr_avg,IN_kr_sd,IN_sk_avg,IN_sk_sd
482,0.4847683615,0.2921012338,0.0095307940,0.0062848688,0.9400998502,0.0296274610,1.9548244326,0.1641012620,0.3789460796,0.1442517896,-0.0004569441,0.0003574130,0.0004335493,0.0002507222,0.3147224130,0.1824216704,2.7918861697,0.6838447541,0.1461218598,0.4248805544,0.3474218506,0.0552426392,0.1785521478,0.0277708968,0.2536933170,0.2459249999,2.6496228456,0.4566833498,0.1523412182,0.3617077685
