Instance,INF_avg,INF_sd,INF_r1,INF_kr,INF_sk,SUP_avg,SUP_sd,SUP_r1,SUP_kr,SUP_sk,INC_avg,INC_sd,INC_r1,INC_kr,INC_sk,IND_avg,IND_sd,IND_r1,IND_kr,IND_sk
402,0.3020000000,0.1256821387,0.0377163855,3.7890483379,0.2645557835,0.2400000000,0.1326649916,-0.0632969035,4.4235537190,0.8839764421,0.4580000000,0.1613567476,0.2476803086,2.6494923500,-0.0726898057,0.3720000000,0.1020588066,-0.1399649242,2.2383076019,-0.0969893520
