Instance,INF_avg,INF_sd,INF_r1,INF_kr,INF_sk,SUP_avg,SUP_sd,SUP_r1,SUP_kr,SUP_sk,INC_avg,INC_sd,INC_r1,INC_kr,INC_sk,IND_avg,IND_sd,IND_r1,IND_kr,IND_sk
500,0.2348000000,0.0689126984,0.0972981502,3.1008351758,0.2057802154,0.2404000000,0.0717205689,0.0559789763,3.4576068320,0.5874114671,0.5248000000,0.0688836701,0.0461448383,3.5483591400,0.3310445105,0.1164000000,0.0287583031,0.0475875203,2.6351275804,-0.1270298553
