Instance,INF_avg,INF_sd,INF_r1,INF_kr,INF_sk,SUP_avg,SUP_sd,SUP_r1,SUP_kr,SUP_sk,INC_avg,INC_sd,INC_r1,INC_kr,INC_sk,IND_avg,IND_sd,IND_r1,IND_kr,IND_sk
458,0.2404000000,0.0368217327,-0.0898092509,4.3465182675,0.0210904580,0.2560000000,0.0484974226,-0.0646454699,4.0665347772,0.3770450738,0.5036000000,0.0591188633,0.1123022581,3.1291871502,0.3357176201,0.0568000000,0.0128747816,-0.0249502167,2.6205371118,0.6110535884
