Instance,INF_avg,INF_sd,INF_r1,INF_kr,INF_sk,SUP_avg,SUP_sd,SUP_r1,SUP_kr,SUP_sk,INC_avg,INC_sd,INC_r1,INC_kr,INC_sk,IND_avg,IND_sd,IND_r1,IND_kr,IND_sk
8,0.4409000000,0.0870987371,0.7570110382,2.5726579637,-0.2802181210,0.0864000000,0.0498100391,0.6527413008,3.5049573674,0.8100123108,0.4727000000,0.0587682738,0.4379056213,2.6554263306,0.2278937321,0.0671000000,0.0206055818,-0.0200291969,2.5359077274,0.2341227343
