Instance,INF_avg,INF_sd,INF_r1,INF_kr,INF_sk,SUP_avg,SUP_sd,SUP_r1,SUP_kr,SUP_sk,INC_avg,INC_sd,INC_r1,INC_kr,INC_sk,IND_avg,IND_sd,IND_r1,IND_kr,IND_sk
497,0.3500000000,0.1118033989,-0.4285714286,1.6400000000,-0.2146625258,0.2600000000,0.1356465997,-0.3888888889,1.7967863894,0.2692418330,0.3900000000,0.0943398113,-0.4174252276,2.9714682490,0.9146947998,0.3700000000,0.1100000000,-0.5092290988,1.4327573253,0.1622839970
