Instance,INF_avg,INF_sd,INF_r1,INF_kr,INF_sk,SUP_avg,SUP_sd,SUP_r1,SUP_kr,SUP_sk,INC_avg,INC_sd,INC_r1,INC_kr,INC_sk,IND_avg,IND_sd,IND_r1,IND_kr,IND_sk
396,0.3250867052,0.0912699008,0.4443725181,2.3295017204,0.1881949903,0.1335260116,0.0749546735,0.7026633795,2.6558613062,0.6054470120,0.5413872832,0.0738247829,0.0771841842,2.8963670582,0.1339444756,0.1262427746,0.0358914390,0.1006677805,2.4452175533,0.3550778784
