Instance,INF_avg,INF_sd,INF_r1,INF_kr,INF_sk,SUP_avg,SUP_sd,SUP_r1,SUP_kr,SUP_sk,INC_avg,INC_sd,INC_r1,INC_kr,INC_sk,IND_avg,IND_sd,IND_r1,IND_kr,IND_sk
413,0.4097222222,0.0875370292,0.8462220405,2.9018398835,-0.6721394023,0.0787654321,0.0630232706,0.8605502958,3.7588761225,1.1245470493,0.5115123457,0.0419659235,0.3134301645,2.6516255997,0.0171950669,0.0483950617,0.0150683046,0.4052152257,2.8461277953,0.2914222062
