Instance,FV_avg_avg,FV_avg_sd,FV_sd_avg,FV_sd_sd,FV_r1_avg,FV_r1_sd,FV_kr_avg,FV_kr_sd,FV_sk_avg,FV_sk_sd,FD_avg_avg,FD_avg_sd,FD_sd_avg,FD_sd_sd,FD_r1_avg,FD_r1_sd,FD_kr_avg,FD_kr_sd,FD_sk_avg,FD_sk_sd,IN_avg_avg,IN_avg_sd,IN_sd_avg,IN_sd_sd,IN_r1_avg,IN_r1_sd,IN_kr_avg,IN_kr_sd,IN_sk_avg,IN_sk_sd
H,0.5028141057,0.3043390560,0.0006959014,0.0004288093,0.1669266469,0.4957154758,1.7652137506,0.3491695584,-0.0947374090,0.3749846284,0.0000478304,0.0001694376,0.0001830987,0.0001447356,-0.2920857374,0.3165272479,2.0026457713,0.5505724478,0.0109838373,0.6798004459,0.5080000000,0.0901997783,0.1321725199,0.0439366017,-0.2973190690,0.4772703519,2.0059550859,0.4427215798,-0.3463020505,0.4537104085
