Instance,FV_avg_avg,FV_avg_sd,FV_sd_avg,FV_sd_sd,FV_r1_avg,FV_r1_sd,FV_kr_avg,FV_kr_sd,FV_sk_avg,FV_sk_sd,FD_avg_avg,FD_avg_sd,FD_sd_avg,FD_sd_sd,FD_r1_avg,FD_r1_sd,FD_kr_avg,FD_kr_sd,FD_sk_avg,FD_sk_sd,IN_avg_avg,IN_avg_sd,IN_sd_avg,IN_sd_sd,IN_r1_avg,IN_r1_sd,IN_kr_avg,IN_kr_sd,IN_sk_avg,IN_sk_sd
341,0.4967167884,0.2999643972,0.0019834106,0.0016452997,0.7475933165,0.1932624822,2.4614974962,0.7601885524,0.0834198767,0.5878038517,-0.0000385213,0.0000981385,0.0000826609,0.0000563934,0.1649966935,0.1958866696,2.4682511839,0.4562101397,-0.0067767671,0.2570617676,0.4871700000,0.0317153133,0.0386097362,0.0069905846,0.0379620427,0.1993227860,2.5801138096,0.4105413617,-0.0154818430,0.3287771553
