Instance,INF_avg,INF_sd,INF_r1,INF_kr,INF_sk,SUP_avg,SUP_sd,SUP_r1,SUP_kr,SUP_sk,INC_avg,INC_sd,INC_r1,INC_kr,INC_sk,IND_avg,IND_sd,IND_r1,IND_kr,IND_sk
433,0.2360000000,0.1034601373,0.0494577533,2.4362352283,-0.0159720102,0.2400000000,0.1009950494,-0.0184588968,2.6845444060,0.3319906468,0.5240000000,0.1167218917,-0.0513288797,2.6655399663,0.3460202537,0.2400000000,0.0648074070,0.1182415361,2.1428571429,0.0991950107
