Instance,FV_avg_avg,FV_avg_sd,FV_sd_avg,FV_sd_sd,FV_r1_avg,FV_r1_sd,FV_kr_avg,FV_kr_sd,FV_sk_avg,FV_sk_sd,FD_avg_avg,FD_avg_sd,FD_sd_avg,FD_sd_sd,FD_r1_avg,FD_r1_sd,FD_kr_avg,FD_kr_sd,FD_sk_avg,FD_sk_sd,IN_avg_avg,IN_avg_sd,IN_sd_avg,IN_sd_sd,IN_r1_avg,IN_r1_sd,IN_kr_avg,IN_kr_sd,IN_sk_avg,IN_sk_sd
150,0.5008282663,0.3034248029,0.0004927959,0.0003864374,0.9303590946,0.0730812938,2.2819520283,0.6743772878,-0.1444357511,0.3851587272,0.0000001091,0.0000062447,0.0000143895,0.0000089040,-0.0146638095,0.1186767168,3.0622648277,0.5304366626,0.0313844205,0.2465494397,0.5036650000,0.0141094747,0.0501202023,0.0030009707,-0.0086843391,0.0959262313,3.0408163430,0.4208107923,0.0133818323,0.2516936816
