Instance,FV_avg_avg,FV_avg_sd,FV_sd_avg,FV_sd_sd,FV_r1_avg,FV_r1_sd,FV_kr_avg,FV_kr_sd,FV_sk_avg,FV_sk_sd,FD_avg_avg,FD_avg_sd,FD_sd_avg,FD_sd_sd,FD_r1_avg,FD_r1_sd,FD_kr_avg,FD_kr_sd,FD_sk_avg,FD_sk_sd,IN_avg_avg,IN_avg_sd,IN_sd_avg,IN_sd_sd,IN_r1_avg,IN_r1_sd,IN_kr_avg,IN_kr_sd,IN_sk_avg,IN_sk_sd
385,0.4999907333,0.3041148076,0.0002117826,0.0001683739,0.8975024920,0.0785578388,2.4290119605,0.5875581298,0.0733974677,0.4485980292,-0.0000011751,0.0000039799,0.0000244818,0.0000146056,-0.0493670178,0.1303124474,2.7935333958,0.5655717423,0.0906554273,0.2816629107,0.4897000000,0.0161527088,0.1615222887,0.0198381010,-0.0428858598,0.1054780969,2.8385743040,0.5261083344,0.1218986359,0.2911926291
