Instance,INF_avg,INF_sd,INF_r1,INF_kr,INF_sk,SUP_avg,SUP_sd,SUP_r1,SUP_kr,SUP_sk,INC_avg,INC_sd,INC_r1,INC_kr,INC_sk,IND_avg,IND_sd,IND_r1,IND_kr,IND_sk
88,0.2478000000,0.0430018604,0.0608076596,2.5658222493,-0.0830623565,0.2986000000,0.0476659207,-0.0188065908,2.7426075351,-0.0139861836,0.4536000000,0.0402372961,0.0768415453,3.3615932162,0.2300641616,0.0602000000,0.0192343443,0.1424171321,2.5517919953,0.3594769932
