Instance,INF_avg,INF_sd,INF_r1,INF_kr,INF_sk,SUP_avg,SUP_sd,SUP_r1,SUP_kr,SUP_sk,INC_avg,INC_sd,INC_r1,INC_kr,INC_sk,IND_avg,IND_sd,IND_r1,IND_kr,IND_sk
207,0.2376000000,0.0577775043,0.0520793656,2.9565387235,0.6672146969,0.2992000000,0.0610521089,0.3231116921,2.3125866771,-0.4092657717,0.4632000000,0.0663758992,-0.0164046161,2.6689298143,-0.0221862484,0.0984000000,0.0339033922,0.1906517044,3.7816503886,1.0120988951
