Instance,FV_avg_avg,FV_avg_sd,FV_sd_avg,FV_sd_sd,FV_r1_avg,FV_r1_sd,FV_kr_avg,FV_kr_sd,FV_sk_avg,FV_sk_sd,FD_avg_avg,FD_avg_sd,FD_sd_avg,FD_sd_sd,FD_r1_avg,FD_r1_sd,FD_kr_avg,FD_kr_sd,FD_sk_avg,FD_sk_sd,IN_avg_avg,IN_avg_sd,IN_sd_avg,IN_sd_sd,IN_r1_avg,IN_r1_sd,IN_kr_avg,IN_kr_sd,IN_sk_avg,IN_sk_sd
8,0.4975995120,0.3031182812,0.0004927462,0.0003327298,0.8248134429,0.1293446832,2.2394683022,0.4813130771,0.0911366738,0.4960982884,0.0000082072,0.0000209116,0.0000351919,0.0000216453,-0.0194109734,0.2077334846,2.7999211749,0.6429866775,0.0719349100,0.3810988711,0.5066000000,0.0344324266,0.0694959481,0.0091848355,-0.0479800382,0.2092412167,2.6850986132,0.5661192477,0.0863447071,0.3798888663
