Instance,FV_avg_avg,FV_avg_sd,FV_sd_avg,FV_sd_sd,FV_r1_avg,FV_r1_sd,FV_kr_avg,FV_kr_sd,FV_sk_avg,FV_sk_sd,FD_avg_avg,FD_avg_sd,FD_sd_avg,FD_sd_sd,FD_r1_avg,FD_r1_sd,FD_kr_avg,FD_kr_sd,FD_sk_avg,FD_sk_sd,IN_avg_avg,IN_avg_sd,IN_sd_avg,IN_sd_sd,IN_r1_avg,IN_r1_sd,IN_kr_avg,IN_kr_sd,IN_sk_avg,IN_sk_sd
446,0.4925909542,0.3015607049,0.0037390599,0.0023592363,0.9501183386,0.0342783325,2.6220444285,0.7542983448,0.1199020933,0.5090419895,0.0000419809,0.0001138620,0.0003706919,0.0002286646,0.0057588667,0.0731821429,2.8811954654,0.4198357137,0.0251327741,0.2047652318,0.5037000000,0.0253260735,0.1576061034,0.0092312609,-0.0142625120,0.1120489696,2.9279653245,0.2701097167,0.0333894731,0.2956186577
