Instance,FV_avg_avg,FV_avg_sd,FV_sd_avg,FV_sd_sd,FV_r1_avg,FV_r1_sd,FV_kr_avg,FV_kr_sd,FV_sk_avg,FV_sk_sd,FD_avg_avg,FD_avg_sd,FD_sd_avg,FD_sd_sd,FD_r1_avg,FD_r1_sd,FD_kr_avg,FD_kr_sd,FD_sk_avg,FD_sk_sd,IN_avg_avg,IN_avg_sd,IN_sd_avg,IN_sd_sd,IN_r1_avg,IN_r1_sd,IN_kr_avg,IN_kr_sd,IN_sk_avg,IN_sk_sd
438,0.4983510155,0.3026779583,0.0005845678,0.0004161385,0.9459108623,0.0411020457,2.6928812846,1.1546381348,0.0537443359,0.5828044591,-0.0000029747,0.0000078757,0.0000362207,0.0000228505,-0.0239133098,0.0831898503,3.0347735223,0.4817206897,-0.0129295518,0.2894088437,0.4909000000,0.0193233020,0.1106243691,0.0076517292,-0.0069531483,0.0825526207,2.8190064033,0.3425057682,-0.0449031507,0.1795171645
