Instance,FV_avg_avg,FV_avg_sd,FV_sd_avg,FV_sd_sd,FV_r1_avg,FV_r1_sd,FV_kr_avg,FV_kr_sd,FV_sk_avg,FV_sk_sd,FD_avg_avg,FD_avg_sd,FD_sd_avg,FD_sd_sd,FD_r1_avg,FD_r1_sd,FD_kr_avg,FD_kr_sd,FD_sk_avg,FD_sk_sd,IN_avg_avg,IN_avg_sd,IN_sd_avg,IN_sd_sd,IN_r1_avg,IN_r1_sd,IN_kr_avg,IN_kr_sd,IN_sk_avg,IN_sk_sd
239,0.4884122647,0.2960762456,0.0066183866,0.0049882475,0.9940034182,0.0034832463,1.8172082345,0.0558112644,0.1314280598,0.1003321630,-0.0000498519,0.0000375267,0.0000673397,0.0000410345,0.1593677214,0.1743660495,2.9082772649,0.3421819419,-0.0955793646,0.2885690029,0.3970577595,0.0304794464,0.1583911604,0.0104709706,0.1023811810,0.1308744282,2.8621057523,0.4137838425,-0.0008498733,0.2865097162
