Instance,INF_avg,INF_sd,INF_r1,INF_kr,INF_sk,SUP_avg,SUP_sd,SUP_r1,SUP_kr,SUP_sk,INC_avg,INC_sd,INC_r1,INC_kr,INC_sk,IND_avg,IND_sd,IND_r1,IND_kr,IND_sk
274,0.2180000000,0.1177964346,0.1177776881,3.9929177932,0.9696066018,0.2520000000,0.1220491704,0.1141187667,2.9257973074,0.1846027480,0.5300000000,0.1539480432,0.1516137317,2.7595470811,0.0164448051,0.3420000000,0.1115168149,-0.1642271795,2.6024381016,0.1578975707
