Instance,INF_avg,INF_sd,INF_r1,INF_kr,INF_sk,SUP_avg,SUP_sd,SUP_r1,SUP_kr,SUP_sk,INC_avg,INC_sd,INC_r1,INC_kr,INC_sk,IND_avg,IND_sd,IND_r1,IND_kr,IND_sk
80,0.1800000000,0.1886796226,0.1038318912,2.9146572402,1.0040204639,0.2600000000,0.1019803903,-0.5039062500,1.9556213018,-0.2715454179,0.5600000000,0.1562049935,0.3493761141,3.1945713518,-1.0515815876,0.3900000000,0.1044030651,-0.0927456382,2.9675111523,0.2003526542
