Instance,INF_avg,INF_sd,INF_r1,INF_kr,INF_sk,SUP_avg,SUP_sd,SUP_r1,SUP_kr,SUP_sk,INC_avg,INC_sd,INC_r1,INC_kr,INC_sk,IND_avg,IND_sd,IND_r1,IND_kr,IND_sk
428,0.3774789916,0.0932532333,0.4794794228,2.3391748507,-0.1703120732,0.1216806723,0.0610044678,0.5284229334,3.3856093164,0.6469526096,0.5008403361,0.0771942854,0.1420057629,3.0687827980,-0.1845051740,0.1233613445,0.0401107147,-0.0997172746,3.1805549303,0.3001318597
