Instance,FV_avg_avg,FV_avg_sd,FV_sd_avg,FV_sd_sd,FV_r1_avg,FV_r1_sd,FV_kr_avg,FV_kr_sd,FV_sk_avg,FV_sk_sd,FD_avg_avg,FD_avg_sd,FD_sd_avg,FD_sd_sd,FD_r1_avg,FD_r1_sd,FD_kr_avg,FD_kr_sd,FD_sk_avg,FD_sk_sd,IN_avg_avg,IN_avg_sd,IN_sd_avg,IN_sd_sd,IN_r1_avg,IN_r1_sd,IN_kr_avg,IN_kr_sd,IN_sk_avg,IN_sk_sd
244,0.4981761678,0.3031800362,0.0013357642,0.0011697808,0.9530947453,0.0326613806,2.4204258785,0.5782168918,-0.0081253032,0.5578520773,0.0000013800,0.0000205942,0.0000272565,0.0000165840,0.2012935653,0.1260400123,2.7791455302,0.3805818233,-0.0125803120,0.2096471577,0.4987000000,0.0200235861,0.0400922746,0.0030455738,0.1581099159,0.1136598301,2.9686918238,0.4204902673,-0.0509232573,0.2735691239
