Instance,INF_avg,INF_sd,INF_r1,INF_kr,INF_sk,SUP_avg,SUP_sd,SUP_r1,SUP_kr,SUP_sk,INC_avg,INC_sd,INC_r1,INC_kr,INC_sk,IND_avg,IND_sd,IND_r1,IND_kr,IND_sk
477,0.2520000000,0.0974474217,-0.0559657439,2.9150077113,0.4949594161,0.2400000000,0.0894427191,0.0962321792,2.2793750000,-0.1593198434,0.5080000000,0.0976524449,0.1582007809,2.1671905263,-0.1926260290,0.2260000000,0.0708801806,-0.0097898838,2.3041578766,-0.2090636792
