Instance,INF_avg,INF_sd,INF_r1,INF_kr,INF_sk,SUP_avg,SUP_sd,SUP_r1,SUP_kr,SUP_sk,INC_avg,INC_sd,INC_r1,INC_kr,INC_sk,IND_avg,IND_sd,IND_r1,IND_kr,IND_sk
35,0.3100000000,0.0830662386,-0.0304789550,3.4902331443,0.8584034742,0.2600000000,0.0800000000,0.0540540541,2.6640625000,-0.3281250000,0.4300000000,0.1417744688,-0.0917979359,2.3686789931,0.3031933394,0.3500000000,0.1024695077,-0.4545454545,1.8707482993,0.0000000000
