Instance,FV_avg_avg,FV_avg_sd,FV_sd_avg,FV_sd_sd,FV_r1_avg,FV_r1_sd,FV_kr_avg,FV_kr_sd,FV_sk_avg,FV_sk_sd,FD_avg_avg,FD_avg_sd,FD_sd_avg,FD_sd_sd,FD_r1_avg,FD_r1_sd,FD_kr_avg,FD_kr_sd,FD_sk_avg,FD_sk_sd,IN_avg_avg,IN_avg_sd,IN_sd_avg,IN_sd_sd,IN_r1_avg,IN_r1_sd,IN_kr_avg,IN_kr_sd,IN_sk_avg,IN_sk_sd
3,0.4989074823,0.3041741850,0.0003674300,0.0003096646,0.0452989432,0.4079255456,2.2551181458,0.3295561702,-0.2306073516,0.6686863462,0.0000076832,0.0000303371,0.0000353139,0.0000269474,-0.3652380978,0.3208091077,1.9955566859,0.4000651820,-0.0309992721,0.5676279852,0.4953000000,0.0346021676,0.0430030753,0.0147083483,-0.2741227068,0.3624713111,1.9722375137,0.4939461975,0.1100093632,0.5597342962
