Instance,INF_avg,INF_sd,INF_r1,INF_kr,INF_sk,SUP_avg,SUP_sd,SUP_r1,SUP_kr,SUP_sk,INC_avg,INC_sd,INC_r1,INC_kr,INC_sk,IND_avg,IND_sd,IND_r1,IND_kr,IND_sk
66,0.2420000000,0.1470918081,0.1309909958,3.7252490072,0.6472238826,0.2360000000,0.1307822618,-0.0278425823,3.2338056689,0.4944843739,0.5220000000,0.1552932709,0.0495438541,3.0533566944,-0.0486786230,0.3700000000,0.1187434209,-0.0871172903,3.2864041044,0.3798642708
