Instance,INF_avg,INF_sd,INF_r1,INF_kr,INF_sk,SUP_avg,SUP_sd,SUP_r1,SUP_kr,SUP_sk,INC_avg,INC_sd,INC_r1,INC_kr,INC_sk,IND_avg,IND_sd,IND_r1,IND_kr,IND_sk
316,0.5488202247,0.1401865180,0.9080560836,2.8966602010,-0.7661748937,0.1081460674,0.0889052710,0.8777970041,3.7020638258,1.1819235671,0.3430337079,0.0614141311,0.6613661878,3.1695769416,0.1237023339,0.0411235955,0.0110604267,0.1817879945,3.2624053076,0.2256552222
