Instance,FV_avg_avg,FV_avg_sd,FV_sd_avg,FV_sd_sd,FV_r1_avg,FV_r1_sd,FV_kr_avg,FV_kr_sd,FV_sk_avg,FV_sk_sd,FD_avg_avg,FD_avg_sd,FD_sd_avg,FD_sd_sd,FD_r1_avg,FD_r1_sd,FD_kr_avg,FD_kr_sd,FD_sk_avg,FD_sk_sd,IN_avg_avg,IN_avg_sd,IN_sd_avg,IN_sd_sd,IN_r1_avg,IN_r1_sd,IN_kr_avg,IN_kr_sd,IN_sk_avg,IN_sk_sd
358,0.4985303554,0.3039197091,0.0002571332,0.0001723569,0.8132281770,0.1487380213,2.3585894407,0.7372635553,0.0003371410,0.5180227501,0.0000018348,0.0000061465,0.0000196348,0.0000128581,-0.1137773689,0.2315063645,2.7679943851,0.6873500338,0.0629102008,0.5065099263,0.5081600000,0.0206604550,0.0705792572,0.0079201297,-0.0862461631,0.1967000579,2.9704230718,0.5934120735,-0.0259026285,0.4746840819
