Instance,INF_avg,INF_sd,INF_r1,INF_kr,INF_sk,SUP_avg,SUP_sd,SUP_r1,SUP_kr,SUP_sk,INC_avg,INC_sd,INC_r1,INC_kr,INC_sk,IND_avg,IND_sd,IND_r1,IND_kr,IND_sk
302,0.2580000000,0.0660000000,-0.2295309464,2.4931989568,-0.0120210368,0.2140000000,0.0473708771,-0.2851139129,2.3104177986,-0.4985124763,0.5280000000,0.0560000000,0.0170704846,2.4729800083,-0.1126093294,0.0940000000,0.0283548938,-0.2238653748,1.8934432316,0.5390103811
