Instance,INF_avg,INF_sd,INF_r1,INF_kr,INF_sk,SUP_avg,SUP_sd,SUP_r1,SUP_kr,SUP_sk,INC_avg,INC_sd,INC_r1,INC_kr,INC_sk,IND_avg,IND_sd,IND_r1,IND_kr,IND_sk
376,0.3133333333,0.0965516557,0.2669633380,3.0302931721,0.0089704360,0.2116666667,0.0802945965,0.1202033607,2.7686770901,-0.5757914929,0.4750000000,0.1167261753,0.0715421304,2.4059422608,0.0943162430,0.2166666667,0.0756453715,0.0704225352,3.2675087190,0.8107153110
