Instance,FV_avg_avg,FV_avg_sd,FV_sd_avg,FV_sd_sd,FV_r1_avg,FV_r1_sd,FV_kr_avg,FV_kr_sd,FV_sk_avg,FV_sk_sd,FD_avg_avg,FD_avg_sd,FD_sd_avg,FD_sd_sd,FD_r1_avg,FD_r1_sd,FD_kr_avg,FD_kr_sd,FD_sk_avg,FD_sk_sd,IN_avg_avg,IN_avg_sd,IN_sd_avg,IN_sd_sd,IN_r1_avg,IN_r1_sd,IN_kr_avg,IN_kr_sd,IN_sk_avg,IN_sk_sd
120,0.4912245497,0.2970608597,0.0059203692,0.0033258177,0.8964516800,0.0455504218,3.0431056524,0.8945916892,0.0635352247,0.5510340773,0.0000184043,0.0003025664,0.0006530029,0.0004082833,0.1848183013,0.1000428272,3.0173077531,0.2852417271,0.0285529466,0.2372475430,0.5038000000,0.0459506257,0.1202396968,0.0112479023,0.1731244894,0.1424653871,2.8748878108,0.3327371894,0.0111038548,0.2291792880
