Instance,INF_avg,INF_sd,INF_r1,INF_kr,INF_sk,SUP_avg,SUP_sd,SUP_r1,SUP_kr,SUP_sk,INC_avg,INC_sd,INC_r1,INC_kr,INC_sk,IND_avg,IND_sd,IND_r1,IND_kr,IND_sk
244,0.2508000000,0.0354381151,0.2199642256,2.7561079083,-0.1990678362,0.2425500000,0.0322606184,0.2036475871,2.5472884281,0.0700800947,0.5066500000,0.0412919786,0.1375069852,2.3425077837,0.1049922738,0.0374000000,0.0106179094,-0.0561592724,3.4260639923,0.5383575828
