Instance,FV_avg_avg,FV_avg_sd,FV_sd_avg,FV_sd_sd,FV_r1_avg,FV_r1_sd,FV_kr_avg,FV_kr_sd,FV_sk_avg,FV_sk_sd,FD_avg_avg,FD_avg_sd,FD_sd_avg,FD_sd_sd,FD_r1_avg,FD_r1_sd,FD_kr_avg,FD_kr_sd,FD_sk_avg,FD_sk_sd,IN_avg_avg,IN_avg_sd,IN_sd_avg,IN_sd_sd,IN_r1_avg,IN_r1_sd,IN_kr_avg,IN_kr_sd,IN_sk_avg,IN_sk_sd
16,0.4973218148,0.3018684155,0.0015648403,0.0015092744,0.0708207924,0.5066909573,1.9151164907,0.4993457406,-0.1597796035,0.6018894259,-0.0000784019,0.0003972892,0.0004950881,0.0003442480,-0.2328144600,0.4552266026,2.0797796053,0.5706720935,0.1981508441,0.6776519574,0.4700000000,0.0719722169,0.1359577266,0.0451164780,-0.2658770219,0.3361415066,2.0294879743,0.4470400205,-0.1533923555,0.6266406110
