Instance,FV_avg_avg,FV_avg_sd,FV_sd_avg,FV_sd_sd,FV_r1_avg,FV_r1_sd,FV_kr_avg,FV_kr_sd,FV_sk_avg,FV_sk_sd,FD_avg_avg,FD_avg_sd,FD_sd_avg,FD_sd_sd,FD_r1_avg,FD_r1_sd,FD_kr_avg,FD_kr_sd,FD_sk_avg,FD_sk_sd,IN_avg_avg,IN_avg_sd,IN_sd_avg,IN_sd_sd,IN_r1_avg,IN_r1_sd,IN_kr_avg,IN_kr_sd,IN_sk_avg,IN_sk_sd
465,0.4830854515,0.2931800780,0.0100152495,0.0067611425,0.9781370930,0.0111847077,1.8430958400,0.0990671644,0.1543415791,0.1233666899,-0.0002300523,0.0001561174,0.0002840166,0.0001794120,0.1534776037,0.2168131416,2.9034225350,0.6742780648,0.0241432417,0.3069186619,0.3817901714,0.0319482502,0.1763180285,0.0149335806,0.0762163030,0.2424491109,2.7868326826,0.3487668727,0.0871248543,0.3417029406
