Instance,INF_avg,INF_sd,INF_r1,INF_kr,INF_sk,SUP_avg,SUP_sd,SUP_r1,SUP_kr,SUP_sk,INC_avg,INC_sd,INC_r1,INC_kr,INC_sk,IND_avg,IND_sd,IND_r1,IND_kr,IND_sk
357,0.2952000000,0.0440109077,-0.3639356599,2.0392177732,-0.1613795751,0.2220000000,0.0379473319,0.0043923865,2.0392592593,-0.3302823334,0.4828000000,0.0498413483,0.0490468568,2.5016781614,-0.1373747069,0.0560000000,0.0162480768,-0.4732685298,2.7644628099,0.0447605422
