Instance,FV_avg_avg,FV_avg_sd,FV_sd_avg,FV_sd_sd,FV_r1_avg,FV_r1_sd,FV_kr_avg,FV_kr_sd,FV_sk_avg,FV_sk_sd,FD_avg_avg,FD_avg_sd,FD_sd_avg,FD_sd_sd,FD_r1_avg,FD_r1_sd,FD_kr_avg,FD_kr_sd,FD_sk_avg,FD_sk_sd,IN_avg_avg,IN_avg_sd,IN_sd_avg,IN_sd_sd,IN_r1_avg,IN_r1_sd,IN_kr_avg,IN_kr_sd,IN_sk_avg,IN_sk_sd
10,0.4953828011,0.3005511326,0.0012069608,0.0009801679,0.9353164268,0.0475661244,2.6428602895,0.5280094981,0.0048459095,0.6091506549,-0.0000049946,0.0000195974,0.0000782910,0.0000490366,0.0141737486,0.0992517491,2.7347910456,0.3356996678,0.0165899919,0.1486518191,0.5000500000,0.0209457036,0.1107769521,0.0068732724,-0.0097649125,0.0929961300,2.7709620211,0.4914621986,-0.0635336733,0.1654424870
