Instance,INF_avg,INF_sd,INF_r1,INF_kr,INF_sk,SUP_avg,SUP_sd,SUP_r1,SUP_kr,SUP_sk,INC_avg,INC_sd,INC_r1,INC_kr,INC_sk,IND_avg,IND_sd,IND_r1,IND_kr,IND_sk
90,0.2600000000,0.1743559577,0.6919431280,1.3801939058,-0.5071295170,0.3800000000,0.1720465053,0.5614035088,2.6519357195,1.0179522960,0.3600000000,0.0800000000,-0.5492957746,2.0781250000,0.8437500000,0.3400000000,0.1019803903,-0.9135802469,1.9556213018,0.2715454179
