Instance,FV_avg_avg,FV_avg_sd,FV_sd_avg,FV_sd_sd,FV_r1_avg,FV_r1_sd,FV_kr_avg,FV_kr_sd,FV_sk_avg,FV_sk_sd,FD_avg_avg,FD_avg_sd,FD_sd_avg,FD_sd_sd,FD_r1_avg,FD_r1_sd,FD_kr_avg,FD_kr_sd,FD_sk_avg,FD_sk_sd,IN_avg_avg,IN_avg_sd,IN_sd_avg,IN_sd_sd,IN_r1_avg,IN_r1_sd,IN_kr_avg,IN_kr_sd,IN_sk_avg,IN_sk_sd
371,0.5002084096,0.3037635279,0.0003272040,0.0001934377,0.8554114009,0.1002280435,2.4023890234,0.5394647871,0.0023999661,0.4913850773,0.0000015403,0.0000066450,0.0000110515,0.0000068150,0.0358698574,0.1211807393,2.9570470102,0.5972905187,0.0202193620,0.3278877647,0.5038300000,0.0157573189,0.0347948707,0.0032718451,0.0715908986,0.0917193965,2.8427778493,0.4924818379,-0.0316409104,0.3113948433
