Instance,FV_avg_avg,FV_avg_sd,FV_sd_avg,FV_sd_sd,FV_r1_avg,FV_r1_sd,FV_kr_avg,FV_kr_sd,FV_sk_avg,FV_sk_sd,FD_avg_avg,FD_avg_sd,FD_sd_avg,FD_sd_sd,FD_r1_avg,FD_r1_sd,FD_kr_avg,FD_kr_sd,FD_sk_avg,FD_sk_sd,IN_avg_avg,IN_avg_sd,IN_sd_avg,IN_sd_sd,IN_r1_avg,IN_r1_sd,IN_kr_avg,IN_kr_sd,IN_sk_avg,IN_sk_sd
148,0.4925141942,0.2985085309,0.0007154130,0.0005084118,0.4789431442,0.3278588639,2.4824113204,0.8687539385,0.1687280211,0.6393338497,0.0000046185,0.0000824895,0.0000965896,0.0000581616,-0.0696995375,0.3009035398,2.4826346384,0.6941990164,0.0941057352,0.5138968651,0.5043000000,0.0496720243,0.0662093688,0.0182351168,-0.1457278680,0.2330479286,2.8129387182,0.9488515114,0.1745592155,0.7292599594
