Instance,INF_avg,INF_sd,INF_r1,INF_kr,INF_sk,SUP_avg,SUP_sd,SUP_r1,SUP_kr,SUP_sk,INC_avg,INC_sd,INC_r1,INC_kr,INC_sk,IND_avg,IND_sd,IND_r1,IND_kr,IND_sk
193,0.2818181818,0.0833195581,0.1513245033,3.0834396259,-0.9459355867,0.2454545455,0.1304790918,0.4757644763,2.6962897069,-0.0540306306,0.4727272727,0.1249793371,0.3267392459,2.7441211052,-0.5923057021,0.1772727273,0.0616575453,0.6602316602,2.2465737240,0.6226217388
