Instance,FV_avg_avg,FV_avg_sd,FV_sd_avg,FV_sd_sd,FV_r1_avg,FV_r1_sd,FV_kr_avg,FV_kr_sd,FV_sk_avg,FV_sk_sd,FD_avg_avg,FD_avg_sd,FD_sd_avg,FD_sd_sd,FD_r1_avg,FD_r1_sd,FD_kr_avg,FD_kr_sd,FD_sk_avg,FD_sk_sd,IN_avg_avg,IN_avg_sd,IN_sd_avg,IN_sd_sd,IN_r1_avg,IN_r1_sd,IN_kr_avg,IN_kr_sd,IN_sk_avg,IN_sk_sd
137,0.4999244343,0.3040527257,0.0002909414,0.0002001830,0.7346628329,0.1819734991,2.4828107011,0.6578944545,0.1610193760,0.3506631989,-0.0000019987,0.0000234718,0.0000574788,0.0000354491,0.0056579974,0.2352692394,2.7767697935,0.9134833267,0.0499557899,0.2888393156,0.4946000000,0.0474851556,0.1582204227,0.0232872890,-0.0114077802,0.2035889603,2.5290299789,0.5229437591,0.0568680629,0.3665667257
