Instance,INF_avg,INF_sd,INF_r1,INF_kr,INF_sk,SUP_avg,SUP_sd,SUP_r1,SUP_kr,SUP_sk,INC_avg,INC_sd,INC_r1,INC_kr,INC_sk,IND_avg,IND_sd,IND_r1,IND_kr,IND_sk
42,0.1840000000,0.0557135531,0.4250645995,1.3296312042,0.2931045678,0.2600000000,0.0829457654,-0.0000000000,1.9808004327,0.6224296891,0.5560000000,0.0496386946,-0.1307901907,2.9432450666,-1.2621071359,0.1040000000,0.0293938769,-0.6338582677,1.5781893004,-0.3477670622
