Instance,FV_avg_avg,FV_avg_sd,FV_sd_avg,FV_sd_sd,FV_r1_avg,FV_r1_sd,FV_kr_avg,FV_kr_sd,FV_sk_avg,FV_sk_sd,FD_avg_avg,FD_avg_sd,FD_sd_avg,FD_sd_sd,FD_r1_avg,FD_r1_sd,FD_kr_avg,FD_kr_sd,FD_sk_avg,FD_sk_sd,IN_avg_avg,IN_avg_sd,IN_sd_avg,IN_sd_sd,IN_r1_avg,IN_r1_sd,IN_kr_avg,IN_kr_sd,IN_sk_avg,IN_sk_sd
219,0.4996431897,0.3028427446,0.0002243439,0.0001393729,0.8186345489,0.1166898625,2.5712267417,0.8623959857,0.1358019241,0.6263076259,-0.0000019397,0.0000054511,0.0000087898,0.0000054901,-0.0410344730,0.1890701269,2.8014296694,0.5763807483,-0.2766466522,0.4008494381,0.4983400000,0.0164790898,0.0336446116,0.0050521395,-0.0660196249,0.1754995065,2.6501659789,0.5752016042,0.0304102808,0.4124109713
