Instance,INF_avg,INF_sd,INF_r1,INF_kr,INF_sk,SUP_avg,SUP_sd,SUP_r1,SUP_kr,SUP_sk,INC_avg,INC_sd,INC_r1,INC_kr,INC_sk,IND_avg,IND_sd,IND_r1,IND_kr,IND_sk
392,0.3040000000,0.1660843159,0.1968937505,2.0838173782,-0.2206968920,0.2120000000,0.1274990196,-0.1293371667,4.9897816046,1.2800468970,0.4840000000,0.1641462762,0.4736371989,2.4013673473,0.2571716989,0.3960000000,0.1112834219,-0.0362292625,2.0139715161,-0.2694426142
