Instance,FV_avg_avg,FV_avg_sd,FV_sd_avg,FV_sd_sd,FV_r1_avg,FV_r1_sd,FV_kr_avg,FV_kr_sd,FV_sk_avg,FV_sk_sd,FD_avg_avg,FD_avg_sd,FD_sd_avg,FD_sd_sd,FD_r1_avg,FD_r1_sd,FD_kr_avg,FD_kr_sd,FD_sk_avg,FD_sk_sd,IN_avg_avg,IN_avg_sd,IN_sd_avg,IN_sd_sd,IN_r1_avg,IN_r1_sd,IN_kr_avg,IN_kr_sd,IN_sk_avg,IN_sk_sd
308,0.4920142792,0.2999009100,0.0004698590,0.0003445917,0.8064095802,0.1408584230,2.1845752584,0.4787364669,-0.0114783183,0.3851723288,-0.0000029684,0.0000253849,0.0000525261,0.0000327735,0.0481667983,0.1925079239,2.8294607959,0.6612088479,0.1644674047,0.4185112920,0.4839000000,0.0410973235,0.1108971674,0.0147857455,0.0399567457,0.1955244453,2.5995951979,0.4425125223,0.1753013583,0.3103337416
