Instance,INF_avg,INF_sd,INF_r1,INF_kr,INF_sk,SUP_avg,SUP_sd,SUP_r1,SUP_kr,SUP_sk,INC_avg,INC_sd,INC_r1,INC_kr,INC_sk,IND_avg,IND_sd,IND_r1,IND_kr,IND_sk
174,0.2785000000,0.1025317024,0.2230537743,3.0013518137,0.1848618332,0.2790000000,0.1144945414,0.0687738875,2.4220240519,0.0017509390,0.4425000000,0.1181894665,0.0312023085,2.4280413795,0.1701851658,0.2190000000,0.0699213844,0.1499342131,2.4439273910,0.2690337011
