Instance,INF_avg,INF_sd,INF_r1,INF_kr,INF_sk,SUP_avg,SUP_sd,SUP_r1,SUP_kr,SUP_sk,INC_avg,INC_sd,INC_r1,INC_kr,INC_sk,IND_avg,IND_sd,IND_r1,IND_kr,IND_sk
108,0.4314843750,0.1357435533,0.8998248215,1.7968432964,-0.0429539905,0.0998437500,0.0742776082,0.9258639401,2.0794902622,0.5037598763,0.4686718750,0.0730969080,0.6511901718,1.8476848498,-0.2384433863,0.0467968750,0.0117049398,0.1716189699,8.0974711941,1.3030565318
