Instance,INF_avg,INF_sd,INF_r1,INF_kr,INF_sk,SUP_avg,SUP_sd,SUP_r1,SUP_kr,SUP_sk,INC_avg,INC_sd,INC_r1,INC_kr,INC_sk,IND_avg,IND_sd,IND_r1,IND_kr,IND_sk
213,0.2230000000,0.0438292140,0.1183555484,3.1804364539,0.7171843948,0.2280000000,0.0271293199,-0.1963023382,5.2127244802,1.6238648052,0.5490000000,0.0427668096,0.1545744860,2.3278373666,-0.2072602592,0.0670000000,0.0134536240,0.2106757524,2.6805347822,-0.1823329287
