Instance,INF_avg,INF_sd,INF_r1,INF_kr,INF_sk,SUP_avg,SUP_sd,SUP_r1,SUP_kr,SUP_sk,INC_avg,INC_sd,INC_r1,INC_kr,INC_sk,IND_avg,IND_sd,IND_r1,IND_kr,IND_sk
36,0.2260000000,0.0456508488,-0.2904475877,2.5146422243,0.4359216191,0.2860000000,0.0358329457,-0.5558242644,3.9496608146,-0.9764939356,0.4880000000,0.0567097875,-0.5165601395,1.5555803074,0.2495028522,0.1000000000,0.0236643191,0.0714285714,1.9387755102,0.0000000000
