Instance,INF_avg,INF_sd,INF_r1,INF_kr,INF_sk,SUP_avg,SUP_sd,SUP_r1,SUP_kr,SUP_sk,INC_avg,INC_sd,INC_r1,INC_kr,INC_sk,IND_avg,IND_sd,IND_r1,IND_kr,IND_sk
330,0.2880000000,0.0496386946,0.3048075005,2.3436814809,-0.0474859961,0.2848000000,0.0411941743,-0.0184300288,3.5528656958,-0.8283660242,0.4272000000,0.0511092947,-0.0545183668,3.8460945924,-0.0982423103,0.0640000000,0.0200000000,0.1192699491,2.1148000000,-0.4080000000
