Instance,FV_avg_avg,FV_avg_sd,FV_sd_avg,FV_sd_sd,FV_r1_avg,FV_r1_sd,FV_kr_avg,FV_kr_sd,FV_sk_avg,FV_sk_sd,FD_avg_avg,FD_avg_sd,FD_sd_avg,FD_sd_sd,FD_r1_avg,FD_r1_sd,FD_kr_avg,FD_kr_sd,FD_sk_avg,FD_sk_sd,IN_avg_avg,IN_avg_sd,IN_sd_avg,IN_sd_sd,IN_r1_avg,IN_r1_sd,IN_kr_avg,IN_kr_sd,IN_sk_avg,IN_sk_sd
276,0.4975537766,0.3028236343,0.0002220555,0.0001713828,0.5487229470,0.2858229816,2.3888761781,0.5332826104,-0.0013431402,0.6122023411,-0.0000008450,0.0000123248,0.0000119929,0.0000081606,-0.1336554013,0.2572517028,2.2114254245,0.4716626087,0.0210409023,0.4058870101,0.4928000000,0.0274405722,0.0323350668,0.0071671790,-0.1654059778,0.3529027830,2.4053190951,0.4208083839,-0.0361786990,0.5261695263
