Instance,INF_avg,INF_sd,INF_r1,INF_kr,INF_sk,SUP_avg,SUP_sd,SUP_r1,SUP_kr,SUP_sk,INC_avg,INC_sd,INC_r1,INC_kr,INC_sk,IND_avg,IND_sd,IND_r1,IND_kr,IND_sk
98,0.2408000000,0.0564212726,0.1478372058,2.6058997741,0.3440771204,0.2744000000,0.0643788785,0.1309862916,1.8463138090,0.0949137152,0.4848000000,0.0720621954,0.2821008412,2.2291837556,0.3642568685,0.1048000000,0.0272939554,0.0213646961,3.1775959188,-0.0608873154
