Instance,INF_avg,INF_sd,INF_r1,INF_kr,INF_sk,SUP_avg,SUP_sd,SUP_r1,SUP_kr,SUP_sk,INC_avg,INC_sd,INC_r1,INC_kr,INC_sk,IND_avg,IND_sd,IND_r1,IND_kr,IND_sk
1,0.5150000000,0.1180922294,0.9208374823,1.8126343644,-0.0996437831,0.0791549296,0.0512724421,0.8043608005,2.7749151280,0.7293117676,0.4058450704,0.0740621452,0.8473087562,1.8857602277,-0.1113035736,0.0449295775,0.0108281375,0.1535910764,2.6582625416,0.0680466367
