Instance,INF_avg,INF_sd,INF_r1,INF_kr,INF_sk,SUP_avg,SUP_sd,SUP_r1,SUP_kr,SUP_sk,INC_avg,INC_sd,INC_r1,INC_kr,INC_sk,IND_avg,IND_sd,IND_r1,IND_kr,IND_sk
283,0.2600000000,0.0583095189,0.4480519481,1.6280276817,0.3631734744,0.1700000000,0.0244948974,0.0384615385,1.1666666667,0.4082482905,0.5700000000,0.0509901951,0.3650793651,1.9556213018,0.2715454179,0.2600000000,0.0969535971,0.1359447005,3.0377999095,1.3627927530
