Instance,INF_avg,INF_sd,INF_r1,INF_kr,INF_sk,SUP_avg,SUP_sd,SUP_r1,SUP_kr,SUP_sk,INC_avg,INC_sd,INC_r1,INC_kr,INC_sk,IND_avg,IND_sd,IND_r1,IND_kr,IND_sk
147,0.2220000000,0.0389358447,-0.5659777424,1.3553024554,0.0524508040,0.4180000000,0.0607947366,-0.4241848223,2.0763900602,-0.1051013746,0.3600000000,0.0556776436,-0.3755458515,1.9602497399,0.1946689725,0.0560000000,0.0156204994,-0.3893510815,2.0658425155,0.2077975592
