Instance,FV_avg_avg,FV_avg_sd,FV_sd_avg,FV_sd_sd,FV_r1_avg,FV_r1_sd,FV_kr_avg,FV_kr_sd,FV_sk_avg,FV_sk_sd,FD_avg_avg,FD_avg_sd,FD_sd_avg,FD_sd_sd,FD_r1_avg,FD_r1_sd,FD_kr_avg,FD_kr_sd,FD_sk_avg,FD_sk_sd,IN_avg_avg,IN_avg_sd,IN_sd_avg,IN_sd_sd,IN_r1_avg,IN_r1_sd,IN_kr_avg,IN_kr_sd,IN_sk_avg,IN_sk_sd
422,0.4676722001,0.2929451015,0.0151285977,0.0096866472,0.9962272123,0.0015140757,1.9512162048,0.0678555240,0.3955220692,0.1076362290,-0.0000918433,0.0000588947,0.0000422670,0.0000261351,0.9129792464,0.1137836273,2.2577108993,0.1060137010,0.4731801437,0.1557434309,0.2121762737,0.0618195740,0.1284556871,0.0207174665,0.8731377924,0.1741280212,2.5357568769,0.2229219683,0.6703093038,0.2186087801
