Instance,INF_avg,INF_sd,INF_r1,INF_kr,INF_sk,SUP_avg,SUP_sd,SUP_r1,SUP_kr,SUP_sk,INC_avg,INC_sd,INC_r1,INC_kr,INC_sk,IND_avg,IND_sd,IND_r1,IND_kr,IND_sk
359,0.2380000000,0.1181355154,-0.1014551636,2.8031543431,0.5787253183,0.2770000000,0.1448136734,-0.1178904069,2.4391162569,0.3454741029,0.4850000000,0.1395528574,-0.0958867052,2.4289542071,0.1139711986,0.3780000000,0.1213095215,0.0362418735,2.7990219608,-0.0437465815
