Instance,FV_avg_avg,FV_avg_sd,FV_sd_avg,FV_sd_sd,FV_r1_avg,FV_r1_sd,FV_kr_avg,FV_kr_sd,FV_sk_avg,FV_sk_sd,FD_avg_avg,FD_avg_sd,FD_sd_avg,FD_sd_sd,FD_r1_avg,FD_r1_sd,FD_kr_avg,FD_kr_sd,FD_sk_avg,FD_sk_sd,IN_avg_avg,IN_avg_sd,IN_sd_avg,IN_sd_sd,IN_r1_avg,IN_r1_sd,IN_kr_avg,IN_kr_sd,IN_sk_avg,IN_sk_sd
477,0.4999824710,0.3039347805,0.0017590130,0.0011943307,0.9108614102,0.0651690253,2.4069521994,0.7458935920,-0.2215046746,0.5128071849,0.0000159312,0.0000701050,0.0001062267,0.0000651757,0.1536128161,0.1498208030,2.8547215388,0.5825585902,-0.0156957827,0.2359383718,0.5084600000,0.0317120230,0.0765116927,0.0091398516,0.0983638669,0.1567304502,3.0098333134,0.8205583898,-0.0815098502,0.3422889673
