Instance,INF_avg,INF_sd,INF_r1,INF_kr,INF_sk,SUP_avg,SUP_sd,SUP_r1,SUP_kr,SUP_sk,INC_avg,INC_sd,INC_r1,INC_kr,INC_sk,IND_avg,IND_sd,IND_r1,IND_kr,IND_sk
374,0.3110000000,0.0142828569,-0.5388711395,1.8370818916,0.7248508670,0.3120000000,0.0341467422,-0.3761871263,1.2426718723,0.2472931040,0.3770000000,0.0274954542,-0.2954123575,1.7592802553,0.2817204509,0.0340000000,0.0086023253,0.0108401084,2.6519357195,1.0179522960
