Instance,INF_avg,INF_sd,INF_r1,INF_kr,INF_sk,SUP_avg,SUP_sd,SUP_r1,SUP_kr,SUP_sk,INC_avg,INC_sd,INC_r1,INC_kr,INC_sk,IND_avg,IND_sd,IND_r1,IND_kr,IND_sk
69,0.3624324324,0.0879159736,0.3887389928,3.5211174964,0.7231070662,0.1489189189,0.0776786097,0.6124953500,3.4701139773,0.6649717569,0.4886486486,0.0691321555,0.0478811275,3.6883385109,0.4970204794,0.1110810811,0.0338744729,0.2172946425,4.0712350692,0.5995379698
