Instance,FV_avg_avg,FV_avg_sd,FV_sd_avg,FV_sd_sd,FV_r1_avg,FV_r1_sd,FV_kr_avg,FV_kr_sd,FV_sk_avg,FV_sk_sd,FD_avg_avg,FD_avg_sd,FD_sd_avg,FD_sd_sd,FD_r1_avg,FD_r1_sd,FD_kr_avg,FD_kr_sd,FD_sk_avg,FD_sk_sd,IN_avg_avg,IN_avg_sd,IN_sd_avg,IN_sd_sd,IN_r1_avg,IN_r1_sd,IN_kr_avg,IN_kr_sd,IN_sk_avg,IN_sk_sd
328,0.4934813693,0.3001300393,0.0022996264,0.0019599204,0.8968769586,0.0887881285,2.4369012687,0.6061204136,0.0643659570,0.5406305430,0.0000041569,0.0000780451,0.0001228792,0.0000770081,0.0619848100,0.1430465868,2.8955284437,0.7084858328,-0.0925030599,0.3172448583,0.4987000000,0.0330587054,0.0732837633,0.0063970330,0.0616182645,0.1357979866,2.9455966410,0.6094028121,-0.0640491476,0.2572891782
