Instance,FV_avg_avg,FV_avg_sd,FV_sd_avg,FV_sd_sd,FV_r1_avg,FV_r1_sd,FV_kr_avg,FV_kr_sd,FV_sk_avg,FV_sk_sd,FD_avg_avg,FD_avg_sd,FD_sd_avg,FD_sd_sd,FD_r1_avg,FD_r1_sd,FD_kr_avg,FD_kr_sd,FD_sk_avg,FD_sk_sd,IN_avg_avg,IN_avg_sd,IN_sd_avg,IN_sd_sd,IN_r1_avg,IN_r1_sd,IN_kr_avg,IN_kr_sd,IN_sk_avg,IN_sk_sd
294,0.4988165283,0.3035895843,0.0018531818,0.0012826522,0.9413676097,0.0305034858,2.3364829692,0.4598942720,-0.0575903982,0.4219505077,-0.0000052799,0.0000433526,0.0001293327,0.0000772728,-0.0077388360,0.0980725048,2.8555554998,0.4537384898,0.0013290474,0.2311182578,0.4899250000,0.0341149802,0.1180085801,0.0063156567,0.0030043185,0.1085409716,2.8902068013,0.3175133175,0.0489151109,0.1849882929
