Instance,FV_avg_avg,FV_avg_sd,FV_sd_avg,FV_sd_sd,FV_r1_avg,FV_r1_sd,FV_kr_avg,FV_kr_sd,FV_sk_avg,FV_sk_sd,FD_avg_avg,FD_avg_sd,FD_sd_avg,FD_sd_sd,FD_r1_avg,FD_r1_sd,FD_kr_avg,FD_kr_sd,FD_sk_avg,FD_sk_sd,IN_avg_avg,IN_avg_sd,IN_sd_avg,IN_sd_sd,IN_r1_avg,IN_r1_sd,IN_kr_avg,IN_kr_sd,IN_sk_avg,IN_sk_sd
385,0.4973679754,0.3029232749,0.0000657898,0.0000566079,0.1685034056,0.4214044661,1.9004925367,0.5351827899,0.0506393092,0.5514197929,0.0000005337,0.0000070153,0.0000127557,0.0000088433,-0.3084794552,0.3604517431,1.9653305517,0.4549195102,0.0950140177,0.5818628110,0.5085000000,0.0469334635,0.0893937435,0.0275455737,-0.3095816275,0.3292243186,1.9903317881,0.4313171940,-0.0413266471,0.4660045565
