Instance,FV_avg_avg,FV_avg_sd,FV_sd_avg,FV_sd_sd,FV_r1_avg,FV_r1_sd,FV_kr_avg,FV_kr_sd,FV_sk_avg,FV_sk_sd,FD_avg_avg,FD_avg_sd,FD_sd_avg,FD_sd_sd,FD_r1_avg,FD_r1_sd,FD_kr_avg,FD_kr_sd,FD_sk_avg,FD_sk_sd,IN_avg_avg,IN_avg_sd,IN_sd_avg,IN_sd_sd,IN_r1_avg,IN_r1_sd,IN_kr_avg,IN_kr_sd,IN_sk_avg,IN_sk_sd
441,0.4898677546,0.2976527819,0.0017841359,0.0013768091,0.8072271658,0.1277188871,2.4637510864,0.9225807687,0.1491507544,0.6094464216,-0.0000116122,0.0000703803,0.0000885666,0.0000567327,-0.0088941453,0.1832379503,2.7107661114,0.6514183018,0.0772464890,0.4049191683,0.4921400000,0.0356624789,0.0471645719,0.0069073263,0.0088838694,0.1802001645,2.5494682123,0.3979943120,0.1365349936,0.3631280581
