Instance,FV_avg_avg,FV_avg_sd,FV_sd_avg,FV_sd_sd,FV_r1_avg,FV_r1_sd,FV_kr_avg,FV_kr_sd,FV_sk_avg,FV_sk_sd,FD_avg_avg,FD_avg_sd,FD_sd_avg,FD_sd_sd,FD_r1_avg,FD_r1_sd,FD_kr_avg,FD_kr_sd,FD_sk_avg,FD_sk_sd,IN_avg_avg,IN_avg_sd,IN_sd_avg,IN_sd_sd,IN_r1_avg,IN_r1_sd,IN_kr_avg,IN_kr_sd,IN_sk_avg,IN_sk_sd
453,0.4980753896,0.3031355159,0.0001612986,0.0001117886,0.0842577640,0.4388743608,1.9500529233,0.4341519313,-0.1496277811,0.5331439171,-0.0000028948,0.0000191352,0.0000264769,0.0000200329,-0.1239560071,0.4070046635,2.0530601257,0.5395960290,-0.3023928041,0.6543689330,0.5000000000,0.0521536192,0.0868259554,0.0352314273,-0.2262319373,0.3934745135,1.9032637837,0.4776296783,0.1625151349,0.5842523360
