Instance,INF_avg,INF_sd,INF_r1,INF_kr,INF_sk,SUP_avg,SUP_sd,SUP_r1,SUP_kr,SUP_sk,INC_avg,INC_sd,INC_r1,INC_kr,INC_sk,IND_avg,IND_sd,IND_r1,IND_kr,IND_sk
341,0.2760000000,0.0489080770,0.3089100873,1.9496705853,0.3532666385,0.2660000000,0.0484974226,-0.2789208230,2.4366583368,0.5285363980,0.4580000000,0.0600000000,0.0451649175,1.8625777778,0.4246666667,0.0508000000,0.0205757138,-0.2298551689,2.8140855234,0.4159627328
