Instance,INF_avg,INF_sd,INF_r1,INF_kr,INF_sk,SUP_avg,SUP_sd,SUP_r1,SUP_kr,SUP_sk,INC_avg,INC_sd,INC_r1,INC_kr,INC_sk,IND_avg,IND_sd,IND_r1,IND_kr,IND_sk
468,0.2477000000,0.0333273161,-0.0176768329,2.8644837630,0.0238692060,0.2651500000,0.0389323452,0.2986997212,3.1984191426,0.4962507922,0.4871500000,0.0412689653,0.1059368427,2.4190590374,-0.0840684448,0.0376500000,0.0110103361,0.0955284953,2.7163566442,-0.0120758070
