Instance,FV_avg_avg,FV_avg_sd,FV_sd_avg,FV_sd_sd,FV_r1_avg,FV_r1_sd,FV_kr_avg,FV_kr_sd,FV_sk_avg,FV_sk_sd,FD_avg_avg,FD_avg_sd,FD_sd_avg,FD_sd_sd,FD_r1_avg,FD_r1_sd,FD_kr_avg,FD_kr_sd,FD_sk_avg,FD_sk_sd,IN_avg_avg,IN_avg_sd,IN_sd_avg,IN_sd_sd,IN_r1_avg,IN_r1_sd,IN_kr_avg,IN_kr_sd,IN_sk_avg,IN_sk_sd
245,0.5010197712,0.3034074562,0.0007525004,0.0004985693,0.8799560699,0.0690227257,2.4021893646,0.6385431956,0.0607118908,0.4463379720,-0.0000036771,0.0000218816,0.0000344314,0.0000214686,0.0051252394,0.1339808932,2.7937398691,0.4543867051,-0.0282458966,0.3015940958,0.4958400000,0.0238218051,0.0508626713,0.0046480818,-0.0305029271,0.1084119373,2.4964843037,0.4208404774,-0.0428679828,0.2079234792
