Instance,INF_avg,INF_sd,INF_r1,INF_kr,INF_sk,SUP_avg,SUP_sd,SUP_r1,SUP_kr,SUP_sk,INC_avg,INC_sd,INC_r1,INC_kr,INC_sk,IND_avg,IND_sd,IND_r1,IND_kr,IND_sk
491,0.2716000000,0.0320848874,-0.4770389560,2.6978709370,0.0540303005,0.2794000000,0.0382444767,-0.0321438378,3.2786532923,0.0510917987,0.4490000000,0.0449221549,-0.0687234802,3.3876739670,0.4838234172,0.0320000000,0.0072111026,0.1828478964,2.2248520710,0.2400145080
