Instance,INF_avg,INF_sd,INF_r1,INF_kr,INF_sk,SUP_avg,SUP_sd,SUP_r1,SUP_kr,SUP_sk,INC_avg,INC_sd,INC_r1,INC_kr,INC_sk,IND_avg,IND_sd,IND_r1,IND_kr,IND_sk
224,0.4349130435,0.1271732516,0.9373376225,1.8256504756,-0.0314022621,0.0900434783,0.0810997659,0.8855549690,3.2019434130,1.0318200488,0.4750434783,0.0657018816,0.6917037123,2.5790290735,-0.3561246325,0.0476956522,0.0102847916,0.1884544277,2.3579625850,0.0849253360
