Instance,INF_avg,INF_sd,INF_r1,INF_kr,INF_sk,SUP_avg,SUP_sd,SUP_r1,SUP_kr,SUP_sk,INC_avg,INC_sd,INC_r1,INC_kr,INC_sk,IND_avg,IND_sd,IND_r1,IND_kr,IND_sk
476,0.2313500000,0.0328546420,0.2146004296,2.7294335796,-0.1390949517,0.3119500000,0.0383594512,0.2783006671,3.1585769982,0.1123835376,0.4567000000,0.0373243888,0.0834804433,2.9529122376,0.3021372821,0.0332500000,0.0112110437,-0.0670768144,2.4535855876,0.0365262838
