Instance,FV_avg_avg,FV_avg_sd,FV_sd_avg,FV_sd_sd,FV_r1_avg,FV_r1_sd,FV_kr_avg,FV_kr_sd,FV_sk_avg,FV_sk_sd,FD_avg_avg,FD_avg_sd,FD_sd_avg,FD_sd_sd,FD_r1_avg,FD_r1_sd,FD_kr_avg,FD_kr_sd,FD_sk_avg,FD_sk_sd,IN_avg_avg,IN_avg_sd,IN_sd_avg,IN_sd_sd,IN_r1_avg,IN_r1_sd,IN_kr_avg,IN_kr_sd,IN_sk_avg,IN_sk_sd
404,0.5015075716,0.3046022010,0.0004375807,0.0003365674,0.8264689999,0.1013757372,2.3567285072,0.8368488762,0.0298613531,0.5213802950,-0.0000071908,0.0000216311,0.0000667136,0.0000442429,-0.0398361983,0.1400689296,2.6405581112,0.7126300326,-0.0269007454,0.4032499208,0.4830000000,0.0438520239,0.1376314810,0.0185896592,-0.0133641844,0.2257056297,2.5759838349,0.5840222896,0.0221489630,0.4073921225
