Instance,FV_avg_avg,FV_avg_sd,FV_sd_avg,FV_sd_sd,FV_r1_avg,FV_r1_sd,FV_kr_avg,FV_kr_sd,FV_sk_avg,FV_sk_sd,FD_avg_avg,FD_avg_sd,FD_sd_avg,FD_sd_sd,FD_r1_avg,FD_r1_sd,FD_kr_avg,FD_kr_sd,FD_sk_avg,FD_sk_sd,IN_avg_avg,IN_avg_sd,IN_sd_avg,IN_sd_sd,IN_r1_avg,IN_r1_sd,IN_kr_avg,IN_kr_sd,IN_sk_avg,IN_sk_sd
416,0.4994481328,0.3034970898,0.0001911328,0.0001536002,-0.0598829427,0.5292068963,1.9455683960,0.4412794495,0.0303993771,0.4849445236,0.0000013052,0.0000290144,0.0000549823,0.0000391382,-0.2684909345,0.3378894632,2.0932039970,0.4972881317,-0.0881852820,0.6432444845,0.4980000000,0.0731846979,0.1334883395,0.0618131315,-0.3147068459,0.4091846987,1.9898137282,0.5062233082,-0.2202873304,0.5674749708
