Instance,INF_avg,INF_sd,INF_r1,INF_kr,INF_sk,SUP_avg,SUP_sd,SUP_r1,SUP_kr,SUP_sk,INC_avg,INC_sd,INC_r1,INC_kr,INC_sk,IND_avg,IND_sd,IND_r1,IND_kr,IND_sk
115,0.3000000000,0.1414213562,0.6666666667,2.2625000000,0.7954951288,0.3200000000,0.0678232998,0.0265486726,2.9310018904,1.1731251294,0.3800000000,0.1568438714,0.2439372325,1.7813801309,-0.0171057167,0.1500000000,0.0447213595,0.6666666667,1.2500000000,0.0000000000
