Instance,FV_avg_avg,FV_avg_sd,FV_sd_avg,FV_sd_sd,FV_r1_avg,FV_r1_sd,FV_kr_avg,FV_kr_sd,FV_sk_avg,FV_sk_sd,FD_avg_avg,FD_avg_sd,FD_sd_avg,FD_sd_sd,FD_r1_avg,FD_r1_sd,FD_kr_avg,FD_kr_sd,FD_sk_avg,FD_sk_sd,IN_avg_avg,IN_avg_sd,IN_sd_avg,IN_sd_sd,IN_r1_avg,IN_r1_sd,IN_kr_avg,IN_kr_sd,IN_sk_avg,IN_sk_sd
316,0.5019986477,0.3035790147,0.0016626015,0.0011412966,0.8486660302,0.1320123233,2.4910634100,0.5764555558,0.0990685670,0.4497467650,0.0000066391,0.0000926809,0.0000661362,0.0000374483,0.2743884227,0.2381551652,2.8574370200,0.6687834571,0.0207877064,0.2708875061,0.5044550000,0.0364741755,0.0412891973,0.0079977927,0.1811856131,0.2165326797,2.8989852346,0.6377065068,0.1412027627,0.2718406640
