Instance,FV_avg_avg,FV_avg_sd,FV_sd_avg,FV_sd_sd,FV_r1_avg,FV_r1_sd,FV_kr_avg,FV_kr_sd,FV_sk_avg,FV_sk_sd,FD_avg_avg,FD_avg_sd,FD_sd_avg,FD_sd_sd,FD_r1_avg,FD_r1_sd,FD_kr_avg,FD_kr_sd,FD_sk_avg,FD_sk_sd,IN_avg_avg,IN_avg_sd,IN_sd_avg,IN_sd_sd,IN_r1_avg,IN_r1_sd,IN_kr_avg,IN_kr_sd,IN_sk_avg,IN_sk_sd
397,0.4961003719,0.3020243791,0.0003163157,0.0002708013,0.8104507867,0.1514431306,2.3090293310,0.6669797962,0.0325568736,0.4771084386,-0.0000022767,0.0000120998,0.0000453233,0.0000277139,-0.0555534813,0.2026623110,2.9417802804,0.5833849369,0.0170267887,0.4350215346,0.4924000000,0.0383437087,0.1437258987,0.0222455849,-0.0577668950,0.2038563089,3.1026097390,0.6043550934,-0.0936102035,0.4944099015
