Instance,INF_avg,INF_sd,INF_r1,INF_kr,INF_sk,SUP_avg,SUP_sd,SUP_r1,SUP_kr,SUP_sk,INC_avg,INC_sd,INC_r1,INC_kr,INC_sk,IND_avg,IND_sd,IND_r1,IND_kr,IND_sk
178,0.3200000000,0.0521536192,-0.1531531532,2.1161332180,0.6851929864,0.1780000000,0.0240000000,0.8387096774,2.0781250000,0.8437500000,0.5020000000,0.0444522215,-0.4995925020,2.4719385664,-0.1327905289,0.0620000000,0.0278567766,0.2184154176,1.3296312042,0.2931045678
