Instance,INF_avg,INF_sd,INF_r1,INF_kr,INF_sk,SUP_avg,SUP_sd,SUP_r1,SUP_kr,SUP_sk,INC_avg,INC_sd,INC_r1,INC_kr,INC_sk,IND_avg,IND_sd,IND_r1,IND_kr,IND_sk
249,0.3716000000,0.0937520133,0.8202869583,2.1263073259,0.2197093531,0.1090000000,0.0744378936,0.8153253208,2.5083050239,0.6111714467,0.5194000000,0.0503749938,0.4158837503,2.6121507371,-0.0126103936,0.0782000000,0.0200688814,0.1306420952,2.0886592315,-0.0197037152
