Instance,FV_avg_avg,FV_avg_sd,FV_sd_avg,FV_sd_sd,FV_r1_avg,FV_r1_sd,FV_kr_avg,FV_kr_sd,FV_sk_avg,FV_sk_sd,FD_avg_avg,FD_avg_sd,FD_sd_avg,FD_sd_sd,FD_r1_avg,FD_r1_sd,FD_kr_avg,FD_kr_sd,FD_sk_avg,FD_sk_sd,IN_avg_avg,IN_avg_sd,IN_sd_avg,IN_sd_sd,IN_r1_avg,IN_r1_sd,IN_kr_avg,IN_kr_sd,IN_sk_avg,IN_sk_sd
210,0.4997472115,0.3036287178,0.0003609700,0.0003213713,0.2299584923,0.4701326964,2.1130562076,0.4134833935,-0.0233348794,0.6215554291,-0.0000150686,0.0000506205,0.0000345266,0.0000266232,-0.2612690584,0.3282267629,1.9834821456,0.4229389120,-0.1237302518,0.5072899075,0.4897000000,0.0379487813,0.0398198864,0.0216604858,-0.2090139408,0.4836479038,1.9679606822,0.4819196338,-0.1094746766,0.5663839716
