Instance,INF_avg,INF_sd,INF_r1,INF_kr,INF_sk,SUP_avg,SUP_sd,SUP_r1,SUP_kr,SUP_sk,INC_avg,INC_sd,INC_r1,INC_kr,INC_sk,IND_avg,IND_sd,IND_r1,IND_kr,IND_sk
146,0.3740697674,0.1032312589,0.8163562981,2.4703980256,0.0374137576,0.1160465116,0.0794791046,0.8812954410,2.3653945830,0.7208057712,0.5098837209,0.0504051997,0.3369132546,3.7428367179,-0.4464329575,0.0715116279,0.0196786652,0.2574762822,3.1874599099,0.6220556648
