Instance,FV_avg_avg,FV_avg_sd,FV_sd_avg,FV_sd_sd,FV_r1_avg,FV_r1_sd,FV_kr_avg,FV_kr_sd,FV_sk_avg,FV_sk_sd,FD_avg_avg,FD_avg_sd,FD_sd_avg,FD_sd_sd,FD_r1_avg,FD_r1_sd,FD_kr_avg,FD_kr_sd,FD_sk_avg,FD_sk_sd,IN_avg_avg,IN_avg_sd,IN_sd_avg,IN_sd_sd,IN_r1_avg,IN_r1_sd,IN_kr_avg,IN_kr_sd,IN_sk_avg,IN_sk_sd
430,0.4960877322,0.3012031961,0.0023591914,0.0017240638,0.8856752152,0.0861124988,2.3948409327,0.6804110616,-0.1064746943,0.4906383182,0.0000206291,0.0000634566,0.0000890121,0.0000538742,0.1104192779,0.1654487831,2.8709984582,0.5522497195,0.1452805381,0.3847630189,0.5078700000,0.0278650516,0.0521244920,0.0043748522,0.0455877517,0.1446221061,2.8487238771,0.6301932005,0.0832446108,0.3586583543
