Instance,INF_avg,INF_sd,INF_r1,INF_kr,INF_sk,SUP_avg,SUP_sd,SUP_r1,SUP_kr,SUP_sk,INC_avg,INC_sd,INC_r1,INC_kr,INC_sk,IND_avg,IND_sd,IND_r1,IND_kr,IND_sk
354,0.2560000000,0.0407921561,-0.5413533835,2.7045118343,-1.0013237284,0.2040000000,0.0293938769,0.4295302013,1.5781893004,-0.3477670622,0.5400000000,0.0521536192,-0.1176470588,2.8460207612,1.2181208646,0.1600000000,0.0606630036,-0.6666666667,1.7816635161,0.6450461153
