Instance,INF_avg,INF_sd,INF_r1,INF_kr,INF_sk,SUP_avg,SUP_sd,SUP_r1,SUP_kr,SUP_sk,INC_avg,INC_sd,INC_r1,INC_kr,INC_sk,IND_avg,IND_sd,IND_r1,IND_kr,IND_sk
500,0.2570000000,0.0619919350,0.0895042764,2.8107381386,0.1583898212,0.2230000000,0.0557404700,0.0650318695,3.1069373236,0.2776789108,0.5200000000,0.0713302180,0.0574350905,3.1669039991,-0.0000000000,0.1182000000,0.0353377985,0.1388477048,3.3883687170,0.5064566404
