Instance,FV_avg_avg,FV_avg_sd,FV_sd_avg,FV_sd_sd,FV_r1_avg,FV_r1_sd,FV_kr_avg,FV_kr_sd,FV_sk_avg,FV_sk_sd,FD_avg_avg,FD_avg_sd,FD_sd_avg,FD_sd_sd,FD_r1_avg,FD_r1_sd,FD_kr_avg,FD_kr_sd,FD_sk_avg,FD_sk_sd,IN_avg_avg,IN_avg_sd,IN_sd_avg,IN_sd_sd,IN_r1_avg,IN_r1_sd,IN_kr_avg,IN_kr_sd,IN_sk_avg,IN_sk_sd
381,0.4490599197,0.2730042648,0.0226555248,0.0137795473,0.9863552906,0.0051501313,2.1735601489,0.1240129563,0.6203388015,0.0948661626,-0.0004291849,0.0002586587,0.0001958471,0.0001194798,0.9406476984,0.0134962710,2.2617740077,0.1947057527,0.6032529699,0.1065864153,0.1752010699,0.0225455758,0.1417988574,0.0065439708,0.9201468663,0.0138516205,2.5834996329,0.3479534126,0.8253207299,0.1591010635
