Instance,INF_avg,INF_sd,INF_r1,INF_kr,INF_sk,SUP_avg,SUP_sd,SUP_r1,SUP_kr,SUP_sk,INC_avg,INC_sd,INC_r1,INC_kr,INC_sk,IND_avg,IND_sd,IND_r1,IND_kr,IND_sk
114,0.2432000000,0.0663758992,-0.2867387519,2.6638653966,0.3323525227,0.2928000000,0.0584821340,-0.0947345936,2.4597018538,-0.1807399825,0.4640000000,0.0840951842,-0.3029041530,2.7675006654,0.1439868098,0.1024000000,0.0278969532,-0.4162226813,2.2868956674,-0.4798203661
