Instance,INF_avg,INF_sd,INF_r1,INF_kr,INF_sk,SUP_avg,SUP_sd,SUP_r1,SUP_kr,SUP_sk,INC_avg,INC_sd,INC_r1,INC_kr,INC_sk,IND_avg,IND_sd,IND_r1,IND_kr,IND_sk
96,0.2771000000,0.0478444354,0.4711803801,2.5998599777,0.4860013306,0.2187000000,0.0418904524,0.4763985532,2.5174615940,0.0039240490,0.5042000000,0.0366245819,-0.0935185163,3.3283652647,-0.3183647251,0.0425000000,0.0092870878,0.1606864275,2.0888468809,0.0374526541
