Instance,INF_avg,INF_sd,INF_r1,INF_kr,INF_sk,SUP_avg,SUP_sd,SUP_r1,SUP_kr,SUP_sk,INC_avg,INC_sd,INC_r1,INC_kr,INC_sk,IND_avg,IND_sd,IND_r1,IND_kr,IND_sk
484,0.2700000000,0.1615549442,-0.1202068074,2.3155414630,0.4923416629,0.3000000000,0.1897366596,0.0000000000,1.7592592593,0.0000000000,0.4300000000,0.1791647287,0.3577981651,2.1329082598,-0.3505362846,0.3200000000,0.1400000000,-0.3080684597,1.8521449396,-0.3586005831
