Instance,INF_avg,INF_sd,INF_r1,INF_kr,INF_sk,SUP_avg,SUP_sd,SUP_r1,SUP_kr,SUP_sk,INC_avg,INC_sd,INC_r1,INC_kr,INC_sk,IND_avg,IND_sd,IND_r1,IND_kr,IND_sk
379,0.4020744681,0.1001884118,0.7123218946,2.3728038760,0.0311596689,0.1101595745,0.0795831966,0.8616473462,2.9269022774,0.8455841192,0.4877659574,0.0558427552,0.0980548871,2.7716504373,-0.0228692136,0.0708510638,0.0194421988,0.1322704045,2.7548216286,0.2319310501
