Instance,INF_avg,INF_sd,INF_r1,INF_kr,INF_sk,SUP_avg,SUP_sd,SUP_r1,SUP_kr,SUP_sk,INC_avg,INC_sd,INC_r1,INC_kr,INC_sk,IND_avg,IND_sd,IND_r1,IND_kr,IND_sk
86,0.2252000000,0.0534879426,-0.2659912326,2.5843417913,0.4236407532,0.2504000000,0.0582738363,0.0906024498,2.6950459259,0.3240455494,0.5244000000,0.0632822250,-0.1031562697,2.2495619525,-0.0921245323,0.1196000000,0.0390875939,0.0389874552,2.7272759545,0.3655998337
