Instance,INF_avg,INF_sd,INF_r1,INF_kr,INF_sk,SUP_avg,SUP_sd,SUP_r1,SUP_kr,SUP_sk,INC_avg,INC_sd,INC_r1,INC_kr,INC_sk,IND_avg,IND_sd,IND_r1,IND_kr,IND_sk
468,0.3100000000,0.1445683229,-0.1630269172,1.5992536801,-0.1747489172,0.1700000000,0.1100000000,-0.5762273902,2.7441431596,0.6130728775,0.5200000000,0.1720465053,-0.3429438543,3.0628195763,0.7493259957,0.3400000000,0.1280624847,-0.4339152120,2.3837001785,0.6513588606
