Instance,INF_avg,INF_sd,INF_r1,INF_kr,INF_sk,SUP_avg,SUP_sd,SUP_r1,SUP_kr,SUP_sk,INC_avg,INC_sd,INC_r1,INC_kr,INC_sk,IND_avg,IND_sd,IND_r1,IND_kr,IND_sk
477,0.4425352113,0.1159737502,0.8296891476,2.4446453521,-0.3350126005,0.1138028169,0.1013203843,0.8948976931,2.9966436627,1.0449841167,0.4436619718,0.0567485046,0.4378504848,4.1424213047,0.4624593569,0.0640845070,0.0211352096,0.0941037317,3.5838364628,0.4677443723
