Instance,INF_avg,INF_sd,INF_r1,INF_kr,INF_sk,SUP_avg,SUP_sd,SUP_r1,SUP_kr,SUP_sk,INC_avg,INC_sd,INC_r1,INC_kr,INC_sk,IND_avg,IND_sd,IND_r1,IND_kr,IND_sk
495,0.4160000000,0.0889044431,-0.0692271219,2.4866904883,1.0344546138,0.3160000000,0.0897997773,0.3290043290,2.1339285714,-0.7301958931,0.2680000000,0.0483321839,0.1046831956,2.8430287108,1.1427763503,0.0880000000,0.0348711915,-0.5256797583,1.7957063712,0.0543353054
