Instance,INF_avg,INF_sd,INF_r1,INF_kr,INF_sk,SUP_avg,SUP_sd,SUP_r1,SUP_kr,SUP_sk,INC_avg,INC_sd,INC_r1,INC_kr,INC_sk,IND_avg,IND_sd,IND_r1,IND_kr,IND_sk
97,0.2386000000,0.0627538047,-0.1142264164,3.2982268713,0.4628491232,0.2868000000,0.0762742420,0.0568804331,3.5873197674,0.2149955799,0.4746000000,0.0703053341,0.0987335671,3.8016453480,-0.0792169579,0.1056000000,0.0363406109,-0.2966810014,2.8209472815,0.4808554835
