Instance,FV_avg_avg,FV_avg_sd,FV_sd_avg,FV_sd_sd,FV_r1_avg,FV_r1_sd,FV_kr_avg,FV_kr_sd,FV_sk_avg,FV_sk_sd,FD_avg_avg,FD_avg_sd,FD_sd_avg,FD_sd_sd,FD_r1_avg,FD_r1_sd,FD_kr_avg,FD_kr_sd,FD_sk_avg,FD_sk_sd,IN_avg_avg,IN_avg_sd,IN_sd_avg,IN_sd_sd,IN_r1_avg,IN_r1_sd,IN_kr_avg,IN_kr_sd,IN_sk_avg,IN_sk_sd
115,0.4946239806,0.3000374767,0.0010254383,0.0009839472,0.1456748942,0.3406474554,2.1356316739,0.5821783172,0.0547920581,0.7500683949,-0.0000269505,0.0002459713,0.0003037129,0.0001774586,-0.2534174437,0.3592687195,1.9187593815,0.5010325700,0.0577770311,0.6035694271,0.5000000000,0.0740270221,0.1261200170,0.0448747290,-0.1795353548,0.3470506106,2.1215398579,0.4292651321,0.0545798241,0.5793657025
