Instance,FV_avg_avg,FV_avg_sd,FV_sd_avg,FV_sd_sd,FV_r1_avg,FV_r1_sd,FV_kr_avg,FV_kr_sd,FV_sk_avg,FV_sk_sd,FD_avg_avg,FD_avg_sd,FD_sd_avg,FD_sd_sd,FD_r1_avg,FD_r1_sd,FD_kr_avg,FD_kr_sd,FD_sk_avg,FD_sk_sd,IN_avg_avg,IN_avg_sd,IN_sd_avg,IN_sd_sd,IN_r1_avg,IN_r1_sd,IN_kr_avg,IN_kr_sd,IN_sk_avg,IN_sk_sd
92,0.4995447217,0.3032109267,0.0003943887,0.0002541576,0.9400144234,0.0356545972,2.3967389429,0.5674255346,-0.0528554025,0.3745594262,-0.0000009072,0.0000054660,0.0000177168,0.0000112157,-0.0295084141,0.0945909388,2.8948594697,0.5369611353,-0.0145534314,0.2612281688,0.4979800000,0.0181004862,0.0712231869,0.0048527985,-0.0166064076,0.0981389221,2.8466257862,0.5045003342,0.0215656836,0.2335978705
