Instance,INF_avg,INF_sd,INF_r1,INF_kr,INF_sk,SUP_avg,SUP_sd,SUP_r1,SUP_kr,SUP_sk,INC_avg,INC_sd,INC_r1,INC_kr,INC_sk,IND_avg,IND_sd,IND_r1,IND_kr,IND_sk
253,0.2554500000,0.0412255685,0.1662202281,2.6301979565,0.3447418053,0.2158000000,0.0376544818,0.2571533513,2.7508521585,0.0866591012,0.5287500000,0.0416795813,0.0612197120,2.7582964941,0.1027226132,0.0387500000,0.0117553179,0.0114121037,3.0708521043,0.5595204315
