Instance,INF_avg,INF_sd,INF_r1,INF_kr,INF_sk,SUP_avg,SUP_sd,SUP_r1,SUP_kr,SUP_sk,INC_avg,INC_sd,INC_r1,INC_kr,INC_sk,IND_avg,IND_sd,IND_r1,IND_kr,IND_sk
379,0.4434016393,0.1030443689,0.8820619297,2.0274347122,-0.2442109754,0.0888934426,0.0723606980,0.9314698269,2.7419083511,0.8896454652,0.4677049180,0.0493716565,0.5081940627,2.7361608954,-0.0772768832,0.0447745902,0.0134076383,0.2962066760,3.0808369735,0.3465245566
