Instance,INF_avg,INF_sd,INF_r1,INF_kr,INF_sk,SUP_avg,SUP_sd,SUP_r1,SUP_kr,SUP_sk,INC_avg,INC_sd,INC_r1,INC_kr,INC_sk,IND_avg,IND_sd,IND_r1,IND_kr,IND_sk
55,0.2315000000,0.0963470290,0.0807328337,2.9518412791,0.5397953218,0.2695000000,0.1126709812,0.1519357511,2.8566724586,0.2752457594,0.4990000000,0.1206192356,0.0734241493,2.5903693823,-0.1389557767,0.2265000000,0.0694460222,-0.0316386707,2.5944940108,0.3634642838
