Instance,FV_avg_avg,FV_avg_sd,FV_sd_avg,FV_sd_sd,FV_r1_avg,FV_r1_sd,FV_kr_avg,FV_kr_sd,FV_sk_avg,FV_sk_sd,FD_avg_avg,FD_avg_sd,FD_sd_avg,FD_sd_sd,FD_r1_avg,FD_r1_sd,FD_kr_avg,FD_kr_sd,FD_sk_avg,FD_sk_sd,IN_avg_avg,IN_avg_sd,IN_sd_avg,IN_sd_sd,IN_r1_avg,IN_r1_sd,IN_kr_avg,IN_kr_sd,IN_sk_avg,IN_sk_sd
113,0.4946570123,0.3005041568,0.0011007047,0.0007703262,0.4589749222,0.3263442834,2.1343903675,0.7887922893,-0.1215532770,0.5091919928,0.0000648325,0.0001457499,0.0002955818,0.0001751764,-0.2218100124,0.2439855169,2.3954987119,0.6265251970,-0.0715014751,0.5551508821,0.5170000000,0.0570175412,0.1593749541,0.0382050259,-0.1123393667,0.2670188082,2.4875082470,0.7946980851,-0.0497775775,0.5224599587
