Instance,FV_avg_avg,FV_avg_sd,FV_sd_avg,FV_sd_sd,FV_r1_avg,FV_r1_sd,FV_kr_avg,FV_kr_sd,FV_sk_avg,FV_sk_sd,FD_avg_avg,FD_avg_sd,FD_sd_avg,FD_sd_sd,FD_r1_avg,FD_r1_sd,FD_kr_avg,FD_kr_sd,FD_sk_avg,FD_sk_sd,IN_avg_avg,IN_avg_sd,IN_sd_avg,IN_sd_sd,IN_r1_avg,IN_r1_sd,IN_kr_avg,IN_kr_sd,IN_sk_avg,IN_sk_sd
149,0.4972101424,0.3027459274,0.0034268698,0.0028432875,0.9111437817,0.0444998758,2.5318087300,0.5093270770,0.0410184818,0.3348082993,-0.0000109727,0.0000839150,0.0003779667,0.0002405304,0.0205293011,0.1005827462,2.8333451785,0.3652809461,-0.0102970215,0.2087289511,0.5002000000,0.0335776712,0.1568663313,0.0086864329,0.0235179327,0.0889325442,2.7139900751,0.3297221098,-0.0508190175,0.1854028288
