Instance,INF_avg,INF_sd,INF_r1,INF_kr,INF_sk,SUP_avg,SUP_sd,SUP_r1,SUP_kr,SUP_sk,INC_avg,INC_sd,INC_r1,INC_kr,INC_sk,IND_avg,IND_sd,IND_r1,IND_kr,IND_sk
3,0.2614000000,0.0687171012,-0.0277902916,2.4107965799,-0.1925368850,0.2640000000,0.0671118469,-0.0402915790,3.6586480066,0.4249421136,0.4746000000,0.0720474843,-0.0955235839,2.7698594589,-0.1527083389,0.1062000000,0.0352924921,0.0084085226,5.0582191205,0.8452040899
