Instance,INF_avg,INF_sd,INF_r1,INF_kr,INF_sk,SUP_avg,SUP_sd,SUP_r1,SUP_kr,SUP_sk,INC_avg,INC_sd,INC_r1,INC_kr,INC_sk,IND_avg,IND_sd,IND_r1,IND_kr,IND_sk
435,0.2360000000,0.1081850267,-0.2232583253,2.0895137708,0.1732051998,0.3000000000,0.0938083152,-0.2298850575,2.4535123967,0.4360923744,0.4640000000,0.1187602627,-0.1028261550,2.4200921829,0.2208293495,0.2140000000,0.0714422844,-0.4702622245,3.3997995303,0.5701162535
