Instance,FV_avg_avg,FV_avg_sd,FV_sd_avg,FV_sd_sd,FV_r1_avg,FV_r1_sd,FV_kr_avg,FV_kr_sd,FV_sk_avg,FV_sk_sd,FD_avg_avg,FD_avg_sd,FD_sd_avg,FD_sd_sd,FD_r1_avg,FD_r1_sd,FD_kr_avg,FD_kr_sd,FD_sk_avg,FD_sk_sd,IN_avg_avg,IN_avg_sd,IN_sd_avg,IN_sd_sd,IN_r1_avg,IN_r1_sd,IN_kr_avg,IN_kr_sd,IN_sk_avg,IN_sk_sd
10,0.4941071876,0.3009835675,0.0006552644,0.0005577814,0.7897942913,0.1741659799,2.4615449949,0.6687228982,0.0835347079,0.4160076119,-0.0000007552,0.0000262262,0.0000742485,0.0000441114,-0.0334539754,0.2021954982,2.8304683754,0.8191508254,0.0521738050,0.4970193594,0.4957000000,0.0292661921,0.1031394524,0.0119270017,0.0001706692,0.1717316681,2.8500641417,0.5340517935,-0.0433190113,0.4160703368
