Instance,INF_avg,INF_sd,INF_r1,INF_kr,INF_sk,SUP_avg,SUP_sd,SUP_r1,SUP_kr,SUP_sk,INC_avg,INC_sd,INC_r1,INC_kr,INC_sk,IND_avg,IND_sd,IND_r1,IND_kr,IND_sk
175,0.2370000000,0.0282134720,-0.1193080641,2.8238743971,1.0248498627,0.2350000000,0.0158113883,0.1600000000,1.3480000000,0.0000000000,0.5280000000,0.0231516738,-0.7084758647,1.9012168634,-0.5178375469,0.0390000000,0.0091651514,-0.1097852029,2.2295918367,0.6858276550
