Instance,INF_avg,INF_sd,INF_r1,INF_kr,INF_sk,SUP_avg,SUP_sd,SUP_r1,SUP_kr,SUP_sk,INC_avg,INC_sd,INC_r1,INC_kr,INC_sk,IND_avg,IND_sd,IND_r1,IND_kr,IND_sk
39,0.3821538462,0.0926198568,0.7785193984,2.1636415340,0.1124879763,0.1271538462,0.0799734053,0.7938166448,2.6632468637,0.5694269973,0.4906923077,0.0490084524,0.1599643366,3.3128034428,-0.1037450743,0.0734615385,0.0208552350,0.0513369471,3.0269420606,0.1106152689
