Instance,INF_avg,INF_sd,INF_r1,INF_kr,INF_sk,SUP_avg,SUP_sd,SUP_r1,SUP_kr,SUP_sk,INC_avg,INC_sd,INC_r1,INC_kr,INC_sk,IND_avg,IND_sd,IND_r1,IND_kr,IND_sk
331,0.2800000000,0.1166190379,-0.7455621302,1.6280276817,-0.3631734744,0.2400000000,0.1624807681,-1.0112781955,1.4421487603,-0.3804646085,0.4800000000,0.0979795897,-1.1794871795,2.7291666667,-0.8675276172,0.4200000000,0.0748331477,0.3518518519,1.8469387755,-0.3436215967
