Instance,FV_avg_avg,FV_avg_sd,FV_sd_avg,FV_sd_sd,FV_r1_avg,FV_r1_sd,FV_kr_avg,FV_kr_sd,FV_sk_avg,FV_sk_sd,FD_avg_avg,FD_avg_sd,FD_sd_avg,FD_sd_sd,FD_r1_avg,FD_r1_sd,FD_kr_avg,FD_kr_sd,FD_sk_avg,FD_sk_sd,IN_avg_avg,IN_avg_sd,IN_sd_avg,IN_sd_sd,IN_r1_avg,IN_r1_sd,IN_kr_avg,IN_kr_sd,IN_sk_avg,IN_sk_sd
201,0.5057107773,0.3069649785,0.0009551864,0.0007608233,0.0805743694,0.4480344900,2.0711715666,0.5030636092,-0.1446128513,0.6228925881,-0.0000092704,0.0002017485,0.0002867948,0.0001935464,-0.3745555367,0.3179902091,2.2075551071,0.5593916921,-0.2287114949,0.6727086254,0.4970000000,0.0576281181,0.1071079842,0.0323709702,-0.2654512471,0.4007728049,2.1193884066,0.4845313018,-0.0403924233,0.6665193682
