Instance,FV_avg_avg,FV_avg_sd,FV_sd_avg,FV_sd_sd,FV_r1_avg,FV_r1_sd,FV_kr_avg,FV_kr_sd,FV_sk_avg,FV_sk_sd,FD_avg_avg,FD_avg_sd,FD_sd_avg,FD_sd_sd,FD_r1_avg,FD_r1_sd,FD_kr_avg,FD_kr_sd,FD_sk_avg,FD_sk_sd,IN_avg_avg,IN_avg_sd,IN_sd_avg,IN_sd_sd,IN_r1_avg,IN_r1_sd,IN_kr_avg,IN_kr_sd,IN_sk_avg,IN_sk_sd
165,0.4941392055,0.2994673917,0.0017293742,0.0015146885,0.9128900564,0.0646665160,2.6421620188,0.9137838694,-0.1120036650,0.5049498684,-0.0000072897,0.0000355023,0.0000612081,0.0000400917,0.1339378506,0.1135083575,2.8358866030,0.3963791798,0.0032739511,0.1678358820,0.4974600000,0.0270521053,0.0521189442,0.0040678810,0.0956281232,0.0927374387,2.8622592748,0.3371756570,-0.0236276846,0.1901678546
