Instance,INF_avg,INF_sd,INF_r1,INF_kr,INF_sk,SUP_avg,SUP_sd,SUP_r1,SUP_kr,SUP_sk,INC_avg,INC_sd,INC_r1,INC_kr,INC_sk,IND_avg,IND_sd,IND_r1,IND_kr,IND_sk
51,0.2715000000,0.0246018292,-0.4283797683,2.9081856556,0.6454220314,0.2340000000,0.0308058436,-0.2581500718,2.1088661905,0.4762483724,0.4945000000,0.0260240274,-0.0395363432,1.7913378440,-0.1005119355,0.0295000000,0.0090691786,0.4414641843,3.0245193596,0.8526155631
