Instance,FV_avg_avg,FV_avg_sd,FV_sd_avg,FV_sd_sd,FV_r1_avg,FV_r1_sd,FV_kr_avg,FV_kr_sd,FV_sk_avg,FV_sk_sd,FD_avg_avg,FD_avg_sd,FD_sd_avg,FD_sd_sd,FD_r1_avg,FD_r1_sd,FD_kr_avg,FD_kr_sd,FD_sk_avg,FD_sk_sd,IN_avg_avg,IN_avg_sd,IN_sd_avg,IN_sd_sd,IN_r1_avg,IN_r1_sd,IN_kr_avg,IN_kr_sd,IN_sk_avg,IN_sk_sd
212,0.4985258217,0.3021511916,0.0005387167,0.0005249447,0.1051433284,0.5015532531,1.9310778898,0.4608854150,-0.1212520592,0.4979460265,-0.0000494077,0.0001025665,0.0001312361,0.0001212106,-0.1991825696,0.3911782600,2.0242740660,0.5171693953,0.0254426024,0.6289391637,0.4665000000,0.0504256879,0.0990073522,0.0332797869,-0.2222015071,0.4218268844,2.0179185065,0.5098757978,-0.0517405113,0.5449643462
