Instance,INF_avg,INF_sd,INF_r1,INF_kr,INF_sk,SUP_avg,SUP_sd,SUP_r1,SUP_kr,SUP_sk,INC_avg,INC_sd,INC_r1,INC_kr,INC_sk,IND_avg,IND_sd,IND_r1,IND_kr,IND_sk
286,0.2400000000,0.0894427191,-0.0578426264,3.2450000000,-0.2012461180,0.2380000000,0.1133843023,0.1925039501,2.4198795407,0.5656594412,0.5220000000,0.1400571312,-0.1022297700,3.1058123475,-1.0010713243,0.2020000000,0.0457820926,-0.1996965826,1.9348814172,-0.3916661888
