Instance,FV_avg_avg,FV_avg_sd,FV_sd_avg,FV_sd_sd,FV_r1_avg,FV_r1_sd,FV_kr_avg,FV_kr_sd,FV_sk_avg,FV_sk_sd,FD_avg_avg,FD_avg_sd,FD_sd_avg,FD_sd_sd,FD_r1_avg,FD_r1_sd,FD_kr_avg,FD_kr_sd,FD_sk_avg,FD_sk_sd,IN_avg_avg,IN_avg_sd,IN_sd_avg,IN_sd_sd,IN_r1_avg,IN_r1_sd,IN_kr_avg,IN_kr_sd,IN_sk_avg,IN_sk_sd
96,0.5003225480,0.3043745953,0.0003586985,0.0002794315,0.0689999118,0.3506231033,2.1273526739,0.4341482863,-0.0122446972,0.6249872222,-0.0000186147,0.0000533154,0.0000670514,0.0000515169,-0.1519693476,0.4044433434,2.0133349852,0.5529392411,-0.0646158753,0.6734228377,0.4915000000,0.0441899310,0.0914722223,0.0321377122,-0.2230859292,0.3559820881,2.0272678097,0.4406531611,-0.0931176966,0.5533364825
