Instance,FV_avg_avg,FV_avg_sd,FV_sd_avg,FV_sd_sd,FV_r1_avg,FV_r1_sd,FV_kr_avg,FV_kr_sd,FV_sk_avg,FV_sk_sd,FD_avg_avg,FD_avg_sd,FD_sd_avg,FD_sd_sd,FD_r1_avg,FD_r1_sd,FD_kr_avg,FD_kr_sd,FD_sk_avg,FD_sk_sd,IN_avg_avg,IN_avg_sd,IN_sd_avg,IN_sd_sd,IN_r1_avg,IN_r1_sd,IN_kr_avg,IN_kr_sd,IN_sk_avg,IN_sk_sd
438,0.4986583983,0.3031896535,0.0002653323,0.0001706057,0.8019348735,0.1585195612,2.3945934423,0.4074494998,0.1004112468,0.4948883241,0.0000013159,0.0000104182,0.0000153308,0.0000091673,0.0261268776,0.2076884567,3.0510741565,1.1553985000,-0.1135588106,0.4270737742,0.5001600000,0.0215738360,0.0499223267,0.0083129599,-0.0362132450,0.1936152716,2.8598368216,0.5728845555,-0.1687520105,0.3717151550
