Instance,FV_avg_avg,FV_avg_sd,FV_sd_avg,FV_sd_sd,FV_r1_avg,FV_r1_sd,FV_kr_avg,FV_kr_sd,FV_sk_avg,FV_sk_sd,FD_avg_avg,FD_avg_sd,FD_sd_avg,FD_sd_sd,FD_r1_avg,FD_r1_sd,FD_kr_avg,FD_kr_sd,FD_sk_avg,FD_sk_sd,IN_avg_avg,IN_avg_sd,IN_sd_avg,IN_sd_sd,IN_r1_avg,IN_r1_sd,IN_kr_avg,IN_kr_sd,IN_sk_avg,IN_sk_sd
431,0.4942623975,0.3006409992,0.0020782398,0.0013968610,0.8075348520,0.1040721655,2.1646516294,0.3948317699,0.0255656835,0.3516936248,0.0000279347,0.0001434014,0.0003430161,0.0002194004,-0.0233508695,0.1898012827,3.0357661423,0.6616645838,0.0222544360,0.4646055757,0.5024000000,0.0516821052,0.1494652181,0.0224354310,0.0191259910,0.1767002356,2.6855524637,0.4956482820,-0.1063391917,0.4053843985
