Instance,FV_avg_avg,FV_avg_sd,FV_sd_avg,FV_sd_sd,FV_r1_avg,FV_r1_sd,FV_kr_avg,FV_kr_sd,FV_sk_avg,FV_sk_sd,FD_avg_avg,FD_avg_sd,FD_sd_avg,FD_sd_sd,FD_r1_avg,FD_r1_sd,FD_kr_avg,FD_kr_sd,FD_sk_avg,FD_sk_sd,IN_avg_avg,IN_avg_sd,IN_sd_avg,IN_sd_sd,IN_r1_avg,IN_r1_sd,IN_kr_avg,IN_kr_sd,IN_sk_avg,IN_sk_sd
266,0.4937279038,0.3000470308,0.0007549323,0.0006208911,0.5373353505,0.2748366469,2.1979651689,0.4884457046,-0.0085830350,0.4678926787,-0.0000048674,0.0000601946,0.0000594138,0.0000406296,-0.0298065733,0.3785206655,2.4886320315,0.7985038583,-0.0788505234,0.5466694795,0.5034000000,0.0326242241,0.0469618452,0.0117339292,-0.0955457926,0.3757569344,2.4921838608,0.5371888936,-0.1447045780,0.4407889129
