Instance,FV_avg_avg,FV_avg_sd,FV_sd_avg,FV_sd_sd,FV_r1_avg,FV_r1_sd,FV_kr_avg,FV_kr_sd,FV_sk_avg,FV_sk_sd,FD_avg_avg,FD_avg_sd,FD_sd_avg,FD_sd_sd,FD_r1_avg,FD_r1_sd,FD_kr_avg,FD_kr_sd,FD_sk_avg,FD_sk_sd,IN_avg_avg,IN_avg_sd,IN_sd_avg,IN_sd_sd,IN_r1_avg,IN_r1_sd,IN_kr_avg,IN_kr_sd,IN_sk_avg,IN_sk_sd
338,0.4988224443,0.3025002738,0.0004645451,0.0003224398,0.8737490295,0.0711279473,2.4575896782,0.5537915071,-0.1052414148,0.3999485056,-0.0000013431,0.0000111102,0.0000259556,0.0000154499,-0.0047335999,0.1554460811,2.8400045379,0.4698084142,-0.1255241142,0.2844257548,0.5008000000,0.0341636064,0.0729555139,0.0079057567,0.0423784291,0.1451053250,2.9192171708,0.7058925510,-0.0942367822,0.2574131237
