Instance,FV_avg_avg,FV_avg_sd,FV_sd_avg,FV_sd_sd,FV_r1_avg,FV_r1_sd,FV_kr_avg,FV_kr_sd,FV_sk_avg,FV_sk_sd,FD_avg_avg,FD_avg_sd,FD_sd_avg,FD_sd_sd,FD_r1_avg,FD_r1_sd,FD_kr_avg,FD_kr_sd,FD_sk_avg,FD_sk_sd,IN_avg_avg,IN_avg_sd,IN_sd_avg,IN_sd_sd,IN_r1_avg,IN_r1_sd,IN_kr_avg,IN_kr_sd,IN_sk_avg,IN_sk_sd
65,0.5016218337,0.3042309138,0.0005094821,0.0003254447,0.9391656332,0.0379349113,2.2297758617,0.4930358257,0.0093704821,0.3500541288,0.0000006465,0.0000101541,0.0000134458,0.0000083556,0.2099252584,0.1795292270,2.9573009164,0.3930224837,0.0084736315,0.2500390183,0.5004100000,0.0168471407,0.0385279862,0.0030983917,0.1528709335,0.1738307189,2.9427493756,0.3513722967,0.0913717433,0.1786941109
