Instance,FV_avg_avg,FV_avg_sd,FV_sd_avg,FV_sd_sd,FV_r1_avg,FV_r1_sd,FV_kr_avg,FV_kr_sd,FV_sk_avg,FV_sk_sd,FD_avg_avg,FD_avg_sd,FD_sd_avg,FD_sd_sd,FD_r1_avg,FD_r1_sd,FD_kr_avg,FD_kr_sd,FD_sk_avg,FD_sk_sd,IN_avg_avg,IN_avg_sd,IN_sd_avg,IN_sd_sd,IN_r1_avg,IN_r1_sd,IN_kr_avg,IN_kr_sd,IN_sk_avg,IN_sk_sd
92,0.4977233273,0.3021041054,0.0002280949,0.0001668708,0.7931185851,0.1444040726,2.4312876936,0.5842111326,0.1178929436,0.4994434165,0.0000017120,0.0000044376,0.0000117208,0.0000073672,-0.0400600152,0.1828545873,2.7670769124,0.6907155757,0.0864203611,0.4674276987,0.5061800000,0.0146169627,0.0491412859,0.0078667670,-0.0424094489,0.1964226915,2.6184019887,0.3470575779,0.0994792111,0.3439402790
