Instance,FV_avg_avg,FV_avg_sd,FV_sd_avg,FV_sd_sd,FV_r1_avg,FV_r1_sd,FV_kr_avg,FV_kr_sd,FV_sk_avg,FV_sk_sd,FD_avg_avg,FD_avg_sd,FD_sd_avg,FD_sd_sd,FD_r1_avg,FD_r1_sd,FD_kr_avg,FD_kr_sd,FD_sk_avg,FD_sk_sd,IN_avg_avg,IN_avg_sd,IN_sd_avg,IN_sd_sd,IN_r1_avg,IN_r1_sd,IN_kr_avg,IN_kr_sd,IN_sk_avg,IN_sk_sd
239,0.4986322583,0.3033718788,0.0002440596,0.0001822502,0.5378831585,0.2433819494,2.1758735119,0.7352167292,-0.0430386075,0.4252684345,0.0000047123,0.0000117346,0.0000454902,0.0000296168,-0.0107227505,0.3455408351,2.2548940900,0.7048510354,-0.0893819945,0.3561510797,0.5012500000,0.0363618963,0.1074942806,0.0284381721,-0.0744597601,0.2198455278,2.2924757715,0.5300926427,-0.1564007073,0.3595251376
