Instance,INF_avg,INF_sd,INF_r1,INF_kr,INF_sk,SUP_avg,SUP_sd,SUP_r1,SUP_kr,SUP_sk,INC_avg,INC_sd,INC_r1,INC_kr,INC_sk,IND_avg,IND_sd,IND_r1,IND_kr,IND_sk
56,0.2420000000,0.0407921561,-0.1387691102,1.8932830991,0.0289931306,0.2388000000,0.0312819437,-0.2877130188,1.8762271472,-0.0769473747,0.5192000000,0.0332168632,0.1098788422,4.1233584418,-0.7091763119,0.0692000000,0.0164730082,-0.2986315111,3.1256786223,0.5037400027
