Instance,INF_avg,INF_sd,INF_r1,INF_kr,INF_sk,SUP_avg,SUP_sd,SUP_r1,SUP_kr,SUP_sk,INC_avg,INC_sd,INC_r1,INC_kr,INC_sk,IND_avg,IND_sd,IND_r1,IND_kr,IND_sk
250,0.2280000000,0.1044796631,0.1874420812,3.6613485088,0.2114020162,0.2670000000,0.0857962703,0.2265415424,3.3280759761,-0.0361398655,0.5050000000,0.1011187421,0.1716859973,2.9489123092,0.2553341781,0.2470000000,0.0643506022,-0.0879304351,2.3063407660,0.2806858550
