Instance,INF_avg,INF_sd,INF_r1,INF_kr,INF_sk,SUP_avg,SUP_sd,SUP_r1,SUP_kr,SUP_sk,INC_avg,INC_sd,INC_r1,INC_kr,INC_sk,IND_avg,IND_sd,IND_r1,IND_kr,IND_sk
168,0.2532000000,0.0583931503,-0.0821466568,3.1956533474,0.2215573455,0.2486000000,0.0648231440,0.1058209232,2.9063399308,0.2907282706,0.4982000000,0.0698624363,0.0532755181,3.4941682808,-0.0979467688,0.1126000000,0.0331849363,-0.0967582198,3.1530091984,0.1787611768
