Instance,FV_avg_avg,FV_avg_sd,FV_sd_avg,FV_sd_sd,FV_r1_avg,FV_r1_sd,FV_kr_avg,FV_kr_sd,FV_sk_avg,FV_sk_sd,FD_avg_avg,FD_avg_sd,FD_sd_avg,FD_sd_sd,FD_r1_avg,FD_r1_sd,FD_kr_avg,FD_kr_sd,FD_sk_avg,FD_sk_sd,IN_avg_avg,IN_avg_sd,IN_sd_avg,IN_sd_sd,IN_r1_avg,IN_r1_sd,IN_kr_avg,IN_kr_sd,IN_sk_avg,IN_sk_sd
354,0.4939592454,0.2999500626,0.0003265788,0.0002700725,0.7718302603,0.1302689347,2.3142767237,0.4130085676,-0.0877092278,0.4367561210,-0.0000073868,0.0000181401,0.0000184908,0.0000124317,0.0734909588,0.2002559372,2.7502275370,0.8403594400,-0.0472506713,0.3880959972,0.4924800000,0.0373957431,0.0511184690,0.0056489049,0.0314731763,0.2445049632,2.5889502584,0.6091408733,0.0435975885,0.3527740355
