Instance,INF_avg,INF_sd,INF_r1,INF_kr,INF_sk,SUP_avg,SUP_sd,SUP_r1,SUP_kr,SUP_sk,INC_avg,INC_sd,INC_r1,INC_kr,INC_sk,IND_avg,IND_sd,IND_r1,IND_kr,IND_sk
505,0.4593103448,0.1520646649,0.8705672200,1.8263107400,0.0051722712,0.1224137931,0.0896989283,0.8055758108,3.0360490180,0.8739298791,0.4182758621,0.0803899533,0.7200091039,1.8615442734,-0.2744868316,0.0603448276,0.0238505055,0.1324547134,3.1714681254,0.5844015032
