Instance,INF_avg,INF_sd,INF_r1,INF_kr,INF_sk,SUP_avg,SUP_sd,SUP_r1,SUP_kr,SUP_sk,INC_avg,INC_sd,INC_r1,INC_kr,INC_sk,IND_avg,IND_sd,IND_r1,IND_kr,IND_sk
388,0.2520000000,0.0733212111,-0.2892970682,1.6316964286,0.1987341500,0.2200000000,0.0632455532,0.2121212121,2.3080000000,0.4933153150,0.5280000000,0.0705407684,-0.3843508169,2.9930108250,1.1716560453,0.1140000000,0.0269072481,0.2661982826,2.8270504563,-0.4287287783
