Instance,FV_avg_avg,FV_avg_sd,FV_sd_avg,FV_sd_sd,FV_r1_avg,FV_r1_sd,FV_kr_avg,FV_kr_sd,FV_sk_avg,FV_sk_sd,FD_avg_avg,FD_avg_sd,FD_sd_avg,FD_sd_sd,FD_r1_avg,FD_r1_sd,FD_kr_avg,FD_kr_sd,FD_sk_avg,FD_sk_sd,IN_avg_avg,IN_avg_sd,IN_sd_avg,IN_sd_sd,IN_r1_avg,IN_r1_sd,IN_kr_avg,IN_kr_sd,IN_sk_avg,IN_sk_sd
295,0.4993892593,0.3035612295,0.0001032342,0.0000653857,0.1829708949,0.4422009275,1.7134597134,0.3955237373,0.1790527246,0.4683552486,0.0000010378,0.0000080633,0.0000096745,0.0000081594,-0.1299541674,0.4212474656,1.7905926966,0.4329336423,-0.0271486628,0.5033144125,0.4962000000,0.0225468401,0.0278707216,0.0082718122,-0.3588137119,0.4112387546,1.7504949560,0.4773048204,0.0842145104,0.5097927009
