Instance,INF_avg,INF_sd,INF_r1,INF_kr,INF_sk,SUP_avg,SUP_sd,SUP_r1,SUP_kr,SUP_sk,INC_avg,INC_sd,INC_r1,INC_kr,INC_sk,IND_avg,IND_sd,IND_r1,IND_kr,IND_sk
53,0.2410000000,0.0276405499,-0.4917803428,1.2236026973,-0.3631132247,0.2830000000,0.0081240384,0.1744548287,1.4421487603,0.3804646085,0.4760000000,0.0265329983,-0.8633671743,1.2817423166,0.2495820114,0.0460000000,0.0066332496,-1.1212121212,2.2169421488,-0.3700366502
