Instance,FV_avg_avg,FV_avg_sd,FV_sd_avg,FV_sd_sd,FV_r1_avg,FV_r1_sd,FV_kr_avg,FV_kr_sd,FV_sk_avg,FV_sk_sd,FD_avg_avg,FD_avg_sd,FD_sd_avg,FD_sd_sd,FD_r1_avg,FD_r1_sd,FD_kr_avg,FD_kr_sd,FD_sk_avg,FD_sk_sd,IN_avg_avg,IN_avg_sd,IN_sd_avg,IN_sd_sd,IN_r1_avg,IN_r1_sd,IN_kr_avg,IN_kr_sd,IN_sk_avg,IN_sk_sd
292,0.4985605892,0.3019429524,0.0006532565,0.0005070699,0.4613255026,0.3648597885,1.9927859678,0.4003926214,-0.0270228706,0.3892695588,0.0000013629,0.0000445029,0.0000463214,0.0000327457,-0.0004816437,0.3136520871,2.4652543990,0.7185365533,0.0452095832,0.5776932919,0.4986250000,0.0297118979,0.0350055357,0.0070035685,-0.0622992260,0.2865985010,2.4339978088,0.7573500731,0.0676576176,0.5281106063
