Instance,INF_avg,INF_sd,INF_r1,INF_kr,INF_sk,SUP_avg,SUP_sd,SUP_r1,SUP_kr,SUP_sk,INC_avg,INC_sd,INC_r1,INC_kr,INC_sk,IND_avg,IND_sd,IND_r1,IND_kr,IND_sk
320,0.2580000000,0.1006777036,-0.1628824960,3.1287640419,0.2804827417,0.2380000000,0.1051475154,0.2134923471,2.3977933153,0.1374129015,0.5040000000,0.0989141042,0.0874485946,2.4478033788,-0.0490526939,0.2500000000,0.0663324958,-0.2500000000,2.8925619835,0.9250916254
