Instance,FV_avg_avg,FV_avg_sd,FV_sd_avg,FV_sd_sd,FV_r1_avg,FV_r1_sd,FV_kr_avg,FV_kr_sd,FV_sk_avg,FV_sk_sd,FD_avg_avg,FD_avg_sd,FD_sd_avg,FD_sd_sd,FD_r1_avg,FD_r1_sd,FD_kr_avg,FD_kr_sd,FD_sk_avg,FD_sk_sd,IN_avg_avg,IN_avg_sd,IN_sd_avg,IN_sd_sd,IN_r1_avg,IN_r1_sd,IN_kr_avg,IN_kr_sd,IN_sk_avg,IN_sk_sd
401,0.5014657173,0.3044032623,0.0001990540,0.0001647200,0.4266818426,0.3625471577,2.0417251400,0.5456705406,-0.0309965876,0.4779136122,0.0000000251,0.0000074646,0.0000155961,0.0000106346,-0.1212031889,0.2398816957,2.5374041896,0.8092441517,0.0387314766,0.6006687767,0.4998500000,0.0206476996,0.0447442184,0.0083129369,-0.0337497484,0.1840711296,2.5071208949,0.7974522772,0.0131716374,0.5540829899
