Instance,INF_avg,INF_sd,INF_r1,INF_kr,INF_sk,SUP_avg,SUP_sd,SUP_r1,SUP_kr,SUP_sk,INC_avg,INC_sd,INC_r1,INC_kr,INC_sk,IND_avg,IND_sd,IND_r1,IND_kr,IND_sk
68,0.2710000000,0.0938562731,0.1818349170,2.7326186578,0.3970488350,0.1910000000,0.0718957579,0.0485611581,2.5767412025,0.3169611234,0.5380000000,0.0946361453,0.1213093189,2.5524293150,-0.1661897459,0.2480000000,0.0793473377,0.0873483181,2.6948079416,0.3058305016
