Instance,INF_avg,INF_sd,INF_r1,INF_kr,INF_sk,SUP_avg,SUP_sd,SUP_r1,SUP_kr,SUP_sk,INC_avg,INC_sd,INC_r1,INC_kr,INC_sk,IND_avg,IND_sd,IND_r1,IND_kr,IND_sk
242,0.2460000000,0.0826680107,0.1196035721,2.5201899401,-0.0848353478,0.2875000000,0.1028044260,0.0028094041,3.0213612190,0.5172792129,0.4665000000,0.1206347794,-0.0510071930,2.9818289057,-0.4620176199,0.2320000000,0.0672755528,0.0587605798,2.9787374719,0.3784568327
