Instance,INF_avg,INF_sd,INF_r1,INF_kr,INF_sk,SUP_avg,SUP_sd,SUP_r1,SUP_kr,SUP_sk,INC_avg,INC_sd,INC_r1,INC_kr,INC_sk,IND_avg,IND_sd,IND_r1,IND_kr,IND_sk
113,0.2392000000,0.0380441848,0.0447096326,3.7870947415,0.8113191028,0.2612000000,0.0347931028,0.2147640742,3.2072713334,0.8281331778,0.4996000000,0.0484545148,0.1035139799,2.4381019899,-0.3300051878,0.0724000000,0.0190326036,-0.3006732036,2.0373646818,0.3159168852
