Instance,INF_avg,INF_sd,INF_r1,INF_kr,INF_sk,SUP_avg,SUP_sd,SUP_r1,SUP_kr,SUP_sk,INC_avg,INC_sd,INC_r1,INC_kr,INC_sk,IND_avg,IND_sd,IND_r1,IND_kr,IND_sk
455,0.2600000000,0.0979795897,0.0165827036,2.3268229167,0.1339564703,0.2760000000,0.1035567477,0.0036941462,2.1281616069,-0.2917925084,0.4640000000,0.1109233970,0.1490810075,2.8188071669,-0.1242026792,0.2340000000,0.0815107355,0.1768465823,2.3354191729,0.5225817953
