Instance,FV_avg_avg,FV_avg_sd,FV_sd_avg,FV_sd_sd,FV_r1_avg,FV_r1_sd,FV_kr_avg,FV_kr_sd,FV_sk_avg,FV_sk_sd,FD_avg_avg,FD_avg_sd,FD_sd_avg,FD_sd_sd,FD_r1_avg,FD_r1_sd,FD_kr_avg,FD_kr_sd,FD_sk_avg,FD_sk_sd,IN_avg_avg,IN_avg_sd,IN_sd_avg,IN_sd_sd,IN_r1_avg,IN_r1_sd,IN_kr_avg,IN_kr_sd,IN_sk_avg,IN_sk_sd
284,0.4976788650,0.3020975348,0.0010689789,0.0005430549,0.5820329625,0.3282253391,2.3108052423,0.8975936725,-0.1278387992,0.6451215050,0.0000349918,0.0001668294,0.0002837298,0.0001763072,-0.1218741925,0.3291556191,2.4857068978,0.6474420762,-0.0647242152,0.5618605173,0.4945000000,0.0823088695,0.1531913111,0.0296213131,-0.1278510357,0.2372695972,2.4721280637,1.0392009286,-0.0739213316,0.6878558998
