Instance,FV_avg_avg,FV_avg_sd,FV_sd_avg,FV_sd_sd,FV_r1_avg,FV_r1_sd,FV_kr_avg,FV_kr_sd,FV_sk_avg,FV_sk_sd,FD_avg_avg,FD_avg_sd,FD_sd_avg,FD_sd_sd,FD_r1_avg,FD_r1_sd,FD_kr_avg,FD_kr_sd,FD_sk_avg,FD_sk_sd,IN_avg_avg,IN_avg_sd,IN_sd_avg,IN_sd_sd,IN_r1_avg,IN_r1_sd,IN_kr_avg,IN_kr_sd,IN_sk_avg,IN_sk_sd
439,0.5008180012,0.3030690203,0.0002373305,0.0002202093,0.1452508209,0.4069668529,1.9116132441,0.4838893863,0.1431350174,0.5023598669,0.0000007636,0.0000530670,0.0000699191,0.0000566387,-0.2703368732,0.4370499857,2.0274402899,0.5374450816,0.0167882156,0.6865225391,0.5010000000,0.0716868189,0.1183411758,0.0485321142,-0.1775575663,0.3585940163,2.0646740522,0.5598480944,0.0675731350,0.7212608405
