Instance,FV_avg_avg,FV_avg_sd,FV_sd_avg,FV_sd_sd,FV_r1_avg,FV_r1_sd,FV_kr_avg,FV_kr_sd,FV_sk_avg,FV_sk_sd,FD_avg_avg,FD_avg_sd,FD_sd_avg,FD_sd_sd,FD_r1_avg,FD_r1_sd,FD_kr_avg,FD_kr_sd,FD_sk_avg,FD_sk_sd,IN_avg_avg,IN_avg_sd,IN_sd_avg,IN_sd_sd,IN_r1_avg,IN_r1_sd,IN_kr_avg,IN_kr_sd,IN_sk_avg,IN_sk_sd
312,0.4575672931,0.2982406462,0.0197968927,0.0120508045,0.9934690952,0.0031958579,2.0521926879,0.1747733780,0.5137190126,0.1680609964,-0.0001611134,0.0000998320,0.0000782306,0.0000475098,0.9630998118,0.0325312317,2.0804912017,0.1512393884,0.4961839821,0.1856040466,0.1924817511,0.0625066976,0.1403171554,0.0207407684,0.9454007696,0.0553752107,2.3230532384,0.2469628020,0.6978735153,0.2237256047
