Instance,INF_avg,INF_sd,INF_r1,INF_kr,INF_sk,SUP_avg,SUP_sd,SUP_r1,SUP_kr,SUP_sk,INC_avg,INC_sd,INC_r1,INC_kr,INC_sk,IND_avg,IND_sd,IND_r1,IND_kr,IND_sk
304,0.4464563107,0.1169995666,0.8270333121,2.3795096810,-0.2031565093,0.1028640777,0.0801639762,0.8554071912,2.7165341724,0.8259905241,0.4506796117,0.0593453303,0.3520065823,3.0496725666,-0.2748382288,0.0722330097,0.0196291857,-0.0453786991,2.7296871075,-0.0475053842
