Instance,INF_avg,INF_sd,INF_r1,INF_kr,INF_sk,SUP_avg,SUP_sd,SUP_r1,SUP_kr,SUP_sk,INC_avg,INC_sd,INC_r1,INC_kr,INC_sk,IND_avg,IND_sd,IND_r1,IND_kr,IND_sk
322,0.2666000000,0.0305522503,-0.2320971015,1.7859049959,0.1828762659,0.2690000000,0.0364691651,-0.4293662967,2.2910837243,-0.4705592308,0.4644000000,0.0379821010,-0.0225860925,2.2837133705,0.3925935757,0.0338000000,0.0115134704,0.0604807914,3.1065935595,-0.1382862373
