Instance,FV_avg_avg,FV_avg_sd,FV_sd_avg,FV_sd_sd,FV_r1_avg,FV_r1_sd,FV_kr_avg,FV_kr_sd,FV_sk_avg,FV_sk_sd,FD_avg_avg,FD_avg_sd,FD_sd_avg,FD_sd_sd,FD_r1_avg,FD_r1_sd,FD_kr_avg,FD_kr_sd,FD_sk_avg,FD_sk_sd,IN_avg_avg,IN_avg_sd,IN_sd_avg,IN_sd_sd,IN_r1_avg,IN_r1_sd,IN_kr_avg,IN_kr_sd,IN_sk_avg,IN_sk_sd
352,0.4819850105,0.2934116982,0.0026473394,0.0015430269,0.8085710781,0.1517229178,2.1789881955,0.7049680232,-0.0198166099,0.4564845482,0.0000271064,0.0002775382,0.0003467852,0.0002152473,0.0192766138,0.2563619510,2.7261267883,0.7709493868,0.0724125124,0.4131134999,0.5113000000,0.0485232934,0.1087517321,0.0213508960,0.0050833892,0.2365486667,2.7327749274,0.6054028762,-0.0189344668,0.4838529129
