Instance,INF_avg,INF_sd,INF_r1,INF_kr,INF_sk,SUP_avg,SUP_sd,SUP_r1,SUP_kr,SUP_sk,INC_avg,INC_sd,INC_r1,INC_kr,INC_sk,IND_avg,IND_sd,IND_r1,IND_kr,IND_sk
452,0.2370000000,0.0417013189,0.1276596976,3.2333325948,0.4040067318,0.2860000000,0.0473708771,0.0317519745,2.9859208632,0.2823323603,0.4770000000,0.0580430874,-0.0248355748,2.7170054240,-0.0430177556,0.0643000000,0.0163251340,-0.0630514196,2.8329313686,0.5315132638
