Instance,INF_avg,INF_sd,INF_r1,INF_kr,INF_sk,SUP_avg,SUP_sd,SUP_r1,SUP_kr,SUP_sk,INC_avg,INC_sd,INC_r1,INC_kr,INC_sk,IND_avg,IND_sd,IND_r1,IND_kr,IND_sk
167,0.2880000000,0.0292574777,-0.4530892449,1.5975631059,0.0057497882,0.2380000000,0.0324961536,0.2700729927,1.3517561983,-0.1356803935,0.4740000000,0.0402988834,-0.3443145590,2.1138707564,0.3674514165,0.0580000000,0.0074833148,-0.7391304348,1.8469387755,0.3436215967
