Instance,FV_avg_avg,FV_avg_sd,FV_sd_avg,FV_sd_sd,FV_r1_avg,FV_r1_sd,FV_kr_avg,FV_kr_sd,FV_sk_avg,FV_sk_sd,FD_avg_avg,FD_avg_sd,FD_sd_avg,FD_sd_sd,FD_r1_avg,FD_r1_sd,FD_kr_avg,FD_kr_sd,FD_sk_avg,FD_sk_sd,IN_avg_avg,IN_avg_sd,IN_sd_avg,IN_sd_sd,IN_r1_avg,IN_r1_sd,IN_kr_avg,IN_kr_sd,IN_sk_avg,IN_sk_sd
241,0.4983918032,0.3019410407,0.0007158258,0.0005193275,0.8805575608,0.0656568666,2.3922573216,0.5461319720,0.1710145624,0.3634896226,0.0000015364,0.0000186407,0.0000313174,0.0000189746,0.1386849092,0.2206776600,2.8348395972,0.5357915700,-0.1133305927,0.2589378581,0.5043400000,0.0231959565,0.0517117714,0.0058141811,0.1025920157,0.1759734320,2.7536700644,0.6095717875,0.0313255857,0.2735574222
