Instance,INF_avg,INF_sd,INF_r1,INF_kr,INF_sk,SUP_avg,SUP_sd,SUP_r1,SUP_kr,SUP_sk,INC_avg,INC_sd,INC_r1,INC_kr,INC_sk,IND_avg,IND_sd,IND_r1,IND_kr,IND_sk
161,0.2570000000,0.0261916017,-0.6484224082,1.7627901640,0.0571032974,0.1860000000,0.0269072481,0.1143962421,2.5769436220,0.8599215151,0.5570000000,0.0366878727,-0.4469802826,1.3899540546,0.1866271725,0.0400000000,0.0070710678,0.0000000000,1.7000000000,0.0000000000
