Instance,INF_avg,INF_sd,INF_r1,INF_kr,INF_sk,SUP_avg,SUP_sd,SUP_r1,SUP_kr,SUP_sk,INC_avg,INC_sd,INC_r1,INC_kr,INC_sk,IND_avg,IND_sd,IND_r1,IND_kr,IND_sk
489,0.1960000000,0.0624819974,-0.6041366041,2.1137127116,0.5202810101,0.2560000000,0.0720000000,-0.1775878443,2.2454846822,-0.4161522634,0.5480000000,0.0877268488,-0.0084451068,3.0306188165,0.8608273585,0.1180000000,0.0362767143,-0.0003116236,3.2019013128,-0.3539158941
