Instance,FV_avg_avg,FV_avg_sd,FV_sd_avg,FV_sd_sd,FV_r1_avg,FV_r1_sd,FV_kr_avg,FV_kr_sd,FV_sk_avg,FV_sk_sd,FD_avg_avg,FD_avg_sd,FD_sd_avg,FD_sd_sd,FD_r1_avg,FD_r1_sd,FD_kr_avg,FD_kr_sd,FD_sk_avg,FD_sk_sd,IN_avg_avg,IN_avg_sd,IN_sd_avg,IN_sd_sd,IN_r1_avg,IN_r1_sd,IN_kr_avg,IN_kr_sd,IN_sk_avg,IN_sk_sd
376,0.5023024636,0.3045356219,0.0001511491,0.0001111203,0.0430812022,0.4170004944,1.9738499932,0.4500835811,0.0233043359,0.5878636886,-0.0000048545,0.0000178646,0.0000295068,0.0000229005,-0.2895799545,0.3870354013,2.0606025199,0.4978416004,-0.0229154107,0.6580363045,0.4964000000,0.0346617945,0.0610638212,0.0224679714,-0.3090809295,0.4072415357,2.1237923758,0.4750862003,0.0174964192,0.6415966331
