Instance,FV_avg_avg,FV_avg_sd,FV_sd_avg,FV_sd_sd,FV_r1_avg,FV_r1_sd,FV_kr_avg,FV_kr_sd,FV_sk_avg,FV_sk_sd,FD_avg_avg,FD_avg_sd,FD_sd_avg,FD_sd_sd,FD_r1_avg,FD_r1_sd,FD_kr_avg,FD_kr_sd,FD_sk_avg,FD_sk_sd,IN_avg_avg,IN_avg_sd,IN_sd_avg,IN_sd_sd,IN_r1_avg,IN_r1_sd,IN_kr_avg,IN_kr_sd,IN_sk_avg,IN_sk_sd
226,0.4946046171,0.3009287022,0.0009644735,0.0007826167,0.2672569754,0.4318380381,1.8666816158,0.4828709318,0.0464206162,0.5709061259,-0.0000120893,0.0001275253,0.0000970815,0.0000696538,-0.2731677983,0.5534398248,1.8173402912,0.5083622809,0.0804992643,0.5013370848,0.4824000000,0.0541797010,0.0531106656,0.0202004258,-0.3341563995,0.4615205621,1.7776233994,0.3915326983,0.0418155124,0.3590516041
