Instance,INF_avg,INF_sd,INF_r1,INF_kr,INF_sk,SUP_avg,SUP_sd,SUP_r1,SUP_kr,SUP_sk,INC_avg,INC_sd,INC_r1,INC_kr,INC_sk,IND_avg,IND_sd,IND_r1,IND_kr,IND_sk
459,0.2460000000,0.0624819974,0.0595836324,1.6573711704,0.1218055769,0.2480000000,0.0309192497,-0.0556499575,3.3269200469,-0.5431884428,0.5060000000,0.0753923073,-0.0587282586,2.7948754012,0.3950062994,0.0660000000,0.0149666295,0.1560102302,3.7123724490,0.5225911784
