Instance,INF_avg,INF_sd,INF_r1,INF_kr,INF_sk,SUP_avg,SUP_sd,SUP_r1,SUP_kr,SUP_sk,INC_avg,INC_sd,INC_r1,INC_kr,INC_sk,IND_avg,IND_sd,IND_r1,IND_kr,IND_sk
482,0.2500000000,0.1009950494,-0.0792079208,2.8402537486,-0.6406837043,0.3220000000,0.1059056184,-0.2057188585,3.2420380707,-0.4343220657,0.4280000000,0.0990757286,-0.1184877522,2.4443072834,0.1578402907,0.2060000000,0.0571314274,0.2111031811,3.0035503172,0.5686063797
