Instance,INF_avg,INF_sd,INF_r1,INF_kr,INF_sk,SUP_avg,SUP_sd,SUP_r1,SUP_kr,SUP_sk,INC_avg,INC_sd,INC_r1,INC_kr,INC_sk,IND_avg,IND_sd,IND_r1,IND_kr,IND_sk
62,0.3000000000,0.1600000000,-0.1562500000,1.9287109375,-0.4101562500,0.2120000000,0.1305986217,0.2055207608,1.7047316158,0.4239103030,0.4880000000,0.1861612205,-0.2489225349,2.3609612674,-0.0853518076,0.3640000000,0.1053755190,-0.1711021763,2.4320067437,0.1417737385
