Instance,INF_avg,INF_sd,INF_r1,INF_kr,INF_sk,SUP_avg,SUP_sd,SUP_r1,SUP_kr,SUP_sk,INC_avg,INC_sd,INC_r1,INC_kr,INC_sk,IND_avg,IND_sd,IND_r1,IND_kr,IND_sk
239,0.2560000000,0.0344093011,-0.4769647696,2.6519357195,1.0179522960,0.2680000000,0.0587877538,0.0384615385,1.1666666667,0.4082482905,0.4760000000,0.0463033476,-0.1020036430,1.3968589886,0.2436882574,0.0920000000,0.0271293199,-0.1725663717,2.3638941399,0.7500308204
