Instance,INF_avg,INF_sd,INF_r1,INF_kr,INF_sk,SUP_avg,SUP_sd,SUP_r1,SUP_kr,SUP_sk,INC_avg,INC_sd,INC_r1,INC_kr,INC_sk,IND_avg,IND_sd,IND_r1,IND_kr,IND_sk
393,0.2816000000,0.0874382068,0.1587922906,3.4379150342,0.7574197352,0.2588000000,0.0744483714,0.0082727204,3.6005749050,0.3287047558,0.4596000000,0.0704829057,0.2382907583,2.5912620409,-0.0163317548,0.1028000000,0.0436366818,0.3907573265,4.0465700486,1.0107337443
