Instance,INF_avg,INF_sd,INF_r1,INF_kr,INF_sk,SUP_avg,SUP_sd,SUP_r1,SUP_kr,SUP_sk,INC_avg,INC_sd,INC_r1,INC_kr,INC_sk,IND_avg,IND_sd,IND_r1,IND_kr,IND_sk
244,0.2120000000,0.1210619676,0.1277915085,2.7952031807,0.1750880724,0.2940000000,0.1701881312,0.0531459144,2.4638781169,0.2640456727,0.4940000000,0.1793432463,-0.1754672482,3.0819146916,-0.2220430014,0.3560000000,0.1134195750,0.0869663034,2.4763495953,-0.0663235430
