Instance,FV_avg_avg,FV_avg_sd,FV_sd_avg,FV_sd_sd,FV_r1_avg,FV_r1_sd,FV_kr_avg,FV_kr_sd,FV_sk_avg,FV_sk_sd,FD_avg_avg,FD_avg_sd,FD_sd_avg,FD_sd_sd,FD_r1_avg,FD_r1_sd,FD_kr_avg,FD_kr_sd,FD_sk_avg,FD_sk_sd,IN_avg_avg,IN_avg_sd,IN_sd_avg,IN_sd_sd,IN_r1_avg,IN_r1_sd,IN_kr_avg,IN_kr_sd,IN_sk_avg,IN_sk_sd
366,0.4978337863,0.3028792633,0.0004164397,0.0002801265,0.9367134911,0.0267059419,2.4395070536,0.4738182516,-0.1771084259,0.4060654427,0.0000003591,0.0000093628,0.0000416920,0.0000257616,0.0171595175,0.1170667043,2.9604598988,0.5749316033,-0.0379860846,0.2399387357,0.4910500000,0.0263504744,0.1528337780,0.0072378382,-0.0112206997,0.0917566588,2.7158460904,0.3312341397,-0.0104068817,0.1536109961
