Instance,FV_avg_avg,FV_avg_sd,FV_sd_avg,FV_sd_sd,FV_r1_avg,FV_r1_sd,FV_kr_avg,FV_kr_sd,FV_sk_avg,FV_sk_sd,FD_avg_avg,FD_avg_sd,FD_sd_avg,FD_sd_sd,FD_r1_avg,FD_r1_sd,FD_kr_avg,FD_kr_sd,FD_sk_avg,FD_sk_sd,IN_avg_avg,IN_avg_sd,IN_sd_avg,IN_sd_sd,IN_r1_avg,IN_r1_sd,IN_kr_avg,IN_kr_sd,IN_sk_avg,IN_sk_sd
94,0.4938665347,0.3009984343,0.0023550618,0.0015852694,0.8889270253,0.0675981999,2.4758700596,0.6302829713,-0.0198875112,0.5127650330,0.0000321301,0.0001089253,0.0003431624,0.0002169736,-0.0858600735,0.1286192455,2.9044404930,0.6266717656,-0.0543102973,0.3471114179,0.5144000000,0.0476512329,0.1619266119,0.0142046592,-0.0791142912,0.1205676072,2.5833624467,0.4060043762,-0.0285060672,0.2136441403
