Instance,FV_avg_avg,FV_avg_sd,FV_sd_avg,FV_sd_sd,FV_r1_avg,FV_r1_sd,FV_kr_avg,FV_kr_sd,FV_sk_avg,FV_sk_sd,FD_avg_avg,FD_avg_sd,FD_sd_avg,FD_sd_sd,FD_r1_avg,FD_r1_sd,FD_kr_avg,FD_kr_sd,FD_sk_avg,FD_sk_sd,IN_avg_avg,IN_avg_sd,IN_sd_avg,IN_sd_sd,IN_r1_avg,IN_r1_sd,IN_kr_avg,IN_kr_sd,IN_sk_avg,IN_sk_sd
457,0.4937721180,0.3021593991,0.0017492057,0.0011514120,0.5648094208,0.3954702463,1.9649101667,0.5257311055,0.0064569773,0.4467410963,0.0000612023,0.0001891314,0.0001845542,0.0001197332,-0.0588885022,0.2855166108,2.2686933303,0.5291911550,0.1706941444,0.4028619118,0.5060000000,0.0453387252,0.0651238818,0.0138304021,-0.0588338473,0.3405362463,2.2446233052,0.4903433910,0.0735378035,0.4732695254
