Instance,FV_avg_avg,FV_avg_sd,FV_sd_avg,FV_sd_sd,FV_r1_avg,FV_r1_sd,FV_kr_avg,FV_kr_sd,FV_sk_avg,FV_sk_sd,FD_avg_avg,FD_avg_sd,FD_sd_avg,FD_sd_sd,FD_r1_avg,FD_r1_sd,FD_kr_avg,FD_kr_sd,FD_sk_avg,FD_sk_sd,IN_avg_avg,IN_avg_sd,IN_sd_avg,IN_sd_sd,IN_r1_avg,IN_r1_sd,IN_kr_avg,IN_kr_sd,IN_sk_avg,IN_sk_sd
424,0.4335487073,0.2649615484,0.0258927519,0.0151575252,0.9796311090,0.0059802473,2.2000071919,0.1382182354,0.6299004782,0.1212563405,-0.0006831438,0.0004009946,0.0003225517,0.0001892293,0.9632507319,0.0097005377,2.2253342387,0.1466219943,0.6178628524,0.1193449303,0.1683627884,0.0231892153,0.1534467466,0.0132785196,0.9507557746,0.0072461112,2.4736354421,0.2229731389,0.8208389665,0.1342322732
