Instance,FV_avg_avg,FV_avg_sd,FV_sd_avg,FV_sd_sd,FV_r1_avg,FV_r1_sd,FV_kr_avg,FV_kr_sd,FV_sk_avg,FV_sk_sd,FD_avg_avg,FD_avg_sd,FD_sd_avg,FD_sd_sd,FD_r1_avg,FD_r1_sd,FD_kr_avg,FD_kr_sd,FD_sk_avg,FD_sk_sd,IN_avg_avg,IN_avg_sd,IN_sd_avg,IN_sd_sd,IN_r1_avg,IN_r1_sd,IN_kr_avg,IN_kr_sd,IN_sk_avg,IN_sk_sd
340,0.4988425949,0.3046987133,0.0005778455,0.0004682739,0.8140665025,0.1292393731,2.2767940086,0.4923288582,0.0342784426,0.4153559399,0.0000057046,0.0000233542,0.0000386560,0.0000251829,-0.0295416184,0.2236305628,2.7684429839,0.6637337240,-0.0557696869,0.4479175997,0.5026400000,0.0295156636,0.0682027033,0.0097901617,-0.0610547002,0.2159152509,2.8957420661,0.9509395068,-0.1057962481,0.5156450870
