Instance,FV_avg_avg,FV_avg_sd,FV_sd_avg,FV_sd_sd,FV_r1_avg,FV_r1_sd,FV_kr_avg,FV_kr_sd,FV_sk_avg,FV_sk_sd,FD_avg_avg,FD_avg_sd,FD_sd_avg,FD_sd_sd,FD_r1_avg,FD_r1_sd,FD_kr_avg,FD_kr_sd,FD_sk_avg,FD_sk_sd,IN_avg_avg,IN_avg_sd,IN_sd_avg,IN_sd_sd,IN_r1_avg,IN_r1_sd,IN_kr_avg,IN_kr_sd,IN_sk_avg,IN_sk_sd
363,0.4913621505,0.2982815613,0.0010708129,0.0007191037,0.4380277038,0.3438623106,2.3325381878,0.6441233372,-0.0259431346,0.6084320375,-0.0000292693,0.0001486355,0.0001698012,0.0001064331,-0.1399561604,0.2081436192,2.6515772540,0.8722017947,-0.3089522697,0.4770525696,0.4821000000,0.0418065784,0.0736911499,0.0158560531,-0.1821523819,0.2817936007,2.5794022631,0.7705487730,0.1441696238,0.5440229544
