Instance,INF_avg,INF_sd,INF_r1,INF_kr,INF_sk,SUP_avg,SUP_sd,SUP_r1,SUP_kr,SUP_sk,INC_avg,INC_sd,INC_r1,INC_kr,INC_sk,IND_avg,IND_sd,IND_r1,IND_kr,IND_sk
163,0.2470000000,0.1284172886,-0.1031090187,2.7513965065,0.3498775448,0.2060000000,0.1317725313,-0.0884814474,3.7114526683,0.8597672825,0.5470000000,0.1609068053,-0.0307944332,2.6237852047,-0.1402901237,0.3970000000,0.1284172886,-0.0430623819,2.7010937118,0.2542562677
