Instance,INF_avg,INF_sd,INF_r1,INF_kr,INF_sk,SUP_avg,SUP_sd,SUP_r1,SUP_kr,SUP_sk,INC_avg,INC_sd,INC_r1,INC_kr,INC_sk,IND_avg,IND_sd,IND_r1,IND_kr,IND_sk
181,0.3547142857,0.0838233078,0.2967799387,2.5772019780,-0.0377029443,0.1280000000,0.0659783514,0.5753520747,2.6832086695,0.4895756069,0.5172857143,0.0722776675,0.0634109520,2.8014353222,-0.0000334952,0.1317142857,0.0346398379,0.0942301955,2.8994874313,0.0576298138
