Instance,INF_avg,INF_sd,INF_r1,INF_kr,INF_sk,SUP_avg,SUP_sd,SUP_r1,SUP_kr,SUP_sk,INC_avg,INC_sd,INC_r1,INC_kr,INC_sk,IND_avg,IND_sd,IND_r1,IND_kr,IND_sk
130,0.4369565217,0.1085651390,0.1415621315,2.6742150689,-0.1729903916,0.1847826087,0.1127085339,0.5559991941,1.9446149554,0.2898354219,0.3782608696,0.0749290780,-0.1295548046,3.6163231643,0.3780474347,0.1913043478,0.0503297257,-0.0167126264,2.4281716418,0.0971851979
