Instance,INF_avg,INF_sd,INF_r1,INF_kr,INF_sk,SUP_avg,SUP_sd,SUP_r1,SUP_kr,SUP_sk,INC_avg,INC_sd,INC_r1,INC_kr,INC_sk,IND_avg,IND_sd,IND_r1,IND_kr,IND_sk
439,0.2021000000,0.0257505340,-0.3309597142,2.6095260669,0.0846722483,0.3131000000,0.0311269979,0.1459936476,2.1782087625,0.2727919035,0.4848000000,0.0373223793,-0.0105002861,2.2903557624,-0.1473249659,0.0311000000,0.0098127468,0.1029119922,4.1101086362,0.5962855879
