Instance,INF_avg,INF_sd,INF_r1,INF_kr,INF_sk,SUP_avg,SUP_sd,SUP_r1,SUP_kr,SUP_sk,INC_avg,INC_sd,INC_r1,INC_kr,INC_sk,IND_avg,IND_sd,IND_r1,IND_kr,IND_sk
240,0.2152000000,0.0608683826,0.0996529040,2.1686278690,-0.2950491399,0.2332000000,0.0644496703,-0.0345743967,2.9737695541,0.2609224055,0.5516000000,0.0692924238,0.1536325160,2.4977258697,0.1678040844,0.1284000000,0.0330066660,-0.0011499696,2.7857667281,-0.2593689616
