Instance,INF_avg,INF_sd,INF_r1,INF_kr,INF_sk,SUP_avg,SUP_sd,SUP_r1,SUP_kr,SUP_sk,INC_avg,INC_sd,INC_r1,INC_kr,INC_sk,IND_avg,IND_sd,IND_r1,IND_kr,IND_sk
202,0.2000000000,0.1414213562,0.2631578947,2.9000000000,0.4242640687,0.3500000000,0.2109502311,-0.2941176471,2.5937381644,0.8628692700,0.4500000000,0.1746424920,0.0265486726,1.5331900027,-0.2252845905,0.3600000000,0.1113552873,-0.1111111111,2.8792924037,0.8342955965
