Instance,FV_avg_avg,FV_avg_sd,FV_sd_avg,FV_sd_sd,FV_r1_avg,FV_r1_sd,FV_kr_avg,FV_kr_sd,FV_sk_avg,FV_sk_sd,FD_avg_avg,FD_avg_sd,FD_sd_avg,FD_sd_sd,FD_r1_avg,FD_r1_sd,FD_kr_avg,FD_kr_sd,FD_sk_avg,FD_sk_sd,IN_avg_avg,IN_avg_sd,IN_sd_avg,IN_sd_sd,IN_r1_avg,IN_r1_sd,IN_kr_avg,IN_kr_sd,IN_sk_avg,IN_sk_sd
348,0.4481288110,0.2724196736,0.0241839511,0.0141249719,0.9691777016,0.0121839867,2.2778983699,0.1969699933,0.7016694545,0.1369553443,-0.0009857008,0.0006027911,0.0004491985,0.0002640903,0.9346425240,0.0151327463,2.3535055318,0.2110401726,0.6794634891,0.1615398639,0.1689622330,0.0325324280,0.1490379373,0.0167640898,0.9143767943,0.0203278628,2.7592002742,0.3724988489,0.9233225664,0.2170111308
