Instance,FV_avg_avg,FV_avg_sd,FV_sd_avg,FV_sd_sd,FV_r1_avg,FV_r1_sd,FV_kr_avg,FV_kr_sd,FV_sk_avg,FV_sk_sd,FD_avg_avg,FD_avg_sd,FD_sd_avg,FD_sd_sd,FD_r1_avg,FD_r1_sd,FD_kr_avg,FD_kr_sd,FD_sk_avg,FD_sk_sd,IN_avg_avg,IN_avg_sd,IN_sd_avg,IN_sd_sd,IN_r1_avg,IN_r1_sd,IN_kr_avg,IN_kr_sd,IN_sk_avg,IN_sk_sd
410,0.4976233354,0.3024929832,0.0004993681,0.0003215604,0.3789153315,0.2434043494,2.2400882081,0.7042893237,-0.2002091847,0.4990206498,0.0000054313,0.0000767673,0.0001477535,0.0001019373,-0.1290467931,0.2882810869,2.3010097868,0.4235560197,0.0037079853,0.3977412519,0.4885000000,0.0589300433,0.1509008544,0.0356921858,-0.0366658487,0.3360825960,2.1800602492,0.3635695961,0.0517242494,0.4718770781
