Instance,INF_avg,INF_sd,INF_r1,INF_kr,INF_sk,SUP_avg,SUP_sd,SUP_r1,SUP_kr,SUP_sk,INC_avg,INC_sd,INC_r1,INC_kr,INC_sk,IND_avg,IND_sd,IND_r1,IND_kr,IND_sk
107,0.3062500000,0.1852995885,0.4077692132,1.8397535207,-0.2092819730,0.2312500000,0.1569982086,0.2941446087,2.9762759286,0.8324007079,0.4625000000,0.1932453104,-0.1868938401,2.0408081091,0.2776837779,0.4062500000,0.1087930949,-0.6506303061,2.5293925432,-0.4152218242
