Instance,FV_avg_avg,FV_avg_sd,FV_sd_avg,FV_sd_sd,FV_r1_avg,FV_r1_sd,FV_kr_avg,FV_kr_sd,FV_sk_avg,FV_sk_sd,FD_avg_avg,FD_avg_sd,FD_sd_avg,FD_sd_sd,FD_r1_avg,FD_r1_sd,FD_kr_avg,FD_kr_sd,FD_sk_avg,FD_sk_sd,IN_avg_avg,IN_avg_sd,IN_sd_avg,IN_sd_sd,IN_r1_avg,IN_r1_sd,IN_kr_avg,IN_kr_sd,IN_sk_avg,IN_sk_sd
359,0.4963633498,0.3021042305,0.0017518141,0.0012818466,0.9292722711,0.0448722039,2.5919151170,0.4898041750,-0.0593372796,0.4551831340,0.0000007803,0.0000290999,0.0001236691,0.0000734437,0.0451896305,0.1050189320,3.0096578057,0.3247890121,-0.0450806085,0.1883622705,0.4972500000,0.0245405277,0.1105216511,0.0077565867,0.0182648941,0.0962913957,2.9509877153,0.4792600698,-0.0272436940,0.1690175452
