Instance,FV_avg_avg,FV_avg_sd,FV_sd_avg,FV_sd_sd,FV_r1_avg,FV_r1_sd,FV_kr_avg,FV_kr_sd,FV_sk_avg,FV_sk_sd,FD_avg_avg,FD_avg_sd,FD_sd_avg,FD_sd_sd,FD_r1_avg,FD_r1_sd,FD_kr_avg,FD_kr_sd,FD_sk_avg,FD_sk_sd,IN_avg_avg,IN_avg_sd,IN_sd_avg,IN_sd_sd,IN_r1_avg,IN_r1_sd,IN_kr_avg,IN_kr_sd,IN_sk_avg,IN_sk_sd
172,0.4749347395,0.2879059621,0.0092665599,0.0070578790,0.9515054879,0.1282326986,1.8322502576,0.1030020149,0.1939054591,0.0861820023,-0.0002610976,0.0001785584,0.0002360134,0.0001432603,0.2144612254,0.1641168380,2.8133359281,0.6460993578,0.0752568017,0.3991993644,0.3338175919,0.0439820313,0.1753968925,0.0316898650,0.2057858601,0.1670544801,2.7119996655,0.4913420125,0.2998587963,0.4307186768
