Instance,FV_avg_avg,FV_avg_sd,FV_sd_avg,FV_sd_sd,FV_r1_avg,FV_r1_sd,FV_kr_avg,FV_kr_sd,FV_sk_avg,FV_sk_sd,FD_avg_avg,FD_avg_sd,FD_sd_avg,FD_sd_sd,FD_r1_avg,FD_r1_sd,FD_kr_avg,FD_kr_sd,FD_sk_avg,FD_sk_sd,IN_avg_avg,IN_avg_sd,IN_sd_avg,IN_sd_sd,IN_r1_avg,IN_r1_sd,IN_kr_avg,IN_kr_sd,IN_sk_avg,IN_sk_sd
326,0.4478192046,0.2731842829,0.0242413666,0.0143101603,0.9841550030,0.0065760544,2.2508039130,0.2756128532,0.6964618399,0.1651115110,-0.0005183521,0.0003096157,0.0002259070,0.0001335455,0.9651985200,0.0081578728,2.3119836694,0.2640061125,0.7028743222,0.1616132175,0.1552950719,0.0183976612,0.1436563735,0.0088715388,0.9551641772,0.0096664789,2.6439092598,0.2587248805,0.9247305181,0.1477804261
