Instance,FV_avg_avg,FV_avg_sd,FV_sd_avg,FV_sd_sd,FV_r1_avg,FV_r1_sd,FV_kr_avg,FV_kr_sd,FV_sk_avg,FV_sk_sd,FD_avg_avg,FD_avg_sd,FD_sd_avg,FD_sd_sd,FD_r1_avg,FD_r1_sd,FD_kr_avg,FD_kr_sd,FD_sk_avg,FD_sk_sd,IN_avg_avg,IN_avg_sd,IN_sd_avg,IN_sd_sd,IN_r1_avg,IN_r1_sd,IN_kr_avg,IN_kr_sd,IN_sk_avg,IN_sk_sd
453,0.4996622589,0.3041322488,0.0004213563,0.0002641724,0.8906833104,0.0780540511,2.4123655984,0.5517584224,0.1506645852,0.4734080808,-0.0000006871,0.0000080195,0.0000536723,0.0000322916,0.0098071838,0.1930360340,2.7238861233,0.4074378694,0.0304050991,0.3135717534,0.4972000000,0.0229643202,0.1603712037,0.0112194923,-0.0033501314,0.1486950888,2.7106566099,0.5948098630,0.0591188274,0.3094094627
