Instance,FV_avg_avg,FV_avg_sd,FV_sd_avg,FV_sd_sd,FV_r1_avg,FV_r1_sd,FV_kr_avg,FV_kr_sd,FV_sk_avg,FV_sk_sd,FD_avg_avg,FD_avg_sd,FD_sd_avg,FD_sd_sd,FD_r1_avg,FD_r1_sd,FD_kr_avg,FD_kr_sd,FD_sk_avg,FD_sk_sd,IN_avg_avg,IN_avg_sd,IN_sd_avg,IN_sd_sd,IN_r1_avg,IN_r1_sd,IN_kr_avg,IN_kr_sd,IN_sk_avg,IN_sk_sd
297,0.5021265864,0.3044876893,0.0001373256,0.0001050479,0.1747277261,0.5204659369,1.9412650673,0.5737532654,-0.1374743645,0.6477134775,0.0000043365,0.0000211968,0.0000354082,0.0000229294,-0.2340524587,0.3630121033,1.7660295626,0.3891885409,0.2520810161,0.3804569150,0.4985000000,0.0710123229,0.0879970209,0.0344459622,-0.2890126893,0.2976349094,2.1623463259,0.5334222740,-0.0545351918,0.7506687113
