Instance,INF_avg,INF_sd,INF_r1,INF_kr,INF_sk,SUP_avg,SUP_sd,SUP_r1,SUP_kr,SUP_sk,INC_avg,INC_sd,INC_r1,INC_kr,INC_sk,IND_avg,IND_sd,IND_r1,IND_kr,IND_sk
383,0.2499000000,0.0275769832,-0.0526207752,2.8346281476,-0.2531635970,0.2476000000,0.0259082998,-0.2811857975,2.4064254190,-0.0266377053,0.5025000000,0.0359339672,0.0629791363,2.6812693224,-0.1605073816,0.0307000000,0.0090559373,-0.0214224678,2.8956841892,0.0941673982
