Instance,FV_avg_avg,FV_avg_sd,FV_sd_avg,FV_sd_sd,FV_r1_avg,FV_r1_sd,FV_kr_avg,FV_kr_sd,FV_sk_avg,FV_sk_sd,FD_avg_avg,FD_avg_sd,FD_sd_avg,FD_sd_sd,FD_r1_avg,FD_r1_sd,FD_kr_avg,FD_kr_sd,FD_sk_avg,FD_sk_sd,IN_avg_avg,IN_avg_sd,IN_sd_avg,IN_sd_sd,IN_r1_avg,IN_r1_sd,IN_kr_avg,IN_kr_sd,IN_sk_avg,IN_sk_sd
378,0.4914613072,0.2971111635,0.0047035874,0.0044990599,0.9945809286,0.0059182783,1.7899739670,0.0641790399,0.0690986664,0.0986639516,-0.0000188480,0.0000187932,0.0000337107,0.0000201046,0.0911283106,0.1624325916,2.9194330272,0.3367756976,0.0515141924,0.2870845114,0.4317645311,0.0479258814,0.1678233518,0.0199695263,0.0291823151,0.2478523658,2.9679443014,0.4868248286,-0.0531636007,0.3875052232
