Instance,FV_avg_avg,FV_avg_sd,FV_sd_avg,FV_sd_sd,FV_r1_avg,FV_r1_sd,FV_kr_avg,FV_kr_sd,FV_sk_avg,FV_sk_sd,FD_avg_avg,FD_avg_sd,FD_sd_avg,FD_sd_sd,FD_r1_avg,FD_r1_sd,FD_kr_avg,FD_kr_sd,FD_sk_avg,FD_sk_sd,IN_avg_avg,IN_avg_sd,IN_sd_avg,IN_sd_sd,IN_r1_avg,IN_r1_sd,IN_kr_avg,IN_kr_sd,IN_sk_avg,IN_sk_sd
193,0.5015426402,0.3040023178,0.0004694521,0.0003193390,0.9179838094,0.0558814276,2.0634176960,0.3991375941,0.0453193168,0.3600954853,-0.0000003720,0.0000121066,0.0000371011,0.0000227563,0.0253259123,0.1079063221,2.9978410644,0.5544899246,0.0524679294,0.2878964533,0.5081000000,0.0277829084,0.1121368050,0.0125633186,-0.0362746969,0.1534033537,2.8212744165,0.4141425882,-0.0255001995,0.2410320334
