Instance,FV_avg_avg,FV_avg_sd,FV_sd_avg,FV_sd_sd,FV_r1_avg,FV_r1_sd,FV_kr_avg,FV_kr_sd,FV_sk_avg,FV_sk_sd,FD_avg_avg,FD_avg_sd,FD_sd_avg,FD_sd_sd,FD_r1_avg,FD_r1_sd,FD_kr_avg,FD_kr_sd,FD_sk_avg,FD_sk_sd,IN_avg_avg,IN_avg_sd,IN_sd_avg,IN_sd_sd,IN_r1_avg,IN_r1_sd,IN_kr_avg,IN_kr_sd,IN_sk_avg,IN_sk_sd
228,0.4921307301,0.2998050220,0.0011708901,0.0007662212,0.8338092437,0.1105457608,2.4680685048,0.5094001049,0.1261435507,0.4657977950,-0.0000227628,0.0000554396,0.0001243440,0.0000767421,0.7020609811,0.1011145935,2.7783154885,0.9048324455,0.2837816313,0.4700911154,0.4850300000,0.0314465276,0.0882798314,0.0150876229,0.6778109543,0.0900168782,2.6401322283,0.7206058759,0.1366179302,0.4671926293
