Instance,FV_avg_avg,FV_avg_sd,FV_sd_avg,FV_sd_sd,FV_r1_avg,FV_r1_sd,FV_kr_avg,FV_kr_sd,FV_sk_avg,FV_sk_sd,FD_avg_avg,FD_avg_sd,FD_sd_avg,FD_sd_sd,FD_r1_avg,FD_r1_sd,FD_kr_avg,FD_kr_sd,FD_sk_avg,FD_sk_sd,IN_avg_avg,IN_avg_sd,IN_sd_avg,IN_sd_sd,IN_r1_avg,IN_r1_sd,IN_kr_avg,IN_kr_sd,IN_sk_avg,IN_sk_sd
246,0.4825794355,0.2938797684,0.0044750452,0.0035232314,0.9359444920,0.0321096947,2.5219639821,0.7285599852,-0.0323716718,0.4969659779,0.0000103172,0.0001425605,0.0002277660,0.0001471432,0.1802705233,0.1820279558,2.8997610464,0.3817062521,0.0575033359,0.2084305392,0.5035000000,0.0330351025,0.0767842155,0.0084271136,0.1364557753,0.1588158535,2.9475212686,0.4228734867,0.0994859630,0.2191257134
