Instance,INF_avg,INF_sd,INF_r1,INF_kr,INF_sk,SUP_avg,SUP_sd,SUP_r1,SUP_kr,SUP_sk,INC_avg,INC_sd,INC_r1,INC_kr,INC_sk,IND_avg,IND_sd,IND_r1,IND_kr,IND_sk
501,0.3732000000,0.1150033043,0.1816016298,1.8502373832,0.2916621672,0.2810000000,0.0575499783,0.0154260494,2.5381353707,0.0056031953,0.3458000000,0.1001966067,0.1577168751,2.0998447350,0.0315088130,0.0216000000,0.0097693398,0.2634052661,6.1333719539,1.5098814410
