Instance,INF_avg,INF_sd,INF_r1,INF_kr,INF_sk,SUP_avg,SUP_sd,SUP_r1,SUP_kr,SUP_sk,INC_avg,INC_sd,INC_r1,INC_kr,INC_sk,IND_avg,IND_sd,IND_r1,IND_kr,IND_sk
104,0.2260000000,0.1353661701,-0.1905807722,2.2318115298,0.0536805886,0.3080000000,0.1397712417,-0.1264684985,3.6279703872,0.8681788606,0.4660000000,0.1569840756,-0.1146029958,2.9666729376,-0.2964828978,0.3080000000,0.1197330364,0.2024957585,3.7232093033,0.8246023474
