Instance,INF_avg,INF_sd,INF_r1,INF_kr,INF_sk,SUP_avg,SUP_sd,SUP_r1,SUP_kr,SUP_sk,INC_avg,INC_sd,INC_r1,INC_kr,INC_sk,IND_avg,IND_sd,IND_r1,IND_kr,IND_sk
161,0.3028000000,0.0466921835,-0.1274319301,2.7577205763,0.4733437472,0.2270000000,0.0528866713,0.0730675171,2.5514390578,0.5771882094,0.4702000000,0.0674533913,0.2148073647,2.1723476260,-0.0127398294,0.0640000000,0.0202977831,0.0104916684,3.5710246018,0.6399857156
