Instance,FV_avg_avg,FV_avg_sd,FV_sd_avg,FV_sd_sd,FV_r1_avg,FV_r1_sd,FV_kr_avg,FV_kr_sd,FV_sk_avg,FV_sk_sd,FD_avg_avg,FD_avg_sd,FD_sd_avg,FD_sd_sd,FD_r1_avg,FD_r1_sd,FD_kr_avg,FD_kr_sd,FD_sk_avg,FD_sk_sd,IN_avg_avg,IN_avg_sd,IN_sd_avg,IN_sd_sd,IN_r1_avg,IN_r1_sd,IN_kr_avg,IN_kr_sd,IN_sk_avg,IN_sk_sd
461,0.4980033577,0.3027490855,0.0001783016,0.0001207700,0.4664038207,0.2499471722,2.4469787638,0.8523191909,0.0724063294,0.7178041591,0.0000029080,0.0000157000,0.0000377391,0.0000250364,-0.1254934022,0.3080817995,2.6086550603,0.7097511448,-0.0081556998,0.5577593813,0.5012500000,0.0297856929,0.1087356391,0.0187165911,-0.1131562764,0.2906927642,2.5367955586,0.5522715416,0.0428185994,0.5739809627
