Instance,FV_avg_avg,FV_avg_sd,FV_sd_avg,FV_sd_sd,FV_r1_avg,FV_r1_sd,FV_kr_avg,FV_kr_sd,FV_sk_avg,FV_sk_sd,FD_avg_avg,FD_avg_sd,FD_sd_avg,FD_sd_sd,FD_r1_avg,FD_r1_sd,FD_kr_avg,FD_kr_sd,FD_sk_avg,FD_sk_sd,IN_avg_avg,IN_avg_sd,IN_sd_avg,IN_sd_sd,IN_r1_avg,IN_r1_sd,IN_kr_avg,IN_kr_sd,IN_sk_avg,IN_sk_sd
453,0.4939217184,0.2998910695,0.0006622355,0.0005660813,0.9488484442,0.0333828697,2.3322498634,0.5804896997,0.1389086919,0.4257471935,-0.0000040220,0.0000068315,0.0000389283,0.0000242348,0.0165933122,0.1113585992,2.8626802495,0.5211203548,0.0081171178,0.2480967045,0.4893500000,0.0184432237,0.1129172706,0.0069724454,0.0290348929,0.1224484683,2.9287867296,0.5289975260,0.0317495298,0.2507402527
