Instance,FV_avg_avg,FV_avg_sd,FV_sd_avg,FV_sd_sd,FV_r1_avg,FV_r1_sd,FV_kr_avg,FV_kr_sd,FV_sk_avg,FV_sk_sd,FD_avg_avg,FD_avg_sd,FD_sd_avg,FD_sd_sd,FD_r1_avg,FD_r1_sd,FD_kr_avg,FD_kr_sd,FD_sk_avg,FD_sk_sd,IN_avg_avg,IN_avg_sd,IN_sd_avg,IN_sd_sd,IN_r1_avg,IN_r1_sd,IN_kr_avg,IN_kr_sd,IN_sk_avg,IN_sk_sd
322,0.4976852997,0.3023010527,0.0003772972,0.0002839020,0.9394804569,0.0353497421,2.4395656945,0.6565954389,0.0415209297,0.4971664881,-0.0000003965,0.0000029948,0.0000240750,0.0000144583,-0.0070082094,0.0818473833,2.9849547561,0.4127965961,0.0946962997,0.2283223780,0.4987000000,0.0160104653,0.1114202108,0.0086609251,0.0131792538,0.0855038300,2.9292962221,0.3701111289,0.0133460569,0.2593668778
