Instance,FV_avg_avg,FV_avg_sd,FV_sd_avg,FV_sd_sd,FV_r1_avg,FV_r1_sd,FV_kr_avg,FV_kr_sd,FV_sk_avg,FV_sk_sd,FD_avg_avg,FD_avg_sd,FD_sd_avg,FD_sd_sd,FD_r1_avg,FD_r1_sd,FD_kr_avg,FD_kr_sd,FD_sk_avg,FD_sk_sd,IN_avg_avg,IN_avg_sd,IN_sd_avg,IN_sd_sd,IN_r1_avg,IN_r1_sd,IN_kr_avg,IN_kr_sd,IN_sk_avg,IN_sk_sd
439,0.4977196149,0.3026942496,0.0012718359,0.0009893132,0.9633913063,0.0270128262,2.4152184699,0.7214567913,0.1259227812,0.5020888318,0.0000046134,0.0000238459,0.0000329048,0.0000203744,0.0292822336,0.1153624796,3.0438222142,0.5958035960,0.0464128284,0.2231849683,0.5092350000,0.0246159354,0.0509872122,0.0035106548,-0.0109993509,0.1121647782,2.8023866836,0.3214600170,0.0422342087,0.2236672367
