Instance,FV_avg_avg,FV_avg_sd,FV_sd_avg,FV_sd_sd,FV_r1_avg,FV_r1_sd,FV_kr_avg,FV_kr_sd,FV_sk_avg,FV_sk_sd,FD_avg_avg,FD_avg_sd,FD_sd_avg,FD_sd_sd,FD_r1_avg,FD_r1_sd,FD_kr_avg,FD_kr_sd,FD_sk_avg,FD_sk_sd,IN_avg_avg,IN_avg_sd,IN_sd_avg,IN_sd_sd,IN_r1_avg,IN_r1_sd,IN_kr_avg,IN_kr_sd,IN_sk_avg,IN_sk_sd
330,0.4954043937,0.2990343302,0.0022078451,0.0016681554,0.7588168866,0.1862829476,2.4084628272,0.6894704701,0.1520040912,0.3836758259,-0.0000456985,0.0001196641,0.0001541278,0.0000937280,-0.0538820522,0.1792868648,2.7064834367,0.6027971470,0.0180921891,0.3811948066,0.4880800000,0.0354733928,0.0677672656,0.0106183670,-0.0149381533,0.2411442182,2.4547568331,0.3579538979,-0.0133188115,0.2657263248
