Instance,FV_avg_avg,FV_avg_sd,FV_sd_avg,FV_sd_sd,FV_r1_avg,FV_r1_sd,FV_kr_avg,FV_kr_sd,FV_sk_avg,FV_sk_sd,FD_avg_avg,FD_avg_sd,FD_sd_avg,FD_sd_sd,FD_r1_avg,FD_r1_sd,FD_kr_avg,FD_kr_sd,FD_sk_avg,FD_sk_sd,IN_avg_avg,IN_avg_sd,IN_sd_avg,IN_sd_sd,IN_r1_avg,IN_r1_sd,IN_kr_avg,IN_kr_sd,IN_sk_avg,IN_sk_sd
344,0.4358397391,0.2633722025,0.0317318893,0.0188364456,0.9731736163,0.0111964255,2.1100410485,0.1269369161,0.5860917319,0.0968378051,-0.0012509878,0.0007858139,0.0005660322,0.0003372291,0.9350147406,0.0153896560,2.1652587823,0.1530814304,0.5783099216,0.1195249525,0.1686011259,0.0182835538,0.1441926077,0.0113515584,0.9101447348,0.0187982487,2.5170804448,0.2558274846,0.8162978507,0.1316230034
