Instance,INF_avg,INF_sd,INF_r1,INF_kr,INF_sk,SUP_avg,SUP_sd,SUP_r1,SUP_kr,SUP_sk,INC_avg,INC_sd,INC_r1,INC_kr,INC_sk,IND_avg,IND_sd,IND_r1,IND_kr,IND_sk
488,0.3000000000,0.1183215957,-0.0564516129,1.8316326531,0.1086626899,0.2680000000,0.0915204895,0.0357573323,4.5798159840,-0.3432616341,0.4320000000,0.1028396811,0.0842110725,2.3914208747,0.0753342719,0.2220000000,0.0872696969,0.0200323617,2.0803869342,0.6194214555
