Instance,FV_avg_avg,FV_avg_sd,FV_sd_avg,FV_sd_sd,FV_r1_avg,FV_r1_sd,FV_kr_avg,FV_kr_sd,FV_sk_avg,FV_sk_sd,FD_avg_avg,FD_avg_sd,FD_sd_avg,FD_sd_sd,FD_r1_avg,FD_r1_sd,FD_kr_avg,FD_kr_sd,FD_sk_avg,FD_sk_sd,IN_avg_avg,IN_avg_sd,IN_sd_avg,IN_sd_sd,IN_r1_avg,IN_r1_sd,IN_kr_avg,IN_kr_sd,IN_sk_avg,IN_sk_sd
385,0.4992085733,0.3035007062,0.0000555368,0.0000443997,0.0553686826,0.3685202940,1.8915633855,0.5440172507,-0.0625966678,0.5330603246,0.0000013502,0.0000043735,0.0000069218,0.0000048083,-0.1946718391,0.3259602860,2.0432393504,0.5584971914,-0.0835253553,0.6960720310,0.5104000000,0.0223571018,0.0450431391,0.0184150922,-0.2133263549,0.3434687398,2.0617406047,0.5583265702,0.0671010792,0.6899355091
