Instance,INF_avg,INF_sd,INF_r1,INF_kr,INF_sk,SUP_avg,SUP_sd,SUP_r1,SUP_kr,SUP_sk,INC_avg,INC_sd,INC_r1,INC_kr,INC_sk,IND_avg,IND_sd,IND_r1,IND_kr,IND_sk
131,0.1920000000,0.0416653333,0.1237709659,1.7513750557,0.6052175240,0.2660000000,0.0417612260,-0.0886907555,2.3031100076,0.7935019592,0.5420000000,0.0348711915,-0.8089123867,1.2211305402,-0.3090320494,0.0640000000,0.0287054002,-0.6501416431,1.7447921576,-0.2009026265
