Instance,INF_avg,INF_sd,INF_r1,INF_kr,INF_sk,SUP_avg,SUP_sd,SUP_r1,SUP_kr,SUP_sk,INC_avg,INC_sd,INC_r1,INC_kr,INC_sk,IND_avg,IND_sd,IND_r1,IND_kr,IND_sk
283,0.4632746479,0.1311904402,0.9045024135,1.9791044000,-0.1699763614,0.0966197183,0.0847459943,0.9280329025,2.4938970573,0.8400788094,0.4401056338,0.0606637822,0.5928806036,2.5370489975,-0.4381598936,0.0401056338,0.0091441567,-0.0001792667,4.5639508241,0.7079345241
