Instance,FV_avg_avg,FV_avg_sd,FV_sd_avg,FV_sd_sd,FV_r1_avg,FV_r1_sd,FV_kr_avg,FV_kr_sd,FV_sk_avg,FV_sk_sd,FD_avg_avg,FD_avg_sd,FD_sd_avg,FD_sd_sd,FD_r1_avg,FD_r1_sd,FD_kr_avg,FD_kr_sd,FD_sk_avg,FD_sk_sd,IN_avg_avg,IN_avg_sd,IN_sd_avg,IN_sd_sd,IN_r1_avg,IN_r1_sd,IN_kr_avg,IN_kr_sd,IN_sk_avg,IN_sk_sd
400,0.5004769841,0.3034473923,0.0013557986,0.0011377520,0.8824942884,0.0922809809,2.1940669874,0.4599825023,-0.0225590193,0.4637637791,-0.0000144248,0.0000431620,0.0000818304,0.0000503221,0.1708832692,0.1735991587,2.9819757130,0.5494806012,0.0492147568,0.3145443416,0.4924600000,0.0408701896,0.0777528893,0.0138731471,0.0846579352,0.1828188049,2.7449566301,0.4308367295,-0.0379422302,0.2750158278
