Instance,FV_avg_avg,FV_avg_sd,FV_sd_avg,FV_sd_sd,FV_r1_avg,FV_r1_sd,FV_kr_avg,FV_kr_sd,FV_sk_avg,FV_sk_sd,FD_avg_avg,FD_avg_sd,FD_sd_avg,FD_sd_sd,FD_r1_avg,FD_r1_sd,FD_kr_avg,FD_kr_sd,FD_sk_avg,FD_sk_sd,IN_avg_avg,IN_avg_sd,IN_sd_avg,IN_sd_sd,IN_r1_avg,IN_r1_sd,IN_kr_avg,IN_kr_sd,IN_sk_avg,IN_sk_sd
12,0.4932307198,0.2998571801,0.0035691018,0.0025813239,0.8933526348,0.0924826947,2.4096896504,0.5886245145,0.0749820739,0.4733884300,-0.0000498573,0.0001342237,0.0003198301,0.0001955729,0.1143028980,0.1337255957,2.9567171357,0.3805029958,-0.0580397555,0.2961027492,0.4892000000,0.0387551287,0.1147156029,0.0100861519,0.0992107371,0.1045014431,2.8121367246,0.5397726121,0.0192341404,0.3061075949
