Instance,FV_avg_avg,FV_avg_sd,FV_sd_avg,FV_sd_sd,FV_r1_avg,FV_r1_sd,FV_kr_avg,FV_kr_sd,FV_sk_avg,FV_sk_sd,FD_avg_avg,FD_avg_sd,FD_sd_avg,FD_sd_sd,FD_r1_avg,FD_r1_sd,FD_kr_avg,FD_kr_sd,FD_sk_avg,FD_sk_sd,IN_avg_avg,IN_avg_sd,IN_sd_avg,IN_sd_sd,IN_r1_avg,IN_r1_sd,IN_kr_avg,IN_kr_sd,IN_sk_avg,IN_sk_sd
13,0.4980094130,0.3028675047,0.0003225708,0.0002448304,0.7888781901,0.1332995116,2.1524741987,0.3933274303,-0.0297148609,0.3893307586,0.0000037451,0.0000183080,0.0000249690,0.0000152150,0.0723959371,0.2278142679,2.7765129376,0.5610359650,-0.0538984088,0.3487524461,0.5109600000,0.0350944782,0.0713240615,0.0083626701,0.0226876416,0.2057973623,2.6617669977,0.5200878442,0.0471432024,0.3790109918
