Instance,FV_avg_avg,FV_avg_sd,FV_sd_avg,FV_sd_sd,FV_r1_avg,FV_r1_sd,FV_kr_avg,FV_kr_sd,FV_sk_avg,FV_sk_sd,FD_avg_avg,FD_avg_sd,FD_sd_avg,FD_sd_sd,FD_r1_avg,FD_r1_sd,FD_kr_avg,FD_kr_sd,FD_sk_avg,FD_sk_sd,IN_avg_avg,IN_avg_sd,IN_sd_avg,IN_sd_sd,IN_r1_avg,IN_r1_sd,IN_kr_avg,IN_kr_sd,IN_sk_avg,IN_sk_sd
147,0.4965181141,0.3014991152,0.0014776966,0.0010840894,0.9408871113,0.0346577012,2.4640640561,0.4743933532,-0.0644191658,0.4667744589,-0.0000022680,0.0000395424,0.0000557631,0.0000346517,0.3643600467,0.1696961689,2.9202954700,0.4569953433,-0.1043091806,0.2924009555,0.5018500000,0.0331953235,0.0585019709,0.0061941422,0.2824211708,0.1367932880,2.8421176269,0.3380469689,0.0530416897,0.2142231661
