Instance,INF_avg,INF_sd,INF_r1,INF_kr,INF_sk,SUP_avg,SUP_sd,SUP_r1,SUP_kr,SUP_sk,INC_avg,INC_sd,INC_r1,INC_kr,INC_sk,IND_avg,IND_sd,IND_r1,IND_kr,IND_sk
444,0.3729885057,0.0908151456,0.4187579662,2.5840875792,0.1171038102,0.1263218391,0.0685081578,0.4859971349,3.3259359688,0.7640801488,0.5006896552,0.0722669557,0.0717582797,2.7521711784,-0.2303656015,0.1162068966,0.0312476713,-0.0587548250,3.0444419699,0.0901889257
