Instance,FV_avg_avg,FV_avg_sd,FV_sd_avg,FV_sd_sd,FV_r1_avg,FV_r1_sd,FV_kr_avg,FV_kr_sd,FV_sk_avg,FV_sk_sd,FD_avg_avg,FD_avg_sd,FD_sd_avg,FD_sd_sd,FD_r1_avg,FD_r1_sd,FD_kr_avg,FD_kr_sd,FD_sk_avg,FD_sk_sd,IN_avg_avg,IN_avg_sd,IN_sd_avg,IN_sd_sd,IN_r1_avg,IN_r1_sd,IN_kr_avg,IN_kr_sd,IN_sk_avg,IN_sk_sd
138,0.4984288809,0.3032181339,0.0004164415,0.0002509222,0.7793208683,0.1189127069,2.3065349343,0.3943283815,-0.0557814169,0.4271801829,0.0000007212,0.0000107111,0.0000269910,0.0000170351,0.0068818062,0.1713987467,2.8003548840,0.7812652201,0.0524046053,0.4752666932,0.4999600000,0.0154784495,0.0480584300,0.0072390129,-0.0702375402,0.2095082007,2.7118055562,0.5056781790,0.0759043945,0.4709395567
