Instance,FV_avg_avg,FV_avg_sd,FV_sd_avg,FV_sd_sd,FV_r1_avg,FV_r1_sd,FV_kr_avg,FV_kr_sd,FV_sk_avg,FV_sk_sd,FD_avg_avg,FD_avg_sd,FD_sd_avg,FD_sd_sd,FD_r1_avg,FD_r1_sd,FD_kr_avg,FD_kr_sd,FD_sk_avg,FD_sk_sd,IN_avg_avg,IN_avg_sd,IN_sd_avg,IN_sd_sd,IN_r1_avg,IN_r1_sd,IN_kr_avg,IN_kr_sd,IN_sk_avg,IN_sk_sd
133,0.4987905995,0.3031502986,0.0004531596,0.0003417154,0.8060131933,0.1397000513,2.4057425732,0.7185547272,0.0718859105,0.5478098616,-0.0000041801,0.0000167277,0.0000346276,0.0000217526,0.0146888600,0.2152045070,3.1661094536,1.1117752318,0.2717184917,0.5610111563,0.4931600000,0.0280838459,0.0687197209,0.0090173147,-0.0037805079,0.1866867647,2.8439254544,0.7331331788,0.1981139284,0.4086324106
