Instance,FV_avg_avg,FV_avg_sd,FV_sd_avg,FV_sd_sd,FV_r1_avg,FV_r1_sd,FV_kr_avg,FV_kr_sd,FV_sk_avg,FV_sk_sd,FD_avg_avg,FD_avg_sd,FD_sd_avg,FD_sd_sd,FD_r1_avg,FD_r1_sd,FD_kr_avg,FD_kr_sd,FD_sk_avg,FD_sk_sd,IN_avg_avg,IN_avg_sd,IN_sd_avg,IN_sd_sd,IN_r1_avg,IN_r1_sd,IN_kr_avg,IN_kr_sd,IN_sk_avg,IN_sk_sd
206,0.5021050491,0.3050877739,0.0001987216,0.0001628768,0.5419009680,0.3339318428,2.2664668936,0.7223171705,-0.1724508322,0.4699911582,-0.0000018795,0.0000193540,0.0000268041,0.0000214079,-0.0305805526,0.3143232547,2.1475801611,0.4228069491,-0.1796841484,0.4206000232,0.5037000000,0.0387983247,0.0756903342,0.0165521392,-0.0311600341,0.2728168897,2.1465426292,0.5377256866,-0.0139582883,0.4568098478
