Instance,FV_avg_avg,FV_avg_sd,FV_sd_avg,FV_sd_sd,FV_r1_avg,FV_r1_sd,FV_kr_avg,FV_kr_sd,FV_sk_avg,FV_sk_sd,FD_avg_avg,FD_avg_sd,FD_sd_avg,FD_sd_sd,FD_r1_avg,FD_r1_sd,FD_kr_avg,FD_kr_sd,FD_sk_avg,FD_sk_sd,IN_avg_avg,IN_avg_sd,IN_sd_avg,IN_sd_sd,IN_r1_avg,IN_r1_sd,IN_kr_avg,IN_kr_sd,IN_sk_avg,IN_sk_sd
16,0.4871077465,0.2938434155,0.0050204682,0.0033375660,0.9401406848,0.0246125702,2.3948278884,0.3851538425,-0.0375953049,0.3129433563,-0.0000434851,0.0001687230,0.0002385687,0.0001487063,0.4500776489,0.1663839239,2.6671878402,0.2726385153,-0.1090264769,0.2829652902,0.4940800000,0.0490352791,0.0670090150,0.0145529002,0.3581421890,0.1857129856,2.5958203777,0.4217932217,0.0279753262,0.2156178138
