Instance,FV_avg_avg,FV_avg_sd,FV_sd_avg,FV_sd_sd,FV_r1_avg,FV_r1_sd,FV_kr_avg,FV_kr_sd,FV_sk_avg,FV_sk_sd,FD_avg_avg,FD_avg_sd,FD_sd_avg,FD_sd_sd,FD_r1_avg,FD_r1_sd,FD_kr_avg,FD_kr_sd,FD_sk_avg,FD_sk_sd,IN_avg_avg,IN_avg_sd,IN_sd_avg,IN_sd_sd,IN_r1_avg,IN_r1_sd,IN_kr_avg,IN_kr_sd,IN_sk_avg,IN_sk_sd
389,0.4955168161,0.3005214303,0.0002678158,0.0001854122,0.5538927590,0.3163355309,2.1438669548,0.6794969090,0.1029367143,0.5472008908,-0.0000004337,0.0000211492,0.0000251622,0.0000157668,-0.0359321900,0.2873484285,2.5312018437,0.7940789308,-0.0334543893,0.5993825793,0.4952000000,0.0386698849,0.0597986983,0.0127167483,-0.0130720634,0.3080273974,2.6736144869,0.8427867232,0.1775876040,0.7046596847
