Instance,INF_avg,INF_sd,INF_r1,INF_kr,INF_sk,SUP_avg,SUP_sd,SUP_r1,SUP_kr,SUP_sk,INC_avg,INC_sd,INC_r1,INC_kr,INC_sk,IND_avg,IND_sd,IND_r1,IND_kr,IND_sk
170,0.3040000000,0.0833306666,-0.4632735685,1.4837966404,0.0079633885,0.2160000000,0.0265329983,-0.0273972603,2.2169421488,0.3700366502,0.4800000000,0.0920869155,-0.4111111111,2.2152011392,-0.6638519182,0.1200000000,0.0219089023,-0.4000000000,2.5000000000,-0.9128709292
