Instance,INF_avg,INF_sd,INF_r1,INF_kr,INF_sk,SUP_avg,SUP_sd,SUP_r1,SUP_kr,SUP_sk,INC_avg,INC_sd,INC_r1,INC_kr,INC_sk,IND_avg,IND_sd,IND_r1,IND_kr,IND_sk
129,0.2625000000,0.0313249102,0.0006406150,5.1451093351,1.5311068127,0.2210000000,0.0250798724,0.0304938681,2.7693717284,0.9516178672,0.5165000000,0.0382132176,-0.3462393908,1.8538715615,-0.5808513564,0.0330000000,0.0060000000,-0.0289389068,1.5138888889,-0.2361111111
