Instance,FV_avg_avg,FV_avg_sd,FV_sd_avg,FV_sd_sd,FV_r1_avg,FV_r1_sd,FV_kr_avg,FV_kr_sd,FV_sk_avg,FV_sk_sd,FD_avg_avg,FD_avg_sd,FD_sd_avg,FD_sd_sd,FD_r1_avg,FD_r1_sd,FD_kr_avg,FD_kr_sd,FD_sk_avg,FD_sk_sd,IN_avg_avg,IN_avg_sd,IN_sd_avg,IN_sd_sd,IN_r1_avg,IN_r1_sd,IN_kr_avg,IN_kr_sd,IN_sk_avg,IN_sk_sd
107,0.4912130791,0.2977038253,0.0020809984,0.0014757751,0.5218971704,0.2270672430,2.6741759375,0.8511268728,0.1291496017,0.6204920628,-0.0000951099,0.0002599962,0.0002600231,0.0001779455,-0.0623728786,0.3082150195,2.3277954235,0.5523657651,-0.0835889556,0.4715472570,0.4875000000,0.0559959820,0.0667006706,0.0202292002,-0.0513063761,0.3036367787,2.4641007397,0.5850967085,-0.0246851263,0.4896152813
