Instance,FV_avg_avg,FV_avg_sd,FV_sd_avg,FV_sd_sd,FV_r1_avg,FV_r1_sd,FV_kr_avg,FV_kr_sd,FV_sk_avg,FV_sk_sd,FD_avg_avg,FD_avg_sd,FD_sd_avg,FD_sd_sd,FD_r1_avg,FD_r1_sd,FD_kr_avg,FD_kr_sd,FD_sk_avg,FD_sk_sd,IN_avg_avg,IN_avg_sd,IN_sd_avg,IN_sd_sd,IN_r1_avg,IN_r1_sd,IN_kr_avg,IN_kr_sd,IN_sk_avg,IN_sk_sd
36,0.4998399289,0.3032618963,0.0014431752,0.0008810591,0.8225964832,0.1553047273,2.4882839966,0.7469764644,0.0950998018,0.5103110708,0.0000229952,0.0001202232,0.0001718573,0.0001048864,-0.0008255385,0.2167860700,2.7095983256,0.7167037936,0.0716802024,0.4282731204,0.5062000000,0.0515049512,0.1036257698,0.0138021673,0.0377521842,0.2490967044,2.7351005526,0.7449638804,0.1113507867,0.4951081692
