Instance,FV_avg_avg,FV_avg_sd,FV_sd_avg,FV_sd_sd,FV_r1_avg,FV_r1_sd,FV_kr_avg,FV_kr_sd,FV_sk_avg,FV_sk_sd,FD_avg_avg,FD_avg_sd,FD_sd_avg,FD_sd_sd,FD_r1_avg,FD_r1_sd,FD_kr_avg,FD_kr_sd,FD_sk_avg,FD_sk_sd,IN_avg_avg,IN_avg_sd,IN_sd_avg,IN_sd_sd,IN_r1_avg,IN_r1_sd,IN_kr_avg,IN_kr_sd,IN_sk_avg,IN_sk_sd
123,0.4983409907,0.3026207006,0.0008641112,0.0006985389,0.9442240128,0.0345665684,2.3249974670,0.4825546355,-0.1672104864,0.5037454922,-0.0000005028,0.0000110951,0.0000754529,0.0000475603,-0.0560219587,0.0774657005,2.9165547352,0.3300075318,-0.0575226921,0.2559654515,0.4939000000,0.0249096367,0.1612180212,0.0105380098,-0.0330742028,0.0997430093,2.9302486461,0.2841541504,-0.0881195749,0.2239180967
