Instance,INF_avg,INF_sd,INF_r1,INF_kr,INF_sk,SUP_avg,SUP_sd,SUP_r1,SUP_kr,SUP_sk,INC_avg,INC_sd,INC_r1,INC_kr,INC_sk,IND_avg,IND_sd,IND_r1,IND_kr,IND_sk
67,0.2040000000,0.0611882342,-0.2075298439,2.1747753671,-0.5665577237,0.2960000000,0.0861626369,0.2884864166,1.3832676873,-0.0882453062,0.5000000000,0.0606630036,-0.3333333333,2.1219281664,0.3870276692,0.1080000000,0.0299332591,-0.7572463768,2.1339285714,0.7301958931
