Instance,INF_avg,INF_sd,INF_r1,INF_kr,INF_sk,SUP_avg,SUP_sd,SUP_r1,SUP_kr,SUP_sk,INC_avg,INC_sd,INC_r1,INC_kr,INC_sk,IND_avg,IND_sd,IND_r1,IND_kr,IND_sk
166,0.2176000000,0.0500623611,-0.1876899072,3.7269072901,0.5647542572,0.2656000000,0.0468256340,0.0888727075,4.0444233496,-0.1329671201,0.5168000000,0.0425882613,-0.4228765967,2.5414231066,-0.0144363734,0.1144000000,0.0249927990,0.2263521159,3.3879417495,0.2939863196
