Instance,FV_avg_avg,FV_avg_sd,FV_sd_avg,FV_sd_sd,FV_r1_avg,FV_r1_sd,FV_kr_avg,FV_kr_sd,FV_sk_avg,FV_sk_sd,FD_avg_avg,FD_avg_sd,FD_sd_avg,FD_sd_sd,FD_r1_avg,FD_r1_sd,FD_kr_avg,FD_kr_sd,FD_sk_avg,FD_sk_sd,IN_avg_avg,IN_avg_sd,IN_sd_avg,IN_sd_sd,IN_r1_avg,IN_r1_sd,IN_kr_avg,IN_kr_sd,IN_sk_avg,IN_sk_sd
162,0.5016356186,0.3045995234,0.0004380438,0.0002881244,0.8476229004,0.1043443217,2.3353954116,0.6889996931,-0.0214941112,0.5124886390,0.0000002138,0.0000106101,0.0000519612,0.0000346587,0.0293038037,0.1891765350,2.8087617553,0.7602984551,0.0796106420,0.4225908773,0.5038000000,0.0210798482,0.1071406117,0.0127314306,0.0083829273,0.2511232949,2.7968398332,1.0528916485,0.0585554221,0.5554963607
