Instance,INF_avg,INF_sd,INF_r1,INF_kr,INF_sk,SUP_avg,SUP_sd,SUP_r1,SUP_kr,SUP_sk,INC_avg,INC_sd,INC_r1,INC_kr,INC_sk,IND_avg,IND_sd,IND_r1,IND_kr,IND_sk
137,0.2762000000,0.0439495165,-0.1540327428,2.7310939080,0.1085467493,0.2008000000,0.0384104153,0.1505221777,2.2682040722,0.0130339607,0.5230000000,0.0432319326,-0.2617169423,2.5432807134,0.5036108565,0.0628000000,0.0170926885,-0.0272455736,2.3358660171,0.3291890029
