Instance,FV_avg_avg,FV_avg_sd,FV_sd_avg,FV_sd_sd,FV_r1_avg,FV_r1_sd,FV_kr_avg,FV_kr_sd,FV_sk_avg,FV_sk_sd,FD_avg_avg,FD_avg_sd,FD_sd_avg,FD_sd_sd,FD_r1_avg,FD_r1_sd,FD_kr_avg,FD_kr_sd,FD_sk_avg,FD_sk_sd,IN_avg_avg,IN_avg_sd,IN_sd_avg,IN_sd_sd,IN_r1_avg,IN_r1_sd,IN_kr_avg,IN_kr_sd,IN_sk_avg,IN_sk_sd
225,0.4248944359,0.2678741088,0.0361401697,0.0218572900,0.9917243166,0.0041204203,1.9746887252,0.0868083746,0.4730398899,0.1049893239,-0.0004361380,0.0002546761,0.0002185345,0.0001322682,0.9747112254,0.0070432499,2.0251240583,0.1316080904,0.4781145801,0.1182551464,0.1808004715,0.0273686643,0.1490744392,0.0095148571,0.9623929552,0.0108329848,2.2396510857,0.1375178306,0.6771628077,0.1322255499
