Instance,FV_avg_avg,FV_avg_sd,FV_sd_avg,FV_sd_sd,FV_r1_avg,FV_r1_sd,FV_kr_avg,FV_kr_sd,FV_sk_avg,FV_sk_sd,FD_avg_avg,FD_avg_sd,FD_sd_avg,FD_sd_sd,FD_r1_avg,FD_r1_sd,FD_kr_avg,FD_kr_sd,FD_sk_avg,FD_sk_sd,IN_avg_avg,IN_avg_sd,IN_sd_avg,IN_sd_sd,IN_r1_avg,IN_r1_sd,IN_kr_avg,IN_kr_sd,IN_sk_avg,IN_sk_sd
13,0.4980568650,0.3029781584,0.0001469437,0.0000933609,0.1712774817,0.4826126979,1.7095664590,0.4226127208,0.0046773639,0.4757267155,-0.0000000610,0.0000097163,0.0000167377,0.0000129133,-0.2982864894,0.3421450066,1.8842059408,0.5564015169,0.1013336677,0.5646795350,0.5051000000,0.0261111087,0.0435198594,0.0159756638,-0.3283810144,0.2815877971,1.9061484589,0.5046973589,-0.0721274189,0.6163701651
