Instance,FV_avg_avg,FV_avg_sd,FV_sd_avg,FV_sd_sd,FV_r1_avg,FV_r1_sd,FV_kr_avg,FV_kr_sd,FV_sk_avg,FV_sk_sd,FD_avg_avg,FD_avg_sd,FD_sd_avg,FD_sd_sd,FD_r1_avg,FD_r1_sd,FD_kr_avg,FD_kr_sd,FD_sk_avg,FD_sk_sd,IN_avg_avg,IN_avg_sd,IN_sd_avg,IN_sd_sd,IN_r1_avg,IN_r1_sd,IN_kr_avg,IN_kr_sd,IN_sk_avg,IN_sk_sd
120,0.4350444008,0.2633615358,0.0272685931,0.0167533029,0.9119424860,0.0557840727,2.8633138339,1.0441822016,0.9839011699,0.3319272359,-0.0026596070,0.0016463108,0.0011689009,0.0007228148,0.8782378631,0.0995817609,2.9476919472,1.1867048496,0.9860340866,0.3199131969,0.1412409957,0.0238960055,0.1522825756,0.0208149143,0.8819546134,0.0544295955,3.1245038595,0.8367423062,1.1212464624,0.2514789045
