Instance,FV_avg_avg,FV_avg_sd,FV_sd_avg,FV_sd_sd,FV_r1_avg,FV_r1_sd,FV_kr_avg,FV_kr_sd,FV_sk_avg,FV_sk_sd,FD_avg_avg,FD_avg_sd,FD_sd_avg,FD_sd_sd,FD_r1_avg,FD_r1_sd,FD_kr_avg,FD_kr_sd,FD_sk_avg,FD_sk_sd,IN_avg_avg,IN_avg_sd,IN_sd_avg,IN_sd_sd,IN_r1_avg,IN_r1_sd,IN_kr_avg,IN_kr_sd,IN_sk_avg,IN_sk_sd
349,0.4996853404,0.3037204549,0.0001085792,0.0000690336,0.5180922390,0.3808332258,2.2487300009,1.0012285420,0.0854471339,0.6654785980,-0.0000002681,0.0000093730,0.0000234579,0.0000160005,-0.1535704002,0.2633092732,2.5246926758,0.7767580022,-0.0710738495,0.6547112254,0.4980000000,0.0351567917,0.1061300707,0.0254245571,-0.2073873308,0.2629347788,2.3688506522,0.6141821919,-0.1048123618,0.5228669390
