Instance,FV_avg_avg,FV_avg_sd,FV_sd_avg,FV_sd_sd,FV_r1_avg,FV_r1_sd,FV_kr_avg,FV_kr_sd,FV_sk_avg,FV_sk_sd,FD_avg_avg,FD_avg_sd,FD_sd_avg,FD_sd_sd,FD_r1_avg,FD_r1_sd,FD_kr_avg,FD_kr_sd,FD_sk_avg,FD_sk_sd,IN_avg_avg,IN_avg_sd,IN_sd_avg,IN_sd_sd,IN_r1_avg,IN_r1_sd,IN_kr_avg,IN_kr_sd,IN_sk_avg,IN_sk_sd
327,0.4990522451,0.3027974877,0.0005200536,0.0005004601,0.9311978291,0.0467991834,2.4518043099,0.6220689704,0.0667040514,0.4151878041,0.0000018313,0.0000062285,0.0000094262,0.0000057385,0.1215863142,0.1459041521,2.7696697450,0.2868612469,0.1134531785,0.1828520867,0.5041400000,0.0225304106,0.0394992223,0.0041173343,0.1655327522,0.1794268952,2.7824613696,0.3013191775,0.0213334034,0.1968266049
