Instance,INF_avg,INF_sd,INF_r1,INF_kr,INF_sk,SUP_avg,SUP_sd,SUP_r1,SUP_kr,SUP_sk,INC_avg,INC_sd,INC_r1,INC_kr,INC_sk,IND_avg,IND_sd,IND_r1,IND_kr,IND_sk
237,0.2578000000,0.0609849162,0.0696897566,2.5457335171,0.2313676133,0.2472000000,0.0664240920,-0.1604206470,4.0595310866,0.4990010537,0.4950000000,0.0701640934,-0.0061700066,2.5834505869,-0.1515555805,0.1078000000,0.0327285808,-0.0586165411,2.7258750834,0.0724609748
