Instance,FV_avg_avg,FV_avg_sd,FV_sd_avg,FV_sd_sd,FV_r1_avg,FV_r1_sd,FV_kr_avg,FV_kr_sd,FV_sk_avg,FV_sk_sd,FD_avg_avg,FD_avg_sd,FD_sd_avg,FD_sd_sd,FD_r1_avg,FD_r1_sd,FD_kr_avg,FD_kr_sd,FD_sk_avg,FD_sk_sd,IN_avg_avg,IN_avg_sd,IN_sd_avg,IN_sd_sd,IN_r1_avg,IN_r1_sd,IN_kr_avg,IN_kr_sd,IN_sk_avg,IN_sk_sd
228,0.5070793070,0.3070109528,0.0004553674,0.0002831279,-0.0064286798,0.4340308486,1.9736745090,0.5537102846,0.0756230906,0.6041263752,-0.0000237033,0.0001732456,0.0001319334,0.0000941863,-0.0522038705,0.4378933261,2.0760017046,0.5598861018,0.2517608233,0.5554927103,0.4805000000,0.0892454481,0.1133423533,0.0433994349,-0.1758530114,0.5105993454,2.1144634574,0.5511199328,0.0961151091,0.7006900446
