Instance,FV_avg_avg,FV_avg_sd,FV_sd_avg,FV_sd_sd,FV_r1_avg,FV_r1_sd,FV_kr_avg,FV_kr_sd,FV_sk_avg,FV_sk_sd,FD_avg_avg,FD_avg_sd,FD_sd_avg,FD_sd_sd,FD_r1_avg,FD_r1_sd,FD_kr_avg,FD_kr_sd,FD_sk_avg,FD_sk_sd,IN_avg_avg,IN_avg_sd,IN_sd_avg,IN_sd_sd,IN_r1_avg,IN_r1_sd,IN_kr_avg,IN_kr_sd,IN_sk_avg,IN_sk_sd
501,0.4653313334,0.2817180152,0.0135669667,0.0093966975,0.5797020282,0.1527041724,2.7713004718,0.6962769045,0.0696106824,0.5208442378,-0.0001675945,0.0016042328,0.0036166465,0.0023517462,0.2091231609,0.2495573801,2.8214502816,0.6659710956,0.0904893562,0.4341840043,0.4894000000,0.0846122923,0.1492160037,0.0215170688,0.1363812256,0.2091738921,2.6150531806,0.4781465911,0.0869790481,0.4396609348
