Instance,INF_avg,INF_sd,INF_r1,INF_kr,INF_sk,SUP_avg,SUP_sd,SUP_r1,SUP_kr,SUP_sk,INC_avg,INC_sd,INC_r1,INC_kr,INC_sk,IND_avg,IND_sd,IND_r1,IND_kr,IND_sk
83,0.2680000000,0.1057166023,0.2266427927,3.8422709159,0.2587108855,0.2520000000,0.0974474217,-0.1030367153,2.6288942482,0.3328604667,0.4800000000,0.1191637529,0.1695352840,2.2786153541,-0.1241042854,0.2120000000,0.0696850056,0.3296811732,2.2424148254,-0.3444069468
