Instance,INF_avg,INF_sd,INF_r1,INF_kr,INF_sk,SUP_avg,SUP_sd,SUP_r1,SUP_kr,SUP_sk,INC_avg,INC_sd,INC_r1,INC_kr,INC_sk,IND_avg,IND_sd,IND_r1,IND_kr,IND_sk
397,0.2666666667,0.1333333333,-0.2132352941,2.1093750000,-0.2187500000,0.2555555556,0.1383322178,0.0446704998,3.5811446410,0.7032055673,0.4777777778,0.2042752923,0.1457320141,1.9701516053,-0.0894745950,0.3777777778,0.0974996043,-0.0743083004,3.0931017035,0.0962004866
