Instance,FV_avg_avg,FV_avg_sd,FV_sd_avg,FV_sd_sd,FV_r1_avg,FV_r1_sd,FV_kr_avg,FV_kr_sd,FV_sk_avg,FV_sk_sd,FD_avg_avg,FD_avg_sd,FD_sd_avg,FD_sd_sd,FD_r1_avg,FD_r1_sd,FD_kr_avg,FD_kr_sd,FD_sk_avg,FD_sk_sd,IN_avg_avg,IN_avg_sd,IN_sd_avg,IN_sd_sd,IN_r1_avg,IN_r1_sd,IN_kr_avg,IN_kr_sd,IN_sk_avg,IN_sk_sd
145,0.4969538603,0.3020395606,0.0004071240,0.0002880927,0.8492751139,0.0974627624,2.2162179331,0.5775927719,0.0289179970,0.4884530875,-0.0000033785,0.0000147611,0.0000625275,0.0000397334,-0.0289116364,0.1078972843,2.6081420122,0.4041102919,0.0626033280,0.3573990012,0.4952000000,0.0300293190,0.1517416923,0.0212051603,0.0079230748,0.1682820006,2.5354101161,0.4574910659,0.0505185793,0.3636008555
