Instance,FV_avg_avg,FV_avg_sd,FV_sd_avg,FV_sd_sd,FV_r1_avg,FV_r1_sd,FV_kr_avg,FV_kr_sd,FV_sk_avg,FV_sk_sd,FD_avg_avg,FD_avg_sd,FD_sd_avg,FD_sd_sd,FD_r1_avg,FD_r1_sd,FD_kr_avg,FD_kr_sd,FD_sk_avg,FD_sk_sd,IN_avg_avg,IN_avg_sd,IN_sd_avg,IN_sd_sd,IN_r1_avg,IN_r1_sd,IN_kr_avg,IN_kr_sd,IN_sk_avg,IN_sk_sd
443,0.4763436115,0.2899454056,0.0111148307,0.0069685690,0.9900783740,0.0040061471,1.9381716471,0.0735972588,0.3241211982,0.0769515946,-0.0001689040,0.0001062586,0.0001053008,0.0000657008,0.5870927253,0.0762919548,2.7107166429,0.3832694724,0.2192224215,0.2229464594,0.2960400915,0.0357914657,0.1393388544,0.0121475934,0.4616084134,0.0863076822,2.7334331582,0.3401566143,0.3253557317,0.2742447462
