Instance,INF_avg,INF_sd,INF_r1,INF_kr,INF_sk,SUP_avg,SUP_sd,SUP_r1,SUP_kr,SUP_sk,INC_avg,INC_sd,INC_r1,INC_kr,INC_sk,IND_avg,IND_sd,IND_r1,IND_kr,IND_sk
G,0.3100000000,0.0800000000,-0.7077464789,1.4189453125,-0.0351562500,0.2100000000,0.0374165739,0.5588235294,1.8469387755,-0.3436215967,0.4800000000,0.0927361850,-0.4860139860,1.5091941590,-0.1579875514,0.1800000000,0.0678232998,-0.7771084337,2.3638941399,0.7500308204
