Instance,INF_avg,INF_sd,INF_r1,INF_kr,INF_sk,SUP_avg,SUP_sd,SUP_r1,SUP_kr,SUP_sk,INC_avg,INC_sd,INC_r1,INC_kr,INC_sk,IND_avg,IND_sd,IND_r1,IND_kr,IND_sk
371,0.2336000000,0.0559199428,-0.1231933795,2.6546631181,0.0776679015,0.3000000000,0.0657267069,-0.2044609665,2.6111111111,0.0540960551,0.4664000000,0.0819209375,-0.1950345982,2.6862302694,-0.5654573020,0.1184000000,0.0276665863,0.0178602036,2.2624551180,0.2341305101
