Instance,INF_avg,INF_sd,INF_r1,INF_kr,INF_sk,SUP_avg,SUP_sd,SUP_r1,SUP_kr,SUP_sk,INC_avg,INC_sd,INC_r1,INC_kr,INC_sk,IND_avg,IND_sd,IND_r1,IND_kr,IND_sk
96,0.2956000000,0.0786170465,0.5032006100,2.2725602418,0.1071604024,0.3328000000,0.0772279742,0.4048790297,3.4053680264,-0.6448999120,0.3716000000,0.0694077805,0.1360301963,2.6992132588,-0.0729968815,0.0892000000,0.0240698982,0.0369541494,3.3693400391,0.6447392017
