Instance,FV_avg_avg,FV_avg_sd,FV_sd_avg,FV_sd_sd,FV_r1_avg,FV_r1_sd,FV_kr_avg,FV_kr_sd,FV_sk_avg,FV_sk_sd,FD_avg_avg,FD_avg_sd,FD_sd_avg,FD_sd_sd,FD_r1_avg,FD_r1_sd,FD_kr_avg,FD_kr_sd,FD_sk_avg,FD_sk_sd,IN_avg_avg,IN_avg_sd,IN_sd_avg,IN_sd_sd,IN_r1_avg,IN_r1_sd,IN_kr_avg,IN_kr_sd,IN_sk_avg,IN_sk_sd
93,0.4988194491,0.3024541138,0.0002779704,0.0001799709,0.7742273591,0.1761980294,2.4098332517,0.6342444255,0.0346483110,0.4408183929,-0.0000021468,0.0000065166,0.0000143458,0.0000086571,-0.0450260570,0.1889676790,2.6682560307,0.6635793699,-0.0823227035,0.3928945778,0.4938400000,0.0168638786,0.0464872284,0.0067971757,-0.0676277761,0.1408206639,2.5468155496,0.4116198114,-0.1070924961,0.3483351574
