Instance,FV_avg_avg,FV_avg_sd,FV_sd_avg,FV_sd_sd,FV_r1_avg,FV_r1_sd,FV_kr_avg,FV_kr_sd,FV_sk_avg,FV_sk_sd,FD_avg_avg,FD_avg_sd,FD_sd_avg,FD_sd_sd,FD_r1_avg,FD_r1_sd,FD_kr_avg,FD_kr_sd,FD_sk_avg,FD_sk_sd,IN_avg_avg,IN_avg_sd,IN_sd_avg,IN_sd_sd,IN_r1_avg,IN_r1_sd,IN_kr_avg,IN_kr_sd,IN_sk_avg,IN_sk_sd
45,0.4916128226,0.2996917570,0.0010319828,0.0007972818,0.5970010410,0.2188467829,2.2429059744,0.8656854058,0.0056873957,0.6048698436,0.0000111892,0.0001349127,0.0001087844,0.0000673184,0.0041713680,0.3599129323,2.2925013034,0.6092716934,0.0633469553,0.5931558655,0.5004000000,0.0501062870,0.0660224547,0.0171532935,-0.0125019444,0.3292968479,2.4221955828,0.9747570600,-0.0092299362,0.6812821106
