Instance,INF_avg,INF_sd,INF_r1,INF_kr,INF_sk,SUP_avg,SUP_sd,SUP_r1,SUP_kr,SUP_sk,INC_avg,INC_sd,INC_r1,INC_kr,INC_sk,IND_avg,IND_sd,IND_r1,IND_kr,IND_sk
369,0.2090000000,0.0294788059,-0.5314052746,2.5941713092,0.4023877447,0.3020000000,0.0409389790,0.0415335463,2.1267080958,0.3022135711,0.4890000000,0.0457055795,-0.2400896714,1.8688553253,0.2594079484,0.0700000000,0.0178885438,0.1428571429,3.4765625000,0.7337098051
