Instance,FV_avg_avg,FV_avg_sd,FV_sd_avg,FV_sd_sd,FV_r1_avg,FV_r1_sd,FV_kr_avg,FV_kr_sd,FV_sk_avg,FV_sk_sd,FD_avg_avg,FD_avg_sd,FD_sd_avg,FD_sd_sd,FD_r1_avg,FD_r1_sd,FD_kr_avg,FD_kr_sd,FD_sk_avg,FD_sk_sd,IN_avg_avg,IN_avg_sd,IN_sd_avg,IN_sd_sd,IN_r1_avg,IN_r1_sd,IN_kr_avg,IN_kr_sd,IN_sk_avg,IN_sk_sd
299,0.4954140304,0.3000547165,0.0009831536,0.0007005956,0.8398246760,0.1319025536,2.4723467427,0.5678743580,-0.1284776970,0.5636642823,-0.0000024836,0.0000374452,0.0001461445,0.0000908407,-0.0747482000,0.1843822631,2.6415821928,0.7810880722,0.1010173751,0.4528651851,0.5048000000,0.0365863362,0.1580257917,0.0186077717,-0.0744907205,0.1794013968,2.7130035757,0.7763634645,-0.0199562028,0.4670075347
