Instance,FV_avg_avg,FV_avg_sd,FV_sd_avg,FV_sd_sd,FV_r1_avg,FV_r1_sd,FV_kr_avg,FV_kr_sd,FV_sk_avg,FV_sk_sd,FD_avg_avg,FD_avg_sd,FD_sd_avg,FD_sd_sd,FD_r1_avg,FD_r1_sd,FD_kr_avg,FD_kr_sd,FD_sk_avg,FD_sk_sd,IN_avg_avg,IN_avg_sd,IN_sd_avg,IN_sd_sd,IN_r1_avg,IN_r1_sd,IN_kr_avg,IN_kr_sd,IN_sk_avg,IN_sk_sd
343,0.4916201373,0.2984441361,0.0003781583,0.0002890857,0.1106497139,0.4805478354,1.9257199407,0.4883377330,0.0994975824,0.6197795894,0.0000464616,0.0001039617,0.0001156357,0.0000938215,-0.1933894769,0.4585535056,1.9175217898,0.3814253790,0.0817993254,0.5041027553,0.5560000000,0.0816333265,0.1143886894,0.0414153080,-0.3940706160,0.3769208697,1.9458302165,0.5626722509,0.2034093016,0.5740266266
