Instance,FV_avg_avg,FV_avg_sd,FV_sd_avg,FV_sd_sd,FV_r1_avg,FV_r1_sd,FV_kr_avg,FV_kr_sd,FV_sk_avg,FV_sk_sd,FD_avg_avg,FD_avg_sd,FD_sd_avg,FD_sd_sd,FD_r1_avg,FD_r1_sd,FD_kr_avg,FD_kr_sd,FD_sk_avg,FD_sk_sd,IN_avg_avg,IN_avg_sd,IN_sd_avg,IN_sd_sd,IN_r1_avg,IN_r1_sd,IN_kr_avg,IN_kr_sd,IN_sk_avg,IN_sk_sd
109,0.4958641541,0.3011938808,0.0002774720,0.0002164791,0.9115596522,0.0739932457,2.2401850752,0.4169800327,0.1020598984,0.4825009493,0.0000005520,0.0000043107,0.0000068195,0.0000041237,0.0113721376,0.1228089982,2.7556668819,0.4496536145,-0.0678423983,0.3162263228,0.4986150000,0.0159791513,0.0353462041,0.0025921717,-0.0110910633,0.1504697259,2.8303385926,0.5874691121,-0.1468939041,0.2391093019
