Instance,FV_avg_avg,FV_avg_sd,FV_sd_avg,FV_sd_sd,FV_r1_avg,FV_r1_sd,FV_kr_avg,FV_kr_sd,FV_sk_avg,FV_sk_sd,FD_avg_avg,FD_avg_sd,FD_sd_avg,FD_sd_sd,FD_r1_avg,FD_r1_sd,FD_kr_avg,FD_kr_sd,FD_sk_avg,FD_sk_sd,IN_avg_avg,IN_avg_sd,IN_sd_avg,IN_sd_sd,IN_r1_avg,IN_r1_sd,IN_kr_avg,IN_kr_sd,IN_sk_avg,IN_sk_sd
39,0.4979756525,0.3026112745,0.0002417037,0.0001577195,0.4538061104,0.2882265757,2.4578636239,1.1210669292,-0.1757482471,0.6626139796,0.0000002208,0.0000143381,0.0000225152,0.0000152887,0.0610664036,0.3153624679,2.6498832636,0.8172262760,0.1728540605,0.6878440660,0.4965000000,0.0285823372,0.0480609720,0.0085406657,-0.0660745874,0.2727582861,2.4705783825,0.6216249138,-0.0081882598,0.5888794925
