Instance,INF_avg,INF_sd,INF_r1,INF_kr,INF_sk,SUP_avg,SUP_sd,SUP_r1,SUP_kr,SUP_sk,INC_avg,INC_sd,INC_r1,INC_kr,INC_sk,IND_avg,IND_sd,IND_r1,IND_kr,IND_sk
122,0.2480000000,0.1360000000,-0.2242576628,2.3111642581,0.0421331162,0.2640000000,0.1323026833,0.2259834932,2.0205291285,0.2664655960,0.4880000000,0.1423235750,-0.2246768433,4.2273945629,1.1276620265,0.3680000000,0.1121427662,-0.2589742265,2.4326185343,0.4822097558
