Instance,INF_avg,INF_sd,INF_r1,INF_kr,INF_sk,SUP_avg,SUP_sd,SUP_r1,SUP_kr,SUP_sk,INC_avg,INC_sd,INC_r1,INC_kr,INC_sk,IND_avg,IND_sd,IND_r1,IND_kr,IND_sk
375,0.2120000000,0.0515363949,0.0881642512,1.8319785165,0.3057846047,0.2680000000,0.0466476152,0.3584070796,3.2418901384,-1.1027611228,0.5200000000,0.0579655070,-0.0000000000,4.3197278912,0.8625819492,0.1340000000,0.0310483494,0.3407761829,1.5884196209,0.1860302954
