Instance,FV_avg_avg,FV_avg_sd,FV_sd_avg,FV_sd_sd,FV_r1_avg,FV_r1_sd,FV_kr_avg,FV_kr_sd,FV_sk_avg,FV_sk_sd,FD_avg_avg,FD_avg_sd,FD_sd_avg,FD_sd_sd,FD_r1_avg,FD_r1_sd,FD_kr_avg,FD_kr_sd,FD_sk_avg,FD_sk_sd,IN_avg_avg,IN_avg_sd,IN_sd_avg,IN_sd_sd,IN_r1_avg,IN_r1_sd,IN_kr_avg,IN_kr_sd,IN_sk_avg,IN_sk_sd
349,0.4973397574,0.3017783915,0.0002551327,0.0001641615,0.9037261453,0.0615900042,2.2780358171,0.5325708322,0.0655612701,0.3921683438,-0.0000011407,0.0000049225,0.0000333411,0.0000210931,0.0397877177,0.1450393831,3.0036766676,0.6447299502,-0.1154328942,0.3147801720,0.5024000000,0.0198252364,0.1623366487,0.0186550928,-0.0097642067,0.1354052342,2.7051048984,0.3920675821,-0.0648576362,0.2580153564
