Instance,INF_avg,INF_sd,INF_r1,INF_kr,INF_sk,SUP_avg,SUP_sd,SUP_r1,SUP_kr,SUP_sk,INC_avg,INC_sd,INC_r1,INC_kr,INC_sk,IND_avg,IND_sd,IND_r1,IND_kr,IND_sk
88,0.2655000000,0.1016599725,-0.0493955277,2.5391646255,0.0542153073,0.2510000000,0.0969484399,0.1234259691,4.0529944459,0.5891035649,0.4835000000,0.1106921406,0.2443806184,2.6466231807,0.4090246640,0.2180000000,0.0705407684,-0.1696309760,2.6347639086,0.2862133640
