Instance,INF_avg,INF_sd,INF_r1,INF_kr,INF_sk,SUP_avg,SUP_sd,SUP_r1,SUP_kr,SUP_sk,INC_avg,INC_sd,INC_r1,INC_kr,INC_sk,IND_avg,IND_sd,IND_r1,IND_kr,IND_sk
51,0.2300000000,0.0187082869,-0.6666666667,1.9938775510,0.3436215967,0.2440000000,0.0213072758,-0.6126885537,2.4986027286,-0.9471232726,0.5260000000,0.0115758369,-0.5928270042,1.3968589886,-0.2436882574,0.0380000000,0.0107703296,0.0489642185,1.7636741974,0.4034071140
