Instance,FV_avg_avg,FV_avg_sd,FV_sd_avg,FV_sd_sd,FV_r1_avg,FV_r1_sd,FV_kr_avg,FV_kr_sd,FV_sk_avg,FV_sk_sd,FD_avg_avg,FD_avg_sd,FD_sd_avg,FD_sd_sd,FD_r1_avg,FD_r1_sd,FD_kr_avg,FD_kr_sd,FD_sk_avg,FD_sk_sd,IN_avg_avg,IN_avg_sd,IN_sd_avg,IN_sd_sd,IN_r1_avg,IN_r1_sd,IN_kr_avg,IN_kr_sd,IN_sk_avg,IN_sk_sd
151,0.4991660695,0.3016366716,0.0023820499,0.0017966567,0.9087534016,0.0506237431,2.3052104341,0.3510546108,-0.1749281033,0.2922877996,-0.0000100556,0.0001063811,0.0001073172,0.0000707763,0.1215807096,0.1729255554,2.7543621811,0.4704811957,-0.0146085993,0.3174561445,0.5008400000,0.0375457374,0.0542180459,0.0055870830,0.0876078150,0.1617975228,2.8376538860,0.4559419488,-0.0394173633,0.2126470362
