Instance,FV_avg_avg,FV_avg_sd,FV_sd_avg,FV_sd_sd,FV_r1_avg,FV_r1_sd,FV_kr_avg,FV_kr_sd,FV_sk_avg,FV_sk_sd,FD_avg_avg,FD_avg_sd,FD_sd_avg,FD_sd_sd,FD_r1_avg,FD_r1_sd,FD_kr_avg,FD_kr_sd,FD_sk_avg,FD_sk_sd,IN_avg_avg,IN_avg_sd,IN_sd_avg,IN_sd_sd,IN_r1_avg,IN_r1_sd,IN_kr_avg,IN_kr_sd,IN_sk_avg,IN_sk_sd
368,0.4886737382,0.2968922903,0.0016761122,0.0010401626,0.8913801092,0.0753729667,2.2294912589,0.8177101270,-0.0561090684,0.4940109678,-0.0000087511,0.0000615658,0.0000669359,0.0000386946,0.0292003057,0.1137056590,3.1433157258,1.0011414075,-0.0683507875,0.3141882950,0.4980900000,0.0276250955,0.0513757565,0.0058341786,0.0113656126,0.1511457301,2.7559652655,0.4336214074,-0.0212725398,0.2206908226
