Instance,FV_avg_avg,FV_avg_sd,FV_sd_avg,FV_sd_sd,FV_r1_avg,FV_r1_sd,FV_kr_avg,FV_kr_sd,FV_sk_avg,FV_sk_sd,FD_avg_avg,FD_avg_sd,FD_sd_avg,FD_sd_sd,FD_r1_avg,FD_r1_sd,FD_kr_avg,FD_kr_sd,FD_sk_avg,FD_sk_sd,IN_avg_avg,IN_avg_sd,IN_sd_avg,IN_sd_sd,IN_r1_avg,IN_r1_sd,IN_kr_avg,IN_kr_sd,IN_sk_avg,IN_sk_sd
431,0.4563494846,0.2773547994,0.0204122651,0.0120328318,0.9577112408,0.0187982683,2.1486219331,0.2120959990,0.5951183357,0.1503373361,-0.0011989614,0.0007352431,0.0005646276,0.0003294596,0.9230500258,0.0302376759,2.2379306405,0.2925126494,0.6075677835,0.1779523561,0.1745802687,0.0301234339,0.1515328000,0.0175829307,0.9067171333,0.0262678884,2.5274221993,0.4202078148,0.8445333863,0.1996364073
