Instance,INF_avg,INF_sd,INF_r1,INF_kr,INF_sk,SUP_avg,SUP_sd,SUP_r1,SUP_kr,SUP_sk,INC_avg,INC_sd,INC_r1,INC_kr,INC_sk,IND_avg,IND_sd,IND_r1,IND_kr,IND_sk
343,0.4183870968,0.1040604696,0.8437831496,2.2213328445,-0.0753638348,0.0996774194,0.0839028062,0.8666709812,2.7678308387,0.9637398876,0.4819354839,0.0541653793,0.4278444672,3.0133363419,0.0583949880,0.0732258065,0.0196835880,0.2182523733,3.7656937426,0.3922189440
