Instance,FV_avg_avg,FV_avg_sd,FV_sd_avg,FV_sd_sd,FV_r1_avg,FV_r1_sd,FV_kr_avg,FV_kr_sd,FV_sk_avg,FV_sk_sd,FD_avg_avg,FD_avg_sd,FD_sd_avg,FD_sd_sd,FD_r1_avg,FD_r1_sd,FD_kr_avg,FD_kr_sd,FD_sk_avg,FD_sk_sd,IN_avg_avg,IN_avg_sd,IN_sd_avg,IN_sd_sd,IN_r1_avg,IN_r1_sd,IN_kr_avg,IN_kr_sd,IN_sk_avg,IN_sk_sd
101,0.4993175411,0.3032578895,0.0016118262,0.0009109822,0.8470310422,0.0912923005,2.2856493417,0.5288459450,-0.0645225647,0.4639236971,-0.0000254488,0.0000904925,0.0000630016,0.0000366370,0.1424614050,0.2432417617,2.5057757985,0.4813953235,-0.0203263958,0.3891594939,0.4879800000,0.0345775592,0.0377902705,0.0054779062,0.0405922615,0.2609897411,2.9913379932,0.7322446215,0.0280972403,0.4486957132
