Instance,INF_avg,INF_sd,INF_r1,INF_kr,INF_sk,SUP_avg,SUP_sd,SUP_r1,SUP_kr,SUP_sk,INC_avg,INC_sd,INC_r1,INC_kr,INC_sk,IND_avg,IND_sd,IND_r1,IND_kr,IND_sk
17,0.3600000000,0.0505964426,-0.1739130435,1.2695312500,0.2223476480,0.1960000000,0.0803990050,0.5463988920,1.7158366827,0.2571333729,0.4440000000,0.0889044431,0.1412012645,2.3244193480,0.6869040938,0.1120000000,0.0411825206,-0.3617463617,2.2821288715,-0.6927284075
