Instance,INF_avg,INF_sd,INF_r1,INF_kr,INF_sk,SUP_avg,SUP_sd,SUP_r1,SUP_kr,SUP_sk,INC_avg,INC_sd,INC_r1,INC_kr,INC_sk,IND_avg,IND_sd,IND_r1,IND_kr,IND_sk
352,0.4808333333,0.1435942393,0.9414081013,2.1632758208,-0.4215152393,0.0762500000,0.0755514449,0.9027229228,4.1365240479,1.3416527836,0.4429166667,0.0777672364,0.8613710712,1.9154955748,-0.0829646984,0.0508333333,0.0116607128,0.2221509123,3.5021091543,-0.2173880455
