Instance,FV_avg_avg,FV_avg_sd,FV_sd_avg,FV_sd_sd,FV_r1_avg,FV_r1_sd,FV_kr_avg,FV_kr_sd,FV_sk_avg,FV_sk_sd,FD_avg_avg,FD_avg_sd,FD_sd_avg,FD_sd_sd,FD_r1_avg,FD_r1_sd,FD_kr_avg,FD_kr_sd,FD_sk_avg,FD_sk_sd,IN_avg_avg,IN_avg_sd,IN_sd_avg,IN_sd_sd,IN_r1_avg,IN_r1_sd,IN_kr_avg,IN_kr_sd,IN_sk_avg,IN_sk_sd
31,0.5051165169,0.3065085015,0.0008069338,0.0005287367,0.8699599443,0.0891070508,2.4301786968,0.6658273640,0.1036740700,0.4838961831,-0.0000022684,0.0000320993,0.0000251280,0.0000153175,0.0316361046,0.1982701282,2.9762150409,0.4680178888,0.0772785745,0.3294311476,0.4997400000,0.0261738304,0.0357140521,0.0037308820,0.0238092092,0.1583638477,3.0015781519,0.6278617648,0.0087943086,0.1847625564
