Instance,FV_avg_avg,FV_avg_sd,FV_sd_avg,FV_sd_sd,FV_r1_avg,FV_r1_sd,FV_kr_avg,FV_kr_sd,FV_sk_avg,FV_sk_sd,FD_avg_avg,FD_avg_sd,FD_sd_avg,FD_sd_sd,FD_r1_avg,FD_r1_sd,FD_kr_avg,FD_kr_sd,FD_sk_avg,FD_sk_sd,IN_avg_avg,IN_avg_sd,IN_sd_avg,IN_sd_sd,IN_r1_avg,IN_r1_sd,IN_kr_avg,IN_kr_sd,IN_sk_avg,IN_sk_sd
130,0.4937981008,0.2991041850,0.0023856489,0.0013840206,0.8797585868,0.0791833106,2.3362507598,0.4751934960,-0.0530665661,0.4272750495,-0.0000636469,0.0001387611,0.0003506349,0.0002044451,0.0216174891,0.1201130675,2.9063118872,0.6616265298,0.0409042406,0.4399982073,0.4792000000,0.0486349668,0.1624544189,0.0130599299,0.0032169107,0.1160084809,2.6905408827,0.3639758396,0.0676953295,0.3399245752
