Instance,FV_avg_avg,FV_avg_sd,FV_sd_avg,FV_sd_sd,FV_r1_avg,FV_r1_sd,FV_kr_avg,FV_kr_sd,FV_sk_avg,FV_sk_sd,FD_avg_avg,FD_avg_sd,FD_sd_avg,FD_sd_sd,FD_r1_avg,FD_r1_sd,FD_kr_avg,FD_kr_sd,FD_sk_avg,FD_sk_sd,IN_avg_avg,IN_avg_sd,IN_sd_avg,IN_sd_sd,IN_r1_avg,IN_r1_sd,IN_kr_avg,IN_kr_sd,IN_sk_avg,IN_sk_sd
315,0.4744475306,0.2873979043,0.0128419111,0.0082058807,0.9875309280,0.0065616141,1.8866430814,0.0746779755,0.2822611232,0.1025925366,-0.0002481579,0.0001655296,0.0001532190,0.0000953361,0.5941405395,0.1082568109,2.6248109542,0.4696156943,0.0261774064,0.2994976115,0.2938603638,0.0258614389,0.1373740042,0.0127143438,0.4760666125,0.1489588170,2.5985670264,0.2896697308,0.2144433330,0.2536804672
