Instance,INF_avg,INF_sd,INF_r1,INF_kr,INF_sk,SUP_avg,SUP_sd,SUP_r1,SUP_kr,SUP_sk,INC_avg,INC_sd,INC_r1,INC_kr,INC_sk,IND_avg,IND_sd,IND_r1,IND_kr,IND_sk
468,0.2276000000,0.0659563492,0.1256897217,3.1843810626,0.6437045967,0.2476000000,0.0522899608,0.0743083646,4.2517688793,-0.5252704298,0.5248000000,0.0695770077,-0.0883572844,3.1839874216,0.0064710741,0.1160000000,0.0377359245,-0.1287776274,4.0433026133,0.5395270108
