Instance,FV_avg_avg,FV_avg_sd,FV_sd_avg,FV_sd_sd,FV_r1_avg,FV_r1_sd,FV_kr_avg,FV_kr_sd,FV_sk_avg,FV_sk_sd,FD_avg_avg,FD_avg_sd,FD_sd_avg,FD_sd_sd,FD_r1_avg,FD_r1_sd,FD_kr_avg,FD_kr_sd,FD_sk_avg,FD_sk_sd,IN_avg_avg,IN_avg_sd,IN_sd_avg,IN_sd_sd,IN_r1_avg,IN_r1_sd,IN_kr_avg,IN_kr_sd,IN_sk_avg,IN_sk_sd
213,0.4970400606,0.3017877565,0.0006901535,0.0005760029,0.5163569047,0.2968449250,2.3985740120,0.6432662274,-0.0777722086,0.5719582091,0.0000020953,0.0000534182,0.0000791712,0.0000588351,-0.0002393993,0.2810241265,2.4902659454,0.5721455126,0.0735013092,0.5522217248,0.4984000000,0.0435412448,0.0687220793,0.0142434483,-0.1011576332,0.2439635446,2.4751401010,0.7747432366,-0.2819959169,0.5463703099
