Instance,INF_avg,INF_sd,INF_r1,INF_kr,INF_sk,SUP_avg,SUP_sd,SUP_r1,SUP_kr,SUP_sk,INC_avg,INC_sd,INC_r1,INC_kr,INC_sk,IND_avg,IND_sd,IND_r1,IND_kr,IND_sk
155,0.2605000000,0.1018074162,0.0881588746,2.5684424730,0.0484290583,0.2305000000,0.1017091441,0.1668002196,2.7831006004,0.3291649328,0.5090000000,0.1037737925,0.0599549512,3.4095350230,-0.1870107606,0.2260000000,0.0712320153,-0.0285621833,2.6084610749,0.0114876620
