Instance,INF_avg,INF_sd,INF_r1,INF_kr,INF_sk,SUP_avg,SUP_sd,SUP_r1,SUP_kr,SUP_sk,INC_avg,INC_sd,INC_r1,INC_kr,INC_sk,IND_avg,IND_sd,IND_r1,IND_kr,IND_sk
437,0.2400000000,0.1356465997,-0.6289592760,2.3638941399,-0.7500308204,0.3400000000,0.1743559577,-0.1652542373,1.7957063712,0.0543353054,0.4200000000,0.2400000000,-0.4006259781,1.6151620370,0.5451388889,0.2800000000,0.1166190379,-0.1363636364,2.6660899654,1.1500493357
