Instance,INF_avg,INF_sd,INF_r1,INF_kr,INF_sk,SUP_avg,SUP_sd,SUP_r1,SUP_kr,SUP_sk,INC_avg,INC_sd,INC_r1,INC_kr,INC_sk,IND_avg,IND_sd,IND_r1,IND_kr,IND_sk
449,0.3400000000,0.1743559577,-0.4618644068,1.7957063712,0.0543353054,0.2000000000,0.0894427191,-0.7500000000,1.2500000000,-0.0000000000,0.4600000000,0.1496662955,-0.3235294118,1.8469387755,0.3436215967,0.4000000000,0.1264911064,0.0000000000,1.5625000000,-0.5929270613
