Instance,FV_avg_avg,FV_avg_sd,FV_sd_avg,FV_sd_sd,FV_r1_avg,FV_r1_sd,FV_kr_avg,FV_kr_sd,FV_sk_avg,FV_sk_sd,FD_avg_avg,FD_avg_sd,FD_sd_avg,FD_sd_sd,FD_r1_avg,FD_r1_sd,FD_kr_avg,FD_kr_sd,FD_sk_avg,FD_sk_sd,IN_avg_avg,IN_avg_sd,IN_sd_avg,IN_sd_sd,IN_r1_avg,IN_r1_sd,IN_kr_avg,IN_kr_sd,IN_sk_avg,IN_sk_sd
503,0.4792664106,0.2900306401,0.0034177497,0.0022230738,0.3977744643,0.2843627467,2.5936795324,0.8951929798,0.0430503896,0.6656561567,-0.0001569978,0.0008850482,0.0003346811,0.0002002809,0.0654481572,0.3559803569,2.3266283257,0.4759882448,-0.2065589023,0.3929110285,0.4947500000,0.0733664603,0.0455757757,0.0114410958,0.0501777258,0.3813627236,2.1678015518,0.4582579654,-0.1381705045,0.4032310751
