Instance,FV_avg_avg,FV_avg_sd,FV_sd_avg,FV_sd_sd,FV_r1_avg,FV_r1_sd,FV_kr_avg,FV_kr_sd,FV_sk_avg,FV_sk_sd,FD_avg_avg,FD_avg_sd,FD_sd_avg,FD_sd_sd,FD_r1_avg,FD_r1_sd,FD_kr_avg,FD_kr_sd,FD_sk_avg,FD_sk_sd,IN_avg_avg,IN_avg_sd,IN_sd_avg,IN_sd_sd,IN_r1_avg,IN_r1_sd,IN_kr_avg,IN_kr_sd,IN_sk_avg,IN_sk_sd
325,0.4418387785,0.2722490563,0.0220278599,0.0135314545,0.9838261244,0.0055441492,2.3714885952,0.1852523563,0.7837421539,0.1373259362,-0.0004454649,0.0002674859,0.0001915054,0.0001164520,0.9647192411,0.0070343704,2.4007730622,0.2073069408,0.7639905176,0.1383576537,0.1529151486,0.0259997659,0.1420606352,0.0079905496,0.9540058366,0.0107987965,2.7411215473,0.3473453160,0.9596575311,0.1888389366
