Instance,FV_avg_avg,FV_avg_sd,FV_sd_avg,FV_sd_sd,FV_r1_avg,FV_r1_sd,FV_kr_avg,FV_kr_sd,FV_sk_avg,FV_sk_sd,FD_avg_avg,FD_avg_sd,FD_sd_avg,FD_sd_sd,FD_r1_avg,FD_r1_sd,FD_kr_avg,FD_kr_sd,FD_sk_avg,FD_sk_sd,IN_avg_avg,IN_avg_sd,IN_sd_avg,IN_sd_sd,IN_r1_avg,IN_r1_sd,IN_kr_avg,IN_kr_sd,IN_sk_avg,IN_sk_sd
494,0.5010186458,0.3039303143,0.0001789908,0.0001350479,0.5424406067,0.2966428467,2.4369694384,0.6656596340,0.0138092323,0.6176157918,0.0000022661,0.0000305487,0.0000498536,0.0000321654,-0.0199399602,0.2836732250,2.2583906870,0.6050661392,-0.0233074892,0.4563485313,0.5095000000,0.0697477598,0.1470146208,0.0296934548,-0.0202262468,0.2533899477,2.5747458992,0.9761145959,-0.1551627605,0.5817238201
