Instance,INF_avg,INF_sd,INF_r1,INF_kr,INF_sk,SUP_avg,SUP_sd,SUP_r1,SUP_kr,SUP_sk,INC_avg,INC_sd,INC_r1,INC_kr,INC_sk,IND_avg,IND_sd,IND_r1,IND_kr,IND_sk
466,0.2575000000,0.0270416346,0.0878306878,1.7903572211,0.3470431997,0.2185000000,0.0180346888,0.0769373206,1.6369463329,-0.2165951420,0.5240000000,0.0323109888,0.2478524014,2.1722761703,-0.0257020846,0.0330000000,0.0064031242,-0.5606936416,2.1160023795,0.2056922718
