Instance,FV_avg_avg,FV_avg_sd,FV_sd_avg,FV_sd_sd,FV_r1_avg,FV_r1_sd,FV_kr_avg,FV_kr_sd,FV_sk_avg,FV_sk_sd,FD_avg_avg,FD_avg_sd,FD_sd_avg,FD_sd_sd,FD_r1_avg,FD_r1_sd,FD_kr_avg,FD_kr_sd,FD_sk_avg,FD_sk_sd,IN_avg_avg,IN_avg_sd,IN_sd_avg,IN_sd_sd,IN_r1_avg,IN_r1_sd,IN_kr_avg,IN_kr_sd,IN_sk_avg,IN_sk_sd
401,0.4973236223,0.3017137520,0.0002875462,0.0001891664,0.7574885046,0.1731726912,2.2602604859,0.4166595717,-0.0751901732,0.5068217939,-0.0000031647,0.0000124538,0.0000379217,0.0000234144,-0.0245676109,0.1960625838,2.4937067621,0.5188354378,-0.0989536963,0.3450614020,0.4971000000,0.0323572249,0.1084301069,0.0106071633,-0.0747384059,0.1507490684,2.7771049446,0.5960158381,0.0068397343,0.4321090831
