Instance,FV_avg_avg,FV_avg_sd,FV_sd_avg,FV_sd_sd,FV_r1_avg,FV_r1_sd,FV_kr_avg,FV_kr_sd,FV_sk_avg,FV_sk_sd,FD_avg_avg,FD_avg_sd,FD_sd_avg,FD_sd_sd,FD_r1_avg,FD_r1_sd,FD_kr_avg,FD_kr_sd,FD_sk_avg,FD_sk_sd,IN_avg_avg,IN_avg_sd,IN_sd_avg,IN_sd_sd,IN_r1_avg,IN_r1_sd,IN_kr_avg,IN_kr_sd,IN_sk_avg,IN_sk_sd
148,0.4976433488,0.3042033761,0.0008510668,0.0005780926,0.5496151873,0.2463267448,2.3760482125,0.5329934940,0.1514428561,0.6035988443,-0.0000257649,0.0000801206,0.0000487401,0.0000329587,-0.0992283533,0.3078367713,2.3727149255,0.8251464928,0.0705003378,0.6446044138,0.4771750000,0.0449683986,0.0321136550,0.0084232214,-0.0719494874,0.3707700149,2.2215504521,0.7971050383,0.1075617508,0.5289846539
