Instance,INF_avg,INF_sd,INF_r1,INF_kr,INF_sk,SUP_avg,SUP_sd,SUP_r1,SUP_kr,SUP_sk,INC_avg,INC_sd,INC_r1,INC_kr,INC_sk,IND_avg,IND_sd,IND_r1,IND_kr,IND_sk
279,0.2380000000,0.0241660919,0.0550810654,2.1159692250,0.3197052885,0.2816000000,0.0279184527,-0.0000289384,2.4757262941,0.0337576464,0.4804000000,0.0259198765,-0.0344868346,1.9538007070,-0.2559015435,0.0294000000,0.0108000000,0.3265897191,2.0875826291,0.2740054870
