Instance,FV_avg_avg,FV_avg_sd,FV_sd_avg,FV_sd_sd,FV_r1_avg,FV_r1_sd,FV_kr_avg,FV_kr_sd,FV_sk_avg,FV_sk_sd,FD_avg_avg,FD_avg_sd,FD_sd_avg,FD_sd_sd,FD_r1_avg,FD_r1_sd,FD_kr_avg,FD_kr_sd,FD_sk_avg,FD_sk_sd,IN_avg_avg,IN_avg_sd,IN_sd_avg,IN_sd_sd,IN_r1_avg,IN_r1_sd,IN_kr_avg,IN_kr_sd,IN_sk_avg,IN_sk_sd
474,0.4838671021,0.2939126304,0.0077157015,0.0053116091,0.9716472248,0.0272337730,1.8844657279,0.1380653371,0.1861944649,0.1673450893,-0.0001730542,0.0001276012,0.0002178015,0.0001247990,0.0762753248,0.2508754564,3.0310285090,0.4833239368,-0.1367826531,0.4362113754,0.3828400137,0.0391233930,0.1689031679,0.0138580644,0.0714278988,0.1927690391,2.9399203826,0.5119980444,-0.0785314052,0.4646360434
