Instance,FV_avg_avg,FV_avg_sd,FV_sd_avg,FV_sd_sd,FV_r1_avg,FV_r1_sd,FV_kr_avg,FV_kr_sd,FV_sk_avg,FV_sk_sd,FD_avg_avg,FD_avg_sd,FD_sd_avg,FD_sd_sd,FD_r1_avg,FD_r1_sd,FD_kr_avg,FD_kr_sd,FD_sk_avg,FD_sk_sd,IN_avg_avg,IN_avg_sd,IN_sd_avg,IN_sd_sd,IN_r1_avg,IN_r1_sd,IN_kr_avg,IN_kr_sd,IN_sk_avg,IN_sk_sd
374,0.4989499829,0.3035775760,0.0007089583,0.0006321051,0.8552951848,0.0902011155,2.3099184347,0.5678445585,0.0540029279,0.3918894446,0.0000005238,0.0000443331,0.0000494655,0.0000326194,0.2749105359,0.1998899215,3.2006617033,0.9082040022,-0.0697344857,0.3888765047,0.4939800000,0.0436745189,0.0828797832,0.0148201732,0.1973624497,0.1826210061,2.8124979580,0.3751169465,0.0019410155,0.3341472814
