Instance,FV_avg_avg,FV_avg_sd,FV_sd_avg,FV_sd_sd,FV_r1_avg,FV_r1_sd,FV_kr_avg,FV_kr_sd,FV_sk_avg,FV_sk_sd,FD_avg_avg,FD_avg_sd,FD_sd_avg,FD_sd_sd,FD_r1_avg,FD_r1_sd,FD_kr_avg,FD_kr_sd,FD_sk_avg,FD_sk_sd,IN_avg_avg,IN_avg_sd,IN_sd_avg,IN_sd_sd,IN_r1_avg,IN_r1_sd,IN_kr_avg,IN_kr_sd,IN_sk_avg,IN_sk_sd
224,0.4967801971,0.3017619262,0.0006215454,0.0004566282,0.4554786349,0.1889541600,2.1148359639,0.4651361011,0.0983765393,0.3932442289,0.0000068811,0.0000522177,0.0001177093,0.0000797171,-0.1387925792,0.3252307094,2.2391062651,0.6825066197,0.0109073590,0.4640418762,0.4987500000,0.0495448030,0.1004783015,0.0208653046,-0.1746319214,0.2854213215,2.3806191651,0.8152977523,0.0554037658,0.6097015357
