Instance,INF_avg,INF_sd,INF_r1,INF_kr,INF_sk,SUP_avg,SUP_sd,SUP_r1,SUP_kr,SUP_sk,INC_avg,INC_sd,INC_r1,INC_kr,INC_sk,IND_avg,IND_sd,IND_r1,IND_kr,IND_sk
289,0.2010000000,0.0427668096,0.1682070240,3.3566421672,0.8669339189,0.3160000000,0.0269072481,0.1567291312,2.6667989378,0.2747313723,0.4830000000,0.0310000000,-0.2292197549,1.7792091355,-0.3415796717,0.0720000000,0.0183303028,-0.2935323383,2.1020408163,0.0935219530
