Instance,FV_avg_avg,FV_avg_sd,FV_sd_avg,FV_sd_sd,FV_r1_avg,FV_r1_sd,FV_kr_avg,FV_kr_sd,FV_sk_avg,FV_sk_sd,FD_avg_avg,FD_avg_sd,FD_sd_avg,FD_sd_sd,FD_r1_avg,FD_r1_sd,FD_kr_avg,FD_kr_sd,FD_sk_avg,FD_sk_sd,IN_avg_avg,IN_avg_sd,IN_sd_avg,IN_sd_sd,IN_r1_avg,IN_r1_sd,IN_kr_avg,IN_kr_sd,IN_sk_avg,IN_sk_sd
66,0.4972738861,0.3029791289,0.0006705780,0.0004683704,0.8833441834,0.1005152090,2.6522389217,0.7393655487,0.1441057222,0.5167644740,0.0000010260,0.0000215983,0.0000649747,0.0000415113,-0.0524292421,0.1591516389,2.9780481271,0.9109672752,-0.1189153465,0.3578983061,0.4980500000,0.0208553950,0.1067132052,0.0092758734,-0.0528637061,0.1294811251,2.7200713140,0.4384433920,-0.0958364580,0.2631307083
