Instance,FV_avg_avg,FV_avg_sd,FV_sd_avg,FV_sd_sd,FV_r1_avg,FV_r1_sd,FV_kr_avg,FV_kr_sd,FV_sk_avg,FV_sk_sd,FD_avg_avg,FD_avg_sd,FD_sd_avg,FD_sd_sd,FD_r1_avg,FD_r1_sd,FD_kr_avg,FD_kr_sd,FD_sk_avg,FD_sk_sd,IN_avg_avg,IN_avg_sd,IN_sd_avg,IN_sd_sd,IN_r1_avg,IN_r1_sd,IN_kr_avg,IN_kr_sd,IN_sk_avg,IN_sk_sd
345,0.4942813075,0.3007803385,0.0005877235,0.0003639028,0.4484365623,0.3368515025,2.3602650431,0.7782444593,0.2415801268,0.5514695450,-0.0000025703,0.0000690097,0.0000737394,0.0000417577,-0.1184318166,0.3498714469,2.3663634089,0.5396157526,0.0508023614,0.4714070190,0.4919000000,0.0609343089,0.0688172235,0.0148185609,-0.0616706971,0.2767558074,2.2118710062,0.7194506681,0.0138932508,0.5658320374
