Instance,FV_avg_avg,FV_avg_sd,FV_sd_avg,FV_sd_sd,FV_r1_avg,FV_r1_sd,FV_kr_avg,FV_kr_sd,FV_sk_avg,FV_sk_sd,FD_avg_avg,FD_avg_sd,FD_sd_avg,FD_sd_sd,FD_r1_avg,FD_r1_sd,FD_kr_avg,FD_kr_sd,FD_sk_avg,FD_sk_sd,IN_avg_avg,IN_avg_sd,IN_sd_avg,IN_sd_sd,IN_r1_avg,IN_r1_sd,IN_kr_avg,IN_kr_sd,IN_sk_avg,IN_sk_sd
348,0.4885020324,0.2968876861,0.0026807219,0.0021163620,0.8871636330,0.1005627629,2.5543968775,1.2550282847,0.2533685159,0.5165506039,-0.0000192010,0.0001156142,0.0002332933,0.0001419446,0.0292285034,0.1473455277,2.8707059578,0.4554060755,0.0038586893,0.2812899978,0.4854000000,0.0408379725,0.1123125652,0.0109538898,0.0133929240,0.1388074967,2.8368977972,0.5878170361,0.0456899128,0.2234854407
