Instance,INF_avg,INF_sd,INF_r1,INF_kr,INF_sk,SUP_avg,SUP_sd,SUP_r1,SUP_kr,SUP_sk,INC_avg,INC_sd,INC_r1,INC_kr,INC_sk,IND_avg,IND_sd,IND_r1,IND_kr,IND_sk
374,0.4150000000,0.0895823643,0.0315526398,2.6919090459,0.9013790175,0.3050000000,0.0567890835,-0.3316790736,2.2460789616,-0.1965657837,0.2800000000,0.0781024968,0.6089850250,3.1945713518,-1.0515815876,0.2100000000,0.0538516481,-0.2598425197,1.5184304400,0.0768394503
