Instance,FV_avg_avg,FV_avg_sd,FV_sd_avg,FV_sd_sd,FV_r1_avg,FV_r1_sd,FV_kr_avg,FV_kr_sd,FV_sk_avg,FV_sk_sd,FD_avg_avg,FD_avg_sd,FD_sd_avg,FD_sd_sd,FD_r1_avg,FD_r1_sd,FD_kr_avg,FD_kr_sd,FD_sk_avg,FD_sk_sd,IN_avg_avg,IN_avg_sd,IN_sd_avg,IN_sd_sd,IN_r1_avg,IN_r1_sd,IN_kr_avg,IN_kr_sd,IN_sk_avg,IN_sk_sd
168,0.4997854171,0.3045264062,0.0001693936,0.0001203465,0.8358354761,0.1139372814,2.0743981591,0.4753687111,-0.1030722964,0.4078260400,0.0000012574,0.0000053746,0.0000254570,0.0000161662,-0.0283567237,0.2129220756,2.6324146573,0.5908060933,-0.1197422410,0.4186071939,0.5102000000,0.0348132159,0.1548631925,0.0179273983,-0.0374558864,0.2138466901,2.7131721060,0.5423460913,-0.0556242315,0.3093756864
