Instance,INF_avg,INF_sd,INF_r1,INF_kr,INF_sk,SUP_avg,SUP_sd,SUP_r1,SUP_kr,SUP_sk,INC_avg,INC_sd,INC_r1,INC_kr,INC_sk,IND_avg,IND_sd,IND_r1,IND_kr,IND_sk
484,0.2940000000,0.0313687743,-0.1827079935,2.1977989292,-0.6049203448,0.2020000000,0.0256124969,-0.6914749662,1.6140690065,0.2056922718,0.5040000000,0.0422374242,-0.3411279230,1.7826720827,-0.1203956419,0.0580000000,0.0132664992,-0.3013698630,2.2169421488,0.3700366502
