Instance,FV_avg_avg,FV_avg_sd,FV_sd_avg,FV_sd_sd,FV_r1_avg,FV_r1_sd,FV_kr_avg,FV_kr_sd,FV_sk_avg,FV_sk_sd,FD_avg_avg,FD_avg_sd,FD_sd_avg,FD_sd_sd,FD_r1_avg,FD_r1_sd,FD_kr_avg,FD_kr_sd,FD_sk_avg,FD_sk_sd,IN_avg_avg,IN_avg_sd,IN_sd_avg,IN_sd_sd,IN_r1_avg,IN_r1_sd,IN_kr_avg,IN_kr_sd,IN_sk_avg,IN_sk_sd
230,0.4928832398,0.3000328183,0.0023834463,0.0016978679,0.9035757332,0.0837363148,2.2528988946,0.3908254580,-0.0277926928,0.4386888570,0.0000327058,0.0000579605,0.0001932460,0.0001093097,0.0165230988,0.1923236796,2.6984637760,0.5506496251,-0.0197630421,0.3171752214,0.5065500000,0.0315871414,0.1135731207,0.0119581044,0.0280299073,0.1462263944,2.7201275662,0.3553384630,-0.0101050457,0.3016370195
