Instance,FV_avg_avg,FV_avg_sd,FV_sd_avg,FV_sd_sd,FV_r1_avg,FV_r1_sd,FV_kr_avg,FV_kr_sd,FV_sk_avg,FV_sk_sd,FD_avg_avg,FD_avg_sd,FD_sd_avg,FD_sd_sd,FD_r1_avg,FD_r1_sd,FD_kr_avg,FD_kr_sd,FD_sk_avg,FD_sk_sd,IN_avg_avg,IN_avg_sd,IN_sd_avg,IN_sd_sd,IN_r1_avg,IN_r1_sd,IN_kr_avg,IN_kr_sd,IN_sk_avg,IN_sk_sd
324,0.4939800798,0.3000554078,0.0008100208,0.0006458809,0.1653776385,0.3682711674,2.0478176322,0.5286348184,0.0799207136,0.6956595696,0.0000270631,0.0000882887,0.0000806547,0.0000540165,-0.2417866812,0.3648019118,2.1916432656,0.5685071657,0.0626675165,0.8370037782,0.5113000000,0.0325777531,0.0437787191,0.0155378168,-0.1906501763,0.4244988533,2.1967030370,0.5426492791,0.2166075286,0.7307116193
