Instance,FV_avg_avg,FV_avg_sd,FV_sd_avg,FV_sd_sd,FV_r1_avg,FV_r1_sd,FV_kr_avg,FV_kr_sd,FV_sk_avg,FV_sk_sd,FD_avg_avg,FD_avg_sd,FD_sd_avg,FD_sd_sd,FD_r1_avg,FD_r1_sd,FD_kr_avg,FD_kr_sd,FD_sk_avg,FD_sk_sd,IN_avg_avg,IN_avg_sd,IN_sd_avg,IN_sd_sd,IN_r1_avg,IN_r1_sd,IN_kr_avg,IN_kr_sd,IN_sk_avg,IN_sk_sd
414,0.4796157467,0.2901643110,0.0098640529,0.0063383592,0.9919749447,0.0032111102,1.9222969757,0.1013088025,0.2780648853,0.1004160563,-0.0001297190,0.0000830434,0.0000747256,0.0000471809,0.5376045660,0.0975961660,2.8476908466,0.2072803382,0.2838936168,0.1927854470,0.2891597302,0.0272465813,0.1331681577,0.0084639600,0.4630190760,0.1085991247,2.9648347876,0.4140918035,0.4423134947,0.2100839287
