Instance,FV_avg_avg,FV_avg_sd,FV_sd_avg,FV_sd_sd,FV_r1_avg,FV_r1_sd,FV_kr_avg,FV_kr_sd,FV_sk_avg,FV_sk_sd,FD_avg_avg,FD_avg_sd,FD_sd_avg,FD_sd_sd,FD_r1_avg,FD_r1_sd,FD_kr_avg,FD_kr_sd,FD_sk_avg,FD_sk_sd,IN_avg_avg,IN_avg_sd,IN_sd_avg,IN_sd_sd,IN_r1_avg,IN_r1_sd,IN_kr_avg,IN_kr_sd,IN_sk_avg,IN_sk_sd
363,0.4940613960,0.2998148137,0.0007165677,0.0005080175,0.0519407184,0.3715188470,1.7541390823,0.4423586196,-0.0714972701,0.4277787937,-0.0000253898,0.0001462433,0.0000819131,0.0000604704,-0.2578794396,0.4583611178,2.0056475939,0.4789257008,-0.2041076183,0.5796032328,0.4969000000,0.0518602931,0.0388775856,0.0145063207,-0.1370382035,0.4203945292,1.9887705991,0.5145341423,-0.1069406359,0.6558855989
