Instance,FV_avg_avg,FV_avg_sd,FV_sd_avg,FV_sd_sd,FV_r1_avg,FV_r1_sd,FV_kr_avg,FV_kr_sd,FV_sk_avg,FV_sk_sd,FD_avg_avg,FD_avg_sd,FD_sd_avg,FD_sd_sd,FD_r1_avg,FD_r1_sd,FD_kr_avg,FD_kr_sd,FD_sk_avg,FD_sk_sd,IN_avg_avg,IN_avg_sd,IN_sd_avg,IN_sd_sd,IN_r1_avg,IN_r1_sd,IN_kr_avg,IN_kr_sd,IN_sk_avg,IN_sk_sd
236,0.4991596290,0.3027248388,0.0002370393,0.0001522844,0.7290814121,0.1223425886,2.5836164161,0.6462796313,0.1455716331,0.5762865651,-0.0000029514,0.0000072430,0.0000188966,0.0000117814,-0.0127638969,0.1955585795,3.0363013321,0.7922559745,0.0830528125,0.4713397128,0.4998400000,0.0226042120,0.0653317949,0.0092941152,0.0067744677,0.2318741504,2.8334340214,0.6800364288,0.0176325653,0.3960305559
