Instance,INF_avg,INF_sd,INF_r1,INF_kr,INF_sk,SUP_avg,SUP_sd,SUP_r1,SUP_kr,SUP_sk,INC_avg,INC_sd,INC_r1,INC_kr,INC_sk,IND_avg,IND_sd,IND_r1,IND_kr,IND_sk
395,0.2340000000,0.0458693798,-0.3946247132,2.6989041334,-0.3949054584,0.3240000000,0.0436348485,-0.1618606609,2.8393210225,0.1262386271,0.4420000000,0.0592958683,-0.5027721039,1.7098199552,0.5961888549,0.0540000000,0.0156204994,-0.3036303630,2.2270894921,0.4218920142
