Instance,FV_avg_avg,FV_avg_sd,FV_sd_avg,FV_sd_sd,FV_r1_avg,FV_r1_sd,FV_kr_avg,FV_kr_sd,FV_sk_avg,FV_sk_sd,FD_avg_avg,FD_avg_sd,FD_sd_avg,FD_sd_sd,FD_r1_avg,FD_r1_sd,FD_kr_avg,FD_kr_sd,FD_sk_avg,FD_sk_sd,IN_avg_avg,IN_avg_sd,IN_sd_avg,IN_sd_sd,IN_r1_avg,IN_r1_sd,IN_kr_avg,IN_kr_sd,IN_sk_avg,IN_sk_sd
493,0.5017144583,0.3051574823,0.0002526986,0.0001455529,-0.1192400683,0.3925715325,2.0722806410,0.5646823875,-0.0787189415,0.7113993045,0.0000239990,0.0000435199,0.0000316020,0.0000221951,-0.3124503282,0.4022024867,2.0057359168,0.3982330668,-0.0894710910,0.5275227651,0.5147000000,0.0331859910,0.0437324050,0.0146654953,-0.2369400325,0.4748712164,2.1738383528,0.5034233195,-0.0286975975,0.7097067335
