Instance,INF_avg,INF_sd,INF_r1,INF_kr,INF_sk,SUP_avg,SUP_sd,SUP_r1,SUP_kr,SUP_sk,INC_avg,INC_sd,INC_r1,INC_kr,INC_sk,IND_avg,IND_sd,IND_r1,IND_kr,IND_sk
106,0.3689150943,0.0857101432,0.8284258533,2.0718972696,-0.3893738979,0.1006132075,0.0747470667,0.9232434880,2.3971398496,0.6944400643,0.5304716981,0.0350775980,-0.1154994516,2.3075137222,0.0612394352,0.0504245283,0.0141441021,0.2099457836,2.9763957776,0.4137829514
