Instance,FV_avg_avg,FV_avg_sd,FV_sd_avg,FV_sd_sd,FV_r1_avg,FV_r1_sd,FV_kr_avg,FV_kr_sd,FV_sk_avg,FV_sk_sd,FD_avg_avg,FD_avg_sd,FD_sd_avg,FD_sd_sd,FD_r1_avg,FD_r1_sd,FD_kr_avg,FD_kr_sd,FD_sk_avg,FD_sk_sd,IN_avg_avg,IN_avg_sd,IN_sd_avg,IN_sd_sd,IN_r1_avg,IN_r1_sd,IN_kr_avg,IN_kr_sd,IN_sk_avg,IN_sk_sd
211,0.4974029001,0.3026249070,0.0006470428,0.0005862664,0.9483575533,0.0425949220,2.1457289257,0.5282764389,0.0048865008,0.3868177639,0.0000009267,0.0000088293,0.0000353783,0.0000220999,0.0160813429,0.1234246080,2.9036587575,0.4032450541,-0.0699489015,0.2020657118,0.5002750000,0.0207728639,0.1108497928,0.0083358224,-0.0155143862,0.1283301016,2.8250857350,0.4229582856,-0.0116009074,0.2521223274
