Instance,FV_avg_avg,FV_avg_sd,FV_sd_avg,FV_sd_sd,FV_r1_avg,FV_r1_sd,FV_kr_avg,FV_kr_sd,FV_sk_avg,FV_sk_sd,FD_avg_avg,FD_avg_sd,FD_sd_avg,FD_sd_sd,FD_r1_avg,FD_r1_sd,FD_kr_avg,FD_kr_sd,FD_sk_avg,FD_sk_sd,IN_avg_avg,IN_avg_sd,IN_sd_avg,IN_sd_sd,IN_r1_avg,IN_r1_sd,IN_kr_avg,IN_kr_sd,IN_sk_avg,IN_sk_sd
112,0.5017794474,0.3032782423,0.0014464957,0.0010869659,0.8013948488,0.1650193995,2.4057570488,0.4685824828,0.1317464706,0.4632622699,-0.0000109404,0.0001053153,0.0001830592,0.0001195084,-0.1015318376,0.1580337150,2.8443641418,0.8194399716,-0.0788626224,0.3987169337,0.5076000000,0.0504761330,0.1067780510,0.0131471600,-0.0274519809,0.1630456710,2.6618513923,0.8001369199,0.0604009301,0.4394148601
