Instance,INF_avg,INF_sd,INF_r1,INF_kr,INF_sk,SUP_avg,SUP_sd,SUP_r1,SUP_kr,SUP_sk,INC_avg,INC_sd,INC_r1,INC_kr,INC_sk,IND_avg,IND_sd,IND_r1,IND_kr,IND_sk
20,0.2485000000,0.0965543888,0.0975508436,3.0734046762,0.0341117227,0.2295000000,0.0967199566,-0.1264125626,3.3501121909,0.3234805005,0.5220000000,0.1015677114,0.0732371528,2.6898216438,-0.0563137507,0.2235000000,0.0701623118,-0.0197222991,2.9034834627,0.5608656799
