Instance,FV_avg_avg,FV_avg_sd,FV_sd_avg,FV_sd_sd,FV_r1_avg,FV_r1_sd,FV_kr_avg,FV_kr_sd,FV_sk_avg,FV_sk_sd,FD_avg_avg,FD_avg_sd,FD_sd_avg,FD_sd_sd,FD_r1_avg,FD_r1_sd,FD_kr_avg,FD_kr_sd,FD_sk_avg,FD_sk_sd,IN_avg_avg,IN_avg_sd,IN_sd_avg,IN_sd_sd,IN_r1_avg,IN_r1_sd,IN_kr_avg,IN_kr_sd,IN_sk_avg,IN_sk_sd
109,0.5030013253,0.3057096444,0.0001967511,0.0001180268,0.8614635823,0.0913356059,2.0699238020,0.3630832203,0.0029267260,0.4154802896,0.0000014589,0.0000082734,0.0000304589,0.0000185602,-0.0071692952,0.1694013367,2.7816473349,0.5880726353,-0.0907116557,0.4365212016,0.5028000000,0.0281737466,0.1590884117,0.0170081529,0.0131012278,0.1712905370,2.5378594835,0.6302393892,-0.0220043188,0.4311608446
