Instance,FV_avg_avg,FV_avg_sd,FV_sd_avg,FV_sd_sd,FV_r1_avg,FV_r1_sd,FV_kr_avg,FV_kr_sd,FV_sk_avg,FV_sk_sd,FD_avg_avg,FD_avg_sd,FD_sd_avg,FD_sd_sd,FD_r1_avg,FD_r1_sd,FD_kr_avg,FD_kr_sd,FD_sk_avg,FD_sk_sd,IN_avg_avg,IN_avg_sd,IN_sd_avg,IN_sd_sd,IN_r1_avg,IN_r1_sd,IN_kr_avg,IN_kr_sd,IN_sk_avg,IN_sk_sd
68,0.4891033306,0.2976518568,0.0048090984,0.0028422554,0.9891067146,0.0066639065,1.8784340034,0.0706512920,0.2020894827,0.1128875718,-0.0000577041,0.0000362760,0.0000745209,0.0000461793,0.0845303088,0.1656952518,3.0145144186,0.4394539088,0.0268642045,0.3065923395,0.3885501425,0.0289995613,0.1712525260,0.0152921140,0.0498839062,0.1766358543,2.6904917170,0.3592662556,0.1384044483,0.2564763866
