Instance,FV_avg_avg,FV_avg_sd,FV_sd_avg,FV_sd_sd,FV_r1_avg,FV_r1_sd,FV_kr_avg,FV_kr_sd,FV_sk_avg,FV_sk_sd,FD_avg_avg,FD_avg_sd,FD_sd_avg,FD_sd_sd,FD_r1_avg,FD_r1_sd,FD_kr_avg,FD_kr_sd,FD_sk_avg,FD_sk_sd,IN_avg_avg,IN_avg_sd,IN_sd_avg,IN_sd_sd,IN_r1_avg,IN_r1_sd,IN_kr_avg,IN_kr_sd,IN_sk_avg,IN_sk_sd
37,0.4890186074,0.2972980492,0.0022499117,0.0015596314,0.9302408310,0.0491732189,2.4299599357,0.7543737259,-0.0885910452,0.4986479238,-0.0000105581,0.0000636475,0.0000596056,0.0000384541,0.2269207715,0.1765077627,2.6689984495,0.4013130735,-0.0600428318,0.2906263216,0.4937750000,0.0298821832,0.0389303259,0.0046807290,0.1257418208,0.1735436351,2.8091243130,0.3974742084,-0.0195641603,0.2766751878
