Instance,INF_avg,INF_sd,INF_r1,INF_kr,INF_sk,SUP_avg,SUP_sd,SUP_r1,SUP_kr,SUP_sk,INC_avg,INC_sd,INC_r1,INC_kr,INC_sk,IND_avg,IND_sd,IND_r1,IND_kr,IND_sk
207,0.2944000000,0.0427626005,0.0708598977,3.7595789596,-0.3363696416,0.2116000000,0.0501342199,0.3559466895,3.1489586037,0.4997358548,0.4940000000,0.0597327381,0.2007627903,3.5915486939,0.0129500610,0.0684000000,0.0224819928,0.2062835356,2.3785187530,-0.2226283164
