Instance,FV_avg_avg,FV_avg_sd,FV_sd_avg,FV_sd_sd,FV_r1_avg,FV_r1_sd,FV_kr_avg,FV_kr_sd,FV_sk_avg,FV_sk_sd,FD_avg_avg,FD_avg_sd,FD_sd_avg,FD_sd_sd,FD_r1_avg,FD_r1_sd,FD_kr_avg,FD_kr_sd,FD_sk_avg,FD_sk_sd,IN_avg_avg,IN_avg_sd,IN_sd_avg,IN_sd_sd,IN_r1_avg,IN_r1_sd,IN_kr_avg,IN_kr_sd,IN_sk_avg,IN_sk_sd
174,0.4637030081,0.2815291594,0.0174747678,0.0103719898,0.9914820601,0.0037086087,2.0631921620,0.1639778688,0.5073685257,0.1151029313,-0.0002250272,0.0001365261,0.0000950816,0.0000573801,0.8384206672,0.0251947073,2.7458447184,0.3661950913,0.6340830573,0.1762707799,0.2040887313,0.0142320375,0.1284931610,0.0091379914,0.8013084675,0.0313921090,2.8284504110,0.3382993629,0.7391548525,0.1267880197
