Instance,FV_avg_avg,FV_avg_sd,FV_sd_avg,FV_sd_sd,FV_r1_avg,FV_r1_sd,FV_kr_avg,FV_kr_sd,FV_sk_avg,FV_sk_sd,FD_avg_avg,FD_avg_sd,FD_sd_avg,FD_sd_sd,FD_r1_avg,FD_r1_sd,FD_kr_avg,FD_kr_sd,FD_sk_avg,FD_sk_sd,IN_avg_avg,IN_avg_sd,IN_sd_avg,IN_sd_sd,IN_r1_avg,IN_r1_sd,IN_kr_avg,IN_kr_sd,IN_sk_avg,IN_sk_sd
346,0.4410980612,0.2671255479,0.0222028680,0.0135622509,0.9767148688,0.0039307353,2.3513487900,0.2012313429,0.7394554560,0.1176074865,-0.0006666130,0.0004129437,0.0002909966,0.0001765634,0.9563406774,0.0067591457,2.3900315888,0.2141473345,0.7297871910,0.1199828692,0.1586854876,0.0237280414,0.1482626861,0.0165733275,0.9498631895,0.0101054597,2.6236582101,0.3220195602,0.9031222782,0.1566855372
