Instance,INF_avg,INF_sd,INF_r1,INF_kr,INF_sk,SUP_avg,SUP_sd,SUP_r1,SUP_kr,SUP_sk,INC_avg,INC_sd,INC_r1,INC_kr,INC_sk,IND_avg,IND_sd,IND_r1,IND_kr,IND_sk
468,0.3100000000,0.1067707825,0.3445692884,2.2746999077,0.8478566294,0.3500000000,0.0707106781,0.1666666667,1.7000000000,0.0000000000,0.3400000000,0.0734846923,0.1338582677,1.5781893004,0.3477670622,0.2100000000,0.0860232527,-0.3700564972,1.9945215486,0.3958703373
