Instance,FV_avg_avg,FV_avg_sd,FV_sd_avg,FV_sd_sd,FV_r1_avg,FV_r1_sd,FV_kr_avg,FV_kr_sd,FV_sk_avg,FV_sk_sd,FD_avg_avg,FD_avg_sd,FD_sd_avg,FD_sd_sd,FD_r1_avg,FD_r1_sd,FD_kr_avg,FD_kr_sd,FD_sk_avg,FD_sk_sd,IN_avg_avg,IN_avg_sd,IN_sd_avg,IN_sd_sd,IN_r1_avg,IN_r1_sd,IN_kr_avg,IN_kr_sd,IN_sk_avg,IN_sk_sd
165,0.4992123548,0.3029147485,0.0004596093,0.0003384716,0.0789507057,0.4340911218,2.0247854695,0.4801356351,-0.0693020783,0.6374756671,-0.0000013126,0.0000585350,0.0000654101,0.0000367988,-0.5043578238,0.2330444025,2.0009665959,0.4950758059,0.0025962055,0.6378276299,0.5102000000,0.0485217477,0.0577745032,0.0222644736,-0.4094733152,0.2644907467,2.1435781750,0.4258673589,0.0400354949,0.6231910140
