Instance,FV_avg_avg,FV_avg_sd,FV_sd_avg,FV_sd_sd,FV_r1_avg,FV_r1_sd,FV_kr_avg,FV_kr_sd,FV_sk_avg,FV_sk_sd,FD_avg_avg,FD_avg_sd,FD_sd_avg,FD_sd_sd,FD_r1_avg,FD_r1_sd,FD_kr_avg,FD_kr_sd,FD_sk_avg,FD_sk_sd,IN_avg_avg,IN_avg_sd,IN_sd_avg,IN_sd_sd,IN_r1_avg,IN_r1_sd,IN_kr_avg,IN_kr_sd,IN_sk_avg,IN_sk_sd
364,0.4967339966,0.3024646304,0.0004372648,0.0002634905,0.8288675584,0.1663121538,2.5767409780,0.9955620491,0.0310301037,0.5756643352,0.0000027285,0.0000133083,0.0000527393,0.0000357266,-0.0581713746,0.1167268260,2.5750651089,0.4938140886,-0.0894930392,0.3306557133,0.4961000000,0.0266418843,0.1119763950,0.0190075503,-0.0366916191,0.1549559980,2.5657809272,0.4910950951,-0.0422706212,0.3049015420
