Instance,INF_avg,INF_sd,INF_r1,INF_kr,INF_sk,SUP_avg,SUP_sd,SUP_r1,SUP_kr,SUP_sk,INC_avg,INC_sd,INC_r1,INC_kr,INC_sk,IND_avg,IND_sd,IND_r1,IND_kr,IND_sk
35,0.3000000000,0.1356465997,-0.1621621622,2.2448015123,-0.3846311900,0.2440000000,0.1061319933,-0.0055159733,3.2901520532,0.0568545895,0.4560000000,0.1525254077,-0.4197493028,2.4000111631,-0.1138466827,0.3760000000,0.0949947367,0.1218714448,2.2106911121,-0.3458198314
