Instance,INF_avg,INF_sd,INF_r1,INF_kr,INF_sk,SUP_avg,SUP_sd,SUP_r1,SUP_kr,SUP_sk,INC_avg,INC_sd,INC_r1,INC_kr,INC_sk,IND_avg,IND_sd,IND_r1,IND_kr,IND_sk
478,0.2608000000,0.0626047921,-0.0846148557,2.1256052255,0.1038144412,0.2400000000,0.0617089945,0.1518987342,3.0073794224,-0.0980476220,0.4992000000,0.0907709205,0.1979737562,1.9486205118,0.2236879971,0.0928000000,0.0309218369,0.3628921472,1.7596678548,-0.0356385047
