Instance,FV_avg_avg,FV_avg_sd,FV_sd_avg,FV_sd_sd,FV_r1_avg,FV_r1_sd,FV_kr_avg,FV_kr_sd,FV_sk_avg,FV_sk_sd,FD_avg_avg,FD_avg_sd,FD_sd_avg,FD_sd_sd,FD_r1_avg,FD_r1_sd,FD_kr_avg,FD_kr_sd,FD_sk_avg,FD_sk_sd,IN_avg_avg,IN_avg_sd,IN_sd_avg,IN_sd_sd,IN_r1_avg,IN_r1_sd,IN_kr_avg,IN_kr_sd,IN_sk_avg,IN_sk_sd
442,0.4987142289,0.3028817387,0.0003922466,0.0002953295,0.8094403789,0.1265061525,2.3922041148,0.6869141777,0.0643076004,0.5070027669,0.0000038197,0.0000174318,0.0000618444,0.0000364316,-0.0408168540,0.2019834769,2.8451395807,0.8279428304,-0.0385280216,0.4744906573,0.5092000000,0.0352159055,0.1502791541,0.0145387707,-0.0537500783,0.2061815792,2.9814041551,0.9538609215,-0.0741057111,0.4641841670
