Instance,INF_avg,INF_sd,INF_r1,INF_kr,INF_sk,SUP_avg,SUP_sd,SUP_r1,SUP_kr,SUP_sk,INC_avg,INC_sd,INC_r1,INC_kr,INC_sk,IND_avg,IND_sd,IND_r1,IND_kr,IND_sk
104,0.3312500000,0.0788095013,-0.0417881438,2.8706538507,-0.1346691372,0.2166666667,0.0986013297,0.0879284650,3.0979591837,0.0531239817,0.4520833333,0.0871769831,-0.0711652006,3.1047338210,-0.2053486435,0.2291666667,0.0852895395,-0.2995820896,2.0681871258,0.0589969394
