Instance,FV_avg_avg,FV_avg_sd,FV_sd_avg,FV_sd_sd,FV_r1_avg,FV_r1_sd,FV_kr_avg,FV_kr_sd,FV_sk_avg,FV_sk_sd,FD_avg_avg,FD_avg_sd,FD_sd_avg,FD_sd_sd,FD_r1_avg,FD_r1_sd,FD_kr_avg,FD_kr_sd,FD_sk_avg,FD_sk_sd,IN_avg_avg,IN_avg_sd,IN_sd_avg,IN_sd_sd,IN_r1_avg,IN_r1_sd,IN_kr_avg,IN_kr_sd,IN_sk_avg,IN_sk_sd
480,0.4994409869,0.3038022416,0.0002129378,0.0001735016,0.6641958292,0.2756510434,2.2267506810,0.7162612510,-0.1785322230,0.6077807471,0.0000050059,0.0000147610,0.0000326116,0.0000187349,-0.0967827424,0.3102426083,2.5650210674,0.7706863836,0.2636952377,0.6225004459,0.5125000000,0.0329203584,0.1060708554,0.0182749455,-0.1402547172,0.1855233070,2.3116872731,0.5550512303,0.0007888184,0.5995353156
