Instance,INF_avg,INF_sd,INF_r1,INF_kr,INF_sk,SUP_avg,SUP_sd,SUP_r1,SUP_kr,SUP_sk,INC_avg,INC_sd,INC_r1,INC_kr,INC_sk,IND_avg,IND_sd,IND_r1,IND_kr,IND_sk
66,0.2900000000,0.1044030651,0.0882061447,1.7554919620,-0.3268911726,0.2700000000,0.1676305461,-0.1196540125,2.4621901952,0.2241839094,0.4400000000,0.1743559577,-0.4449541284,2.6527008310,0.3939309641,0.4200000000,0.1166190379,0.1891891892,2.5363321799,-0.0151322281
