Instance,INF_avg,INF_sd,INF_r1,INF_kr,INF_sk,SUP_avg,SUP_sd,SUP_r1,SUP_kr,SUP_sk,INC_avg,INC_sd,INC_r1,INC_kr,INC_sk,IND_avg,IND_sd,IND_r1,IND_kr,IND_sk
103,0.2850000000,0.1323820229,-0.1555492073,2.4515558576,0.5191821641,0.2700000000,0.0748331477,-0.2885662432,1.9904336735,0.1932871482,0.4450000000,0.1253993620,-0.2047028507,2.5699485139,0.3415478996,0.2100000000,0.0435889894,-0.2068965517,1.4321329640,-0.3984589062
