Instance,INF_avg,INF_sd,INF_r1,INF_kr,INF_sk,SUP_avg,SUP_sd,SUP_r1,SUP_kr,SUP_sk,INC_avg,INC_sd,INC_r1,INC_kr,INC_sk,IND_avg,IND_sd,IND_r1,IND_kr,IND_sk
133,0.3000000000,0.1095445115,0.0000000000,2.5000000000,0.9128709292,0.2200000000,0.0979795897,-0.9230769231,1.1666666667,-0.4082482905,0.4800000000,0.1469693846,-0.8918918919,2.8127572016,-1.1642636432,0.4000000000,0.1414213562,-0.2222222222,1.7000000000,-0.0000000000
