Instance,FV_avg_avg,FV_avg_sd,FV_sd_avg,FV_sd_sd,FV_r1_avg,FV_r1_sd,FV_kr_avg,FV_kr_sd,FV_sk_avg,FV_sk_sd,FD_avg_avg,FD_avg_sd,FD_sd_avg,FD_sd_sd,FD_r1_avg,FD_r1_sd,FD_kr_avg,FD_kr_sd,FD_sk_avg,FD_sk_sd,IN_avg_avg,IN_avg_sd,IN_sd_avg,IN_sd_sd,IN_r1_avg,IN_r1_sd,IN_kr_avg,IN_kr_sd,IN_sk_avg,IN_sk_sd
205,0.4977429009,0.3033719741,0.0005890840,0.0004261036,0.5615161214,0.2540632128,2.1521397127,0.6082230027,-0.1670150628,0.5413775432,0.0000132225,0.0000756013,0.0001542360,0.0001000666,-0.0928694172,0.2661068918,2.6011540947,0.6264487052,-0.0561783611,0.5589076869,0.5015000000,0.0606032177,0.1552384018,0.0357216824,-0.0971006135,0.2117139379,2.4399867264,0.4773895130,0.0711946087,0.5585851148
