Instance,INF_avg,INF_sd,INF_r1,INF_kr,INF_sk,SUP_avg,SUP_sd,SUP_r1,SUP_kr,SUP_sk,INC_avg,INC_sd,INC_r1,INC_kr,INC_sk,IND_avg,IND_sd,IND_r1,IND_kr,IND_sk
389,0.2464000000,0.0705906509,0.1687093197,2.4443083474,0.4768745103,0.2768000000,0.0607104604,0.2448985363,2.4328095020,0.1482635114,0.4768000000,0.0678067843,0.0724955409,2.3234986744,-0.2073033001,0.1060000000,0.0337638860,-0.0070307507,3.3348476454,0.6210310339
