Instance,INF_avg,INF_sd,INF_r1,INF_kr,INF_sk,SUP_avg,SUP_sd,SUP_r1,SUP_kr,SUP_sk,INC_avg,INC_sd,INC_r1,INC_kr,INC_sk,IND_avg,IND_sd,IND_r1,IND_kr,IND_sk
282,0.2436000000,0.0481564118,0.1932368722,3.4761491882,0.8724090140,0.2652000000,0.0431851826,0.2167366777,3.1455129846,-0.1762381922,0.4912000000,0.0521398120,-0.1035498824,2.6484358611,-0.3882215491,0.0616000000,0.0154090882,-0.1501806319,2.1259935266,0.1574839861
