Instance,INF_avg,INF_sd,INF_r1,INF_kr,INF_sk,SUP_avg,SUP_sd,SUP_r1,SUP_kr,SUP_sk,INC_avg,INC_sd,INC_r1,INC_kr,INC_sk,IND_avg,IND_sd,IND_r1,IND_kr,IND_sk
182,0.2380000000,0.0501597448,0.0562489314,2.1695855586,-0.0768292603,0.2320000000,0.0620966988,-0.3348604748,2.2624782631,-0.0056129831,0.5300000000,0.0658786764,-0.3552941176,2.5089723715,0.3945249790,0.1360000000,0.0387814389,-0.2646198830,2.4945676777,-0.2106732758
