Instance,INF_avg,INF_sd,INF_r1,INF_kr,INF_sk,SUP_avg,SUP_sd,SUP_r1,SUP_kr,SUP_sk,INC_avg,INC_sd,INC_r1,INC_kr,INC_sk,IND_avg,IND_sd,IND_r1,IND_kr,IND_sk
96,0.2520000000,0.0830421580,-0.1779888742,2.2882130802,-0.3778585603,0.2260000000,0.0928654941,-0.0296663006,1.9496206815,0.4179843859,0.5220000000,0.1077775487,0.2701782524,3.0012692667,0.4294888570,0.2140000000,0.0640624695,-0.2585880123,4.0926381907,0.6081417814
