Instance,FV_avg_avg,FV_avg_sd,FV_sd_avg,FV_sd_sd,FV_r1_avg,FV_r1_sd,FV_kr_avg,FV_kr_sd,FV_sk_avg,FV_sk_sd,FD_avg_avg,FD_avg_sd,FD_sd_avg,FD_sd_sd,FD_r1_avg,FD_r1_sd,FD_kr_avg,FD_kr_sd,FD_sk_avg,FD_sk_sd,IN_avg_avg,IN_avg_sd,IN_sd_avg,IN_sd_sd,IN_r1_avg,IN_r1_sd,IN_kr_avg,IN_kr_sd,IN_sk_avg,IN_sk_sd
136,0.4902957794,0.2978769884,0.0003649889,0.0002620259,0.2591174172,0.3894455645,1.9001182195,0.5128933584,0.1877852955,0.5241579842,-0.0000129673,0.0000620597,0.0000550091,0.0000365850,-0.2259414548,0.4132540275,1.9372423469,0.4756672745,-0.1259645348,0.5725023230,0.4910000000,0.0546241705,0.0576541877,0.0157224247,-0.1420022807,0.3939863645,1.7882753149,0.4789783742,0.0516417037,0.5263509755
