Instance,FV_avg_avg,FV_avg_sd,FV_sd_avg,FV_sd_sd,FV_r1_avg,FV_r1_sd,FV_kr_avg,FV_kr_sd,FV_sk_avg,FV_sk_sd,FD_avg_avg,FD_avg_sd,FD_sd_avg,FD_sd_sd,FD_r1_avg,FD_r1_sd,FD_kr_avg,FD_kr_sd,FD_sk_avg,FD_sk_sd,IN_avg_avg,IN_avg_sd,IN_sd_avg,IN_sd_sd,IN_r1_avg,IN_r1_sd,IN_kr_avg,IN_kr_sd,IN_sk_avg,IN_sk_sd
14,0.4779049487,0.2904781780,0.0122281116,0.0078263266,0.9852904611,0.0062432042,1.9417999330,0.1080875189,0.3185762168,0.1181594885,-0.0003353155,0.0002021751,0.0001865058,0.0001135416,0.5753485558,0.1236299418,2.5917260964,0.3472161374,0.2589037688,0.2162660337,0.2602294361,0.0231657118,0.1419648757,0.0125810701,0.5196771127,0.1187215882,2.8169315474,0.4533116548,0.5547464101,0.2116342385
