Instance,FV_avg_avg,FV_avg_sd,FV_sd_avg,FV_sd_sd,FV_r1_avg,FV_r1_sd,FV_kr_avg,FV_kr_sd,FV_sk_avg,FV_sk_sd,FD_avg_avg,FD_avg_sd,FD_sd_avg,FD_sd_sd,FD_r1_avg,FD_r1_sd,FD_kr_avg,FD_kr_sd,FD_sk_avg,FD_sk_sd,IN_avg_avg,IN_avg_sd,IN_sd_avg,IN_sd_sd,IN_r1_avg,IN_r1_sd,IN_kr_avg,IN_kr_sd,IN_sk_avg,IN_sk_sd
462,0.4955674788,0.3015889529,0.0003824043,0.0002398754,-0.0604823704,0.4607077195,1.8780535764,0.5225372242,-0.0908381229,0.5983210673,0.0000004714,0.0000742295,0.0001204945,0.0000940412,-0.2004266333,0.4722179333,1.9350863215,0.4661244332,0.0103327937,0.5690621522,0.4980000000,0.0433128157,0.0927178686,0.0295532882,-0.2342095442,0.3848118955,1.8737008554,0.4883075277,0.0493437500,0.5388338671
