Instance,INF_avg,INF_sd,INF_r1,INF_kr,INF_sk,SUP_avg,SUP_sd,SUP_r1,SUP_kr,SUP_sk,INC_avg,INC_sd,INC_r1,INC_kr,INC_sk,IND_avg,IND_sd,IND_r1,IND_kr,IND_sk
45,0.2800000000,0.0509901951,-0.1111111111,1.9556213018,-0.2715454179,0.2900000000,0.1113552873,0.3787575150,2.0793444329,-0.6170311183,0.4300000000,0.1208304597,0.5935960591,1.8297053856,-0.1224403232,0.2300000000,0.0927361850,-0.2295081967,2.4826933478,0.9704949588
