Instance,INF_avg,INF_sd,INF_r1,INF_kr,INF_sk,SUP_avg,SUP_sd,SUP_r1,SUP_kr,SUP_sk,INC_avg,INC_sd,INC_r1,INC_kr,INC_sk,IND_avg,IND_sd,IND_r1,IND_kr,IND_sk
329,0.2020000000,0.1334016492,-0.1234035667,4.2186208058,0.9238422287,0.3120000000,0.1464786674,-0.1872604352,2.6408036341,0.2500459546,0.4860000000,0.1928833845,-0.1778883112,2.3700151734,-0.3030487552,0.3560000000,0.1151694404,-0.0823192903,3.3060120103,0.7567598564
