Instance,INF_avg,INF_sd,INF_r1,INF_kr,INF_sk,SUP_avg,SUP_sd,SUP_r1,SUP_kr,SUP_sk,INC_avg,INC_sd,INC_r1,INC_kr,INC_sk,IND_avg,IND_sd,IND_r1,IND_kr,IND_sk
324,0.2243000000,0.0464597675,0.2768127965,2.7801517164,0.5149952085,0.2942000000,0.0459604178,-0.0007842715,3.5080337242,0.2374227567,0.4815000000,0.0519109815,0.2410218194,3.2905005912,0.2120298892,0.0639000000,0.0202926095,0.0803197334,2.7560017715,0.4107967166
