Instance,INF_avg,INF_sd,INF_r1,INF_kr,INF_sk,SUP_avg,SUP_sd,SUP_r1,SUP_kr,SUP_sk,INC_avg,INC_sd,INC_r1,INC_kr,INC_sk,IND_avg,IND_sd,IND_r1,IND_kr,IND_sk
129,0.2573000000,0.0299951663,-0.0102235230,2.8517791810,0.2332547307,0.2548000000,0.0314795172,0.0697428400,2.3992481717,0.2225387670,0.4879000000,0.0368861763,0.1614908047,2.3117305827,-0.2316143756,0.0387000000,0.0098645831,0.0749649675,2.7013046702,0.3794118469
