Instance,INF_avg,INF_sd,INF_r1,INF_kr,INF_sk,SUP_avg,SUP_sd,SUP_r1,SUP_kr,SUP_sk,INC_avg,INC_sd,INC_r1,INC_kr,INC_sk,IND_avg,IND_sd,IND_r1,IND_kr,IND_sk
353,0.2243000000,0.0351000000,0.2950125172,2.6872207294,0.0157263681,0.2828000000,0.0445887878,0.2339789588,2.1888815054,-0.0115341241,0.4929000000,0.0489702971,0.3934036044,2.5912459019,0.1948285687,0.0386000000,0.0097488461,-0.0726860286,2.4555710727,0.1207861158
