Instance,INF_avg,INF_sd,INF_r1,INF_kr,INF_sk,SUP_avg,SUP_sd,SUP_r1,SUP_kr,SUP_sk,INC_avg,INC_sd,INC_r1,INC_kr,INC_sk,IND_avg,IND_sd,IND_r1,IND_kr,IND_sk
449,0.3500000000,0.1360147051,-0.0684931507,1.8882395909,0.2384479855,0.2100000000,0.1374772708,-0.4925373134,2.7025279248,0.5126388533,0.4400000000,0.1562049935,-0.2210338681,1.7433485622,0.1070472275,0.4600000000,0.0916515139,-0.2864077670,2.1020408163,0.0935219530
