Instance,FV_avg_avg,FV_avg_sd,FV_sd_avg,FV_sd_sd,FV_r1_avg,FV_r1_sd,FV_kr_avg,FV_kr_sd,FV_sk_avg,FV_sk_sd,FD_avg_avg,FD_avg_sd,FD_sd_avg,FD_sd_sd,FD_r1_avg,FD_r1_sd,FD_kr_avg,FD_kr_sd,FD_sk_avg,FD_sk_sd,IN_avg_avg,IN_avg_sd,IN_sd_avg,IN_sd_sd,IN_r1_avg,IN_r1_sd,IN_kr_avg,IN_kr_sd,IN_sk_avg,IN_sk_sd
276,0.4999220016,0.3044753526,0.0003509389,0.0002767639,0.7655953207,0.1525074579,2.1665224573,0.5495272574,0.0174339179,0.4445595294,0.0000021504,0.0000122585,0.0000279992,0.0000178610,-0.0546469868,0.2129755738,2.4817407037,0.4752311739,-0.0702018169,0.3139394332,0.5013200000,0.0179390524,0.0722874444,0.0105343904,0.0231042926,0.1750614756,2.7049491269,0.4405451895,-0.0836596396,0.3266795981
