Instance,FV_avg_avg,FV_avg_sd,FV_sd_avg,FV_sd_sd,FV_r1_avg,FV_r1_sd,FV_kr_avg,FV_kr_sd,FV_sk_avg,FV_sk_sd,FD_avg_avg,FD_avg_sd,FD_sd_avg,FD_sd_sd,FD_r1_avg,FD_r1_sd,FD_kr_avg,FD_kr_sd,FD_sk_avg,FD_sk_sd,IN_avg_avg,IN_avg_sd,IN_sd_avg,IN_sd_sd,IN_r1_avg,IN_r1_sd,IN_kr_avg,IN_kr_sd,IN_sk_avg,IN_sk_sd
470,0.4983783831,0.3035370828,0.0005646807,0.0003704043,0.5601738310,0.2523625841,2.3215145557,0.6745607362,0.2021732010,0.5069461478,0.0000016709,0.0000499544,0.0000965221,0.0000668134,-0.1580309148,0.3579392175,2.5484327395,0.8695129605,-0.0427835569,0.5744199737,0.5052500000,0.0383234589,0.1138845204,0.0186162838,-0.1194416900,0.3812743525,2.1531151286,0.5315971383,-0.0520979849,0.6123541821
