Instance,INF_avg,INF_sd,INF_r1,INF_kr,INF_sk,SUP_avg,SUP_sd,SUP_r1,SUP_kr,SUP_sk,INC_avg,INC_sd,INC_r1,INC_kr,INC_sk,IND_avg,IND_sd,IND_r1,IND_kr,IND_sk
141,0.2148000000,0.0431851826,-0.0670742196,2.5716232496,0.0391611290,0.2980000000,0.0459565012,0.1988195215,2.9220686983,0.3424681158,0.4872000000,0.0555712156,0.1965712211,2.9302560772,-0.3167450353,0.0608000000,0.0167140659,-0.1944991752,2.4862759454,-0.1008677757
