Instance,INF_avg,INF_sd,INF_r1,INF_kr,INF_sk,SUP_avg,SUP_sd,SUP_r1,SUP_kr,SUP_sk,INC_avg,INC_sd,INC_r1,INC_kr,INC_sk,IND_avg,IND_sd,IND_r1,IND_kr,IND_sk
287,0.2552000000,0.0746790466,0.1357670183,3.3741545332,0.3682723275,0.3096000000,0.0798238060,0.2905144714,2.9170050916,-0.7211483397,0.4352000000,0.0772072535,-0.0590823652,3.8269992059,0.9752277118,0.1080000000,0.0391918359,0.2659974906,2.8138020833,0.3253228565
