Instance,INF_avg,INF_sd,INF_r1,INF_kr,INF_sk,SUP_avg,SUP_sd,SUP_r1,SUP_kr,SUP_sk,INC_avg,INC_sd,INC_r1,INC_kr,INC_sk,IND_avg,IND_sd,IND_r1,IND_kr,IND_sk
227,0.4832692308,0.1109785349,0.5002555929,2.5291481206,-0.4116055632,0.0880769231,0.0542444064,0.5623043681,2.7315027803,0.6893056007,0.4286538462,0.0859679915,0.2035671202,2.3169693664,0.1709889144,0.1217307692,0.0384418219,0.1500713472,2.8781489496,0.4782383530
