Instance,FV_avg_avg,FV_avg_sd,FV_sd_avg,FV_sd_sd,FV_r1_avg,FV_r1_sd,FV_kr_avg,FV_kr_sd,FV_sk_avg,FV_sk_sd,FD_avg_avg,FD_avg_sd,FD_sd_avg,FD_sd_sd,FD_r1_avg,FD_r1_sd,FD_kr_avg,FD_kr_sd,FD_sk_avg,FD_sk_sd,IN_avg_avg,IN_avg_sd,IN_sd_avg,IN_sd_sd,IN_r1_avg,IN_r1_sd,IN_kr_avg,IN_kr_sd,IN_sk_avg,IN_sk_sd
225,0.5027572874,0.3055397200,0.0012306441,0.0007900047,0.9359916798,0.0464598849,2.2318849044,0.3309259263,0.0338363231,0.3759105264,-0.0000019258,0.0000195482,0.0001276294,0.0000817221,-0.0356346297,0.0990570625,3.0619938260,0.3945568633,-0.0354664715,0.2235564219,0.4985000000,0.0253051378,0.1605141285,0.0090892541,-0.0051404023,0.0766202677,2.7205674995,0.2339772476,-0.0406611428,0.1658898388
