Instance,FV_avg_avg,FV_avg_sd,FV_sd_avg,FV_sd_sd,FV_r1_avg,FV_r1_sd,FV_kr_avg,FV_kr_sd,FV_sk_avg,FV_sk_sd,FD_avg_avg,FD_avg_sd,FD_sd_avg,FD_sd_sd,FD_r1_avg,FD_r1_sd,FD_kr_avg,FD_kr_sd,FD_sk_avg,FD_sk_sd,IN_avg_avg,IN_avg_sd,IN_sd_avg,IN_sd_sd,IN_r1_avg,IN_r1_sd,IN_kr_avg,IN_kr_sd,IN_sk_avg,IN_sk_sd
208,0.4967670257,0.3022272132,0.0004396692,0.0003157069,0.0489719347,0.3443537981,1.9165109259,0.4382342063,-0.1806775034,0.4683469224,0.0000016806,0.0000565295,0.0000553014,0.0000433587,-0.1875597462,0.4559878986,2.0698303428,0.6046823499,0.0570995623,0.6818483330,0.5004000000,0.0448267777,0.0566387243,0.0180680632,-0.2413434013,0.4409015452,2.0386540505,0.5082319700,0.0198041456,0.5925821620
