Instance,FV_avg_avg,FV_avg_sd,FV_sd_avg,FV_sd_sd,FV_r1_avg,FV_r1_sd,FV_kr_avg,FV_kr_sd,FV_sk_avg,FV_sk_sd,FD_avg_avg,FD_avg_sd,FD_sd_avg,FD_sd_sd,FD_r1_avg,FD_r1_sd,FD_kr_avg,FD_kr_sd,FD_sk_avg,FD_sk_sd,IN_avg_avg,IN_avg_sd,IN_sd_avg,IN_sd_sd,IN_r1_avg,IN_r1_sd,IN_kr_avg,IN_kr_sd,IN_sk_avg,IN_sk_sd
73,0.4864755358,0.2944237143,0.0089015407,0.0057109067,0.9840675020,0.0197113200,1.8146039649,0.0642023737,0.1019504340,0.1229206756,-0.0002139068,0.0001528620,0.0002179535,0.0001383042,0.2010550014,0.1877393131,2.9795994006,0.8046895482,-0.0836965162,0.3692286859,0.3527264010,0.0475414826,0.1694507364,0.0142362853,0.1115332244,0.1298300997,2.6780999435,0.6917226290,0.1605358839,0.3294402685
