Instance,INF_avg,INF_sd,INF_r1,INF_kr,INF_sk,SUP_avg,SUP_sd,SUP_r1,SUP_kr,SUP_sk,INC_avg,INC_sd,INC_r1,INC_kr,INC_sk,IND_avg,IND_sd,IND_r1,IND_kr,IND_sk
256,0.2516000000,0.0417065942,-0.2139676490,2.2006689896,0.0185618753,0.2295000000,0.0435287261,-0.1176407595,2.9303105934,0.3212114154,0.5189000000,0.0458016375,0.0495545216,3.3852352761,-0.2488073517,0.0758000000,0.0189831504,-0.0260544604,3.4311128247,0.3325100298
