Instance,INF_avg,INF_sd,INF_r1,INF_kr,INF_sk,SUP_avg,SUP_sd,SUP_r1,SUP_kr,SUP_sk,INC_avg,INC_sd,INC_r1,INC_kr,INC_sk,IND_avg,IND_sd,IND_r1,IND_kr,IND_sk
12,0.3185000000,0.0367457481,0.0394962524,2.0619144809,0.1852630189,0.2765000000,0.0267441582,0.0624089505,2.6079535549,0.2491275025,0.4050000000,0.0322490310,-0.3677884615,4.6581453402,-1.0040552133,0.0260000000,0.0073484692,-0.2896825397,2.1954732510,0.4082482905
