Instance,INF_avg,INF_sd,INF_r1,INF_kr,INF_sk,SUP_avg,SUP_sd,SUP_r1,SUP_kr,SUP_sk,INC_avg,INC_sd,INC_r1,INC_kr,INC_sk,IND_avg,IND_sd,IND_r1,IND_kr,IND_sk
153,0.2681818182,0.1548793185,0.0985571684,1.8808587447,-0.1213369035,0.2409090909,0.1230635125,-0.2489299392,2.3517641344,0.0634913532,0.4909090909,0.1474297704,0.0378565255,2.4614350359,0.2419613921,0.3500000000,0.1305582420,-0.2348993289,2.0240000000,-0.0000000000
