Instance,FV_avg_avg,FV_avg_sd,FV_sd_avg,FV_sd_sd,FV_r1_avg,FV_r1_sd,FV_kr_avg,FV_kr_sd,FV_sk_avg,FV_sk_sd,FD_avg_avg,FD_avg_sd,FD_sd_avg,FD_sd_sd,FD_r1_avg,FD_r1_sd,FD_kr_avg,FD_kr_sd,FD_sk_avg,FD_sk_sd,IN_avg_avg,IN_avg_sd,IN_sd_avg,IN_sd_sd,IN_r1_avg,IN_r1_sd,IN_kr_avg,IN_kr_sd,IN_sk_avg,IN_sk_sd
415,0.5020557618,0.3036377786,0.0006654852,0.0004570204,0.8630786996,0.0918176148,2.6881259755,0.8025165292,-0.2824994781,0.5852035826,-0.0000095128,0.0000312771,0.0000690805,0.0000437407,-0.0727759327,0.1003738216,2.8508384994,0.4555262217,-0.0497184126,0.2130760654,0.4905000000,0.0284877167,0.1094960986,0.0115673852,-0.0824830929,0.1032085386,2.9282888869,0.5077606971,-0.0668041720,0.2834987840
