Instance,FV_avg_avg,FV_avg_sd,FV_sd_avg,FV_sd_sd,FV_r1_avg,FV_r1_sd,FV_kr_avg,FV_kr_sd,FV_sk_avg,FV_sk_sd,FD_avg_avg,FD_avg_sd,FD_sd_avg,FD_sd_sd,FD_r1_avg,FD_r1_sd,FD_kr_avg,FD_kr_sd,FD_sk_avg,FD_sk_sd,IN_avg_avg,IN_avg_sd,IN_sd_avg,IN_sd_sd,IN_r1_avg,IN_r1_sd,IN_kr_avg,IN_kr_sd,IN_sk_avg,IN_sk_sd
21,0.4859768189,0.2949686138,0.0076144753,0.0056580125,0.9889916775,0.0046353814,1.8480874039,0.0779232257,0.1931837871,0.1043366621,-0.0000928107,0.0000665261,0.0001021075,0.0000636703,0.1967272924,0.1017712256,2.9975281657,0.6211289540,-0.0631582215,0.3230869114,0.3867290833,0.0441110808,0.1646558989,0.0127076490,0.1409873647,0.1075122884,2.8674937735,0.4446356106,0.0508238982,0.3762424037
