Instance,INF_avg,INF_sd,INF_r1,INF_kr,INF_sk,SUP_avg,SUP_sd,SUP_r1,SUP_kr,SUP_sk,INC_avg,INC_sd,INC_r1,INC_kr,INC_sk,IND_avg,IND_sd,IND_r1,IND_kr,IND_sk
209,0.2411000000,0.0317693248,0.1155289823,3.2617132071,0.4342194191,0.2720000000,0.0330227195,0.0563383143,3.1992378848,0.4626051074,0.4869000000,0.0350911670,-0.0250113822,3.2497142257,-0.4041405550,0.0342500000,0.0092837223,0.0115817749,3.3687899030,-0.0430002435
