Instance,INF_avg,INF_sd,INF_r1,INF_kr,INF_sk,SUP_avg,SUP_sd,SUP_r1,SUP_kr,SUP_sk,INC_avg,INC_sd,INC_r1,INC_kr,INC_sk,IND_avg,IND_sd,IND_r1,IND_kr,IND_sk
321,0.2280000000,0.1030339750,-0.0192127460,2.1302820841,0.6274442812,0.2240000000,0.0665131566,-0.1806514942,3.6841149214,-0.0079930888,0.5480000000,0.1062826420,0.1419255191,2.2649061264,-0.6223850286,0.2180000000,0.0507543102,-0.1033772395,1.9127637823,0.1534612499
