Instance,FV_avg_avg,FV_avg_sd,FV_sd_avg,FV_sd_sd,FV_r1_avg,FV_r1_sd,FV_kr_avg,FV_kr_sd,FV_sk_avg,FV_sk_sd,FD_avg_avg,FD_avg_sd,FD_sd_avg,FD_sd_sd,FD_r1_avg,FD_r1_sd,FD_kr_avg,FD_kr_sd,FD_sk_avg,FD_sk_sd,IN_avg_avg,IN_avg_sd,IN_sd_avg,IN_sd_sd,IN_r1_avg,IN_r1_sd,IN_kr_avg,IN_kr_sd,IN_sk_avg,IN_sk_sd
166,0.4931274032,0.3006330156,0.0025750924,0.0020973124,0.9201651617,0.0416381295,2.3985887696,0.4726214846,-0.0352323679,0.3741739256,0.0000210339,0.0000767258,0.0001238636,0.0000752380,0.1153273837,0.1399288694,2.9150382469,0.5375290132,0.1085180718,0.2158316285,0.5062900000,0.0290582501,0.0741814205,0.0056719361,0.0982918350,0.1356813141,2.9269553380,0.4530530130,0.0088587042,0.2307881390
