Instance,FV_avg_avg,FV_avg_sd,FV_sd_avg,FV_sd_sd,FV_r1_avg,FV_r1_sd,FV_kr_avg,FV_kr_sd,FV_sk_avg,FV_sk_sd,FD_avg_avg,FD_avg_sd,FD_sd_avg,FD_sd_sd,FD_r1_avg,FD_r1_sd,FD_kr_avg,FD_kr_sd,FD_sk_avg,FD_sk_sd,IN_avg_avg,IN_avg_sd,IN_sd_avg,IN_sd_sd,IN_r1_avg,IN_r1_sd,IN_kr_avg,IN_kr_sd,IN_sk_avg,IN_sk_sd
362,0.4979904916,0.3024579388,0.0005011072,0.0003367765,0.8858784641,0.0738457019,2.4714172991,0.4669957096,-0.2111428962,0.4442392356,-0.0000026584,0.0000120848,0.0000207561,0.0000127735,0.0815808884,0.1406604270,2.8899856210,0.8351640599,0.0797115602,0.3505539222,0.4963600000,0.0240917081,0.0495093993,0.0055461140,0.0317566833,0.1188426857,2.8897895216,0.6134129464,0.0294554092,0.2634663954
