Instance,FV_avg_avg,FV_avg_sd,FV_sd_avg,FV_sd_sd,FV_r1_avg,FV_r1_sd,FV_kr_avg,FV_kr_sd,FV_sk_avg,FV_sk_sd,FD_avg_avg,FD_avg_sd,FD_sd_avg,FD_sd_sd,FD_r1_avg,FD_r1_sd,FD_kr_avg,FD_kr_sd,FD_sk_avg,FD_sk_sd,IN_avg_avg,IN_avg_sd,IN_sd_avg,IN_sd_sd,IN_r1_avg,IN_r1_sd,IN_kr_avg,IN_kr_sd,IN_sk_avg,IN_sk_sd
87,0.4841924468,0.2944299664,0.0041151164,0.0026351699,0.8265746770,0.0691526007,2.5637944882,0.4467021569,0.0421364381,0.4571739575,-0.0000779593,0.0002764865,0.0002598430,0.0001556925,0.5256869604,0.1626929585,3.1203060384,0.6958701524,0.0684011729,0.4897630715,0.4847050000,0.0371169971,0.0540669708,0.0115208148,0.4534965570,0.2036044340,3.0078002750,0.5783408873,0.1097342157,0.4175252153
