Instance,INF_avg,INF_sd,INF_r1,INF_kr,INF_sk,SUP_avg,SUP_sd,SUP_r1,SUP_kr,SUP_sk,INC_avg,INC_sd,INC_r1,INC_kr,INC_sk,IND_avg,IND_sd,IND_r1,IND_kr,IND_sk
444,0.2260000000,0.0434511220,-0.0282981267,2.4697285263,-0.2515977240,0.2732000000,0.0479766610,0.3613306781,3.0540777757,0.7935319528,0.5008000000,0.0541789627,0.3536306025,2.7043516770,-0.3365640066,0.0732000000,0.0195386796,-0.3600006910,2.3445057752,-0.5493520017
