Instance,INF_avg,INF_sd,INF_r1,INF_kr,INF_sk,SUP_avg,SUP_sd,SUP_r1,SUP_kr,SUP_sk,INC_avg,INC_sd,INC_r1,INC_kr,INC_sk,IND_avg,IND_sd,IND_r1,IND_kr,IND_sk
314,0.2490000000,0.1410638153,-0.1498521360,2.8223320699,0.3944376972,0.2600000000,0.1303840481,-0.1287625418,2.6992387543,0.1461745038,0.4910000000,0.1575404710,-0.0927446307,3.5316600638,0.3020058622,0.4000000000,0.1122497216,0.0400000000,2.7588813303,0.1696896774
