Instance,FV_avg_avg,FV_avg_sd,FV_sd_avg,FV_sd_sd,FV_r1_avg,FV_r1_sd,FV_kr_avg,FV_kr_sd,FV_sk_avg,FV_sk_sd,FD_avg_avg,FD_avg_sd,FD_sd_avg,FD_sd_sd,FD_r1_avg,FD_r1_sd,FD_kr_avg,FD_kr_sd,FD_sk_avg,FD_sk_sd,IN_avg_avg,IN_avg_sd,IN_sd_avg,IN_sd_sd,IN_r1_avg,IN_r1_sd,IN_kr_avg,IN_kr_sd,IN_sk_avg,IN_sk_sd
445,0.4569353408,0.2803930088,0.0195606995,0.0117275229,0.9931300525,0.0020321467,2.1166185763,0.1122289611,0.5669585056,0.1104465026,-0.0001770429,0.0001039643,0.0000839650,0.0000500709,0.9396214852,0.0196130761,2.1832246147,0.1354445977,0.5358005301,0.1378801816,0.1941893545,0.0400109233,0.1401118748,0.0125059970,0.9217585913,0.0270220783,2.4026390621,0.2477131740,0.7159170954,0.1990861348
