Instance,FV_avg_avg,FV_avg_sd,FV_sd_avg,FV_sd_sd,FV_r1_avg,FV_r1_sd,FV_kr_avg,FV_kr_sd,FV_sk_avg,FV_sk_sd,FD_avg_avg,FD_avg_sd,FD_sd_avg,FD_sd_sd,FD_r1_avg,FD_r1_sd,FD_kr_avg,FD_kr_sd,FD_sk_avg,FD_sk_sd,IN_avg_avg,IN_avg_sd,IN_sd_avg,IN_sd_sd,IN_r1_avg,IN_r1_sd,IN_kr_avg,IN_kr_sd,IN_sk_avg,IN_sk_sd
176,0.4962352452,0.3024647090,0.0015508624,0.0011353395,0.3008840641,0.3547812619,1.7662590127,0.4206884217,-0.0619952007,0.5134233619,-0.0000410609,0.0004436072,0.0004777366,0.0003110903,-0.1003264903,0.3856176664,1.7891619549,0.4295301026,-0.0915455765,0.5376789208,0.4770000000,0.0827707678,0.1210376839,0.0571828565,-0.0784391813,0.4152633766,1.8184591347,0.5539848910,0.1301096659,0.5944586107
