Instance,FV_avg_avg,FV_avg_sd,FV_sd_avg,FV_sd_sd,FV_r1_avg,FV_r1_sd,FV_kr_avg,FV_kr_sd,FV_sk_avg,FV_sk_sd,FD_avg_avg,FD_avg_sd,FD_sd_avg,FD_sd_sd,FD_r1_avg,FD_r1_sd,FD_kr_avg,FD_kr_sd,FD_sk_avg,FD_sk_sd,IN_avg_avg,IN_avg_sd,IN_sd_avg,IN_sd_sd,IN_r1_avg,IN_r1_sd,IN_kr_avg,IN_kr_sd,IN_sk_avg,IN_sk_sd
352,0.4889077747,0.2969539483,0.0043181370,0.0028811865,0.9222107160,0.0637267288,2.3889161525,0.5533473950,0.2564202566,0.3803933205,-0.0000316371,0.0001012356,0.0003673820,0.0002220408,0.0948525994,0.1125765273,2.9582427543,0.4944309237,0.1034162780,0.2497775361,0.4880500000,0.0201369685,0.1150378066,0.0086892489,0.0843501099,0.0980852751,2.9249686115,0.5255465036,0.0365277363,0.2649923272
