Instance,INF_avg,INF_sd,INF_r1,INF_kr,INF_sk,SUP_avg,SUP_sd,SUP_r1,SUP_kr,SUP_sk,INC_avg,INC_sd,INC_r1,INC_kr,INC_sk,IND_avg,IND_sd,IND_r1,IND_kr,IND_sk
276,0.2580000000,0.0770454411,0.1078222493,3.5921037336,-0.4000859413,0.2080000000,0.1064706532,-0.0189315865,2.5797095855,0.5861247138,0.5340000000,0.1180847154,-0.1425959781,2.6758259989,0.2207056354,0.2180000000,0.0676461381,0.2730651509,2.3773259084,0.2004983203
