Instance,INF_avg,INF_sd,INF_r1,INF_kr,INF_sk,SUP_avg,SUP_sd,SUP_r1,SUP_kr,SUP_sk,INC_avg,INC_sd,INC_r1,INC_kr,INC_sk,IND_avg,IND_sd,IND_r1,IND_kr,IND_sk
71,0.3640000000,0.1352922762,-0.1060960660,3.4776242115,-0.7819899684,0.2120000000,0.0951630180,0.0276500955,4.0975727004,0.8728930579,0.4240000000,0.1631686244,0.0268253328,2.7008280557,0.3290013168,0.3360000000,0.1162067124,0.1186545506,4.6473742728,1.1055637926
