Instance,FV_avg_avg,FV_avg_sd,FV_sd_avg,FV_sd_sd,FV_r1_avg,FV_r1_sd,FV_kr_avg,FV_kr_sd,FV_sk_avg,FV_sk_sd,FD_avg_avg,FD_avg_sd,FD_sd_avg,FD_sd_sd,FD_r1_avg,FD_r1_sd,FD_kr_avg,FD_kr_sd,FD_sk_avg,FD_sk_sd,IN_avg_avg,IN_avg_sd,IN_sd_avg,IN_sd_sd,IN_r1_avg,IN_r1_sd,IN_kr_avg,IN_kr_sd,IN_sk_avg,IN_sk_sd
37,0.4972970447,0.3021027627,0.0006404543,0.0005107865,0.1153725341,0.4964064178,2.1577629917,0.4773745212,0.3005950403,0.6312012997,-0.0000328615,0.0001015864,0.0001454430,0.0001251811,-0.3482982682,0.3901245846,1.9814816659,0.4155898348,-0.1642074385,0.5341393674,0.4730000000,0.0510000000,0.0916247170,0.0357058991,-0.3161672342,0.3686345796,2.0746400475,0.5146782659,0.2684477731,0.6392740120
