Instance,FV_avg_avg,FV_avg_sd,FV_sd_avg,FV_sd_sd,FV_r1_avg,FV_r1_sd,FV_kr_avg,FV_kr_sd,FV_sk_avg,FV_sk_sd,FD_avg_avg,FD_avg_sd,FD_sd_avg,FD_sd_sd,FD_r1_avg,FD_r1_sd,FD_kr_avg,FD_kr_sd,FD_sk_avg,FD_sk_sd,IN_avg_avg,IN_avg_sd,IN_sd_avg,IN_sd_sd,IN_r1_avg,IN_r1_sd,IN_kr_avg,IN_kr_sd,IN_sk_avg,IN_sk_sd
10,0.4975619246,0.3026358677,0.0006659492,0.0004163793,0.8041275189,0.1257833353,2.4235012712,0.6102697128,-0.1353946757,0.5442677643,-0.0000023637,0.0000196511,0.0000375609,0.0000246595,0.0767712692,0.1773957792,2.7950776186,0.6731999636,-0.0631244033,0.4414406755,0.4949200000,0.0251841537,0.0509968723,0.0075941436,0.0221158793,0.1322674500,2.7289023776,0.4898936359,0.0453808488,0.3729163283
