Instance,INF_avg,INF_sd,INF_r1,INF_kr,INF_sk,SUP_avg,SUP_sd,SUP_r1,SUP_kr,SUP_sk,INC_avg,INC_sd,INC_r1,INC_kr,INC_sk,IND_avg,IND_sd,IND_r1,IND_kr,IND_sk
478,0.2400000000,0.1685229955,-0.0880829016,2.9908748264,0.4864133275,0.3200000000,0.1326649916,-0.1262376238,2.9142561983,0.4008730377,0.4400000000,0.1800000000,0.0315315315,2.4641060814,-0.3004115226,0.3300000000,0.0900000000,-0.3140604468,2.2583447645,0.1975308642
