Instance,FV_avg_avg,FV_avg_sd,FV_sd_avg,FV_sd_sd,FV_r1_avg,FV_r1_sd,FV_kr_avg,FV_kr_sd,FV_sk_avg,FV_sk_sd,FD_avg_avg,FD_avg_sd,FD_sd_avg,FD_sd_sd,FD_r1_avg,FD_r1_sd,FD_kr_avg,FD_kr_sd,FD_sk_avg,FD_sk_sd,IN_avg_avg,IN_avg_sd,IN_sd_avg,IN_sd_sd,IN_r1_avg,IN_r1_sd,IN_kr_avg,IN_kr_sd,IN_sk_avg,IN_sk_sd
89,0.4973815253,0.3017961610,0.0005124158,0.0003493009,0.9068227901,0.0789010700,2.1086532629,0.6065032517,0.0487683500,0.3514904434,-0.0000058077,0.0000104101,0.0000184600,0.0000111989,-0.0182380297,0.1712960466,2.9114345283,0.8293527069,-0.0266454039,0.3272889231,0.4940000000,0.0150740837,0.0487386417,0.0055060699,-0.0082508777,0.1714619692,2.6668353104,0.3497131774,-0.0706081403,0.2362745092
