Instance,FV_avg_avg,FV_avg_sd,FV_sd_avg,FV_sd_sd,FV_r1_avg,FV_r1_sd,FV_kr_avg,FV_kr_sd,FV_sk_avg,FV_sk_sd,FD_avg_avg,FD_avg_sd,FD_sd_avg,FD_sd_sd,FD_r1_avg,FD_r1_sd,FD_kr_avg,FD_kr_sd,FD_sk_avg,FD_sk_sd,IN_avg_avg,IN_avg_sd,IN_sd_avg,IN_sd_sd,IN_r1_avg,IN_r1_sd,IN_kr_avg,IN_kr_sd,IN_sk_avg,IN_sk_sd
415,0.4981124766,0.3029956306,0.0011075014,0.0007717825,0.9473271854,0.0330149065,2.4079117989,0.6550169353,-0.0670564812,0.5055090459,0.0000084014,0.0000207001,0.0001016883,0.0000626593,0.0327195060,0.1022022984,3.0528992845,0.5171638036,-0.0215792081,0.2324869268,0.5057500000,0.0317661376,0.1597840930,0.0105779787,0.0460647177,0.1072535909,2.7198582254,0.2345815488,0.0143251279,0.1126637917
