Instance,INF_avg,INF_sd,INF_r1,INF_kr,INF_sk,SUP_avg,SUP_sd,SUP_r1,SUP_kr,SUP_sk,INC_avg,INC_sd,INC_r1,INC_kr,INC_sk,IND_avg,IND_sd,IND_r1,IND_kr,IND_sk
148,0.2392000000,0.0613136200,0.2289564719,2.3614628687,0.3292971180,0.2736000000,0.0622819396,-0.2681787010,3.4040869104,0.2788963068,0.4872000000,0.0735129920,-0.1069194698,2.7446314740,-0.1256131949,0.1032000000,0.0369561903,0.0482623112,2.2328129653,0.2784826785
