Instance,FV_avg_avg,FV_avg_sd,FV_sd_avg,FV_sd_sd,FV_r1_avg,FV_r1_sd,FV_kr_avg,FV_kr_sd,FV_sk_avg,FV_sk_sd,FD_avg_avg,FD_avg_sd,FD_sd_avg,FD_sd_sd,FD_r1_avg,FD_r1_sd,FD_kr_avg,FD_kr_sd,FD_sk_avg,FD_sk_sd,IN_avg_avg,IN_avg_sd,IN_sd_avg,IN_sd_sd,IN_r1_avg,IN_r1_sd,IN_kr_avg,IN_kr_sd,IN_sk_avg,IN_sk_sd
481,0.4599593156,0.3054339670,0.0182334649,0.0121612329,0.9928947048,0.0042397258,2.0533061218,0.1117421966,0.5173256360,0.1381902644,-0.0001867734,0.0001188471,0.0000663117,0.0000408999,0.9384866951,0.0552746206,2.8873036896,0.2311565218,0.8408880576,0.0725163476,0.1716419251,0.0702237501,0.1210605751,0.0253094634,0.9225424476,0.0865907886,2.9310629862,0.3611982318,0.9068702590,0.2000401937
