Instance,FV_avg_avg,FV_avg_sd,FV_sd_avg,FV_sd_sd,FV_r1_avg,FV_r1_sd,FV_kr_avg,FV_kr_sd,FV_sk_avg,FV_sk_sd,FD_avg_avg,FD_avg_sd,FD_sd_avg,FD_sd_sd,FD_r1_avg,FD_r1_sd,FD_kr_avg,FD_kr_sd,FD_sk_avg,FD_sk_sd,IN_avg_avg,IN_avg_sd,IN_sd_avg,IN_sd_sd,IN_r1_avg,IN_r1_sd,IN_kr_avg,IN_kr_sd,IN_sk_avg,IN_sk_sd
184,0.4958592840,0.3014267062,0.0001393433,0.0001151787,0.0340705928,0.3555508408,1.9394728798,0.4196691645,0.1095788775,0.5528798914,0.0000014132,0.0000140319,0.0000232700,0.0000150164,-0.1512156661,0.3903787722,1.9242214544,0.5407325638,-0.1147326893,0.5538440511,0.4924000000,0.0208576125,0.0611631379,0.0273910671,-0.1736555999,0.4088243817,1.8996014712,0.5530379664,-0.2466245294,0.5429462108
