Instance,INF_avg,INF_sd,INF_r1,INF_kr,INF_sk,SUP_avg,SUP_sd,SUP_r1,SUP_kr,SUP_sk,INC_avg,INC_sd,INC_r1,INC_kr,INC_sk,IND_avg,IND_sd,IND_r1,IND_kr,IND_sk
41,0.2338000000,0.0249911985,0.0084465663,2.4667049712,-0.3517221372,0.2646000000,0.0330430023,0.0318504032,2.1847062981,-0.0005468202,0.5016000000,0.0273393489,-0.4883442714,2.2022838691,0.3855334432,0.0302000000,0.0100478853,-0.0800488122,2.3805966682,0.5366694423
