Instance,FV_avg_avg,FV_avg_sd,FV_sd_avg,FV_sd_sd,FV_r1_avg,FV_r1_sd,FV_kr_avg,FV_kr_sd,FV_sk_avg,FV_sk_sd,FD_avg_avg,FD_avg_sd,FD_sd_avg,FD_sd_sd,FD_r1_avg,FD_r1_sd,FD_kr_avg,FD_kr_sd,FD_sk_avg,FD_sk_sd,IN_avg_avg,IN_avg_sd,IN_sd_avg,IN_sd_sd,IN_r1_avg,IN_r1_sd,IN_kr_avg,IN_kr_sd,IN_sk_avg,IN_sk_sd
4,0.4975039486,0.3025117158,0.0002198604,0.0001674367,0.6053623554,0.2400939197,2.5397230052,0.8894888327,0.1854713350,0.6136388641,-0.0000023124,0.0000160039,0.0000222015,0.0000137563,-0.1359268107,0.3061846889,2.4148254008,0.7015386188,-0.1804878465,0.5152437340,0.4996000000,0.0455833303,0.0664047036,0.0156337885,-0.1020854196,0.3095746374,2.5474108576,0.7492630585,0.1798713407,0.5697093512
