Instance,INF_avg,INF_sd,INF_r1,INF_kr,INF_sk,SUP_avg,SUP_sd,SUP_r1,SUP_kr,SUP_sk,INC_avg,INC_sd,INC_r1,INC_kr,INC_sk,IND_avg,IND_sd,IND_r1,IND_kr,IND_sk
463,0.2448000000,0.0677123327,-0.0073990075,2.8267123118,0.3157460191,0.2328000000,0.0562508667,0.0661223196,3.2855069006,0.1110144708,0.5224000000,0.0781424341,0.0554519859,2.8966245677,0.3484417862,0.1260000000,0.0342344855,-0.0907724882,3.1360295402,0.5096352027
