Instance,INF_avg,INF_sd,INF_r1,INF_kr,INF_sk,SUP_avg,SUP_sd,SUP_r1,SUP_kr,SUP_sk,INC_avg,INC_sd,INC_r1,INC_kr,INC_sk,IND_avg,IND_sd,IND_r1,IND_kr,IND_sk
85,0.2670000000,0.1503695448,-0.0000406428,2.8346157159,0.4660068552,0.2670000000,0.1435653161,-0.0631011194,2.9561926967,0.5496493432,0.4660000000,0.1692453840,0.1173970795,2.2691676339,-0.1276867298,0.3680000000,0.1075918213,-0.1373682660,3.2054967764,0.3244235570
