Instance,FV_avg_avg,FV_avg_sd,FV_sd_avg,FV_sd_sd,FV_r1_avg,FV_r1_sd,FV_kr_avg,FV_kr_sd,FV_sk_avg,FV_sk_sd,FD_avg_avg,FD_avg_sd,FD_sd_avg,FD_sd_sd,FD_r1_avg,FD_r1_sd,FD_kr_avg,FD_kr_sd,FD_sk_avg,FD_sk_sd,IN_avg_avg,IN_avg_sd,IN_sd_avg,IN_sd_sd,IN_r1_avg,IN_r1_sd,IN_kr_avg,IN_kr_sd,IN_sk_avg,IN_sk_sd
140,0.4987458745,0.3026829808,0.0008107343,0.0006068003,0.9551557710,0.0396139956,2.3827817819,0.3666490832,-0.0579856363,0.4106481060,-0.0000065148,0.0000126334,0.0000171585,0.0000107409,0.0840050444,0.1290907014,2.8828594340,0.3408598396,-0.0411920028,0.1972415436,0.4912550000,0.0174548410,0.0368871779,0.0033896318,0.0910737023,0.1312161223,2.9887089044,0.4362627433,-0.1545842913,0.2461405970
