Instance,INF_avg,INF_sd,INF_r1,INF_kr,INF_sk,SUP_avg,SUP_sd,SUP_r1,SUP_kr,SUP_sk,INC_avg,INC_sd,INC_r1,INC_kr,INC_sk,IND_avg,IND_sd,IND_r1,IND_kr,IND_sk
430,0.3221568627,0.1093709953,0.8537149815,2.2557306592,0.2677783977,0.1215686275,0.0914667528,0.8489194471,2.6501728864,0.7437484629,0.5562745098,0.0564283611,0.3400200913,3.0128277885,0.0836586764,0.0823529412,0.0210124366,-0.0606298718,2.8099050717,0.3220698300
