Instance,INF_avg,INF_sd,INF_r1,INF_kr,INF_sk,SUP_avg,SUP_sd,SUP_r1,SUP_kr,SUP_sk,INC_avg,INC_sd,INC_r1,INC_kr,INC_sk,IND_avg,IND_sd,IND_r1,IND_kr,IND_sk
490,0.2200000000,0.1326649916,0.0346534653,2.6043388430,0.9148128296,0.2400000000,0.1624807681,-0.2500000000,1.9931129477,0.4587955573,0.5400000000,0.1743559577,-0.6865079365,1.8216759003,0.1675338583,0.3400000000,0.0916515139,0.0753424658,2.1020408163,-0.0935219530
