Instance,FV_avg_avg,FV_avg_sd,FV_sd_avg,FV_sd_sd,FV_r1_avg,FV_r1_sd,FV_kr_avg,FV_kr_sd,FV_sk_avg,FV_sk_sd,FD_avg_avg,FD_avg_sd,FD_sd_avg,FD_sd_sd,FD_r1_avg,FD_r1_sd,FD_kr_avg,FD_kr_sd,FD_sk_avg,FD_sk_sd,IN_avg_avg,IN_avg_sd,IN_sd_avg,IN_sd_sd,IN_r1_avg,IN_r1_sd,IN_kr_avg,IN_kr_sd,IN_sk_avg,IN_sk_sd
496,0.4971143169,0.3005263243,0.0028388655,0.0020374415,0.9360447397,0.0384166022,2.5841578711,0.6977960967,0.1233248355,0.5410024401,-0.0000336255,0.0000845316,0.0000944978,0.0000568238,0.5539856635,0.1062759575,2.8264568034,0.5398639413,0.0327166354,0.3273759598,0.4907700000,0.0331816493,0.0507034664,0.0070066926,0.4714047449,0.0997890182,2.8485967749,0.4797340885,-0.0162705687,0.2732904123
