Instance,INF_avg,INF_sd,INF_r1,INF_kr,INF_sk,SUP_avg,SUP_sd,SUP_r1,SUP_kr,SUP_sk,INC_avg,INC_sd,INC_r1,INC_kr,INC_sk,IND_avg,IND_sd,IND_r1,IND_kr,IND_sk
145,0.1700000000,0.1100000000,0.1090757702,2.7441431596,0.6130728775,0.3300000000,0.1417744688,0.7434166104,1.5370164105,-0.1179085209,0.5000000000,0.1183215957,0.1000000000,1.9387755102,0.7244179326,0.3000000000,0.1183215957,-0.2142857143,1.9387755102,0.7244179326
