Instance,INF_avg,INF_sd,INF_r1,INF_kr,INF_sk,SUP_avg,SUP_sd,SUP_r1,SUP_kr,SUP_sk,INC_avg,INC_sd,INC_r1,INC_kr,INC_sk,IND_avg,IND_sd,IND_r1,IND_kr,IND_sk
132,0.3747959184,0.0629000869,0.7398730484,2.3987954674,0.0150230863,0.1141496599,0.0708053145,0.8842732160,2.0370541352,0.4268432774,0.5110544218,0.0392455695,0.2990717246,2.6518685159,-0.0282756078,0.0399319728,0.0119520925,0.0969022971,3.1411064792,0.3776533065
