Instance,FV_avg_avg,FV_avg_sd,FV_sd_avg,FV_sd_sd,FV_r1_avg,FV_r1_sd,FV_kr_avg,FV_kr_sd,FV_sk_avg,FV_sk_sd,FD_avg_avg,FD_avg_sd,FD_sd_avg,FD_sd_sd,FD_r1_avg,FD_r1_sd,FD_kr_avg,FD_kr_sd,FD_sk_avg,FD_sk_sd,IN_avg_avg,IN_avg_sd,IN_sd_avg,IN_sd_sd,IN_r1_avg,IN_r1_sd,IN_kr_avg,IN_kr_sd,IN_sk_avg,IN_sk_sd
68,0.5030114493,0.3054571323,0.0001469484,0.0001347958,0.0857698606,0.5035454316,1.9420878824,0.5139487508,0.1097718265,0.6025605849,-0.0000021087,0.0000216258,0.0000116612,0.0000088407,-0.1979837733,0.4062862843,2.1854157271,0.5766334630,0.0939199965,0.7459851107,0.4917000000,0.0322476356,0.0257490910,0.0082573794,-0.2197906674,0.4224909084,1.9228133588,0.4451426668,-0.0921911148,0.5182729253
