Instance,FV_avg_avg,FV_avg_sd,FV_sd_avg,FV_sd_sd,FV_r1_avg,FV_r1_sd,FV_kr_avg,FV_kr_sd,FV_sk_avg,FV_sk_sd,FD_avg_avg,FD_avg_sd,FD_sd_avg,FD_sd_sd,FD_r1_avg,FD_r1_sd,FD_kr_avg,FD_kr_sd,FD_sk_avg,FD_sk_sd,IN_avg_avg,IN_avg_sd,IN_sd_avg,IN_sd_sd,IN_r1_avg,IN_r1_sd,IN_kr_avg,IN_kr_sd,IN_sk_avg,IN_sk_sd
20,0.4513106209,0.2739260794,0.0226255277,0.0138105004,0.9894544684,0.0033096366,2.1278978519,0.1078060572,0.5906708388,0.0884412918,-0.0003353748,0.0002052890,0.0001572391,0.0000952119,0.9436845823,0.0082848155,2.2363631555,0.1558393083,0.5817538870,0.1106317706,0.1802185460,0.0161087842,0.1445432547,0.0073337165,0.9188278982,0.0205070568,2.5888679228,0.2070474309,0.8280249459,0.1182922732
