Instance,FV_avg_avg,FV_avg_sd,FV_sd_avg,FV_sd_sd,FV_r1_avg,FV_r1_sd,FV_kr_avg,FV_kr_sd,FV_sk_avg,FV_sk_sd,FD_avg_avg,FD_avg_sd,FD_sd_avg,FD_sd_sd,FD_r1_avg,FD_r1_sd,FD_kr_avg,FD_kr_sd,FD_sk_avg,FD_sk_sd,IN_avg_avg,IN_avg_sd,IN_sd_avg,IN_sd_sd,IN_r1_avg,IN_r1_sd,IN_kr_avg,IN_kr_sd,IN_sk_avg,IN_sk_sd
403,0.5003196144,0.3029586939,0.0000979159,0.0000734973,0.2060454067,0.4202888906,1.9144692971,0.4757878248,-0.2040014525,0.4742406372,0.0000044056,0.0000197636,0.0000332982,0.0000217037,-0.2093631203,0.4200088265,1.8826582227,0.4973864037,-0.0938885727,0.5166565121,0.5070000000,0.0738308878,0.1441736540,0.0548995218,-0.2314391573,0.4454400859,2.0690962128,0.5295368708,-0.0417670573,0.7124981264
