Instance,INF_avg,INF_sd,INF_r1,INF_kr,INF_sk,SUP_avg,SUP_sd,SUP_r1,SUP_kr,SUP_sk,INC_avg,INC_sd,INC_r1,INC_kr,INC_sk,IND_avg,IND_sd,IND_r1,IND_kr,IND_sk
363,0.2200000000,0.1077032961,0.1141732283,1.5184304400,0.0768394503,0.2900000000,0.1135781669,0.0612878200,1.9576347575,-0.6224583152,0.4900000000,0.1577973384,-0.0932883073,2.2015290076,0.3176256485,0.3800000000,0.1166190379,-0.3513513514,1.6280276817,-0.3631734744
