Instance,FV_avg_avg,FV_avg_sd,FV_sd_avg,FV_sd_sd,FV_r1_avg,FV_r1_sd,FV_kr_avg,FV_kr_sd,FV_sk_avg,FV_sk_sd,FD_avg_avg,FD_avg_sd,FD_sd_avg,FD_sd_sd,FD_r1_avg,FD_r1_sd,FD_kr_avg,FD_kr_sd,FD_sk_avg,FD_sk_sd,IN_avg_avg,IN_avg_sd,IN_sd_avg,IN_sd_sd,IN_r1_avg,IN_r1_sd,IN_kr_avg,IN_kr_sd,IN_sk_avg,IN_sk_sd
491,0.4998126107,0.3037733884,0.0009385032,0.0006338848,0.9435376471,0.0327211531,2.4507638036,0.5387647871,0.0467685699,0.4685321271,0.0000021977,0.0000230958,0.0000282859,0.0000168865,0.5097536722,0.1768427909,2.8178985359,0.5158382142,0.0411620007,0.2900111691,0.4948375000,0.0379139086,0.0503932246,0.0092692795,0.4343632768,0.1978052100,2.8216248846,0.3977220398,0.0576056004,0.3047524016
