Instance,FV_avg_avg,FV_avg_sd,FV_sd_avg,FV_sd_sd,FV_r1_avg,FV_r1_sd,FV_kr_avg,FV_kr_sd,FV_sk_avg,FV_sk_sd,FD_avg_avg,FD_avg_sd,FD_sd_avg,FD_sd_sd,FD_r1_avg,FD_r1_sd,FD_kr_avg,FD_kr_sd,FD_sk_avg,FD_sk_sd,IN_avg_avg,IN_avg_sd,IN_sd_avg,IN_sd_sd,IN_r1_avg,IN_r1_sd,IN_kr_avg,IN_kr_sd,IN_sk_avg,IN_sk_sd
7,0.4720898298,0.2867822947,0.0129005152,0.0080419530,0.9790748341,0.0095637123,1.9874661950,0.1119548634,0.4208504152,0.0919195315,-0.0003373442,0.0002109694,0.0002055770,0.0001231494,0.5693455951,0.1305287997,2.7024042003,0.6119413413,0.2849237002,0.2671115797,0.2758808541,0.0274381932,0.1484330320,0.0108278313,0.4878902578,0.1039082559,2.8374540995,0.8575987326,0.4588914438,0.2767190214
