Instance,FV_avg_avg,FV_avg_sd,FV_sd_avg,FV_sd_sd,FV_r1_avg,FV_r1_sd,FV_kr_avg,FV_kr_sd,FV_sk_avg,FV_sk_sd,FD_avg_avg,FD_avg_sd,FD_sd_avg,FD_sd_sd,FD_r1_avg,FD_r1_sd,FD_kr_avg,FD_kr_sd,FD_sk_avg,FD_sk_sd,IN_avg_avg,IN_avg_sd,IN_sd_avg,IN_sd_sd,IN_r1_avg,IN_r1_sd,IN_kr_avg,IN_kr_sd,IN_sk_avg,IN_sk_sd
19,0.4438075322,0.2701440457,0.0246944841,0.0149885352,0.9857060764,0.0047168037,2.1056055908,0.1087800457,0.5689133573,0.0969187370,-0.0005831016,0.0003494054,0.0002509382,0.0001535595,0.9356915179,0.0174199490,2.4725732495,0.2316115453,0.7312854211,0.1249303357,0.1687831786,0.0183801704,0.1380549269,0.0090173931,0.9158324243,0.0214106908,2.7565133001,0.3958493914,0.8919067107,0.1601581484
