Instance,INF_avg,INF_sd,INF_r1,INF_kr,INF_sk,SUP_avg,SUP_sd,SUP_r1,SUP_kr,SUP_sk,INC_avg,INC_sd,INC_r1,INC_kr,INC_sk,IND_avg,IND_sd,IND_r1,IND_kr,IND_sk
265,0.2310000000,0.1286040435,0.0240805149,1.9766665222,0.1138147707,0.2620000000,0.1369525465,-0.0064345994,3.5831780919,0.6123981181,0.5070000000,0.1544376897,-0.0655736669,3.5041726452,0.2575777701,0.3700000000,0.1204159458,-0.0882616797,2.7031153389,0.1786909635
