Instance,FV_avg_avg,FV_avg_sd,FV_sd_avg,FV_sd_sd,FV_r1_avg,FV_r1_sd,FV_kr_avg,FV_kr_sd,FV_sk_avg,FV_sk_sd,FD_avg_avg,FD_avg_sd,FD_sd_avg,FD_sd_sd,FD_r1_avg,FD_r1_sd,FD_kr_avg,FD_kr_sd,FD_sk_avg,FD_sk_sd,IN_avg_avg,IN_avg_sd,IN_sd_avg,IN_sd_sd,IN_r1_avg,IN_r1_sd,IN_kr_avg,IN_kr_sd,IN_sk_avg,IN_sk_sd
314,0.5026925753,0.3052213063,0.0007580380,0.0005425562,0.4997952899,0.3200024901,2.2109469414,0.6922303332,0.0914561836,0.5909214256,0.0000011344,0.0000424030,0.0000683571,0.0000506441,-0.1166855690,0.2605534277,2.2693762765,0.5219492513,-0.1219832336,0.5134761736,0.4983000000,0.0293327462,0.0450889099,0.0114319815,-0.1074138688,0.3156737897,2.2750001814,0.6319210636,-0.0506816991,0.4775210400
