Instance,FV_avg_avg,FV_avg_sd,FV_sd_avg,FV_sd_sd,FV_r1_avg,FV_r1_sd,FV_kr_avg,FV_kr_sd,FV_sk_avg,FV_sk_sd,FD_avg_avg,FD_avg_sd,FD_sd_avg,FD_sd_sd,FD_r1_avg,FD_r1_sd,FD_kr_avg,FD_kr_sd,FD_sk_avg,FD_sk_sd,IN_avg_avg,IN_avg_sd,IN_sd_avg,IN_sd_sd,IN_r1_avg,IN_r1_sd,IN_kr_avg,IN_kr_sd,IN_sk_avg,IN_sk_sd
55,0.4778870302,0.2902266094,0.0124934676,0.0076392553,0.9945796486,0.0022640039,1.8802533022,0.0456566962,0.2723855387,0.0565561654,-0.0000989622,0.0000622359,0.0000673150,0.0000412867,0.5612345037,0.0861048290,2.6532949986,0.2853531600,0.2074336269,0.1841376469,0.3110366653,0.0240272610,0.1380461038,0.0097275035,0.4622867162,0.1204585109,2.6827809667,0.2909875610,0.2689088227,0.2114607701
