Instance,FV_avg_avg,FV_avg_sd,FV_sd_avg,FV_sd_sd,FV_r1_avg,FV_r1_sd,FV_kr_avg,FV_kr_sd,FV_sk_avg,FV_sk_sd,FD_avg_avg,FD_avg_sd,FD_sd_avg,FD_sd_sd,FD_r1_avg,FD_r1_sd,FD_kr_avg,FD_kr_sd,FD_sk_avg,FD_sk_sd,IN_avg_avg,IN_avg_sd,IN_sd_avg,IN_sd_sd,IN_r1_avg,IN_r1_sd,IN_kr_avg,IN_kr_sd,IN_sk_avg,IN_sk_sd
220,0.5002744472,0.3033230717,0.0008964018,0.0006545065,0.9325080884,0.0331683708,2.5646229903,0.6307206911,0.0730689387,0.3997716201,-0.0000061891,0.0000190836,0.0000423300,0.0000256117,0.0457326422,0.1336978977,3.0205882497,0.7322085892,-0.0178805611,0.2642729455,0.4974100000,0.0224081659,0.0724800850,0.0062931141,0.0827296944,0.1221365978,2.8426060108,0.5437903601,-0.0056122771,0.2251770712
