Instance,INF_avg,INF_sd,INF_r1,INF_kr,INF_sk,SUP_avg,SUP_sd,SUP_r1,SUP_kr,SUP_sk,INC_avg,INC_sd,INC_r1,INC_kr,INC_sk,IND_avg,IND_sd,IND_r1,IND_kr,IND_sk
273,0.2600000000,0.0222485955,-0.4619289340,1.8258340986,0.3268847818,0.2295000000,0.0158823802,-0.6361302369,1.5427623146,-0.0958483105,0.5105000000,0.0249449394,-0.0716350216,1.8726247639,-0.6343259426,0.0435000000,0.0105000000,-0.1753221398,2.2616965153,0.5286686103
