Instance,FV_avg_avg,FV_avg_sd,FV_sd_avg,FV_sd_sd,FV_r1_avg,FV_r1_sd,FV_kr_avg,FV_kr_sd,FV_sk_avg,FV_sk_sd,FD_avg_avg,FD_avg_sd,FD_sd_avg,FD_sd_sd,FD_r1_avg,FD_r1_sd,FD_kr_avg,FD_kr_sd,FD_sk_avg,FD_sk_sd,IN_avg_avg,IN_avg_sd,IN_sd_avg,IN_sd_sd,IN_r1_avg,IN_r1_sd,IN_kr_avg,IN_kr_sd,IN_sk_avg,IN_sk_sd
J,0.5007369010,0.3064333889,0.0011680423,0.0007903803,0.8605526152,0.1556232578,2.4450202068,0.7146422810,-0.1866278141,0.4687414435,0.0000039095,0.0000442827,0.0001315918,0.0000845578,-0.0011663881,0.1712529512,2.7226136072,0.6749484691,0.2359649075,0.4646212734,0.5097000000,0.0265727304,0.1080103033,0.0117717617,-0.0140194925,0.1783725823,2.9499187897,0.6764135291,0.1479133370,0.4267454183
