Instance,FV_avg_avg,FV_avg_sd,FV_sd_avg,FV_sd_sd,FV_r1_avg,FV_r1_sd,FV_kr_avg,FV_kr_sd,FV_sk_avg,FV_sk_sd,FD_avg_avg,FD_avg_sd,FD_sd_avg,FD_sd_sd,FD_r1_avg,FD_r1_sd,FD_kr_avg,FD_kr_sd,FD_sk_avg,FD_sk_sd,IN_avg_avg,IN_avg_sd,IN_sd_avg,IN_sd_sd,IN_r1_avg,IN_r1_sd,IN_kr_avg,IN_kr_sd,IN_sk_avg,IN_sk_sd
352,0.4869417453,0.2960194185,0.0040584031,0.0023791309,0.9168871796,0.0329162915,2.5309830241,0.6277459313,-0.0494384009,0.3653984652,-0.0000546545,0.0001138222,0.0001902857,0.0001120420,0.3325805428,0.2169697851,2.8006984288,0.3213214964,0.1298647307,0.2259412058,0.4900600000,0.0226383612,0.0585097860,0.0084856312,0.2421791253,0.1961878503,2.7126845650,0.3456376544,0.0918936966,0.1909811925
