Instance,FV_avg_avg,FV_avg_sd,FV_sd_avg,FV_sd_sd,FV_r1_avg,FV_r1_sd,FV_kr_avg,FV_kr_sd,FV_sk_avg,FV_sk_sd,FD_avg_avg,FD_avg_sd,FD_sd_avg,FD_sd_sd,FD_r1_avg,FD_r1_sd,FD_kr_avg,FD_kr_sd,FD_sk_avg,FD_sk_sd,IN_avg_avg,IN_avg_sd,IN_sd_avg,IN_sd_sd,IN_r1_avg,IN_r1_sd,IN_kr_avg,IN_kr_sd,IN_sk_avg,IN_sk_sd
65,0.4997920061,0.3029142202,0.0003239384,0.0002430878,0.8531423464,0.0786364120,1.9957971562,0.3585538147,-0.0739944197,0.3050085574,0.0000021832,0.0000081518,0.0000356329,0.0000239355,-0.0428604974,0.2261725474,3.0291544780,1.1255453004,-0.0023335546,0.5175796682,0.5026000000,0.0226194606,0.1050417153,0.0129552321,-0.0238402523,0.1993612074,2.7676854319,0.5525780779,-0.0738388086,0.4607589818
