Instance,INF_avg,INF_sd,INF_r1,INF_kr,INF_sk,SUP_avg,SUP_sd,SUP_r1,SUP_kr,SUP_sk,INC_avg,INC_sd,INC_r1,INC_kr,INC_sk,IND_avg,IND_sd,IND_r1,IND_kr,IND_sk
271,0.2726000000,0.0392713636,0.1040698968,2.0786523356,-0.2285453589,0.2304000000,0.0390875939,0.3342783215,2.3553383993,-0.3686139201,0.4970000000,0.0419523539,-0.1097008375,3.5066206095,0.2890454344,0.0378000000,0.0110526015,0.0180945890,1.7833335263,0.2532273707
