Instance,FV_avg_avg,FV_avg_sd,FV_sd_avg,FV_sd_sd,FV_r1_avg,FV_r1_sd,FV_kr_avg,FV_kr_sd,FV_sk_avg,FV_sk_sd,FD_avg_avg,FD_avg_sd,FD_sd_avg,FD_sd_sd,FD_r1_avg,FD_r1_sd,FD_kr_avg,FD_kr_sd,FD_sk_avg,FD_sk_sd,IN_avg_avg,IN_avg_sd,IN_sd_avg,IN_sd_sd,IN_r1_avg,IN_r1_sd,IN_kr_avg,IN_kr_sd,IN_sk_avg,IN_sk_sd
175,0.4983208798,0.3032950939,0.0005329119,0.0003489642,0.9408421422,0.0300635973,2.5635252215,0.5743585451,0.0425218069,0.5132260975,0.0000013319,0.0000105401,0.0000506592,0.0000297842,-0.0217447816,0.1255905295,2.7688314626,0.3735537203,-0.0184631310,0.2177724180,0.5013000000,0.0238602179,0.1593974141,0.0110210873,-0.0401367664,0.1068697846,2.7011290126,0.4144378497,-0.0127152068,0.1673244834
