Instance,INF_avg,INF_sd,INF_r1,INF_kr,INF_sk,SUP_avg,SUP_sd,SUP_r1,SUP_kr,SUP_sk,INC_avg,INC_sd,INC_r1,INC_kr,INC_sk,IND_avg,IND_sd,IND_r1,IND_kr,IND_sk
190,0.2740000000,0.0838093074,0.0567332099,2.4053203854,0.1366590815,0.2440000000,0.1013114011,-0.0164490308,2.4775668266,0.0192025809,0.4820000000,0.1038075142,-0.0786741594,2.3783008682,0.2169940457,0.1940000000,0.0828492607,-0.1185330256,2.9319322868,0.6132968282
