Instance,INF_avg,INF_sd,INF_r1,INF_kr,INF_sk,SUP_avg,SUP_sd,SUP_r1,SUP_kr,SUP_sk,INC_avg,INC_sd,INC_r1,INC_kr,INC_sk,IND_avg,IND_sd,IND_r1,IND_kr,IND_sk
307,0.2500000000,0.0466904701,0.2534562212,2.2982072216,-0.2829487289,0.2640000000,0.0366606056,0.2669845054,3.4413265306,-0.7832463560,0.4860000000,0.0498397432,0.1835740951,3.2786373855,0.9747183081,0.1100000000,0.0204939015,-0.1707317073,4.0476190476,-1.1153143691
