Instance,INF_avg,INF_sd,INF_r1,INF_kr,INF_sk,SUP_avg,SUP_sd,SUP_r1,SUP_kr,SUP_sk,INC_avg,INC_sd,INC_r1,INC_kr,INC_sk,IND_avg,IND_sd,IND_r1,IND_kr,IND_sk
230,0.2498000000,0.0348706180,0.0314667736,3.1223743553,0.1048219381,0.2229500000,0.0352214068,0.1541514168,2.8426062340,0.3075201419,0.5272500000,0.0399523153,-0.0230561717,2.7829757560,0.1347092206,0.0362500000,0.0100591998,-0.1399412401,3.9878225718,0.5917715869
