Instance,INF_avg,INF_sd,INF_r1,INF_kr,INF_sk,SUP_avg,SUP_sd,SUP_r1,SUP_kr,SUP_sk,INC_avg,INC_sd,INC_r1,INC_kr,INC_sk,IND_avg,IND_sd,IND_r1,IND_kr,IND_sk
467,0.2560000000,0.0387814389,0.0308370044,2.3587596197,0.2830922144,0.3040000000,0.0662117814,-0.0744763382,2.1221428952,-0.1428726702,0.4400000000,0.0521536192,-0.4545454545,2.8460207612,1.2181208646,0.1120000000,0.0483321839,-0.7867867868,1.3230437230,0.3877276903
