Instance,FV_avg_avg,FV_avg_sd,FV_sd_avg,FV_sd_sd,FV_r1_avg,FV_r1_sd,FV_kr_avg,FV_kr_sd,FV_sk_avg,FV_sk_sd,FD_avg_avg,FD_avg_sd,FD_sd_avg,FD_sd_sd,FD_r1_avg,FD_r1_sd,FD_kr_avg,FD_kr_sd,FD_sk_avg,FD_sk_sd,IN_avg_avg,IN_avg_sd,IN_sd_avg,IN_sd_sd,IN_r1_avg,IN_r1_sd,IN_kr_avg,IN_kr_sd,IN_sk_avg,IN_sk_sd
271,0.4884099622,0.2976535081,0.0015207739,0.0012840641,0.8872767644,0.0866795417,2.3758868770,0.6463392299,0.0785168233,0.4826467857,0.0000119434,0.0000445554,0.0000627489,0.0000396602,0.0543386610,0.1549817584,2.9683585057,0.6490370832,0.0683372514,0.2753528946,0.5010100000,0.0273242365,0.0520238925,0.0050379169,0.0207016855,0.1378014080,2.8559819128,0.3957317252,0.0701313968,0.3051244802
