Instance,INF_avg,INF_sd,INF_r1,INF_kr,INF_sk,SUP_avg,SUP_sd,SUP_r1,SUP_kr,SUP_sk,INC_avg,INC_sd,INC_r1,INC_kr,INC_sk,IND_avg,IND_sd,IND_r1,IND_kr,IND_sk
400,0.3576923077,0.1412119981,0.2865771113,3.3697355793,0.7447267050,0.2461538462,0.1046266962,-0.0284214337,3.3908911614,-0.7040176773,0.3961538462,0.1216260639,0.0282828283,2.5148080000,-0.1669682605,0.2153846154,0.0495542259,-0.1641791045,3.2433589781,-0.6452335696
