Instance,INF_avg,INF_sd,INF_r1,INF_kr,INF_sk,SUP_avg,SUP_sd,SUP_r1,SUP_kr,SUP_sk,INC_avg,INC_sd,INC_r1,INC_kr,INC_sk,IND_avg,IND_sd,IND_r1,IND_kr,IND_sk
84,0.2664000000,0.0497296692,-0.1222306053,2.8338075200,-0.0907805968,0.2578000000,0.0494485591,-0.0441222054,2.8735465955,0.1590336733,0.4758000000,0.0539292129,0.0392501150,3.2371204038,0.2348770517,0.0615000000,0.0181865335,-0.0068712157,4.1336257355,0.6048431392
