Instance,INF_avg,INF_sd,INF_r1,INF_kr,INF_sk,SUP_avg,SUP_sd,SUP_r1,SUP_kr,SUP_sk,INC_avg,INC_sd,INC_r1,INC_kr,INC_sk,IND_avg,IND_sd,IND_r1,IND_kr,IND_sk
F,0.2390000000,0.1406378327,-0.1028403756,2.5962692316,0.3007316783,0.2670000000,0.1510331090,-0.0146003682,2.7375180185,0.4830541481,0.4940000000,0.1515387739,0.0594110532,2.2687300353,0.1360852455,0.3700000000,0.1090871211,-0.0125727787,2.9848880729,0.1525263045
