Instance,INF_avg,INF_sd,INF_r1,INF_kr,INF_sk,SUP_avg,SUP_sd,SUP_r1,SUP_kr,SUP_sk,INC_avg,INC_sd,INC_r1,INC_kr,INC_sk,IND_avg,IND_sd,IND_r1,IND_kr,IND_sk
195,0.2300000000,0.1374772708,-0.0132934707,2.7750902830,0.3971796521,0.2190000000,0.1137497253,-0.0900328479,2.8791267383,0.2755917103,0.5510000000,0.1417709420,-0.1170705424,2.1178825617,-0.1255672067,0.3730000000,0.1066348911,-0.0096174577,2.5346634721,0.4047139361
