Instance,FV_avg_avg,FV_avg_sd,FV_sd_avg,FV_sd_sd,FV_r1_avg,FV_r1_sd,FV_kr_avg,FV_kr_sd,FV_sk_avg,FV_sk_sd,FD_avg_avg,FD_avg_sd,FD_sd_avg,FD_sd_sd,FD_r1_avg,FD_r1_sd,FD_kr_avg,FD_kr_sd,FD_sk_avg,FD_sk_sd,IN_avg_avg,IN_avg_sd,IN_sd_avg,IN_sd_sd,IN_r1_avg,IN_r1_sd,IN_kr_avg,IN_kr_sd,IN_sk_avg,IN_sk_sd
287,0.4993659373,0.3044589262,0.0002296280,0.0001764422,-0.0278434340,0.3310055864,2.0118896224,0.5739964892,0.0122237791,0.6793431643,-0.0000014359,0.0000420164,0.0000926004,0.0000630141,-0.1689455921,0.3598141224,2.0209584308,0.5814230039,-0.1358820372,0.6804582195,0.5170000000,0.0795675813,0.1418598488,0.0505547554,-0.0547406669,0.3339630694,1.9886842012,0.6046161262,0.2284706817,0.6037091955
