Instance,INF_avg,INF_sd,INF_r1,INF_kr,INF_sk,SUP_avg,SUP_sd,SUP_r1,SUP_kr,SUP_sk,INC_avg,INC_sd,INC_r1,INC_kr,INC_sk,IND_avg,IND_sd,IND_r1,IND_kr,IND_sk
494,0.2590000000,0.0354118624,-0.2986659406,2.1002342742,0.5520140867,0.2685000000,0.0256953303,0.0498821529,3.6881284426,0.3278448529,0.4725000000,0.0376330971,-0.1720279720,2.5305389389,-0.6613772272,0.0280000000,0.0087177979,0.1490857947,1.5100415512,0.0588632475
