Instance,FV_avg_avg,FV_avg_sd,FV_sd_avg,FV_sd_sd,FV_r1_avg,FV_r1_sd,FV_kr_avg,FV_kr_sd,FV_sk_avg,FV_sk_sd,FD_avg_avg,FD_avg_sd,FD_sd_avg,FD_sd_sd,FD_r1_avg,FD_r1_sd,FD_kr_avg,FD_kr_sd,FD_sk_avg,FD_sk_sd,IN_avg_avg,IN_avg_sd,IN_sd_avg,IN_sd_sd,IN_r1_avg,IN_r1_sd,IN_kr_avg,IN_kr_sd,IN_sk_avg,IN_sk_sd
148,0.5028689795,0.3049489928,0.0009002226,0.0006261133,0.5934907671,0.2712494359,1.9380830191,0.2947223997,-0.0378168767,0.4369999890,-0.0000089271,0.0001473223,0.0002051681,0.0001318951,-0.1729752577,0.2242788081,2.6760651351,0.7641222657,-0.2309506061,0.6101079332,0.5125000000,0.0669234637,0.1454524048,0.0394790824,-0.1472233539,0.3127090317,2.4092590372,0.7855102991,-0.1001997204,0.6068258352
