Instance,INF_avg,INF_sd,INF_r1,INF_kr,INF_sk,SUP_avg,SUP_sd,SUP_r1,SUP_kr,SUP_sk,INC_avg,INC_sd,INC_r1,INC_kr,INC_sk,IND_avg,IND_sd,IND_r1,IND_kr,IND_sk
126,0.2222222222,0.0785674201,-0.2119700748,1.7304000000,-0.4129503602,0.1777777778,0.1030402055,0.0270270270,3.4616008653,0.4539007430,0.6000000000,0.1247219129,0.2307692308,3.9489795918,-1.3744863870,0.2888888889,0.0737027731,-0.2075949367,1.8533057851,0.1781657945
