Instance,INF_avg,INF_sd,INF_r1,INF_kr,INF_sk,SUP_avg,SUP_sd,SUP_r1,SUP_kr,SUP_sk,INC_avg,INC_sd,INC_r1,INC_kr,INC_sk,IND_avg,IND_sd,IND_r1,IND_kr,IND_sk
227,0.2950000000,0.0878919792,-0.1399135926,2.0994438684,0.1524377808,0.2550000000,0.0878919792,0.1592296853,2.1999874321,-0.0419756208,0.4500000000,0.1303840481,0.3269230769,2.5346020761,-0.6090604323,0.2700000000,0.0509901951,0.5703125000,1.9556213018,0.2715454179
