Instance,FV_avg_avg,FV_avg_sd,FV_sd_avg,FV_sd_sd,FV_r1_avg,FV_r1_sd,FV_kr_avg,FV_kr_sd,FV_sk_avg,FV_sk_sd,FD_avg_avg,FD_avg_sd,FD_sd_avg,FD_sd_sd,FD_r1_avg,FD_r1_sd,FD_kr_avg,FD_kr_sd,FD_sk_avg,FD_sk_sd,IN_avg_avg,IN_avg_sd,IN_sd_avg,IN_sd_sd,IN_r1_avg,IN_r1_sd,IN_kr_avg,IN_kr_sd,IN_sk_avg,IN_sk_sd
235,0.4887527304,0.2965972796,0.0017519590,0.0013183912,0.8071964494,0.1557903308,2.5091343956,0.5704734336,-0.1378008916,0.5054332971,-0.0000296029,0.0001033188,0.0000979020,0.0000623767,-0.0162034678,0.2055207332,2.6512605836,0.8526747981,-0.0965099104,0.3908956504,0.4924600000,0.0343083139,0.0495307456,0.0088652828,-0.0117855816,0.2423787058,2.6799769204,0.6169729476,0.0329849830,0.3431861618
