Instance,INF_avg,INF_sd,INF_r1,INF_kr,INF_sk,SUP_avg,SUP_sd,SUP_r1,SUP_kr,SUP_sk,INC_avg,INC_sd,INC_r1,INC_kr,INC_sk,IND_avg,IND_sd,IND_r1,IND_kr,IND_sk
176,0.2300000000,0.0509901951,0.3181818182,1.9556213018,-0.2715454179,0.4000000000,0.0707106781,-0.6666666667,1.7000000000,-0.0000000000,0.3700000000,0.0748331477,-0.9369369369,2.1339285714,0.7301958931,0.2000000000,0.0547722558,-0.4000000000,2.5000000000,0.9128709292
