Instance,INF_avg,INF_sd,INF_r1,INF_kr,INF_sk,SUP_avg,SUP_sd,SUP_r1,SUP_kr,SUP_sk,INC_avg,INC_sd,INC_r1,INC_kr,INC_sk,IND_avg,IND_sd,IND_r1,IND_kr,IND_sk
405,0.5807843137,0.1359908177,0.7015554248,2.1216885672,-0.2866255531,0.1498039216,0.1128853348,0.7978018832,2.4915783343,0.7052685672,0.2694117647,0.0620376788,-0.1534892945,2.3319238091,-0.1432719964,0.1000000000,0.0271524382,0.0967741935,2.4818922589,0.0940317576
