Instance,FV_avg_avg,FV_avg_sd,FV_sd_avg,FV_sd_sd,FV_r1_avg,FV_r1_sd,FV_kr_avg,FV_kr_sd,FV_sk_avg,FV_sk_sd,FD_avg_avg,FD_avg_sd,FD_sd_avg,FD_sd_sd,FD_r1_avg,FD_r1_sd,FD_kr_avg,FD_kr_sd,FD_sk_avg,FD_sk_sd,IN_avg_avg,IN_avg_sd,IN_sd_avg,IN_sd_sd,IN_r1_avg,IN_r1_sd,IN_kr_avg,IN_kr_sd,IN_sk_avg,IN_sk_sd
298,0.4895439703,0.2965347225,0.0032997173,0.0024923632,0.9354034797,0.0410395325,2.4503011029,0.4261996153,0.2280078285,0.3921508606,0.0000207033,0.0001187183,0.0001739777,0.0001122159,0.3255690781,0.1132119444,2.8918863722,0.4260991836,0.0930526562,0.1952646163,0.5033700000,0.0383790711,0.0790166235,0.0075008805,0.2323344542,0.1527540121,2.8570820623,0.3527612097,0.0379827014,0.1882814445
