Instance,FV_avg_avg,FV_avg_sd,FV_sd_avg,FV_sd_sd,FV_r1_avg,FV_r1_sd,FV_kr_avg,FV_kr_sd,FV_sk_avg,FV_sk_sd,FD_avg_avg,FD_avg_sd,FD_sd_avg,FD_sd_sd,FD_r1_avg,FD_r1_sd,FD_kr_avg,FD_kr_sd,FD_sk_avg,FD_sk_sd,IN_avg_avg,IN_avg_sd,IN_sd_avg,IN_sd_sd,IN_r1_avg,IN_r1_sd,IN_kr_avg,IN_kr_sd,IN_sk_avg,IN_sk_sd
503,0.4896954720,0.2962919738,0.0082924714,0.0061857974,0.8654988910,0.0760672339,2.3308897400,0.4470411250,0.1067658267,0.4298037962,-0.0000865966,0.0003420631,0.0010064686,0.0006615933,0.1657198903,0.2219296224,2.8016169054,0.4208717519,0.0309863936,0.3561014257,0.4846000000,0.0560672810,0.1235514065,0.0148104675,0.1378378215,0.1788636592,2.8124347449,0.4657087547,0.0690045571,0.3054807309
