Instance,FV_avg_avg,FV_avg_sd,FV_sd_avg,FV_sd_sd,FV_r1_avg,FV_r1_sd,FV_kr_avg,FV_kr_sd,FV_sk_avg,FV_sk_sd,FD_avg_avg,FD_avg_sd,FD_sd_avg,FD_sd_sd,FD_r1_avg,FD_r1_sd,FD_kr_avg,FD_kr_sd,FD_sk_avg,FD_sk_sd,IN_avg_avg,IN_avg_sd,IN_sd_avg,IN_sd_sd,IN_r1_avg,IN_r1_sd,IN_kr_avg,IN_kr_sd,IN_sk_avg,IN_sk_sd
216,0.4909314549,0.2986906535,0.0019554883,0.0015096536,0.8779620581,0.0958065011,2.4680207668,0.9186788272,-0.1270815446,0.4917384745,0.0000018328,0.0000937838,0.0001185302,0.0000714720,0.1583930835,0.1447072096,2.8217528365,0.5239886237,-0.0955276886,0.3339290697,0.4952000000,0.0357891604,0.0715858068,0.0100979335,0.0302906930,0.1651952405,2.7161957605,0.4899962483,-0.0518248742,0.3464621542
