Instance,FV_avg_avg,FV_avg_sd,FV_sd_avg,FV_sd_sd,FV_r1_avg,FV_r1_sd,FV_kr_avg,FV_kr_sd,FV_sk_avg,FV_sk_sd,FD_avg_avg,FD_avg_sd,FD_sd_avg,FD_sd_sd,FD_r1_avg,FD_r1_sd,FD_kr_avg,FD_kr_sd,FD_sk_avg,FD_sk_sd,IN_avg_avg,IN_avg_sd,IN_sd_avg,IN_sd_sd,IN_r1_avg,IN_r1_sd,IN_kr_avg,IN_kr_sd,IN_sk_avg,IN_sk_sd
146,0.4972710921,0.3020258629,0.0006297739,0.0004714248,0.8233651325,0.1211958329,2.2893867693,0.5058114273,0.0444100195,0.3006895610,-0.0000062654,0.0000079902,0.0000279805,0.0000183079,-0.0087652531,0.1568090337,2.8906197987,0.7794469535,0.0402141396,0.3994769639,0.4918800000,0.0140485444,0.0474822908,0.0068801208,-0.0340228503,0.1442323842,2.5769321254,0.5165857375,0.1225690645,0.3008948482
