Instance,INF_avg,INF_sd,INF_r1,INF_kr,INF_sk,SUP_avg,SUP_sd,SUP_r1,SUP_kr,SUP_sk,INC_avg,INC_sd,INC_r1,INC_kr,INC_sk,IND_avg,IND_sd,IND_r1,IND_kr,IND_sk
330,0.2694000000,0.0485967077,0.4643079649,3.2908235911,0.1588524616,0.2458000000,0.0452145994,0.2295689869,3.4084380420,-0.0171685768,0.4848000000,0.0513123767,0.1795375733,3.6618137975,0.0800481792,0.0688000000,0.0184000000,-0.0985985036,2.3808457303,0.0610873675
