Instance,FV_avg_avg,FV_avg_sd,FV_sd_avg,FV_sd_sd,FV_r1_avg,FV_r1_sd,FV_kr_avg,FV_kr_sd,FV_sk_avg,FV_sk_sd,FD_avg_avg,FD_avg_sd,FD_sd_avg,FD_sd_sd,FD_r1_avg,FD_r1_sd,FD_kr_avg,FD_kr_sd,FD_sk_avg,FD_sk_sd,IN_avg_avg,IN_avg_sd,IN_sd_avg,IN_sd_sd,IN_r1_avg,IN_r1_sd,IN_kr_avg,IN_kr_sd,IN_sk_avg,IN_sk_sd
108,0.4953078863,0.3017315640,0.0016317599,0.0011536943,0.7778428044,0.1740119181,2.6214352538,0.7170189362,0.1243240284,0.5715173485,0.0000176897,0.0000665948,0.0001366641,0.0000916439,-0.0024397472,0.2157859617,2.7028444846,1.0265685664,-0.0807336071,0.4127319952,0.5074400000,0.0396012929,0.0705530229,0.0135149904,-0.0070258299,0.2377390898,2.6457857103,0.5802079301,-0.0216062938,0.2960257351
