Instance,FV_avg_avg,FV_avg_sd,FV_sd_avg,FV_sd_sd,FV_r1_avg,FV_r1_sd,FV_kr_avg,FV_kr_sd,FV_sk_avg,FV_sk_sd,FD_avg_avg,FD_avg_sd,FD_sd_avg,FD_sd_sd,FD_r1_avg,FD_r1_sd,FD_kr_avg,FD_kr_sd,FD_sk_avg,FD_sk_sd,IN_avg_avg,IN_avg_sd,IN_sd_avg,IN_sd_sd,IN_r1_avg,IN_r1_sd,IN_kr_avg,IN_kr_sd,IN_sk_avg,IN_sk_sd
291,0.4418280311,0.2754421620,0.0242678038,0.0149007063,0.9867759533,0.0072157846,2.3445558562,0.3120005462,0.7425850201,0.1706735600,-0.0003965304,0.0002383500,0.0001743327,0.0001066933,0.9655083348,0.0143272761,2.3745706382,0.3075462660,0.7332690910,0.1522605374,0.1502757560,0.0214975811,0.1434020715,0.0041632070,0.9577727766,0.0087427978,2.6722153332,0.2435509965,0.9423752340,0.1386343733
