Instance,FV_avg_avg,FV_avg_sd,FV_sd_avg,FV_sd_sd,FV_r1_avg,FV_r1_sd,FV_kr_avg,FV_kr_sd,FV_sk_avg,FV_sk_sd,FD_avg_avg,FD_avg_sd,FD_sd_avg,FD_sd_sd,FD_r1_avg,FD_r1_sd,FD_kr_avg,FD_kr_sd,FD_sk_avg,FD_sk_sd,IN_avg_avg,IN_avg_sd,IN_sd_avg,IN_sd_sd,IN_r1_avg,IN_r1_sd,IN_kr_avg,IN_kr_sd,IN_sk_avg,IN_sk_sd
33,0.4983794806,0.3022791653,0.0003281731,0.0002189397,0.8466779751,0.1077236455,2.5140422125,0.8636433248,0.1085620984,0.4613541088,-0.0000001098,0.0000061829,0.0000473672,0.0000297911,-0.0049054406,0.1314863230,2.9847046519,0.7189529431,-0.0035103403,0.3618825438,0.5053000000,0.0258168550,0.1520831340,0.0112303322,-0.0080974866,0.1368489676,2.7836255452,0.5311219659,0.0247924338,0.3399217099
