Instance,FV_avg_avg,FV_avg_sd,FV_sd_avg,FV_sd_sd,FV_r1_avg,FV_r1_sd,FV_kr_avg,FV_kr_sd,FV_sk_avg,FV_sk_sd,FD_avg_avg,FD_avg_sd,FD_sd_avg,FD_sd_sd,FD_r1_avg,FD_r1_sd,FD_kr_avg,FD_kr_sd,FD_sk_avg,FD_sk_sd,IN_avg_avg,IN_avg_sd,IN_sd_avg,IN_sd_sd,IN_r1_avg,IN_r1_sd,IN_kr_avg,IN_kr_sd,IN_sk_avg,IN_sk_sd
340,0.5020325765,0.3043714240,0.0006321023,0.0004160134,0.8690774982,0.1013906503,2.3637486428,0.6143420001,-0.0556412355,0.4800988834,-0.0000058804,0.0000226497,0.0000668823,0.0000435424,-0.0133332570,0.1221102196,2.7468696726,0.4835575697,0.0035347576,0.2474017621,0.4946000000,0.0340299868,0.1135178919,0.0123080550,-0.0283203318,0.1088341062,2.7612356642,0.3556823280,0.1322766534,0.2377225749
