Instance,INF_avg,INF_sd,INF_r1,INF_kr,INF_sk,SUP_avg,SUP_sd,SUP_r1,SUP_kr,SUP_sk,INC_avg,INC_sd,INC_r1,INC_kr,INC_sk,IND_avg,IND_sd,IND_r1,IND_kr,IND_sk
117,0.2755000000,0.0422167029,0.0349730922,3.4638455133,1.0900214864,0.2760000000,0.0315277655,-0.1040993538,3.6221777344,0.9777718542,0.4485000000,0.0300873728,-0.1042291416,1.9211002650,-0.2427065569,0.0280000000,0.0074833148,-0.0526315789,2.3730867347,0.1646520151
