Instance,INF_avg,INF_sd,INF_r1,INF_kr,INF_sk,SUP_avg,SUP_sd,SUP_r1,SUP_kr,SUP_sk,INC_avg,INC_sd,INC_r1,INC_kr,INC_sk,IND_avg,IND_sd,IND_r1,IND_kr,IND_sk
488,0.4472727273,0.1427706940,0.8204632878,1.9729034710,-0.0484904057,0.1345454545,0.0935848637,0.6259151699,1.8657892431,0.4563320136,0.4181818182,0.0727575694,0.5058199890,2.4811728847,0.1335205645,0.1151515152,0.0417874283,0.1035624770,2.4896874921,0.0639260947
