Instance,INF_avg,INF_sd,INF_r1,INF_kr,INF_sk,SUP_avg,SUP_sd,SUP_r1,SUP_kr,SUP_sk,INC_avg,INC_sd,INC_r1,INC_kr,INC_sk,IND_avg,IND_sd,IND_r1,IND_kr,IND_sk
41,0.2210000000,0.0943874992,0.0892718501,2.2865190184,0.0796434070,0.2940000000,0.1008166653,-0.0779984414,2.2526987163,-0.0847388995,0.4850000000,0.0991211380,-0.0779401890,2.7751879261,0.4035466178,0.2180000000,0.0597996656,-0.0684910016,2.3066303320,0.4024623528
