Instance,FV_avg_avg,FV_avg_sd,FV_sd_avg,FV_sd_sd,FV_r1_avg,FV_r1_sd,FV_kr_avg,FV_kr_sd,FV_sk_avg,FV_sk_sd,FD_avg_avg,FD_avg_sd,FD_sd_avg,FD_sd_sd,FD_r1_avg,FD_r1_sd,FD_kr_avg,FD_kr_sd,FD_sk_avg,FD_sk_sd,IN_avg_avg,IN_avg_sd,IN_sd_avg,IN_sd_sd,IN_r1_avg,IN_r1_sd,IN_kr_avg,IN_kr_sd,IN_sk_avg,IN_sk_sd
13,0.5013780840,0.3040882270,0.0001467330,0.0001126127,0.1956093955,0.4572796218,1.9042014768,0.4983001458,-0.0889893362,0.5498010675,0.0000005361,0.0000160808,0.0000107310,0.0000085821,-0.1671633639,0.3727601738,1.9433387297,0.4102949747,-0.0440616274,0.4347823693,0.5064000000,0.0330172682,0.0313782897,0.0117389495,-0.2618642062,0.3080400218,1.9750445415,0.4682125950,0.0030727659,0.5113166487
