Instance,FV_avg_avg,FV_avg_sd,FV_sd_avg,FV_sd_sd,FV_r1_avg,FV_r1_sd,FV_kr_avg,FV_kr_sd,FV_sk_avg,FV_sk_sd,FD_avg_avg,FD_avg_sd,FD_sd_avg,FD_sd_sd,FD_r1_avg,FD_r1_sd,FD_kr_avg,FD_kr_sd,FD_sk_avg,FD_sk_sd,IN_avg_avg,IN_avg_sd,IN_sd_avg,IN_sd_sd,IN_r1_avg,IN_r1_sd,IN_kr_avg,IN_kr_sd,IN_sk_avg,IN_sk_sd
465,0.4956219823,0.3019966855,0.0024707891,0.0019946169,0.9306774882,0.0381013376,2.3435848314,0.4660320464,0.0504438212,0.4025508552,0.0000150205,0.0000615071,0.0000818911,0.0000514607,0.0975690913,0.1114921124,2.9814885104,0.5590716777,-0.0215598868,0.2482740908,0.4980750000,0.0327530438,0.0513167670,0.0037512566,0.0461906583,0.0796630898,2.9979706743,0.5741888161,0.0731306089,0.2215449490
