Instance,INF_avg,INF_sd,INF_r1,INF_kr,INF_sk,SUP_avg,SUP_sd,SUP_r1,SUP_kr,SUP_sk,INC_avg,INC_sd,INC_r1,INC_kr,INC_sk,IND_avg,IND_sd,IND_r1,IND_kr,IND_sk
437,0.2900000000,0.0969535971,0.1913834163,2.5964237211,0.1185037177,0.2390000000,0.0912633552,0.0902726612,4.1112377644,0.7218320629,0.4710000000,0.1091283648,-0.0964503584,2.7278802633,0.2408199946,0.2150000000,0.0650000000,0.0273664258,3.0772381919,0.3604915794
