Instance,INF_avg,INF_sd,INF_r1,INF_kr,INF_sk,SUP_avg,SUP_sd,SUP_r1,SUP_kr,SUP_sk,INC_avg,INC_sd,INC_r1,INC_kr,INC_sk,IND_avg,IND_sd,IND_r1,IND_kr,IND_sk
115,0.2594000000,0.0648971494,0.0674707998,3.6024413341,0.0830560628,0.2486000000,0.0699288210,-0.0335142784,3.1745422823,0.2667046353,0.4920000000,0.0817312670,-0.0688235002,2.7979231955,0.0900277716,0.1140000000,0.0358329457,0.1135141932,2.4077503130,0.1523163618
