Instance,FV_avg_avg,FV_avg_sd,FV_sd_avg,FV_sd_sd,FV_r1_avg,FV_r1_sd,FV_kr_avg,FV_kr_sd,FV_sk_avg,FV_sk_sd,FD_avg_avg,FD_avg_sd,FD_sd_avg,FD_sd_sd,FD_r1_avg,FD_r1_sd,FD_kr_avg,FD_kr_sd,FD_sk_avg,FD_sk_sd,IN_avg_avg,IN_avg_sd,IN_sd_avg,IN_sd_sd,IN_r1_avg,IN_r1_sd,IN_kr_avg,IN_kr_sd,IN_sk_avg,IN_sk_sd
6,0.4779884148,0.2909688003,0.0111958123,0.0070197884,0.9941075500,0.0032128626,1.8803369293,0.0680069682,0.2830882748,0.0801368790,-0.0000955839,0.0000610168,0.0000625626,0.0000376484,0.5965776513,0.0815037506,2.5612230042,0.3228293803,0.1728237003,0.2065572169,0.3040474295,0.0334095074,0.1425088145,0.0085781585,0.4923758590,0.1052209796,2.6115660278,0.2365040582,0.3297604563,0.1995112956
