Instance,INF_avg,INF_sd,INF_r1,INF_kr,INF_sk,SUP_avg,SUP_sd,SUP_r1,SUP_kr,SUP_sk,INC_avg,INC_sd,INC_r1,INC_kr,INC_sk,IND_avg,IND_sd,IND_r1,IND_kr,IND_sk
59,0.2640000000,0.1100181803,-0.1260203588,2.5256132247,0.4084285611,0.2580000000,0.0832826513,-0.1871271281,2.1995406345,0.1091044179,0.4780000000,0.0906421535,-0.0370102871,4.0364638689,-0.3385129667,0.2320000000,0.0630555311,0.0851427177,2.6614839945,0.3411767073
