Instance,INF_avg,INF_sd,INF_r1,INF_kr,INF_sk,SUP_avg,SUP_sd,SUP_r1,SUP_kr,SUP_sk,INC_avg,INC_sd,INC_r1,INC_kr,INC_sk,IND_avg,IND_sd,IND_r1,IND_kr,IND_sk
233,0.4145955882,0.0973963536,0.8822012411,2.0032250987,-0.1220275261,0.0827205882,0.0640452151,0.9195160873,2.7926890143,0.7780213797,0.5026838235,0.0456404913,0.5623001885,2.5241124475,-0.2674414408,0.0438970588,0.0122428127,0.2847485822,2.4284316552,0.1748301887
