Instance,INF_avg,INF_sd,INF_r1,INF_kr,INF_sk,SUP_avg,SUP_sd,SUP_r1,SUP_kr,SUP_sk,INC_avg,INC_sd,INC_r1,INC_kr,INC_sk,IND_avg,IND_sd,IND_r1,IND_kr,IND_sk
390,0.3136363636,0.1024493425,-0.5065880721,3.0953871908,0.8347788895,0.1545454545,0.0890723543,0.1430899609,2.3272298177,0.1522957490,0.5318181818,0.0860040360,-0.1200885445,1.8017071877,-0.1780421245,0.2681818182,0.0833195581,0.1343570058,2.9291028912,0.4744290739
