Instance,FV_avg_avg,FV_avg_sd,FV_sd_avg,FV_sd_sd,FV_r1_avg,FV_r1_sd,FV_kr_avg,FV_kr_sd,FV_sk_avg,FV_sk_sd,FD_avg_avg,FD_avg_sd,FD_sd_avg,FD_sd_sd,FD_r1_avg,FD_r1_sd,FD_kr_avg,FD_kr_sd,FD_sk_avg,FD_sk_sd,IN_avg_avg,IN_avg_sd,IN_sd_avg,IN_sd_sd,IN_r1_avg,IN_r1_sd,IN_kr_avg,IN_kr_sd,IN_sk_avg,IN_sk_sd
286,0.4940129342,0.3003041100,0.0006212855,0.0005701076,0.8139927058,0.1225311514,2.2254409850,0.3876243908,-0.1009554937,0.3710015550,0.0000026130,0.0000279095,0.0000681204,0.0000450690,0.0067336357,0.1980448297,2.8917598921,0.7238525556,0.1669438455,0.4105838445,0.4982000000,0.0366109273,0.1111875197,0.0159290763,0.0151362165,0.1775600281,2.9013777939,0.7901625691,-0.0000334837,0.4605630582
