Instance,FV_avg_avg,FV_avg_sd,FV_sd_avg,FV_sd_sd,FV_r1_avg,FV_r1_sd,FV_kr_avg,FV_kr_sd,FV_sk_avg,FV_sk_sd,FD_avg_avg,FD_avg_sd,FD_sd_avg,FD_sd_sd,FD_r1_avg,FD_r1_sd,FD_kr_avg,FD_kr_sd,FD_sk_avg,FD_sk_sd,IN_avg_avg,IN_avg_sd,IN_sd_avg,IN_sd_sd,IN_r1_avg,IN_r1_sd,IN_kr_avg,IN_kr_sd,IN_sk_avg,IN_sk_sd
194,0.4981760038,0.3024275175,0.0001540071,0.0001016680,0.1836405367,0.3456544669,1.9267338455,0.4654553714,0.1665169350,0.5602955321,-0.0000019141,0.0000138045,0.0000098786,0.0000076645,-0.1550014639,0.4495888501,2.1483005892,0.4665548072,0.2197349579,0.5757998203,0.4899000000,0.0384003906,0.0282264945,0.0087272566,-0.4207753764,0.3212120762,1.8033121872,0.3302010844,0.1326577490,0.4209865382
