Instance,INF_avg,INF_sd,INF_r1,INF_kr,INF_sk,SUP_avg,SUP_sd,SUP_r1,SUP_kr,SUP_sk,INC_avg,INC_sd,INC_r1,INC_kr,INC_sk,IND_avg,IND_sd,IND_r1,IND_kr,IND_sk
358,0.2524000000,0.0664397471,0.0251780999,3.0412466052,0.2393733332,0.2506000000,0.0608903933,0.0486910717,4.2579210034,0.4777914398,0.4970000000,0.0683739717,0.1432706602,2.7083871086,-0.0672551640,0.1194000000,0.0305227784,0.0773740334,3.2710670256,0.4387769780
