Instance,INF_avg,INF_sd,INF_r1,INF_kr,INF_sk,SUP_avg,SUP_sd,SUP_r1,SUP_kr,SUP_sk,INC_avg,INC_sd,INC_r1,INC_kr,INC_sk,IND_avg,IND_sd,IND_r1,IND_kr,IND_sk
177,0.2550000000,0.0137840488,-0.8108108108,1.8351800554,0.0572744408,0.2550000000,0.0277488739,-0.2407407407,2.6180637544,-0.7581915270,0.4900000000,0.0330151480,-0.8659793814,1.8485396852,0.6502436361,0.0360000000,0.0073484692,-0.4765100671,1.5781893004,-0.3477670622
