Instance,FV_avg_avg,FV_avg_sd,FV_sd_avg,FV_sd_sd,FV_r1_avg,FV_r1_sd,FV_kr_avg,FV_kr_sd,FV_sk_avg,FV_sk_sd,FD_avg_avg,FD_avg_sd,FD_sd_avg,FD_sd_sd,FD_r1_avg,FD_r1_sd,FD_kr_avg,FD_kr_sd,FD_sk_avg,FD_sk_sd,IN_avg_avg,IN_avg_sd,IN_sd_avg,IN_sd_sd,IN_r1_avg,IN_r1_sd,IN_kr_avg,IN_kr_sd,IN_sk_avg,IN_sk_sd
340,0.4538074286,0.2762414989,0.0194087221,0.0119609303,0.9904209866,0.0037031298,2.0619371385,0.0814023806,0.5390254702,0.0731098923,-0.0002618643,0.0001557226,0.0001249926,0.0000770248,0.9461051401,0.0141664270,2.1367921279,0.1255866473,0.5174952057,0.0892010574,0.1805481754,0.0165377654,0.1421275660,0.0085852481,0.9271765165,0.0080456050,2.4156623318,0.2389068739,0.7394793170,0.1333758047
