Instance,INF_avg,INF_sd,INF_r1,INF_kr,INF_sk,SUP_avg,SUP_sd,SUP_r1,SUP_kr,SUP_sk,INC_avg,INC_sd,INC_r1,INC_kr,INC_sk,IND_avg,IND_sd,IND_r1,IND_kr,IND_sk
427,0.3768263473,0.0798358332,0.6737186607,2.4551307340,-0.1860393711,0.1142514970,0.0657194836,0.7319936911,2.7840604783,0.6566058194,0.5089221557,0.0490390281,-0.0512277088,2.9006583235,0.4674846950,0.0760479042,0.0209349744,0.0281766710,2.9869000519,0.1227525734
