Instance,FV_avg_avg,FV_avg_sd,FV_sd_avg,FV_sd_sd,FV_r1_avg,FV_r1_sd,FV_kr_avg,FV_kr_sd,FV_sk_avg,FV_sk_sd,FD_avg_avg,FD_avg_sd,FD_sd_avg,FD_sd_sd,FD_r1_avg,FD_r1_sd,FD_kr_avg,FD_kr_sd,FD_sk_avg,FD_sk_sd,IN_avg_avg,IN_avg_sd,IN_sd_avg,IN_sd_sd,IN_r1_avg,IN_r1_sd,IN_kr_avg,IN_kr_sd,IN_sk_avg,IN_sk_sd
384,0.4946703846,0.2999478393,0.0002363930,0.0001457042,0.4318944858,0.3873307875,2.2125936075,0.5695059063,-0.0864977122,0.5139954098,0.0000034371,0.0000140123,0.0000205933,0.0000153252,-0.1003852040,0.2456278009,2.4676136709,0.8421011204,-0.1935283583,0.5821460218,0.5106500000,0.0237724105,0.0465533825,0.0104274913,-0.1507521068,0.1953409546,2.5921937193,1.2656312757,-0.2670709399,0.7261444701
