Instance,INF_avg,INF_sd,INF_r1,INF_kr,INF_sk,SUP_avg,SUP_sd,SUP_r1,SUP_kr,SUP_sk,INC_avg,INC_sd,INC_r1,INC_kr,INC_sk,IND_avg,IND_sd,IND_r1,IND_kr,IND_sk
162,0.2520000000,0.1486472334,0.1732871350,2.1863738824,0.1620991011,0.2480000000,0.1252836781,-0.0910510842,2.3540199572,0.2589353016,0.5000000000,0.1655294536,0.1788321168,2.6186797379,-0.0661447547,0.3940000000,0.1302459212,-0.0788331583,3.8343125998,0.9258092710
