Instance,INF_avg,INF_sd,INF_r1,INF_kr,INF_sk,SUP_avg,SUP_sd,SUP_r1,SUP_kr,SUP_sk,INC_avg,INC_sd,INC_r1,INC_kr,INC_sk,IND_avg,IND_sd,IND_r1,IND_kr,IND_sk
425,0.2496000000,0.0539985185,0.1787879088,2.6317981440,0.1804946602,0.2792000000,0.0772486893,0.0002123980,2.9675988730,0.2178059638,0.4712000000,0.0737737081,0.0581715459,2.0571077614,-0.0126393988,0.1136000000,0.0238126017,-0.1783482749,2.7786918659,0.0673429875
