Instance,FV_avg_avg,FV_avg_sd,FV_sd_avg,FV_sd_sd,FV_r1_avg,FV_r1_sd,FV_kr_avg,FV_kr_sd,FV_sk_avg,FV_sk_sd,FD_avg_avg,FD_avg_sd,FD_sd_avg,FD_sd_sd,FD_r1_avg,FD_r1_sd,FD_kr_avg,FD_kr_sd,FD_sk_avg,FD_sk_sd,IN_avg_avg,IN_avg_sd,IN_sd_avg,IN_sd_sd,IN_r1_avg,IN_r1_sd,IN_kr_avg,IN_kr_sd,IN_sk_avg,IN_sk_sd
348,0.4900538844,0.2984930016,0.0031984784,0.0021359776,0.9342561159,0.0432688882,2.4924208234,0.6753355526,0.1791392642,0.4548280087,-0.0000095117,0.0000905108,0.0002262940,0.0001384020,0.0385596631,0.0832269243,2.8391623162,0.2626529020,0.0127605784,0.2609884767,0.4951000000,0.0336836756,0.1126923694,0.0077025890,0.0317668126,0.0915967853,2.8044329518,0.3413750355,-0.0512389945,0.2441862806
