Instance,FV_avg_avg,FV_avg_sd,FV_sd_avg,FV_sd_sd,FV_r1_avg,FV_r1_sd,FV_kr_avg,FV_kr_sd,FV_sk_avg,FV_sk_sd,FD_avg_avg,FD_avg_sd,FD_sd_avg,FD_sd_sd,FD_r1_avg,FD_r1_sd,FD_kr_avg,FD_kr_sd,FD_sk_avg,FD_sk_sd,IN_avg_avg,IN_avg_sd,IN_sd_avg,IN_sd_sd,IN_r1_avg,IN_r1_sd,IN_kr_avg,IN_kr_sd,IN_sk_avg,IN_sk_sd
62,0.4948023433,0.3005576427,0.0010674513,0.0007808780,0.9553411157,0.0374862140,2.5528504113,0.5954041949,-0.0418175618,0.4603459742,0.0000039406,0.0000148409,0.0000265416,0.0000164252,0.0159726548,0.1329320558,3.1647622771,0.5792316202,-0.1027554580,0.2446331587,0.5018300000,0.0203581458,0.0519514307,0.0036804685,0.0370822787,0.1010592108,3.0225729586,0.4585576419,-0.0915182256,0.2354344294
