Instance,INF_avg,INF_sd,INF_r1,INF_kr,INF_sk,SUP_avg,SUP_sd,SUP_r1,SUP_kr,SUP_sk,INC_avg,INC_sd,INC_r1,INC_kr,INC_sk,IND_avg,IND_sd,IND_r1,IND_kr,IND_sk
202,0.4780645161,0.1635378886,0.8378964343,1.9333573843,-0.1869929259,0.1387096774,0.0872424111,0.6642329659,2.4409489738,0.6358805939,0.3832258065,0.0961311972,0.6714874476,2.1865389226,0.0271101340,0.1183870968,0.0350664599,-0.1175806582,2.8913819517,0.3206217496
