Instance,INF_avg,INF_sd,INF_r1,INF_kr,INF_sk,SUP_avg,SUP_sd,SUP_r1,SUP_kr,SUP_sk,INC_avg,INC_sd,INC_r1,INC_kr,INC_sk,IND_avg,IND_sd,IND_r1,IND_kr,IND_sk
373,0.2389000000,0.0426589967,-0.0134959284,3.4656131595,0.0326758266,0.2145000000,0.0469547655,-0.1062862690,2.3040373856,0.0880452101,0.5466000000,0.0490554788,-0.0896421120,2.4182780337,-0.1361722586,0.0707000000,0.0185609806,-0.0612259750,4.2504148240,0.2355460673
