Instance,FV_avg_avg,FV_avg_sd,FV_sd_avg,FV_sd_sd,FV_r1_avg,FV_r1_sd,FV_kr_avg,FV_kr_sd,FV_sk_avg,FV_sk_sd,FD_avg_avg,FD_avg_sd,FD_sd_avg,FD_sd_sd,FD_r1_avg,FD_r1_sd,FD_kr_avg,FD_kr_sd,FD_sk_avg,FD_sk_sd,IN_avg_avg,IN_avg_sd,IN_sd_avg,IN_sd_sd,IN_r1_avg,IN_r1_sd,IN_kr_avg,IN_kr_sd,IN_sk_avg,IN_sk_sd
67,0.5005495747,0.3034426041,0.0002100511,0.0001568183,0.2358103392,0.3931425562,1.9236149472,0.3969559495,0.1480118576,0.4633659870,-0.0000000859,0.0000105620,0.0000130432,0.0000116671,-0.3967591665,0.3197346927,2.0493083548,0.5198268102,0.0192919010,0.6348344787,0.4993500000,0.0198097829,0.0321317653,0.0113556004,-0.3305763924,0.4177300857,1.9506254495,0.4609503501,0.0720303988,0.5789888698
