Instance,FV_avg_avg,FV_avg_sd,FV_sd_avg,FV_sd_sd,FV_r1_avg,FV_r1_sd,FV_kr_avg,FV_kr_sd,FV_sk_avg,FV_sk_sd,FD_avg_avg,FD_avg_sd,FD_sd_avg,FD_sd_sd,FD_r1_avg,FD_r1_sd,FD_kr_avg,FD_kr_sd,FD_sk_avg,FD_sk_sd,IN_avg_avg,IN_avg_sd,IN_sd_avg,IN_sd_sd,IN_r1_avg,IN_r1_sd,IN_kr_avg,IN_kr_sd,IN_sk_avg,IN_sk_sd
168,0.5005595863,0.3042892730,0.0000900384,0.0000649675,0.4459608458,0.3042404060,2.3519328590,0.6629873306,0.0728999792,0.5435561644,-0.0000003789,0.0000043076,0.0000188224,0.0000134506,-0.0543680536,0.2993059661,2.4479853555,0.6883792611,-0.0424241884,0.4698330317,0.4967500000,0.0297184707,0.1057794062,0.0240721254,-0.0685908928,0.2482186671,2.2920780145,0.5237642251,-0.0572735169,0.4779449404
