Instance,INF_avg,INF_sd,INF_r1,INF_kr,INF_sk,SUP_avg,SUP_sd,SUP_r1,SUP_kr,SUP_sk,INC_avg,INC_sd,INC_r1,INC_kr,INC_sk,IND_avg,IND_sd,IND_r1,IND_kr,IND_sk
25,0.2815789474,0.1153300295,0.1066978121,2.3550701607,0.3074108159,0.2403508772,0.1097998963,0.2415097800,2.6639269827,0.1367545132,0.4780701754,0.0912955216,0.1953710314,3.2106699009,-0.4096540785,0.2517543860,0.0883399099,0.3100132614,4.2821578818,0.9583351670
