Instance,INF_avg,INF_sd,INF_r1,INF_kr,INF_sk,SUP_avg,SUP_sd,SUP_r1,SUP_kr,SUP_sk,INC_avg,INC_sd,INC_r1,INC_kr,INC_sk,IND_avg,IND_sd,IND_r1,IND_kr,IND_sk
328,0.1920000000,0.0652380257,-0.0876897133,2.0504550851,-0.7136388703,0.3040000000,0.0344093011,-0.7065868263,1.9945215486,0.3958703373,0.5040000000,0.0813879598,-0.4380530973,2.9310018904,1.1731251294,0.1160000000,0.0233238076,-0.7346938776,2.6660899654,1.1500493357
