Instance,INF_avg,INF_sd,INF_r1,INF_kr,INF_sk,SUP_avg,SUP_sd,SUP_r1,SUP_kr,SUP_sk,INC_avg,INC_sd,INC_r1,INC_kr,INC_sk,IND_avg,IND_sd,IND_r1,IND_kr,IND_sk
55,0.2412000000,0.0559156508,-0.0619612004,2.2923108444,0.0152305263,0.2524000000,0.0524427307,-0.0722986792,2.8998928663,0.4366942124,0.5064000000,0.0611149736,-0.1812732798,2.3396475329,0.1669321870,0.1132000000,0.0411066905,0.2548367971,1.9330154329,-0.0220911928
