Instance,INF_avg,INF_sd,INF_r1,INF_kr,INF_sk,SUP_avg,SUP_sd,SUP_r1,SUP_kr,SUP_sk,INC_avg,INC_sd,INC_r1,INC_kr,INC_sk,IND_avg,IND_sd,IND_r1,IND_kr,IND_sk
53,0.2300000000,0.0421900462,-0.1715976331,1.9877540715,0.0319581211,0.2640000000,0.0585149554,-0.0797424468,3.9689492532,0.6650588318,0.5060000000,0.0669626762,0.1326942030,1.9994389806,-0.0537133339,0.1060000000,0.0438634244,0.1292663263,1.8448096265,0.1274035866
