Instance,FV_avg_avg,FV_avg_sd,FV_sd_avg,FV_sd_sd,FV_r1_avg,FV_r1_sd,FV_kr_avg,FV_kr_sd,FV_sk_avg,FV_sk_sd,FD_avg_avg,FD_avg_sd,FD_sd_avg,FD_sd_sd,FD_r1_avg,FD_r1_sd,FD_kr_avg,FD_kr_sd,FD_sk_avg,FD_sk_sd,IN_avg_avg,IN_avg_sd,IN_sd_avg,IN_sd_sd,IN_r1_avg,IN_r1_sd,IN_kr_avg,IN_kr_sd,IN_sk_avg,IN_sk_sd
H,0.4922598638,0.3004310200,0.0017723625,0.0012963639,0.8968530562,0.0885586364,2.4180225913,0.5706051991,0.0750791604,0.4458773357,0.0000071546,0.0000519044,0.0002241610,0.0001358670,-0.0503819375,0.1209743562,2.9286753392,0.5968417343,-0.1251504885,0.3251509437,0.4971000000,0.0304004934,0.1567607634,0.0127852674,-0.0331398567,0.1433501680,2.7016778667,0.5224192020,-0.0364374278,0.3237389074
