Instance,FV_avg_avg,FV_avg_sd,FV_sd_avg,FV_sd_sd,FV_r1_avg,FV_r1_sd,FV_kr_avg,FV_kr_sd,FV_sk_avg,FV_sk_sd,FD_avg_avg,FD_avg_sd,FD_sd_avg,FD_sd_sd,FD_r1_avg,FD_r1_sd,FD_kr_avg,FD_kr_sd,FD_sk_avg,FD_sk_sd,IN_avg_avg,IN_avg_sd,IN_sd_avg,IN_sd_sd,IN_r1_avg,IN_r1_sd,IN_kr_avg,IN_kr_sd,IN_sk_avg,IN_sk_sd
369,0.5007655247,0.3034537955,0.0002266041,0.0001682924,0.3322034097,0.3153323682,1.7911951768,0.4915708320,-0.1560495381,0.4399302046,0.0000027316,0.0000211707,0.0000207051,0.0000141917,-0.3340729272,0.3421828434,2.0115721171,0.5264084459,0.1237526918,0.6129805892,0.5063000000,0.0301945359,0.0400417764,0.0130482237,-0.2340793034,0.3819291510,1.9965141197,0.5064795518,-0.1054990151,0.5961834664
