Instance,FV_avg_avg,FV_avg_sd,FV_sd_avg,FV_sd_sd,FV_r1_avg,FV_r1_sd,FV_kr_avg,FV_kr_sd,FV_sk_avg,FV_sk_sd,FD_avg_avg,FD_avg_sd,FD_sd_avg,FD_sd_sd,FD_r1_avg,FD_r1_sd,FD_kr_avg,FD_kr_sd,FD_sk_avg,FD_sk_sd,IN_avg_avg,IN_avg_sd,IN_sd_avg,IN_sd_sd,IN_r1_avg,IN_r1_sd,IN_kr_avg,IN_kr_sd,IN_sk_avg,IN_sk_sd
228,0.4610733761,0.2802337923,0.0168087010,0.0103805280,0.9773514180,0.0090030435,2.2201095979,0.1373478073,0.6529955447,0.0780143357,-0.0005968007,0.0003632541,0.0001999870,0.0001238362,0.9064040896,0.0372440568,3.9577784573,1.8557361211,1.0624064583,0.4857055558,0.1230553151,0.0210882256,0.1190606251,0.0194109182,0.8938465656,0.0457383158,4.6171768673,2.3156543627,1.3448008499,0.5024014407
