Instance,INF_avg,INF_sd,INF_r1,INF_kr,INF_sk,SUP_avg,SUP_sd,SUP_r1,SUP_kr,SUP_sk,INC_avg,INC_sd,INC_r1,INC_kr,INC_sk,IND_avg,IND_sd,IND_r1,IND_kr,IND_sk
53,0.2000000000,0.1264911064,0.0000000000,2.5000000000,0.0000000000,0.2800000000,0.1720465053,-0.0569105691,2.6519357195,1.0179522960,0.5200000000,0.1469693846,-0.4765100671,1.5781893004,-0.3477670622,0.3200000000,0.1166190379,-0.2686567164,1.6280276817,0.3631734744
