Instance,INF_avg,INF_sd,INF_r1,INF_kr,INF_sk,SUP_avg,SUP_sd,SUP_r1,SUP_kr,SUP_sk,INC_avg,INC_sd,INC_r1,INC_kr,INC_sk,IND_avg,IND_sd,IND_r1,IND_kr,IND_sk
193,0.2480000000,0.0466476152,-0.0000746046,1.8804471237,0.0676221443,0.2976000000,0.0453678300,0.0776881811,2.2102640511,-0.0184931159,0.4544000000,0.0494028339,0.2483027553,2.1630691661,-0.1746772851,0.0616000000,0.0161691063,-0.1315548516,2.9977580155,-0.7141775787
