Instance,INF_avg,INF_sd,INF_r1,INF_kr,INF_sk,SUP_avg,SUP_sd,SUP_r1,SUP_kr,SUP_sk,INC_avg,INC_sd,INC_r1,INC_kr,INC_sk,IND_avg,IND_sd,IND_r1,IND_kr,IND_sk
436,0.3200000000,0.0600000000,0.1479099678,2.7870370370,0.5833333333,0.1800000000,0.0812403840,0.4283536585,2.8195592287,0.3804646085,0.5000000000,0.0547722558,0.1818181818,2.5000000000,0.0000000000,0.2650000000,0.0593717104,-0.4474650992,1.4514863437,0.1218432567
