Instance,FV_avg_avg,FV_avg_sd,FV_sd_avg,FV_sd_sd,FV_r1_avg,FV_r1_sd,FV_kr_avg,FV_kr_sd,FV_sk_avg,FV_sk_sd,FD_avg_avg,FD_avg_sd,FD_sd_avg,FD_sd_sd,FD_r1_avg,FD_r1_sd,FD_kr_avg,FD_kr_sd,FD_sk_avg,FD_sk_sd,IN_avg_avg,IN_avg_sd,IN_sd_avg,IN_sd_sd,IN_r1_avg,IN_r1_sd,IN_kr_avg,IN_kr_sd,IN_sk_avg,IN_sk_sd
456,0.4946037408,0.3010813411,0.0015829408,0.0008901664,0.9189499688,0.0576540894,2.4172119122,0.5686950553,-0.1875329539,0.3763658295,-0.0000016857,0.0000355486,0.0001269297,0.0000789566,-0.0199739312,0.1198591154,2.8612785420,0.3106452716,-0.0469596489,0.2317697155,0.4983250000,0.0234495602,0.1103094058,0.0076090405,-0.0252555257,0.0913612884,2.8323454783,0.3310668552,-0.0398900249,0.1746022442
