Instance,INF_avg,INF_sd,INF_r1,INF_kr,INF_sk,SUP_avg,SUP_sd,SUP_r1,SUP_kr,SUP_sk,INC_avg,INC_sd,INC_r1,INC_kr,INC_sk,IND_avg,IND_sd,IND_r1,IND_kr,IND_sk
313,0.2620000000,0.0951630180,-0.0984830051,3.1673331778,0.3420251433,0.2245000000,0.0925999460,-0.0649164303,2.6851311905,0.2283310664,0.5135000000,0.1092828898,-0.1029503361,3.0564485060,0.1245908257,0.2245000000,0.0763200498,0.0654775792,2.4817098163,0.3563748893
