Instance,FV_avg_avg,FV_avg_sd,FV_sd_avg,FV_sd_sd,FV_r1_avg,FV_r1_sd,FV_kr_avg,FV_kr_sd,FV_sk_avg,FV_sk_sd,FD_avg_avg,FD_avg_sd,FD_sd_avg,FD_sd_sd,FD_r1_avg,FD_r1_sd,FD_kr_avg,FD_kr_sd,FD_sk_avg,FD_sk_sd,IN_avg_avg,IN_avg_sd,IN_sd_avg,IN_sd_sd,IN_r1_avg,IN_r1_sd,IN_kr_avg,IN_kr_sd,IN_sk_avg,IN_sk_sd
56,0.4987744033,0.3034135588,0.0001733482,0.0001157010,0.5052931255,0.3731711151,2.3225505688,0.7454702341,-0.2027667957,0.5013734819,0.0000061547,0.0000132848,0.0000453977,0.0000297608,-0.0631944625,0.3094091977,2.2455051282,0.5100145296,-0.1021201759,0.4614096133,0.5110000000,0.0482597140,0.1516798884,0.0322987842,-0.0550966833,0.3270945244,2.2463527037,0.5501616148,0.1725404606,0.4514335519
