Instance,INF_avg,INF_sd,INF_r1,INF_kr,INF_sk,SUP_avg,SUP_sd,SUP_r1,SUP_kr,SUP_sk,INC_avg,INC_sd,INC_r1,INC_kr,INC_sk,IND_avg,IND_sd,IND_r1,IND_kr,IND_sk
44,0.2520000000,0.1284367549,-0.1720153275,2.8750979575,0.3237921183,0.2560000000,0.1313925416,0.1807390069,3.4172709946,0.4778922213,0.4920000000,0.1411949008,-0.2172938559,2.5426159859,-0.2419387206,0.3520000000,0.1004788535,-0.2139400115,3.3636317972,-0.3505243545
