Instance,FV_avg_avg,FV_avg_sd,FV_sd_avg,FV_sd_sd,FV_r1_avg,FV_r1_sd,FV_kr_avg,FV_kr_sd,FV_sk_avg,FV_sk_sd,FD_avg_avg,FD_avg_sd,FD_sd_avg,FD_sd_sd,FD_r1_avg,FD_r1_sd,FD_kr_avg,FD_kr_sd,FD_sk_avg,FD_sk_sd,IN_avg_avg,IN_avg_sd,IN_sd_avg,IN_sd_sd,IN_r1_avg,IN_r1_sd,IN_kr_avg,IN_kr_sd,IN_sk_avg,IN_sk_sd
427,0.4993585292,0.3036347910,0.0004511212,0.0003190834,0.9401276227,0.0324827343,2.3013161568,0.3760007957,0.0669783836,0.3077914555,-0.0000004660,0.0000063134,0.0000098868,0.0000060056,0.0323196787,0.0858127341,2.8535587172,0.3356220306,0.0535202533,0.1870898341,0.4948850000,0.0193723650,0.0367502729,0.0025914657,-0.0092084056,0.1026383804,2.8830166023,0.4322901728,0.0391631284,0.2327783445
