Instance,INF_avg,INF_sd,INF_r1,INF_kr,INF_sk,SUP_avg,SUP_sd,SUP_r1,SUP_kr,SUP_sk,INC_avg,INC_sd,INC_r1,INC_kr,INC_sk,IND_avg,IND_sd,IND_r1,IND_kr,IND_sk
411,0.2520000000,0.0964157663,-0.0817307692,2.9984528722,0.5458288413,0.2160000000,0.1155162326,-0.1900249637,2.5665898936,0.3084060004,0.5320000000,0.1018626526,-0.2096836450,2.4684420901,0.0956887383,0.2560000000,0.0791454357,-0.1364228744,2.2617768383,-0.1976089536
