Instance,FV_avg_avg,FV_avg_sd,FV_sd_avg,FV_sd_sd,FV_r1_avg,FV_r1_sd,FV_kr_avg,FV_kr_sd,FV_sk_avg,FV_sk_sd,FD_avg_avg,FD_avg_sd,FD_sd_avg,FD_sd_sd,FD_r1_avg,FD_r1_sd,FD_kr_avg,FD_kr_sd,FD_sk_avg,FD_sk_sd,IN_avg_avg,IN_avg_sd,IN_sd_avg,IN_sd_sd,IN_r1_avg,IN_r1_sd,IN_kr_avg,IN_kr_sd,IN_sk_avg,IN_sk_sd
107,0.4919297089,0.2973876978,0.0015770714,0.0013819246,0.2184857886,0.3725001589,1.9081210833,0.4195711576,-0.0718359738,0.5329746149,-0.0000889652,0.0003441179,0.0005463940,0.0003706337,-0.3612731674,0.3588938353,1.9520179210,0.5336022180,0.0032808840,0.5827087748,0.4890000000,0.0725189630,0.1479400181,0.0378649054,-0.3451676793,0.3322785121,1.8680628030,0.4754108829,-0.1549821889,0.5014126666
