Instance,FV_avg_avg,FV_avg_sd,FV_sd_avg,FV_sd_sd,FV_r1_avg,FV_r1_sd,FV_kr_avg,FV_kr_sd,FV_sk_avg,FV_sk_sd,FD_avg_avg,FD_avg_sd,FD_sd_avg,FD_sd_sd,FD_r1_avg,FD_r1_sd,FD_kr_avg,FD_kr_sd,FD_sk_avg,FD_sk_sd,IN_avg_avg,IN_avg_sd,IN_sd_avg,IN_sd_sd,IN_r1_avg,IN_r1_sd,IN_kr_avg,IN_kr_sd,IN_sk_avg,IN_sk_sd
451,0.4940425218,0.3007352521,0.0009373696,0.0006557533,0.5527621683,0.3621136900,2.3406481330,0.6215444267,-0.1592394916,0.5055795395,0.0000285547,0.0001075028,0.0001687073,0.0001021689,-0.0219334769,0.2700265703,2.1556049674,0.4369541970,0.0734048978,0.4450138041,0.5065000000,0.0531060260,0.1038637157,0.0111726705,0.0143098271,0.2341512164,2.3931770102,0.5852429755,-0.1783934232,0.5331771910
