Instance,INF_avg,INF_sd,INF_r1,INF_kr,INF_sk,SUP_avg,SUP_sd,SUP_r1,SUP_kr,SUP_sk,INC_avg,INC_sd,INC_r1,INC_kr,INC_sk,IND_avg,IND_sd,IND_r1,IND_kr,IND_sk
282,0.3140625000,0.0953893133,0.2283880866,2.8992391147,0.3781211987,0.1656250000,0.0814300889,0.2718431207,3.0057478619,0.4011726651,0.5203125000,0.0983134139,-0.0629617449,2.7497130381,0.2387209169,0.2640625000,0.0652332055,-0.0537051430,2.7727995829,-0.2767938975
