Instance,INF_avg,INF_sd,INF_r1,INF_kr,INF_sk,SUP_avg,SUP_sd,SUP_r1,SUP_kr,SUP_sk,INC_avg,INC_sd,INC_r1,INC_kr,INC_sk,IND_avg,IND_sd,IND_r1,IND_kr,IND_sk
137,0.2140000000,0.0210713075,-0.4416352878,1.9899561724,0.7169990806,0.2810000000,0.0235372046,-0.0161090458,1.6245552529,0.0469339142,0.5050000000,0.0109544512,0.2666666667,1.5625000000,0.1141088661,0.0360000000,0.0066332496,-0.0730593607,2.2169421488,-0.3700366502
