Instance,INF_avg,INF_sd,INF_r1,INF_kr,INF_sk,SUP_avg,SUP_sd,SUP_r1,SUP_kr,SUP_sk,INC_avg,INC_sd,INC_r1,INC_kr,INC_sk,IND_avg,IND_sd,IND_r1,IND_kr,IND_sk
339,0.5221276596,0.1534280089,0.9381042733,2.2354250828,-0.4903445438,0.0810106383,0.0774582241,0.8988250864,4.4300819573,1.4189563905,0.3968617021,0.0864857141,0.8709417501,1.8894030358,0.0194281001,0.0427659574,0.0107093373,0.0381856435,2.8731746521,0.4400190542
