Instance,INF_avg,INF_sd,INF_r1,INF_kr,INF_sk,SUP_avg,SUP_sd,SUP_r1,SUP_kr,SUP_sk,INC_avg,INC_sd,INC_r1,INC_kr,INC_sk,IND_avg,IND_sd,IND_r1,IND_kr,IND_sk
320,0.2396000000,0.0398477101,-0.0050906995,2.7550823380,0.3727644302,0.2816000000,0.0503332892,-0.2024664576,2.4257502873,0.2625183926,0.4788000000,0.0523312526,-0.0887611711,2.2481468504,0.0972739005,0.0650000000,0.0168819430,0.0748560461,2.7580794090,0.3616445780
