Instance,INF_avg,INF_sd,INF_r1,INF_kr,INF_sk,SUP_avg,SUP_sd,SUP_r1,SUP_kr,SUP_sk,INC_avg,INC_sd,INC_r1,INC_kr,INC_sk,IND_avg,IND_sd,IND_r1,IND_kr,IND_sk
320,0.2200000000,0.0748331477,-0.1764705882,1.8469387755,-0.3436215967,0.3000000000,0.1264911064,0.4285714286,1.5625000000,-0.5929270613,0.4800000000,0.1166190379,0.0828402367,1.6280276817,-0.3631734744,0.3400000000,0.1356465997,-0.2154696133,1.2296786389,0.2115471545
