Instance,FV_avg_avg,FV_avg_sd,FV_sd_avg,FV_sd_sd,FV_r1_avg,FV_r1_sd,FV_kr_avg,FV_kr_sd,FV_sk_avg,FV_sk_sd,FD_avg_avg,FD_avg_sd,FD_sd_avg,FD_sd_sd,FD_r1_avg,FD_r1_sd,FD_kr_avg,FD_kr_sd,FD_sk_avg,FD_sk_sd,IN_avg_avg,IN_avg_sd,IN_sd_avg,IN_sd_sd,IN_r1_avg,IN_r1_sd,IN_kr_avg,IN_kr_sd,IN_sk_avg,IN_sk_sd
310,0.4990308843,0.3036193493,0.0012936142,0.0010367859,0.8685212448,0.1020715588,2.3878627799,0.6197831947,-0.1841173084,0.4862155623,0.0000132439,0.0000355702,0.0000554028,0.0000332129,0.0101063046,0.1802080897,2.9751458243,0.5361511215,0.0588385745,0.3343638326,0.5072000000,0.0230919033,0.0517810331,0.0040556889,-0.0481404383,0.1690681967,3.0298222986,0.7196262836,-0.1529394396,0.3257157884
