Instance,INF_avg,INF_sd,INF_r1,INF_kr,INF_sk,SUP_avg,SUP_sd,SUP_r1,SUP_kr,SUP_sk,INC_avg,INC_sd,INC_r1,INC_kr,INC_sk,IND_avg,IND_sd,IND_r1,IND_kr,IND_sk
97,0.4030769231,0.1118489636,0.5982487387,2.3368408553,-0.1320999830,0.1189743590,0.0630748384,0.4801369576,3.1637162807,0.5735841543,0.4779487179,0.0800164349,0.2769731964,2.5926131283,0.1489950826,0.1155555556,0.0344044433,0.0424812030,3.1848758571,0.4568641630
