Instance,INF_avg,INF_sd,INF_r1,INF_kr,INF_sk,SUP_avg,SUP_sd,SUP_r1,SUP_kr,SUP_sk,INC_avg,INC_sd,INC_r1,INC_kr,INC_sk,IND_avg,IND_sd,IND_r1,IND_kr,IND_sk
174,0.4210666667,0.1000209756,0.4369649757,2.7168212876,-0.2387976736,0.1552000000,0.0830639914,0.4950474372,2.3186757630,0.3555775113,0.4237333333,0.0770588231,0.0384226457,3.2712783801,0.3403447979,0.1080000000,0.0284722087,-0.0425588865,2.8010734072,0.0499101650
