Instance,FV_avg_avg,FV_avg_sd,FV_sd_avg,FV_sd_sd,FV_r1_avg,FV_r1_sd,FV_kr_avg,FV_kr_sd,FV_sk_avg,FV_sk_sd,FD_avg_avg,FD_avg_sd,FD_sd_avg,FD_sd_sd,FD_r1_avg,FD_r1_sd,FD_kr_avg,FD_kr_sd,FD_sk_avg,FD_sk_sd,IN_avg_avg,IN_avg_sd,IN_sd_avg,IN_sd_sd,IN_r1_avg,IN_r1_sd,IN_kr_avg,IN_kr_sd,IN_sk_avg,IN_sk_sd
430,0.4937560298,0.2986327030,0.0028102935,0.0024050102,0.9331546988,0.0417921906,2.2765542042,0.4191298524,0.0296587340,0.3855654400,0.0000145862,0.0000705637,0.0001258592,0.0000794038,0.0995685975,0.1368743291,2.9937518907,0.4461282365,0.0222908979,0.2966879460,0.5071300000,0.0251318344,0.0734974873,0.0055743479,0.0688708338,0.1165793229,2.9013700379,0.4094308933,-0.0820460041,0.2641395986
