Instance,FV_avg_avg,FV_avg_sd,FV_sd_avg,FV_sd_sd,FV_r1_avg,FV_r1_sd,FV_kr_avg,FV_kr_sd,FV_sk_avg,FV_sk_sd,FD_avg_avg,FD_avg_sd,FD_sd_avg,FD_sd_sd,FD_r1_avg,FD_r1_sd,FD_kr_avg,FD_kr_sd,FD_sk_avg,FD_sk_sd,IN_avg_avg,IN_avg_sd,IN_sd_avg,IN_sd_sd,IN_r1_avg,IN_r1_sd,IN_kr_avg,IN_kr_sd,IN_sk_avg,IN_sk_sd
213,0.4468233649,0.2744042565,0.0227408139,0.0132813627,0.9830075521,0.0041298262,2.2755683807,0.1985344784,0.7166468453,0.1637132230,-0.0005125757,0.0003034660,0.0002243827,0.0001312170,0.9591687959,0.0247065138,2.3405886321,0.1906312345,0.7301932040,0.1432316327,0.1623890256,0.0397843359,0.1435771102,0.0149177628,0.9470230983,0.0304691406,2.6352119803,0.3411289818,0.9063278579,0.1911830396
