Instance,FV_avg_avg,FV_avg_sd,FV_sd_avg,FV_sd_sd,FV_r1_avg,FV_r1_sd,FV_kr_avg,FV_kr_sd,FV_sk_avg,FV_sk_sd,FD_avg_avg,FD_avg_sd,FD_sd_avg,FD_sd_sd,FD_r1_avg,FD_r1_sd,FD_kr_avg,FD_kr_sd,FD_sk_avg,FD_sk_sd,IN_avg_avg,IN_avg_sd,IN_sd_avg,IN_sd_sd,IN_r1_avg,IN_r1_sd,IN_kr_avg,IN_kr_sd,IN_sk_avg,IN_sk_sd
204,0.4979126899,0.3025127546,0.0003501376,0.0003292627,0.8930867351,0.0755411136,2.1901151116,0.4081315183,0.0333829390,0.3833021858,-0.0000013077,0.0000046267,0.0000182489,0.0000110506,0.0553470079,0.1540685145,2.7492056034,0.4968465074,-0.0579889945,0.2766256530,0.4959800000,0.0157999873,0.0738258244,0.0053988567,0.0167372429,0.1199918076,2.8611468703,0.6398225583,-0.0121597348,0.2996107376
