Instance,FV_avg_avg,FV_avg_sd,FV_sd_avg,FV_sd_sd,FV_r1_avg,FV_r1_sd,FV_kr_avg,FV_kr_sd,FV_sk_avg,FV_sk_sd,FD_avg_avg,FD_avg_sd,FD_sd_avg,FD_sd_sd,FD_r1_avg,FD_r1_sd,FD_kr_avg,FD_kr_sd,FD_sk_avg,FD_sk_sd,IN_avg_avg,IN_avg_sd,IN_sd_avg,IN_sd_sd,IN_r1_avg,IN_r1_sd,IN_kr_avg,IN_kr_sd,IN_sk_avg,IN_sk_sd
440,0.4997653050,0.3041194243,0.0004487810,0.0003247781,0.4026586374,0.3075705766,2.4848716941,0.5930413013,0.0977188482,0.6550139652,0.0000016992,0.0000370274,0.0000421500,0.0000295032,-0.0240528364,0.2646772313,2.0570242200,0.4955042500,-0.0512747475,0.4302701215,0.4956000000,0.0272789296,0.0496486924,0.0123493862,-0.1006519942,0.2487898419,2.2615818583,0.4575986394,-0.1467195470,0.4603321615
