Instance,FV_avg_avg,FV_avg_sd,FV_sd_avg,FV_sd_sd,FV_r1_avg,FV_r1_sd,FV_kr_avg,FV_kr_sd,FV_sk_avg,FV_sk_sd,FD_avg_avg,FD_avg_sd,FD_sd_avg,FD_sd_sd,FD_r1_avg,FD_r1_sd,FD_kr_avg,FD_kr_sd,FD_sk_avg,FD_sk_sd,IN_avg_avg,IN_avg_sd,IN_sd_avg,IN_sd_sd,IN_r1_avg,IN_r1_sd,IN_kr_avg,IN_kr_sd,IN_sk_avg,IN_sk_sd
289,0.4962968987,0.3025512850,0.0012837365,0.0009842339,0.5562885951,0.3797829287,2.1622466639,0.5714409357,-0.1433218521,0.4371590640,-0.0000537077,0.0001154767,0.0003061785,0.0002183770,-0.0464366111,0.2192174376,2.4377828246,0.6151314652,0.1077528244,0.5701620808,0.4900000000,0.0428952212,0.1583177781,0.0345757305,-0.0315617996,0.2564796115,2.5803377631,0.7725128010,0.0865142422,0.6877051257
