Instance,FV_avg_avg,FV_avg_sd,FV_sd_avg,FV_sd_sd,FV_r1_avg,FV_r1_sd,FV_kr_avg,FV_kr_sd,FV_sk_avg,FV_sk_sd,FD_avg_avg,FD_avg_sd,FD_sd_avg,FD_sd_sd,FD_r1_avg,FD_r1_sd,FD_kr_avg,FD_kr_sd,FD_sk_avg,FD_sk_sd,IN_avg_avg,IN_avg_sd,IN_sd_avg,IN_sd_sd,IN_r1_avg,IN_r1_sd,IN_kr_avg,IN_kr_sd,IN_sk_avg,IN_sk_sd
315,0.4975692784,0.3019411528,0.0002792096,0.0001917102,0.1181206199,0.5055392971,1.8426467201,0.5179922896,-0.2067341375,0.5006121643,-0.0000091648,0.0000536184,0.0000845135,0.0000783592,-0.3256748390,0.4693095711,2.1983304070,0.3664959182,-0.1630626146,0.6635811936,0.5020000000,0.0614491660,0.0973703060,0.0314487442,-0.3316287084,0.4568393473,2.0204445703,0.5415330191,-0.2762602760,0.5989747028
