Instance,INF_avg,INF_sd,INF_r1,INF_kr,INF_sk,SUP_avg,SUP_sd,SUP_r1,SUP_kr,SUP_sk,INC_avg,INC_sd,INC_r1,INC_kr,INC_sk,IND_avg,IND_sd,IND_r1,IND_kr,IND_sk
48,0.2756000000,0.0732300485,0.5117762336,2.5096615953,0.2636881787,0.3394000000,0.0619486884,0.2903681967,2.8006729960,-0.2934844010,0.3850000000,0.0614735716,0.4612853401,2.4625948150,-0.0995658246,0.0486000000,0.0146301059,0.2197858044,2.5610268653,0.6072986749
