Instance,FV_avg_avg,FV_avg_sd,FV_sd_avg,FV_sd_sd,FV_r1_avg,FV_r1_sd,FV_kr_avg,FV_kr_sd,FV_sk_avg,FV_sk_sd,FD_avg_avg,FD_avg_sd,FD_sd_avg,FD_sd_sd,FD_r1_avg,FD_r1_sd,FD_kr_avg,FD_kr_sd,FD_sk_avg,FD_sk_sd,IN_avg_avg,IN_avg_sd,IN_sd_avg,IN_sd_sd,IN_r1_avg,IN_r1_sd,IN_kr_avg,IN_kr_sd,IN_sk_avg,IN_sk_sd
145,0.4642705067,0.2854489502,0.0181478437,0.0113876305,0.9939202370,0.0016211299,2.0619725965,0.0893006593,0.5016023123,0.1318647498,-0.0001546846,0.0000954038,0.0000734396,0.0000450215,0.9274207368,0.0820325266,2.1391426740,0.1053059079,0.4891526001,0.1024248932,0.2038180263,0.0484172614,0.1372440466,0.0188961740,0.8975729127,0.1132560102,2.3323377489,0.1526900702,0.6477633621,0.1914079276
