Instance,FV_avg_avg,FV_avg_sd,FV_sd_avg,FV_sd_sd,FV_r1_avg,FV_r1_sd,FV_kr_avg,FV_kr_sd,FV_sk_avg,FV_sk_sd,FD_avg_avg,FD_avg_sd,FD_sd_avg,FD_sd_sd,FD_r1_avg,FD_r1_sd,FD_kr_avg,FD_kr_sd,FD_sk_avg,FD_sk_sd,IN_avg_avg,IN_avg_sd,IN_sd_avg,IN_sd_sd,IN_r1_avg,IN_r1_sd,IN_kr_avg,IN_kr_sd,IN_sk_avg,IN_sk_sd
252,0.4971878273,0.3026044612,0.0002727913,0.0001883950,0.8115685938,0.1302156450,2.5731518177,0.6763688362,-0.0284579289,0.4339939607,0.0000015133,0.0000084479,0.0000125126,0.0000070360,0.0489068186,0.2050605880,2.3965321027,0.3854639240,-0.0871055482,0.2602103017,0.5019600000,0.0235439674,0.0473636165,0.0071643448,-0.0128547286,0.2227907205,2.8424143081,0.6990063656,-0.0064977030,0.4328032862
