Instance,FV_avg_avg,FV_avg_sd,FV_sd_avg,FV_sd_sd,FV_r1_avg,FV_r1_sd,FV_kr_avg,FV_kr_sd,FV_sk_avg,FV_sk_sd,FD_avg_avg,FD_avg_sd,FD_sd_avg,FD_sd_sd,FD_r1_avg,FD_r1_sd,FD_kr_avg,FD_kr_sd,FD_sk_avg,FD_sk_sd,IN_avg_avg,IN_avg_sd,IN_sd_avg,IN_sd_sd,IN_r1_avg,IN_r1_sd,IN_kr_avg,IN_kr_sd,IN_sk_avg,IN_sk_sd
312,0.4985273591,0.3032902869,0.0005196598,0.0004134350,0.8842757413,0.1127722784,2.1261212675,0.3736963793,-0.0493243890,0.3216470566,-0.0000000983,0.0000119828,0.0000571117,0.0000351285,-0.0780033742,0.1437822730,2.8558988539,0.6749276287,-0.0024813929,0.2716722825,0.5037000000,0.0262013358,0.1498473587,0.0166002736,-0.0419785007,0.1648256302,2.7749493151,0.3380081836,-0.0469996353,0.2796773482
