Instance,INF_avg,INF_sd,INF_r1,INF_kr,INF_sk,SUP_avg,SUP_sd,SUP_r1,SUP_kr,SUP_sk,INC_avg,INC_sd,INC_r1,INC_kr,INC_sk,IND_avg,IND_sd,IND_r1,IND_kr,IND_sk
296,0.5835443038,0.0940110144,0.3641421037,6.5752626251,-0.9333979226,0.1002531646,0.0471457391,0.4106436012,4.9730211564,0.8313814516,0.3162025316,0.0712333267,0.1360070470,3.8831544238,0.4786294548,0.1103797468,0.0358422365,0.1390347862,3.8971913855,0.8597410580
