Instance,FV_avg_avg,FV_avg_sd,FV_sd_avg,FV_sd_sd,FV_r1_avg,FV_r1_sd,FV_kr_avg,FV_kr_sd,FV_sk_avg,FV_sk_sd,FD_avg_avg,FD_avg_sd,FD_sd_avg,FD_sd_sd,FD_r1_avg,FD_r1_sd,FD_kr_avg,FD_kr_sd,FD_sk_avg,FD_sk_sd,IN_avg_avg,IN_avg_sd,IN_sd_avg,IN_sd_sd,IN_r1_avg,IN_r1_sd,IN_kr_avg,IN_kr_sd,IN_sk_avg,IN_sk_sd
452,0.4900811899,0.2981221554,0.0010709378,0.0009271416,0.9347374593,0.0546328414,2.6384501073,0.7778514109,0.1570320174,0.5625121615,-0.0000019598,0.0000169875,0.0000657067,0.0000409044,0.0188944902,0.1003743283,3.1168854126,0.5261953632,-0.0366994565,0.2625335622,0.5006000000,0.0235263682,0.1123644760,0.0097659892,0.0243818277,0.0895434539,2.8297677882,0.4305375246,-0.0388019719,0.2280436506
