Instance,INF_avg,INF_sd,INF_r1,INF_kr,INF_sk,SUP_avg,SUP_sd,SUP_r1,SUP_kr,SUP_sk,INC_avg,INC_sd,INC_r1,INC_kr,INC_sk,IND_avg,IND_sd,IND_r1,IND_kr,IND_sk
92,0.2000000000,0.0707106781,-0.5000000000,2.0000000000,-0.0000000000,0.1750000000,0.1089724736,-0.0370370370,2.0969529086,-0.6520236647,0.6250000000,0.1299038106,0.5254237288,1.2798353909,0.2138334330,0.4000000000,0.0707106781,-1.0000000000,2.0000000000,-0.0000000000
