Instance,INF_avg,INF_sd,INF_r1,INF_kr,INF_sk,SUP_avg,SUP_sd,SUP_r1,SUP_kr,SUP_sk,INC_avg,INC_sd,INC_r1,INC_kr,INC_sk,IND_avg,IND_sd,IND_r1,IND_kr,IND_sk
267,0.2722000000,0.0450350974,0.3157297375,2.3221919688,0.0188146094,0.2231000000,0.0431959489,0.3819279581,2.4645533982,-0.0935505202,0.5047000000,0.0406006158,-0.0104410960,3.0447492259,-0.2186564742,0.0385000000,0.0084409715,0.0931881670,3.9021606648,0.4264911920
