Instance,INF_avg,INF_sd,INF_r1,INF_kr,INF_sk,SUP_avg,SUP_sd,SUP_r1,SUP_kr,SUP_sk,INC_avg,INC_sd,INC_r1,INC_kr,INC_sk,IND_avg,IND_sd,IND_r1,IND_kr,IND_sk
317,0.2000000000,0.0547722558,0.0833333333,2.5000000000,-0.0000000000,0.2450000000,0.0878919792,-0.0488831337,3.4065101957,0.9256729008,0.5550000000,0.0722841615,0.0330301580,2.4783544333,0.6195643428,0.2400000000,0.0300000000,-0.4189189189,2.5555555556,0.1111111111
