Instance,FV_avg_avg,FV_avg_sd,FV_sd_avg,FV_sd_sd,FV_r1_avg,FV_r1_sd,FV_kr_avg,FV_kr_sd,FV_sk_avg,FV_sk_sd,FD_avg_avg,FD_avg_sd,FD_sd_avg,FD_sd_sd,FD_r1_avg,FD_r1_sd,FD_kr_avg,FD_kr_sd,FD_sk_avg,FD_sk_sd,IN_avg_avg,IN_avg_sd,IN_sd_avg,IN_sd_sd,IN_r1_avg,IN_r1_sd,IN_kr_avg,IN_kr_sd,IN_sk_avg,IN_sk_sd
232,0.4982717697,0.3030574497,0.0007868849,0.0005057120,0.9498951396,0.0401745195,2.2625118372,0.5069830615,-0.1511103775,0.4359881454,0.0000012845,0.0000132062,0.0000305433,0.0000180065,0.0119981868,0.1070848311,2.9533721673,0.4539424160,0.1113327312,0.2985314922,0.4993600000,0.0209452238,0.0697826752,0.0041552661,0.0447308448,0.1114882680,2.8934747106,0.3603320972,0.0424693506,0.1981864691
