Instance,INF_avg,INF_sd,INF_r1,INF_kr,INF_sk,SUP_avg,SUP_sd,SUP_r1,SUP_kr,SUP_sk,INC_avg,INC_sd,INC_r1,INC_kr,INC_sk,IND_avg,IND_sd,IND_r1,IND_kr,IND_sk
367,0.2960000000,0.0989141042,0.0910740502,2.3763499270,0.5760343647,0.2300000000,0.1131370850,0.1151147959,2.2058105469,0.4598956214,0.4740000000,0.1175755077,0.1784037559,2.5339797534,-0.0856128323,0.2200000000,0.0800000000,0.1266209001,2.8281250000,0.2109375000
