Instance,INF_avg,INF_sd,INF_r1,INF_kr,INF_sk,SUP_avg,SUP_sd,SUP_r1,SUP_kr,SUP_sk,INC_avg,INC_sd,INC_r1,INC_kr,INC_sk,IND_avg,IND_sd,IND_r1,IND_kr,IND_sk
135,0.2120000000,0.0840000000,0.0513224692,2.6134982338,0.3783608682,0.3020000000,0.1144377560,0.2844466261,2.4441492905,0.2711832102,0.4860000000,0.1153429668,0.3112066259,2.1168267724,0.0303103995,0.2440000000,0.0588557559,-0.2194151054,2.1419683288,-0.0609781405
