Instance,INF_avg,INF_sd,INF_r1,INF_kr,INF_sk,SUP_avg,SUP_sd,SUP_r1,SUP_kr,SUP_sk,INC_avg,INC_sd,INC_r1,INC_kr,INC_sk,IND_avg,IND_sd,IND_r1,IND_kr,IND_sk
461,0.2590000000,0.0308868904,-0.0094732201,2.6465659323,0.1309301487,0.2654500000,0.0318755000,-0.0633125639,2.8254710071,-0.0186187309,0.4755500000,0.0376224335,-0.1427696881,2.6050632036,0.0390703187,0.0372000000,0.0106611444,0.0515933232,3.2018544802,0.3211862099
