Instance,INF_avg,INF_sd,INF_r1,INF_kr,INF_sk,SUP_avg,SUP_sd,SUP_r1,SUP_kr,SUP_sk,INC_avg,INC_sd,INC_r1,INC_kr,INC_sk,IND_avg,IND_sd,IND_r1,IND_kr,IND_sk
25,0.2330000000,0.0629523629,0.0409173834,2.9627068934,0.3179650948,0.2386000000,0.0602166090,-0.0404349662,2.5861868145,0.1045676144,0.5284000000,0.0676567809,-0.0038615600,2.7036600736,-0.2100912912,0.1166000000,0.0298067107,-0.0994632141,2.9096319712,0.1110735754
