Instance,FV_avg_avg,FV_avg_sd,FV_sd_avg,FV_sd_sd,FV_r1_avg,FV_r1_sd,FV_kr_avg,FV_kr_sd,FV_sk_avg,FV_sk_sd,FD_avg_avg,FD_avg_sd,FD_sd_avg,FD_sd_sd,FD_r1_avg,FD_r1_sd,FD_kr_avg,FD_kr_sd,FD_sk_avg,FD_sk_sd,IN_avg_avg,IN_avg_sd,IN_sd_avg,IN_sd_sd,IN_r1_avg,IN_r1_sd,IN_kr_avg,IN_kr_sd,IN_sk_avg,IN_sk_sd
187,0.4874629027,0.2979564271,0.0056736664,0.0036151648,0.9962635857,0.0038646499,1.7979867164,0.0445898418,0.0981567285,0.0539147187,-0.0000183337,0.0000143308,0.0000377312,0.0000244862,0.0973227744,0.1262407641,2.9537979445,0.4440760301,-0.0337453389,0.2053433419,0.4274234385,0.0384156925,0.1577223604,0.0107082889,0.0492380358,0.1087227187,2.9334380692,0.4059874399,-0.0037495309,0.2653583230
