Instance,INF_avg,INF_sd,INF_r1,INF_kr,INF_sk,SUP_avg,SUP_sd,SUP_r1,SUP_kr,SUP_sk,INC_avg,INC_sd,INC_r1,INC_kr,INC_sk,IND_avg,IND_sd,IND_r1,IND_kr,IND_sk
496,0.2686000000,0.0457388238,0.2061472577,3.3839390827,-0.5310068206,0.2771000000,0.0524460675,0.2749152967,2.5551649000,-0.0110599211,0.4543000000,0.0459402873,0.1487851098,3.0259042882,-0.1509434101,0.0641000000,0.0195496803,-0.1289528011,3.2961050280,0.1633019600
