Instance,FV_avg_avg,FV_avg_sd,FV_sd_avg,FV_sd_sd,FV_r1_avg,FV_r1_sd,FV_kr_avg,FV_kr_sd,FV_sk_avg,FV_sk_sd,FD_avg_avg,FD_avg_sd,FD_sd_avg,FD_sd_sd,FD_r1_avg,FD_r1_sd,FD_kr_avg,FD_kr_sd,FD_sk_avg,FD_sk_sd,IN_avg_avg,IN_avg_sd,IN_sd_avg,IN_sd_sd,IN_r1_avg,IN_r1_sd,IN_kr_avg,IN_kr_sd,IN_sk_avg,IN_sk_sd
472,0.4970569075,0.3024441775,0.0003817232,0.0002310692,0.9071123194,0.0549587634,2.1590794985,0.4184121638,-0.1586484993,0.3688212528,-0.0000001022,0.0000079703,0.0000112187,0.0000070361,0.0174817947,0.1194877686,2.9523623000,0.5885159558,0.1090941348,0.3767270843,0.4976200000,0.0194379680,0.0350007953,0.0028452292,0.0449443217,0.0921913187,2.9606187278,0.4709528625,-0.0371293685,0.2803378096
