Instance,INF_avg,INF_sd,INF_r1,INF_kr,INF_sk,SUP_avg,SUP_sd,SUP_r1,SUP_kr,SUP_sk,INC_avg,INC_sd,INC_r1,INC_kr,INC_sk,IND_avg,IND_sd,IND_r1,IND_kr,IND_sk
500,0.2340000000,0.0293938769,0.0985838780,2.1665380658,-0.5131454207,0.2170000000,0.0542309875,-0.3495827359,1.5065940951,-0.0088028757,0.5490000000,0.0618789140,-0.6088972727,2.2994490712,0.3722043495,0.0650000000,0.0185741756,-0.1627906977,3.9035916824,1.1235796217
