Instance,INF_avg,INF_sd,INF_r1,INF_kr,INF_sk,SUP_avg,SUP_sd,SUP_r1,SUP_kr,SUP_sk,INC_avg,INC_sd,INC_r1,INC_kr,INC_sk,IND_avg,IND_sd,IND_r1,IND_kr,IND_sk
260,0.2764000000,0.0281964537,0.2631166256,3.3431487134,-0.0230586111,0.1946000000,0.0278179798,-0.0656915922,2.4563783161,0.0621866866,0.5290000000,0.0293257566,0.0073604580,2.7007409410,0.5581251350,0.0400000000,0.0080000000,-0.1875000000,3.0273437500,-0.5859375000
