Instance,FV_avg_avg,FV_avg_sd,FV_sd_avg,FV_sd_sd,FV_r1_avg,FV_r1_sd,FV_kr_avg,FV_kr_sd,FV_sk_avg,FV_sk_sd,FD_avg_avg,FD_avg_sd,FD_sd_avg,FD_sd_sd,FD_r1_avg,FD_r1_sd,FD_kr_avg,FD_kr_sd,FD_sk_avg,FD_sk_sd,IN_avg_avg,IN_avg_sd,IN_sd_avg,IN_sd_sd,IN_r1_avg,IN_r1_sd,IN_kr_avg,IN_kr_sd,IN_sk_avg,IN_sk_sd
294,0.4948406042,0.3000923826,0.0011438687,0.0008922098,0.8159229362,0.0935081793,2.3332034049,0.5390063571,0.0638916939,0.5221900122,0.0000005878,0.0000360949,0.0001748274,0.0001080945,-0.0467169809,0.2106123114,2.8043529702,0.5351314410,-0.1392894589,0.3207266742,0.4960000000,0.0427083130,0.1635206496,0.0184661087,-0.0273013849,0.1740471506,2.5373447346,0.5319306103,-0.0947089525,0.3540584798
