Instance,FV_avg_avg,FV_avg_sd,FV_sd_avg,FV_sd_sd,FV_r1_avg,FV_r1_sd,FV_kr_avg,FV_kr_sd,FV_sk_avg,FV_sk_sd,FD_avg_avg,FD_avg_sd,FD_sd_avg,FD_sd_sd,FD_r1_avg,FD_r1_sd,FD_kr_avg,FD_kr_sd,FD_sk_avg,FD_sk_sd,IN_avg_avg,IN_avg_sd,IN_sd_avg,IN_sd_sd,IN_r1_avg,IN_r1_sd,IN_kr_avg,IN_kr_sd,IN_sk_avg,IN_sk_sd
382,0.4910420666,0.2980673348,0.0018441604,0.0012000555,0.9291745631,0.0653770736,2.5757038025,0.7456998287,0.0040137727,0.4614105131,0.0000031573,0.0000448721,0.0000694789,0.0000423546,0.1494446325,0.1982702387,2.8216491676,0.4212811750,0.0245423475,0.1986293608,0.5045500000,0.0201728902,0.0548904101,0.0063792535,0.1239351865,0.1608758225,2.9369948268,0.4059785794,0.0143926500,0.1937774479
