Instance,FV_avg_avg,FV_avg_sd,FV_sd_avg,FV_sd_sd,FV_r1_avg,FV_r1_sd,FV_kr_avg,FV_kr_sd,FV_sk_avg,FV_sk_sd,FD_avg_avg,FD_avg_sd,FD_sd_avg,FD_sd_sd,FD_r1_avg,FD_r1_sd,FD_kr_avg,FD_kr_sd,FD_sk_avg,FD_sk_sd,IN_avg_avg,IN_avg_sd,IN_sd_avg,IN_sd_sd,IN_r1_avg,IN_r1_sd,IN_kr_avg,IN_kr_sd,IN_sk_avg,IN_sk_sd
258,0.4904713503,0.2980208956,0.0015598011,0.0014539157,0.9362128337,0.0471447553,2.5128099242,0.7171953612,0.0975349274,0.4972311731,0.0000036216,0.0000286419,0.0000955511,0.0000588644,-0.0006285837,0.0862629409,2.8205026034,0.3611737854,-0.0139281736,0.1489664321,0.5015500000,0.0211304875,0.1133164185,0.0079365803,0.0244277586,0.1018470458,2.7632958317,0.3019168939,0.0087830520,0.2202176014
