Instance,FV_avg_avg,FV_avg_sd,FV_sd_avg,FV_sd_sd,FV_r1_avg,FV_r1_sd,FV_kr_avg,FV_kr_sd,FV_sk_avg,FV_sk_sd,FD_avg_avg,FD_avg_sd,FD_sd_avg,FD_sd_sd,FD_r1_avg,FD_r1_sd,FD_kr_avg,FD_kr_sd,FD_sk_avg,FD_sk_sd,IN_avg_avg,IN_avg_sd,IN_sd_avg,IN_sd_sd,IN_r1_avg,IN_r1_sd,IN_kr_avg,IN_kr_sd,IN_sk_avg,IN_sk_sd
182,0.4930793545,0.3008923830,0.0006283824,0.0005540781,0.7684601186,0.2105189746,2.3976371398,0.6146721898,0.0690412936,0.3949930548,0.0000145402,0.0000326896,0.0000345539,0.0000221150,0.0268061172,0.1805024942,2.9166187406,0.8173775332,-0.0649085044,0.4296697596,0.5098400000,0.0257263756,0.0477337784,0.0072673513,-0.0410314818,0.2198315925,2.8123406201,0.9168639733,-0.0523215724,0.4351513018
