Instance,INF_avg,INF_sd,INF_r1,INF_kr,INF_sk,SUP_avg,SUP_sd,SUP_r1,SUP_kr,SUP_sk,INC_avg,INC_sd,INC_r1,INC_kr,INC_sk,IND_avg,IND_sd,IND_r1,IND_kr,IND_sk
75,0.2590000000,0.0906587006,-0.1589576940,3.5148367788,0.4963711667,0.2235000000,0.0944603091,0.0705469632,3.3046401707,0.1889055679,0.5175000000,0.1044928227,-0.0164008557,2.8570888880,-0.2124087682,0.2345000000,0.0658388183,-0.2273369115,2.9811884358,0.1630714614
