Instance,INF_avg,INF_sd,INF_r1,INF_kr,INF_sk,SUP_avg,SUP_sd,SUP_r1,SUP_kr,SUP_sk,INC_avg,INC_sd,INC_r1,INC_kr,INC_sk,IND_avg,IND_sd,IND_r1,IND_kr,IND_sk
350,0.2416000000,0.0685670475,0.0607469010,1.7430712518,0.0332202003,0.2816000000,0.0676272135,0.0294648022,2.9006048254,-0.1185836148,0.4768000000,0.0725931126,-0.0208088425,2.5177081715,0.5505774679,0.1304000000,0.0330430023,0.1107789365,2.7701835739,0.0446184005
