Instance,INF_avg,INF_sd,INF_r1,INF_kr,INF_sk,SUP_avg,SUP_sd,SUP_r1,SUP_kr,SUP_sk,INC_avg,INC_sd,INC_r1,INC_kr,INC_sk,IND_avg,IND_sd,IND_r1,IND_kr,IND_sk
21,0.4852209945,0.1411611508,0.9340130633,1.8652662849,-0.2351991258,0.0983149171,0.0797098000,0.9350961064,2.6369902032,0.8508427742,0.4164640884,0.0718841539,0.7910666908,2.0927449896,-0.1873908624,0.0435082873,0.0106156451,0.1401354743,3.5107621107,0.6564049781
