Instance,INF_avg,INF_sd,INF_r1,INF_kr,INF_sk,SUP_avg,SUP_sd,SUP_r1,SUP_kr,SUP_sk,INC_avg,INC_sd,INC_r1,INC_kr,INC_sk,IND_avg,IND_sd,IND_r1,IND_kr,IND_sk
3,0.2923076923,0.1591396990,-0.5621509824,2.0113983754,0.2405547572,0.2769230769,0.1624516314,-0.1781430475,2.4051861087,0.2675458709,0.4307692308,0.1726918794,-0.4524802967,2.0297619048,-0.3011991774,0.3538461538,0.0929465075,-0.2706766917,2.1534058923,-0.1122369630
