Instance,FV_avg_avg,FV_avg_sd,FV_sd_avg,FV_sd_sd,FV_r1_avg,FV_r1_sd,FV_kr_avg,FV_kr_sd,FV_sk_avg,FV_sk_sd,FD_avg_avg,FD_avg_sd,FD_sd_avg,FD_sd_sd,FD_r1_avg,FD_r1_sd,FD_kr_avg,FD_kr_sd,FD_sk_avg,FD_sk_sd,IN_avg_avg,IN_avg_sd,IN_sd_avg,IN_sd_sd,IN_r1_avg,IN_r1_sd,IN_kr_avg,IN_kr_sd,IN_sk_avg,IN_sk_sd
282,0.5024390239,0.3052207636,0.0008529874,0.0007001885,0.7967626744,0.1849860629,2.5949977808,0.8165826979,-0.0468762969,0.5269693888,-0.0000058512,0.0000427722,0.0000351467,0.0000216898,-0.0029121372,0.2450159010,2.5978721889,0.3586457614,-0.0837900143,0.4050013604,0.4998500000,0.0303235799,0.0359189698,0.0061347866,-0.0182459646,0.2177635047,2.6245747967,0.7308128399,-0.0703114051,0.3303498788
