Instance,FV_avg_avg,FV_avg_sd,FV_sd_avg,FV_sd_sd,FV_r1_avg,FV_r1_sd,FV_kr_avg,FV_kr_sd,FV_sk_avg,FV_sk_sd,FD_avg_avg,FD_avg_sd,FD_sd_avg,FD_sd_sd,FD_r1_avg,FD_r1_sd,FD_kr_avg,FD_kr_sd,FD_sk_avg,FD_sk_sd,IN_avg_avg,IN_avg_sd,IN_sd_avg,IN_sd_sd,IN_r1_avg,IN_r1_sd,IN_kr_avg,IN_kr_sd,IN_sk_avg,IN_sk_sd
311,0.4872764628,0.2960178232,0.0016929980,0.0011848462,0.7836863243,0.1705068692,2.2119996468,0.5455258666,-0.0833721303,0.3657113015,-0.0000085878,0.0001363124,0.0001361848,0.0000874364,0.0360648108,0.1672034034,2.6196511889,0.5064954494,0.1027926929,0.3327184765,0.4978000000,0.0412693591,0.0725481380,0.0088072513,-0.0495881239,0.1860544870,2.8417606743,0.5224703004,0.0284945668,0.3711953895
