Instance,INF_avg,INF_sd,INF_r1,INF_kr,INF_sk,SUP_avg,SUP_sd,SUP_r1,SUP_kr,SUP_sk,INC_avg,INC_sd,INC_r1,INC_kr,INC_sk,IND_avg,IND_sd,IND_r1,IND_kr,IND_sk
476,0.2480000000,0.1389100428,0.4234654776,2.1746862701,-0.0034382823,0.2080000000,0.1262378707,0.2464858533,3.0482895437,0.8037990419,0.5440000000,0.1387948126,0.1246990369,1.9426882705,0.1690394157,0.3880000000,0.1142628549,0.0804766809,2.0123450115,-0.2468508457
