Instance,INF_avg,INF_sd,INF_r1,INF_kr,INF_sk,SUP_avg,SUP_sd,SUP_r1,SUP_kr,SUP_sk,INC_avg,INC_sd,INC_r1,INC_kr,INC_sk,IND_avg,IND_sd,IND_r1,IND_kr,IND_sk
230,0.2480000000,0.0943186090,-0.2369826795,2.5578289167,0.0576646431,0.2840000000,0.1155162326,0.1363688206,3.3240774287,-0.0359350287,0.4680000000,0.0998799279,0.2318170845,2.9877065020,0.0406101086,0.2140000000,0.0806473806,-0.1065966789,3.9769724450,0.9133652704
