Instance,INF_avg,INF_sd,INF_r1,INF_kr,INF_sk,SUP_avg,SUP_sd,SUP_r1,SUP_kr,SUP_sk,INC_avg,INC_sd,INC_r1,INC_kr,INC_sk,IND_avg,IND_sd,IND_r1,IND_kr,IND_sk
380,0.2580000000,0.1026450194,-0.0903344281,2.0034549080,0.1170853034,0.2340000000,0.0868562030,-0.3118473329,2.7819154140,-0.4178479104,0.5080000000,0.1426043478,-0.1658171810,2.3398731368,0.2211805359,0.2260000000,0.0618384993,-0.0397791918,2.6103490835,0.2078568630
