Instance,INF_avg,INF_sd,INF_r1,INF_kr,INF_sk,SUP_avg,SUP_sd,SUP_r1,SUP_kr,SUP_sk,INC_avg,INC_sd,INC_r1,INC_kr,INC_sk,IND_avg,IND_sd,IND_r1,IND_kr,IND_sk
D,0.2204000000,0.0449871093,0.0461228814,2.5776053857,-0.5850696998,0.2364000000,0.0415576708,0.1711281478,2.8938926295,-0.3413781701,0.5432000000,0.0603801292,-0.0130347772,3.4920904087,0.7684859592,0.0680000000,0.0194935887,0.1229207172,2.6019944598,-0.0259194531
