Instance,FV_avg_avg,FV_avg_sd,FV_sd_avg,FV_sd_sd,FV_r1_avg,FV_r1_sd,FV_kr_avg,FV_kr_sd,FV_sk_avg,FV_sk_sd,FD_avg_avg,FD_avg_sd,FD_sd_avg,FD_sd_sd,FD_r1_avg,FD_r1_sd,FD_kr_avg,FD_kr_sd,FD_sk_avg,FD_sk_sd,IN_avg_avg,IN_avg_sd,IN_sd_avg,IN_sd_sd,IN_r1_avg,IN_r1_sd,IN_kr_avg,IN_kr_sd,IN_sk_avg,IN_sk_sd
505,0.4670354609,0.2817763789,0.0151752739,0.0109966673,0.8900626181,0.1083543415,1.9675714439,0.2249519080,0.3374913221,0.2572924453,-0.0011982912,0.0008054202,0.0011400774,0.0007914526,0.1424633278,0.4506411306,2.5620974857,0.6067651304,0.0224640324,0.4976138876,0.3331316189,0.0506982680,0.1876416999,0.0322312428,0.1596200280,0.4559558678,2.7671665518,0.7307058886,0.1732226199,0.5426531033
