Instance,FV_avg_avg,FV_avg_sd,FV_sd_avg,FV_sd_sd,FV_r1_avg,FV_r1_sd,FV_kr_avg,FV_kr_sd,FV_sk_avg,FV_sk_sd,FD_avg_avg,FD_avg_sd,FD_sd_avg,FD_sd_sd,FD_r1_avg,FD_r1_sd,FD_kr_avg,FD_kr_sd,FD_sk_avg,FD_sk_sd,IN_avg_avg,IN_avg_sd,IN_sd_avg,IN_sd_sd,IN_r1_avg,IN_r1_sd,IN_kr_avg,IN_kr_sd,IN_sk_avg,IN_sk_sd
299,0.4923014118,0.2990244729,0.0004259281,0.0003430495,0.0697398704,0.3415276129,2.0334916784,0.5161222397,0.0678645477,0.6092431947,-0.0000050887,0.0000386694,0.0000682209,0.0000475611,-0.3141160013,0.3505972790,2.0555212141,0.4358512230,-0.0131882559,0.5598607293,0.4908000000,0.0382015706,0.0724608249,0.0266351056,-0.3772706509,0.4189926450,2.0604943947,0.4164244741,0.0988103572,0.5773901150
