Instance,FV_avg_avg,FV_avg_sd,FV_sd_avg,FV_sd_sd,FV_r1_avg,FV_r1_sd,FV_kr_avg,FV_kr_sd,FV_sk_avg,FV_sk_sd,FD_avg_avg,FD_avg_sd,FD_sd_avg,FD_sd_sd,FD_r1_avg,FD_r1_sd,FD_kr_avg,FD_kr_sd,FD_sk_avg,FD_sk_sd,IN_avg_avg,IN_avg_sd,IN_sd_avg,IN_sd_sd,IN_r1_avg,IN_r1_sd,IN_kr_avg,IN_kr_sd,IN_sk_avg,IN_sk_sd
162,0.4986232518,0.3022179506,0.0001689127,0.0001158345,-0.1071474690,0.5329269042,1.8659627731,0.4402325899,-0.0601116508,0.4868941922,0.0000002455,0.0000332111,0.0000688134,0.0000468566,-0.2756286335,0.4539146680,1.7569407410,0.3841144142,-0.0358818087,0.4977326450,0.4950000000,0.0720763484,0.1329199663,0.0470349079,-0.1357257353,0.4039085667,1.9209524771,0.5666711047,0.1580166620,0.5788538448
