Instance,FV_avg_avg,FV_avg_sd,FV_sd_avg,FV_sd_sd,FV_r1_avg,FV_r1_sd,FV_kr_avg,FV_kr_sd,FV_sk_avg,FV_sk_sd,FD_avg_avg,FD_avg_sd,FD_sd_avg,FD_sd_sd,FD_r1_avg,FD_r1_sd,FD_kr_avg,FD_kr_sd,FD_sk_avg,FD_sk_sd,IN_avg_avg,IN_avg_sd,IN_sd_avg,IN_sd_sd,IN_r1_avg,IN_r1_sd,IN_kr_avg,IN_kr_sd,IN_sk_avg,IN_sk_sd
360,0.4962840659,0.3016550725,0.0006340036,0.0005225819,0.9282982836,0.0460901139,2.6509246551,0.7996414798,-0.0018560668,0.5004288471,0.0000022087,0.0000065749,0.0000411687,0.0000259610,-0.0025376910,0.1220756616,2.8287471078,0.3631043539,-0.0715878446,0.1292457145,0.5023000000,0.0178328349,0.1093608702,0.0066633379,-0.0380011142,0.1252851764,2.7314700604,0.2388923461,-0.0179586169,0.1718498811
