Instance,INF_avg,INF_sd,INF_r1,INF_kr,INF_sk,SUP_avg,SUP_sd,SUP_r1,SUP_kr,SUP_sk,INC_avg,INC_sd,INC_r1,INC_kr,INC_sk,IND_avg,IND_sd,IND_r1,IND_kr,IND_sk
254,0.2600000000,0.0528772163,0.1839656407,3.3289432482,-0.3482032238,0.2582000000,0.0407278774,0.2149163628,2.1712196712,-0.2447810671,0.4818000000,0.0474421753,0.1082682574,2.5777621396,0.3294601127,0.0698000000,0.0161851784,-0.0770683805,3.6112487792,0.9663467613
