Instance,FV_avg_avg,FV_avg_sd,FV_sd_avg,FV_sd_sd,FV_r1_avg,FV_r1_sd,FV_kr_avg,FV_kr_sd,FV_sk_avg,FV_sk_sd,FD_avg_avg,FD_avg_sd,FD_sd_avg,FD_sd_sd,FD_r1_avg,FD_r1_sd,FD_kr_avg,FD_kr_sd,FD_sk_avg,FD_sk_sd,IN_avg_avg,IN_avg_sd,IN_sd_avg,IN_sd_sd,IN_r1_avg,IN_r1_sd,IN_kr_avg,IN_kr_sd,IN_sk_avg,IN_sk_sd
278,0.4677217684,0.2829690126,0.0144687592,0.0091535815,0.9714174125,0.0081257116,2.2512023443,0.2830495971,0.6218756664,0.1738723691,-0.0006069127,0.0003892238,0.0002770189,0.0001705645,0.8439892204,0.0347919553,2.6417725833,0.3768553035,0.6759555380,0.2254106918,0.1995712393,0.0294093024,0.1417162504,0.0152592812,0.8232091256,0.0482222161,2.9106816410,0.4553835917,0.8364830981,0.2366651312
