Instance,INF_avg,INF_sd,INF_r1,INF_kr,INF_sk,SUP_avg,SUP_sd,SUP_r1,SUP_kr,SUP_sk,INC_avg,INC_sd,INC_r1,INC_kr,INC_sk,IND_avg,IND_sd,IND_r1,IND_kr,IND_sk
154,0.2968000000,0.0576000000,-0.3366400412,2.6124714667,-0.3371833205,0.1708000000,0.0609537530,0.1747903642,3.3143523529,-0.1789122016,0.5324000000,0.0688058137,-0.2517036456,2.5197981244,0.0994023650,0.1216000000,0.0355167566,0.1732123932,4.1585941355,0.7147182713
