Instance,FV_avg_avg,FV_avg_sd,FV_sd_avg,FV_sd_sd,FV_r1_avg,FV_r1_sd,FV_kr_avg,FV_kr_sd,FV_sk_avg,FV_sk_sd,FD_avg_avg,FD_avg_sd,FD_sd_avg,FD_sd_sd,FD_r1_avg,FD_r1_sd,FD_kr_avg,FD_kr_sd,FD_sk_avg,FD_sk_sd,IN_avg_avg,IN_avg_sd,IN_sd_avg,IN_sd_sd,IN_r1_avg,IN_r1_sd,IN_kr_avg,IN_kr_sd,IN_sk_avg,IN_sk_sd
497,0.4852808431,0.2957032228,0.0023849040,0.0019675247,0.2374777457,0.3908879035,1.9068868310,0.5427600625,-0.0490052266,0.6560638198,0.0000176862,0.0003626776,0.0007145796,0.0004834711,-0.3073735891,0.3510635676,1.9838282310,0.4815081441,0.1433071710,0.5867033240,0.4930000000,0.0860871651,0.1396091016,0.0484695653,-0.2221453415,0.3815438382,2.3081264087,0.6849058460,0.1697396527,0.8745287712
