Instance,FV_avg_avg,FV_avg_sd,FV_sd_avg,FV_sd_sd,FV_r1_avg,FV_r1_sd,FV_kr_avg,FV_kr_sd,FV_sk_avg,FV_sk_sd,FD_avg_avg,FD_avg_sd,FD_sd_avg,FD_sd_sd,FD_r1_avg,FD_r1_sd,FD_kr_avg,FD_kr_sd,FD_sk_avg,FD_sk_sd,IN_avg_avg,IN_avg_sd,IN_sd_avg,IN_sd_sd,IN_r1_avg,IN_r1_sd,IN_kr_avg,IN_kr_sd,IN_sk_avg,IN_sk_sd
251,0.4756353936,0.2887719411,0.0114113849,0.0071405957,0.9970619547,0.0007047163,1.9083410950,0.0454434674,0.3017814452,0.0491003138,-0.0000455750,0.0000277100,0.0000312257,0.0000192491,0.5482795972,0.0442467256,2.7050673799,0.2001036679,0.1816950028,0.1139171810,0.3231278477,0.0191105099,0.1372274428,0.0068902894,0.4454085837,0.0595471776,2.7256899201,0.2008276519,0.3047978521,0.1345776202
