Instance,INF_avg,INF_sd,INF_r1,INF_kr,INF_sk,SUP_avg,SUP_sd,SUP_r1,SUP_kr,SUP_sk,INC_avg,INC_sd,INC_r1,INC_kr,INC_sk,IND_avg,IND_sd,IND_r1,IND_kr,IND_sk
403,0.2624000000,0.0282885136,0.1819088501,1.7966372110,0.1238845102,0.2660000000,0.0350428309,0.1009375820,1.9838910758,-0.0599545511,0.4716000000,0.0340505507,0.0366735464,3.9024490913,-0.7912803417,0.0334000000,0.0125475097,0.1223099716,4.2486963675,0.6832810498
