Instance,INF_avg,INF_sd,INF_r1,INF_kr,INF_sk,SUP_avg,SUP_sd,SUP_r1,SUP_kr,SUP_sk,INC_avg,INC_sd,INC_r1,INC_kr,INC_sk,IND_avg,IND_sd,IND_r1,IND_kr,IND_sk
490,0.2600000000,0.1496662955,0.1257724464,2.3635204082,0.2004459314,0.2620000000,0.1412657071,0.0241016705,2.3367558960,-0.1596765803,0.4780000000,0.1565758602,-0.1104224262,3.1356236574,0.1481534823,0.3580000000,0.0981631295,-0.0032689848,2.5145528883,-0.0970250641
