Instance,INF_avg,INF_sd,INF_r1,INF_kr,INF_sk,SUP_avg,SUP_sd,SUP_r1,SUP_kr,SUP_sk,INC_avg,INC_sd,INC_r1,INC_kr,INC_sk,IND_avg,IND_sd,IND_r1,IND_kr,IND_sk
4,0.3228571429,0.0912945446,-0.0045777867,2.6312059867,0.2376386992,0.1614285714,0.0828817697,0.1360040365,4.8956043607,1.1393749195,0.5157142857,0.1047251018,-0.0948816147,2.9873404581,-0.2141057329,0.2314285714,0.0737618894,-0.0258640126,3.5710843502,0.4954144668
