Instance,INF_avg,INF_sd,INF_r1,INF_kr,INF_sk,SUP_avg,SUP_sd,SUP_r1,SUP_kr,SUP_sk,INC_avg,INC_sd,INC_r1,INC_kr,INC_sk,IND_avg,IND_sd,IND_r1,IND_kr,IND_sk
318,0.2642000000,0.0450817036,-0.0482363530,2.6303760416,0.2848453915,0.2614000000,0.0377364545,-0.1658696950,2.6747873134,0.0029083211,0.4744000000,0.0495241355,0.0399801142,4.4284378101,-0.7852478455,0.0572000000,0.0183346666,-0.0927704189,2.6168149117,0.2605219216
