Instance,FV_avg_avg,FV_avg_sd,FV_sd_avg,FV_sd_sd,FV_r1_avg,FV_r1_sd,FV_kr_avg,FV_kr_sd,FV_sk_avg,FV_sk_sd,FD_avg_avg,FD_avg_sd,FD_sd_avg,FD_sd_sd,FD_r1_avg,FD_r1_sd,FD_kr_avg,FD_kr_sd,FD_sk_avg,FD_sk_sd,IN_avg_avg,IN_avg_sd,IN_sd_avg,IN_sd_sd,IN_r1_avg,IN_r1_sd,IN_kr_avg,IN_kr_sd,IN_sk_avg,IN_sk_sd
72,0.4985026039,0.3031378335,0.0003757401,0.0002539265,0.1870862273,0.4329433246,1.8150203985,0.4627225454,-0.2194756157,0.4771454462,0.0000128420,0.0000443878,0.0000965650,0.0000577843,-0.2132753879,0.3197628969,2.0137118403,0.4253266495,0.0522933734,0.6274250995,0.5030000000,0.0460543158,0.1018597988,0.0323199842,-0.3360080223,0.4619789395,1.8614843118,0.5501662136,0.0484072122,0.5484179063
