Instance,INF_avg,INF_sd,INF_r1,INF_kr,INF_sk,SUP_avg,SUP_sd,SUP_r1,SUP_kr,SUP_sk,INC_avg,INC_sd,INC_r1,INC_kr,INC_sk,IND_avg,IND_sd,IND_r1,IND_kr,IND_sk
255,0.3100000000,0.0943398113,0.0157480315,2.3086731473,-0.4680664796,0.2150000000,0.0838152731,0.0217779365,2.9485062246,0.7948338607,0.4750000000,0.0873212460,0.3057851240,2.5651706531,-0.2252845905,0.2200000000,0.0678232998,0.5220588235,5.1994328922,1.6539141169
