Instance,INF_avg,INF_sd,INF_r1,INF_kr,INF_sk,SUP_avg,SUP_sd,SUP_r1,SUP_kr,SUP_sk,INC_avg,INC_sd,INC_r1,INC_kr,INC_sk,IND_avg,IND_sd,IND_r1,IND_kr,IND_sk
404,0.2588000000,0.0622138248,-0.0721865587,2.4277267231,0.0558787921,0.2578000000,0.0613771945,0.2388718402,2.1099396315,0.1099998084,0.4834000000,0.0744609965,0.0494610108,2.3178150436,0.0673556415,0.1142000000,0.0305018032,-0.1440569895,2.6422490679,0.2587731550
