Instance,FV_avg_avg,FV_avg_sd,FV_sd_avg,FV_sd_sd,FV_r1_avg,FV_r1_sd,FV_kr_avg,FV_kr_sd,FV_sk_avg,FV_sk_sd,FD_avg_avg,FD_avg_sd,FD_sd_avg,FD_sd_sd,FD_r1_avg,FD_r1_sd,FD_kr_avg,FD_kr_sd,FD_sk_avg,FD_sk_sd,IN_avg_avg,IN_avg_sd,IN_sd_avg,IN_sd_sd,IN_r1_avg,IN_r1_sd,IN_kr_avg,IN_kr_sd,IN_sk_avg,IN_sk_sd
163,0.4977750955,0.3029306730,0.0003321821,0.0002824625,0.4656976868,0.3210395264,2.2694197132,0.5716344311,0.1624907301,0.4998414705,-0.0000001820,0.0000178601,0.0000290940,0.0000193828,-0.1622309546,0.2835044560,2.5063007964,0.9097466612,0.1880195306,0.6589623426,0.4978500000,0.0250465067,0.0510704078,0.0102158427,-0.1050577518,0.3113684326,2.3915857698,0.7654536468,-0.0383988266,0.5604852937
