Instance,FV_avg_avg,FV_avg_sd,FV_sd_avg,FV_sd_sd,FV_r1_avg,FV_r1_sd,FV_kr_avg,FV_kr_sd,FV_sk_avg,FV_sk_sd,FD_avg_avg,FD_avg_sd,FD_sd_avg,FD_sd_sd,FD_r1_avg,FD_r1_sd,FD_kr_avg,FD_kr_sd,FD_sk_avg,FD_sk_sd,IN_avg_avg,IN_avg_sd,IN_sd_avg,IN_sd_sd,IN_r1_avg,IN_r1_sd,IN_kr_avg,IN_kr_sd,IN_sk_avg,IN_sk_sd
153,0.4990671254,0.3032709832,0.0003656531,0.0002579135,0.6195925021,0.2380068513,1.9683725743,0.3284590438,0.0153561762,0.4028920182,-0.0000017206,0.0000209084,0.0000225758,0.0000144852,-0.0328647718,0.2668508409,2.3747144449,0.5019314752,0.0924344798,0.4537246719,0.4979500000,0.0272276973,0.0430910042,0.0130428277,-0.0461522129,0.2080331248,2.5002064949,0.8423287503,0.0978320121,0.6348448425
