Instance,FV_avg_avg,FV_avg_sd,FV_sd_avg,FV_sd_sd,FV_r1_avg,FV_r1_sd,FV_kr_avg,FV_kr_sd,FV_sk_avg,FV_sk_sd,FD_avg_avg,FD_avg_sd,FD_sd_avg,FD_sd_sd,FD_r1_avg,FD_r1_sd,FD_kr_avg,FD_kr_sd,FD_sk_avg,FD_sk_sd,IN_avg_avg,IN_avg_sd,IN_sd_avg,IN_sd_sd,IN_r1_avg,IN_r1_sd,IN_kr_avg,IN_kr_sd,IN_sk_avg,IN_sk_sd
67,0.4988650585,0.3031834021,0.0002462799,0.0001754870,0.4543875079,0.3375342316,2.3164194640,1.1222305742,0.0524758388,0.6647620453,-0.0000057911,0.0000158531,0.0000279216,0.0000178405,-0.1604700285,0.2302571416,2.5266614550,0.6952683656,0.0432020631,0.5647511654,0.4921000000,0.0296882131,0.0617198377,0.0122008864,-0.1334496135,0.2686463650,2.3807375000,0.9828729300,0.1543110720,0.6034412504
