Instance,INF_avg,INF_sd,INF_r1,INF_kr,INF_sk,SUP_avg,SUP_sd,SUP_r1,SUP_kr,SUP_sk,INC_avg,INC_sd,INC_r1,INC_kr,INC_sk,IND_avg,IND_sd,IND_r1,IND_kr,IND_sk
453,0.2765000000,0.0522948372,0.1898007272,3.1483330329,0.1218610385,0.2052000000,0.0421302742,0.0705467165,3.5644499556,-0.2681212126,0.5183000000,0.0520587168,0.0461726308,2.5319498352,-0.0286602426,0.0671000000,0.0207024153,-0.1503077019,2.9425697439,0.3159213302
