Instance,INF_avg,INF_sd,INF_r1,INF_kr,INF_sk,SUP_avg,SUP_sd,SUP_r1,SUP_kr,SUP_sk,INC_avg,INC_sd,INC_r1,INC_kr,INC_sk,IND_avg,IND_sd,IND_r1,IND_kr,IND_sk
49,0.1900000000,0.1640121947,-0.3606047132,2.1146335733,0.4324639895,0.3300000000,0.1187434209,0.2362598144,3.1415421759,0.8385682959,0.4800000000,0.1661324773,-0.1740558292,2.4190296156,0.1884300309,0.3500000000,0.1204159458,-0.1020408163,1.4565992866,-0.0000000000
