Instance,FV_avg_avg,FV_avg_sd,FV_sd_avg,FV_sd_sd,FV_r1_avg,FV_r1_sd,FV_kr_avg,FV_kr_sd,FV_sk_avg,FV_sk_sd,FD_avg_avg,FD_avg_sd,FD_sd_avg,FD_sd_sd,FD_r1_avg,FD_r1_sd,FD_kr_avg,FD_kr_sd,FD_sk_avg,FD_sk_sd,IN_avg_avg,IN_avg_sd,IN_sd_avg,IN_sd_sd,IN_r1_avg,IN_r1_sd,IN_kr_avg,IN_kr_sd,IN_sk_avg,IN_sk_sd
494,0.4982313425,0.3027142436,0.0005285925,0.0003630330,0.9448404425,0.0299297359,2.3863495838,0.5500150617,-0.0470758406,0.4838410232,-0.0000019290,0.0000065801,0.0000369695,0.0000228954,0.0063213410,0.1043293220,2.9733874132,0.3989992043,0.0453687382,0.2083759365,0.4967000000,0.0178573514,0.1095910672,0.0074177479,0.0120708887,0.1231248955,3.0864595154,0.6348859202,0.0419028973,0.2543730549
