Instance,INF_avg,INF_sd,INF_r1,INF_kr,INF_sk,SUP_avg,SUP_sd,SUP_r1,SUP_kr,SUP_sk,INC_avg,INC_sd,INC_r1,INC_kr,INC_sk,IND_avg,IND_sd,IND_r1,IND_kr,IND_sk
71,0.2160000000,0.0750466522,0.1216058052,3.0413868802,-0.2071438778,0.3112000000,0.0841104036,0.1914719343,2.5586476658,0.0735573316,0.4728000000,0.0724165727,-0.0894747647,3.0908740740,0.6354658271,0.1152000000,0.0349994286,0.0687317063,4.2238300200,0.8618501661
