Instance,INF_avg,INF_sd,INF_r1,INF_kr,INF_sk,SUP_avg,SUP_sd,SUP_r1,SUP_kr,SUP_sk,INC_avg,INC_sd,INC_r1,INC_kr,INC_sk,IND_avg,IND_sd,IND_r1,IND_kr,IND_sk
215,0.2960000000,0.0786384130,0.2467212869,3.2659092697,0.2555459876,0.2700000000,0.0883176087,-0.0819165379,1.8589743590,-0.2264554068,0.4340000000,0.0935093578,0.4106578793,2.4793813915,0.4694061761,0.2160000000,0.0643739078,-0.3196055684,2.0125967114,0.1761547300
