Instance,INF_avg,INF_sd,INF_r1,INF_kr,INF_sk,SUP_avg,SUP_sd,SUP_r1,SUP_kr,SUP_sk,INC_avg,INC_sd,INC_r1,INC_kr,INC_sk,IND_avg,IND_sd,IND_r1,IND_kr,IND_sk
357,0.3500000000,0.1048808848,-0.8333333333,1.3429752066,0.3900528774,0.1100000000,0.1157583690,-0.1075949367,1.1963689018,0.3365218792,0.5400000000,0.0800000000,-0.3157894737,3.2500000000,1.5000000000,0.3200000000,0.1400000000,-0.3096960926,1.9380466472,0.5160349854
