Instance,FV_avg_avg,FV_avg_sd,FV_sd_avg,FV_sd_sd,FV_r1_avg,FV_r1_sd,FV_kr_avg,FV_kr_sd,FV_sk_avg,FV_sk_sd,FD_avg_avg,FD_avg_sd,FD_sd_avg,FD_sd_sd,FD_r1_avg,FD_r1_sd,FD_kr_avg,FD_kr_sd,FD_sk_avg,FD_sk_sd,IN_avg_avg,IN_avg_sd,IN_sd_avg,IN_sd_sd,IN_r1_avg,IN_r1_sd,IN_kr_avg,IN_kr_sd,IN_sk_avg,IN_sk_sd
92,0.4869953620,0.2956462789,0.0056256180,0.0043611265,0.9963223237,0.0015988238,1.8415818475,0.0760848837,0.1048318926,0.0991325676,-0.0000287827,0.0000203439,0.0000408436,0.0000253447,0.1865585652,0.1204154314,3.0154386831,0.3908256712,-0.0626899343,0.3559677161,0.4030312084,0.0345569532,0.1629049696,0.0109106328,0.1528290978,0.0841991135,2.8628771929,0.3872778231,0.0856759673,0.2871185985
