Instance,INF_avg,INF_sd,INF_r1,INF_kr,INF_sk,SUP_avg,SUP_sd,SUP_r1,SUP_kr,SUP_sk,INC_avg,INC_sd,INC_r1,INC_kr,INC_sk,IND_avg,IND_sd,IND_r1,IND_kr,IND_sk
G,0.2632000000,0.0601810601,0.0166803583,2.3335116251,-0.1868297421,0.2374000000,0.0598434625,0.0165241086,3.2697809632,0.2151576225,0.4994000000,0.0700545502,-0.0905545412,3.4226497493,0.4131266142,0.1160000000,0.0323728281,-0.2049775854,2.7151098421,0.2971109159
