Instance,FV_avg_avg,FV_avg_sd,FV_sd_avg,FV_sd_sd,FV_r1_avg,FV_r1_sd,FV_kr_avg,FV_kr_sd,FV_sk_avg,FV_sk_sd,FD_avg_avg,FD_avg_sd,FD_sd_avg,FD_sd_sd,FD_r1_avg,FD_r1_sd,FD_kr_avg,FD_kr_sd,FD_sk_avg,FD_sk_sd,IN_avg_avg,IN_avg_sd,IN_sd_avg,IN_sd_sd,IN_r1_avg,IN_r1_sd,IN_kr_avg,IN_kr_sd,IN_sk_avg,IN_sk_sd
343,0.4941190215,0.3017278694,0.0011367893,0.0007931075,0.8851204626,0.0744219537,2.4219793018,0.6940318802,0.0870036868,0.5374337239,0.0000099759,0.0000270749,0.0000489970,0.0000299540,0.0956695868,0.1236690152,2.8439456525,0.3796853079,-0.0212051789,0.3358441397,0.5046300000,0.0221185239,0.0508182888,0.0065829723,0.0443408802,0.1423513158,2.7822593438,0.6042526145,-0.1133810655,0.2950330046
