Instance,INF_avg,INF_sd,INF_r1,INF_kr,INF_sk,SUP_avg,SUP_sd,SUP_r1,SUP_kr,SUP_sk,INC_avg,INC_sd,INC_r1,INC_kr,INC_sk,IND_avg,IND_sd,IND_r1,IND_kr,IND_sk
391,0.2200000000,0.1469693846,-0.2301587302,2.1954732510,0.4082482905,0.2500000000,0.1688194302,-0.1238095238,1.6943674977,0.1870575403,0.5300000000,0.1345362405,-0.1104941699,5.9038796130,1.9071038758,0.4400000000,0.1200000000,0.5726495726,2.4398148148,-0.4583333333
