Instance,FV_avg_avg,FV_avg_sd,FV_sd_avg,FV_sd_sd,FV_r1_avg,FV_r1_sd,FV_kr_avg,FV_kr_sd,FV_sk_avg,FV_sk_sd,FD_avg_avg,FD_avg_sd,FD_sd_avg,FD_sd_sd,FD_r1_avg,FD_r1_sd,FD_kr_avg,FD_kr_sd,FD_sk_avg,FD_sk_sd,IN_avg_avg,IN_avg_sd,IN_sd_avg,IN_sd_sd,IN_r1_avg,IN_r1_sd,IN_kr_avg,IN_kr_sd,IN_sk_avg,IN_sk_sd
7,0.4958074759,0.3009105300,0.0016443938,0.0012036884,0.9009811138,0.0693477042,2.4354685249,0.4643357476,-0.1662256274,0.5234574625,0.0000059606,0.0000497425,0.0001895747,0.0001207490,0.0746031372,0.1417992249,2.8759716875,0.4095326587,-0.0552634454,0.3074429506,0.5080000000,0.0327536258,0.1629636046,0.0174946726,0.1057383837,0.1325611123,2.6622409706,0.4657792555,-0.0483292150,0.2296452488
