Instance,INF_avg,INF_sd,INF_r1,INF_kr,INF_sk,SUP_avg,SUP_sd,SUP_r1,SUP_kr,SUP_sk,INC_avg,INC_sd,INC_r1,INC_kr,INC_sk,IND_avg,IND_sd,IND_r1,IND_kr,IND_sk
404,0.2844000000,0.0560414133,-0.0679904497,3.1551181415,0.3466836428,0.2220000000,0.0566038868,-0.0568190540,2.3493245802,0.1153955245,0.4936000000,0.0727120348,0.0111064332,4.0283709860,0.4478648095,0.1120000000,0.0334664011,0.1676367870,2.8159183673,0.0307344500
