Instance,FV_avg_avg,FV_avg_sd,FV_sd_avg,FV_sd_sd,FV_r1_avg,FV_r1_sd,FV_kr_avg,FV_kr_sd,FV_sk_avg,FV_sk_sd,FD_avg_avg,FD_avg_sd,FD_sd_avg,FD_sd_sd,FD_r1_avg,FD_r1_sd,FD_kr_avg,FD_kr_sd,FD_sk_avg,FD_sk_sd,IN_avg_avg,IN_avg_sd,IN_sd_avg,IN_sd_sd,IN_r1_avg,IN_r1_sd,IN_kr_avg,IN_kr_sd,IN_sk_avg,IN_sk_sd
392,0.4948547602,0.3025245299,0.0002513314,0.0001406212,0.5665120793,0.3069226035,2.3219011424,0.7246689710,0.1582616405,0.5722315652,-0.0000033038,0.0000214256,0.0000475882,0.0000332110,-0.1450125847,0.2339416568,2.2939569989,0.5672532488,-0.0642348961,0.4911936386,0.4930000000,0.0396673669,0.1094068660,0.0284189668,-0.0557685460,0.2540474509,2.5676110456,1.0022058236,-0.0445494144,0.7427520209
