Instance,FV_avg_avg,FV_avg_sd,FV_sd_avg,FV_sd_sd,FV_r1_avg,FV_r1_sd,FV_kr_avg,FV_kr_sd,FV_sk_avg,FV_sk_sd,FD_avg_avg,FD_avg_sd,FD_sd_avg,FD_sd_sd,FD_r1_avg,FD_r1_sd,FD_kr_avg,FD_kr_sd,FD_sk_avg,FD_sk_sd,IN_avg_avg,IN_avg_sd,IN_sd_avg,IN_sd_sd,IN_r1_avg,IN_r1_sd,IN_kr_avg,IN_kr_sd,IN_sk_avg,IN_sk_sd
261,0.4995108610,0.3033734165,0.0002317264,0.0001640418,0.8590574408,0.1092887709,2.1526688169,0.5073584485,0.1132241042,0.4952070003,0.0000011783,0.0000024924,0.0000068177,0.0000041960,-0.0251254361,0.2413605511,2.4738600979,0.5005057855,-0.0072615475,0.4488529628,0.5064000000,0.0120729450,0.0339407785,0.0052922161,-0.0595390809,0.2071025237,2.6230843534,0.6420541880,0.0391338627,0.3305734400
