Instance,FV_avg_avg,FV_avg_sd,FV_sd_avg,FV_sd_sd,FV_r1_avg,FV_r1_sd,FV_kr_avg,FV_kr_sd,FV_sk_avg,FV_sk_sd,FD_avg_avg,FD_avg_sd,FD_sd_avg,FD_sd_sd,FD_r1_avg,FD_r1_sd,FD_kr_avg,FD_kr_sd,FD_sk_avg,FD_sk_sd,IN_avg_avg,IN_avg_sd,IN_sd_avg,IN_sd_sd,IN_r1_avg,IN_r1_sd,IN_kr_avg,IN_kr_sd,IN_sk_avg,IN_sk_sd
410,0.4969893160,0.3014186355,0.0009341629,0.0005949664,0.8059082586,0.1197874629,2.2068035805,0.5483067164,0.0436645253,0.4897377691,-0.0000091226,0.0000364826,0.0000520606,0.0000324420,-0.0536485432,0.1817886088,2.8449248690,0.7801451228,-0.0106898671,0.3999391807,0.4960400000,0.0392784725,0.0506234090,0.0069850172,-0.0381526029,0.1973069783,2.7105039695,0.6029489376,-0.0315567421,0.4435661295
