Instance,FV_avg_avg,FV_avg_sd,FV_sd_avg,FV_sd_sd,FV_r1_avg,FV_r1_sd,FV_kr_avg,FV_kr_sd,FV_sk_avg,FV_sk_sd,FD_avg_avg,FD_avg_sd,FD_sd_avg,FD_sd_sd,FD_r1_avg,FD_r1_sd,FD_kr_avg,FD_kr_sd,FD_sk_avg,FD_sk_sd,IN_avg_avg,IN_avg_sd,IN_sd_avg,IN_sd_sd,IN_r1_avg,IN_r1_sd,IN_kr_avg,IN_kr_sd,IN_sk_avg,IN_sk_sd
304,0.5023339282,0.3052526437,0.0001654395,0.0001253013,0.1497076804,0.4062443883,1.7991556175,0.3947278594,0.1568328493,0.3953034949,-0.0000080909,0.0000304854,0.0000361989,0.0000225697,-0.2814963239,0.3647788462,2.0417209272,0.4566701223,0.1561320810,0.5854164355,0.4850000000,0.0567009700,0.0941623046,0.0323026375,-0.2113540547,0.4362672084,1.9296919657,0.4886592779,-0.1372619675,0.5361713056
