Instance,INF_avg,INF_sd,INF_r1,INF_kr,INF_sk,SUP_avg,SUP_sd,SUP_r1,SUP_kr,SUP_sk,INC_avg,INC_sd,INC_r1,INC_kr,INC_sk,IND_avg,IND_sd,IND_r1,IND_kr,IND_sk
13,0.2580000000,0.0337045991,-0.1276687204,2.2815661575,-0.0573541488,0.2608000000,0.0337247683,0.1294443599,2.6735276666,0.1811869360,0.4812000000,0.0305378454,-0.0746214778,3.0037359979,-0.2601603673,0.0362000000,0.0080349238,-0.2503438446,2.8920435962,0.4161202420
