Instance,FV_avg_avg,FV_avg_sd,FV_sd_avg,FV_sd_sd,FV_r1_avg,FV_r1_sd,FV_kr_avg,FV_kr_sd,FV_sk_avg,FV_sk_sd,FD_avg_avg,FD_avg_sd,FD_sd_avg,FD_sd_sd,FD_r1_avg,FD_r1_sd,FD_kr_avg,FD_kr_sd,FD_sk_avg,FD_sk_sd,IN_avg_avg,IN_avg_sd,IN_sd_avg,IN_sd_sd,IN_r1_avg,IN_r1_sd,IN_kr_avg,IN_kr_sd,IN_sk_avg,IN_sk_sd
217,0.4986209957,0.3015742697,0.0009002897,0.0005626832,0.4899654726,0.2599859532,2.3895108932,0.8265845563,-0.1141216866,0.5523801719,-0.0000183003,0.0000970684,0.0001897027,0.0001261430,-0.1094124324,0.2655359950,2.2367784627,0.6350668807,0.0119947783,0.4442878756,0.4842500000,0.0623152269,0.1181895928,0.0209157874,0.0104752601,0.2557810979,2.3041267895,0.4004673978,0.0526389922,0.4594510364
