Instance,FV_avg_avg,FV_avg_sd,FV_sd_avg,FV_sd_sd,FV_r1_avg,FV_r1_sd,FV_kr_avg,FV_kr_sd,FV_sk_avg,FV_sk_sd,FD_avg_avg,FD_avg_sd,FD_sd_avg,FD_sd_sd,FD_r1_avg,FD_r1_sd,FD_kr_avg,FD_kr_sd,FD_sk_avg,FD_sk_sd,IN_avg_avg,IN_avg_sd,IN_sd_avg,IN_sd_sd,IN_r1_avg,IN_r1_sd,IN_kr_avg,IN_kr_sd,IN_sk_avg,IN_sk_sd
248,0.4806822844,0.2916951000,0.0062070585,0.0050457413,0.9134093169,0.0594937642,2.4938059427,0.5748337372,0.0919233820,0.3149796028,0.0000251564,0.0002252769,0.0005273762,0.0003289796,0.1620976393,0.1856574803,2.9190875605,0.4888171662,-0.0590958751,0.2159001437,0.5116250000,0.0479744398,0.1201697849,0.0107835660,0.1195044545,0.1404730747,2.8301099271,0.3119257221,-0.0586467243,0.1831472686
