Instance,FV_avg_avg,FV_avg_sd,FV_sd_avg,FV_sd_sd,FV_r1_avg,FV_r1_sd,FV_kr_avg,FV_kr_sd,FV_sk_avg,FV_sk_sd,FD_avg_avg,FD_avg_sd,FD_sd_avg,FD_sd_sd,FD_r1_avg,FD_r1_sd,FD_kr_avg,FD_kr_sd,FD_sk_avg,FD_sk_sd,IN_avg_avg,IN_avg_sd,IN_sd_avg,IN_sd_sd,IN_r1_avg,IN_r1_sd,IN_kr_avg,IN_kr_sd,IN_sk_avg,IN_sk_sd
428,0.4992804733,0.3036432404,0.0003640535,0.0002726800,0.9169501008,0.0707923219,2.2255070661,0.4486352240,0.1469798743,0.4183077179,-0.0000046539,0.0000088113,0.0000105198,0.0000068087,0.2357610805,0.2269707088,2.7099040243,0.5136305125,-0.0809487225,0.3183087246,0.4869550000,0.0241084316,0.0408143203,0.0061828599,0.1800642434,0.2437766030,2.8429105134,0.4507011682,-0.0161390298,0.3091402771
