Instance,INF_avg,INF_sd,INF_r1,INF_kr,INF_sk,SUP_avg,SUP_sd,SUP_r1,SUP_kr,SUP_sk,INC_avg,INC_sd,INC_r1,INC_kr,INC_sk,IND_avg,IND_sd,IND_r1,IND_kr,IND_sk
195,0.1920000000,0.0744043010,0.1113480850,2.2050268970,0.1295841554,0.2780000000,0.1049571341,0.0179013604,2.9969218866,0.5126275791,0.5300000000,0.1191637529,-0.1239762779,2.2875421543,0.1772918363,0.2000000000,0.0648074070,0.1842105263,1.7857142857,0.1102166785
