Instance,INF_avg,INF_sd,INF_r1,INF_kr,INF_sk,SUP_avg,SUP_sd,SUP_r1,SUP_kr,SUP_sk,INC_avg,INC_sd,INC_r1,INC_kr,INC_sk,IND_avg,IND_sd,IND_r1,IND_kr,IND_sk
280,0.4496153846,0.1030476012,0.8980740911,1.9692222734,-0.1158299691,0.0928571429,0.0704192424,0.8916471868,2.6881397118,0.8154579539,0.4575274725,0.0503251714,0.5001405906,2.5365211273,-0.2913967510,0.0378021978,0.0109747160,0.3296852381,2.6129656703,0.1245572072
