Instance,INF_avg,INF_sd,INF_r1,INF_kr,INF_sk,SUP_avg,SUP_sd,SUP_r1,SUP_kr,SUP_sk,INC_avg,INC_sd,INC_r1,INC_kr,INC_sk,IND_avg,IND_sd,IND_r1,IND_kr,IND_sk
62,0.2200000000,0.0842614977,0.0468986384,2.7230708193,0.6117775872,0.2850000000,0.0950000000,0.2333614153,4.0909523408,0.4338824902,0.4950000000,0.1082820391,0.0891974582,1.7958501734,-0.5210274104,0.2250000000,0.0928708781,0.4108527132,2.6937618147,-0.0000000000
