Instance,FV_avg_avg,FV_avg_sd,FV_sd_avg,FV_sd_sd,FV_r1_avg,FV_r1_sd,FV_kr_avg,FV_kr_sd,FV_sk_avg,FV_sk_sd,FD_avg_avg,FD_avg_sd,FD_sd_avg,FD_sd_sd,FD_r1_avg,FD_r1_sd,FD_kr_avg,FD_kr_sd,FD_sk_avg,FD_sk_sd,IN_avg_avg,IN_avg_sd,IN_sd_avg,IN_sd_sd,IN_r1_avg,IN_r1_sd,IN_kr_avg,IN_kr_sd,IN_sk_avg,IN_sk_sd
371,0.5026568386,0.3050393925,0.0003088387,0.0002946490,0.7910506775,0.1694770551,2.2530954706,0.3564184705,0.0794505514,0.4068853824,0.0000004453,0.0000077777,0.0000218154,0.0000130171,-0.0395175936,0.2242289718,2.7127673186,0.6127869693,0.0574237864,0.3737149701,0.5008400000,0.0214639791,0.0702775952,0.0083217557,-0.0474092055,0.2309420392,2.5200158632,0.4465226045,0.0117783257,0.2671264651
