Instance,INF_avg,INF_sd,INF_r1,INF_kr,INF_sk,SUP_avg,SUP_sd,SUP_r1,SUP_kr,SUP_sk,INC_avg,INC_sd,INC_r1,INC_kr,INC_sk,IND_avg,IND_sd,IND_r1,IND_kr,IND_sk
484,0.2290000000,0.0312889757,0.0680746360,1.8739567694,-0.2329923485,0.2645000000,0.0310201547,0.1762118312,2.2365536331,0.4524752886,0.5065000000,0.0334701359,0.1394568203,2.3363102541,0.5165499782,0.0370000000,0.0067823300,0.4282238443,2.0803402647,0.6923361419
