Instance,FV_avg_avg,FV_avg_sd,FV_sd_avg,FV_sd_sd,FV_r1_avg,FV_r1_sd,FV_kr_avg,FV_kr_sd,FV_sk_avg,FV_sk_sd,FD_avg_avg,FD_avg_sd,FD_sd_avg,FD_sd_sd,FD_r1_avg,FD_r1_sd,FD_kr_avg,FD_kr_sd,FD_sk_avg,FD_sk_sd,IN_avg_avg,IN_avg_sd,IN_sd_avg,IN_sd_sd,IN_r1_avg,IN_r1_sd,IN_kr_avg,IN_kr_sd,IN_sk_avg,IN_sk_sd
488,0.5025141608,0.3029371862,0.0010444912,0.0006616601,0.1689596695,0.4123643412,2.0739608064,0.5455796443,0.0512740760,0.6575501596,-0.0000530345,0.0001990822,0.0001186137,0.0000888813,-0.3059627981,0.3297887851,2.0927087418,0.5481142801,0.2680046805,0.6572432665,0.4964000000,0.0438935075,0.0466126782,0.0168421564,-0.3704701226,0.2945500865,2.0799082765,0.4943328470,0.1454784136,0.6360298671
