Instance,INF_avg,INF_sd,INF_r1,INF_kr,INF_sk,SUP_avg,SUP_sd,SUP_r1,SUP_kr,SUP_sk,INC_avg,INC_sd,INC_r1,INC_kr,INC_sk,IND_avg,IND_sd,IND_r1,IND_kr,IND_sk
470,0.2480000000,0.0932523458,-0.2503086489,3.7333668199,0.4281346777,0.2280000000,0.1059056184,-0.0566122640,1.9599893977,0.3838101023,0.5240000000,0.0949947367,0.1556456200,2.8443441603,-0.3541069647,0.2260000000,0.0618384993,0.4995996797,2.6103490835,0.2078568630
