Instance,FV_avg_avg,FV_avg_sd,FV_sd_avg,FV_sd_sd,FV_r1_avg,FV_r1_sd,FV_kr_avg,FV_kr_sd,FV_sk_avg,FV_sk_sd,FD_avg_avg,FD_avg_sd,FD_sd_avg,FD_sd_sd,FD_r1_avg,FD_r1_sd,FD_kr_avg,FD_kr_sd,FD_sk_avg,FD_sk_sd,IN_avg_avg,IN_avg_sd,IN_sd_avg,IN_sd_sd,IN_r1_avg,IN_r1_sd,IN_kr_avg,IN_kr_sd,IN_sk_avg,IN_sk_sd
370,0.4952048147,0.3016631929,0.0006237388,0.0004003746,0.9181302847,0.0649867732,2.7026003977,0.6617773330,0.0603931809,0.6644298251,-0.0000052247,0.0000231765,0.0000795591,0.0000492322,0.0172821589,0.1203609059,3.1918878872,0.5962513646,-0.0783563559,0.4535163703,0.4969000000,0.0292265290,0.1544804752,0.0127272458,-0.0203557157,0.1318403174,2.9045788665,0.5664552989,-0.0226149179,0.3132123666
