Instance,INF_avg,INF_sd,INF_r1,INF_kr,INF_sk,SUP_avg,SUP_sd,SUP_r1,SUP_kr,SUP_sk,INC_avg,INC_sd,INC_r1,INC_kr,INC_sk,IND_avg,IND_sd,IND_r1,IND_kr,IND_sk
48,0.7669565217,0.1254014348,0.7432525364,3.2647322027,-0.9689551792,0.1343478261,0.0913343636,0.6678502915,3.5675693152,1.0128757002,0.0986956522,0.0467001860,0.4572205192,2.9858841731,0.7753748954,0.0600000000,0.0208514414,0.2857142857,2.6864000000,0.6905997394
