Instance,FV_avg_avg,FV_avg_sd,FV_sd_avg,FV_sd_sd,FV_r1_avg,FV_r1_sd,FV_kr_avg,FV_kr_sd,FV_sk_avg,FV_sk_sd,FD_avg_avg,FD_avg_sd,FD_sd_avg,FD_sd_sd,FD_r1_avg,FD_r1_sd,FD_kr_avg,FD_kr_sd,FD_sk_avg,FD_sk_sd,IN_avg_avg,IN_avg_sd,IN_sd_avg,IN_sd_sd,IN_r1_avg,IN_r1_sd,IN_kr_avg,IN_kr_sd,IN_sk_avg,IN_sk_sd
324,0.4905038626,0.2979937265,0.0018014692,0.0011618140,0.8341852226,0.1559442431,2.4781801532,0.5104231927,0.2115305238,0.4050702673,-0.0000121026,0.0000985953,0.0001895025,0.0001136998,0.0196772939,0.1498066283,2.8755770491,0.4644854789,0.0774780510,0.3629590713,0.4941500000,0.0365325540,0.1090936276,0.0103552124,0.0162044681,0.1434852205,2.8022949185,0.6301354358,0.0669307344,0.3265781830
