Instance,INF_avg,INF_sd,INF_r1,INF_kr,INF_sk,SUP_avg,SUP_sd,SUP_r1,SUP_kr,SUP_sk,INC_avg,INC_sd,INC_r1,INC_kr,INC_sk,IND_avg,IND_sd,IND_r1,IND_kr,IND_sk
41,0.2503000000,0.0293497871,0.1191812665,3.2884747686,0.2615359416,0.2407000000,0.0351142421,0.2540253115,2.2396919524,0.0410621607,0.5090000000,0.0377756535,0.2247912927,1.9508807270,0.0141357551,0.0366000000,0.0098711701,0.0955670983,2.7039016558,-0.0122763831
