Instance,FV_avg_avg,FV_avg_sd,FV_sd_avg,FV_sd_sd,FV_r1_avg,FV_r1_sd,FV_kr_avg,FV_kr_sd,FV_sk_avg,FV_sk_sd,FD_avg_avg,FD_avg_sd,FD_sd_avg,FD_sd_sd,FD_r1_avg,FD_r1_sd,FD_kr_avg,FD_kr_sd,FD_sk_avg,FD_sk_sd,IN_avg_avg,IN_avg_sd,IN_sd_avg,IN_sd_sd,IN_r1_avg,IN_r1_sd,IN_kr_avg,IN_kr_sd,IN_sk_avg,IN_sk_sd
489,0.5007348301,0.3038369026,0.0003127036,0.0002324624,0.8547877204,0.1285127915,2.3415483068,0.4868502112,-0.1195864226,0.4752983467,-0.0000017389,0.0000103486,0.0000124408,0.0000087915,0.1194636899,0.2673955961,2.5924092812,0.5929970451,-0.1051735176,0.3896626510,0.4920700000,0.0298730832,0.0385116512,0.0079822752,0.0970433241,0.2780910575,2.7647380732,0.6997157812,0.0932826024,0.3480032233
