Instance,FV_avg_avg,FV_avg_sd,FV_sd_avg,FV_sd_sd,FV_r1_avg,FV_r1_sd,FV_kr_avg,FV_kr_sd,FV_sk_avg,FV_sk_sd,FD_avg_avg,FD_avg_sd,FD_sd_avg,FD_sd_sd,FD_r1_avg,FD_r1_sd,FD_kr_avg,FD_kr_sd,FD_sk_avg,FD_sk_sd,IN_avg_avg,IN_avg_sd,IN_sd_avg,IN_sd_sd,IN_r1_avg,IN_r1_sd,IN_kr_avg,IN_kr_sd,IN_sk_avg,IN_sk_sd
304,0.4972130039,0.3024932341,0.0003743666,0.0002555763,0.8040998559,0.2036155932,2.3965526189,0.9436765220,-0.2376063071,0.4310624297,-0.0000023528,0.0000177117,0.0000310738,0.0000189875,-0.0212270396,0.2173097360,2.8599081316,0.6599198418,-0.0052838560,0.4602777897,0.4976000000,0.0313555099,0.0692393036,0.0086365989,-0.0734374687,0.2184740767,2.9163972422,1.0968549775,-0.0623817050,0.4251908976
