Instance,INF_avg,INF_sd,INF_r1,INF_kr,INF_sk,SUP_avg,SUP_sd,SUP_r1,SUP_kr,SUP_sk,INC_avg,INC_sd,INC_r1,INC_kr,INC_sk,IND_avg,IND_sd,IND_r1,IND_kr,IND_sk
312,0.2616500000,0.0322881944,0.0035988178,2.6742743562,-0.0472724405,0.2565500000,0.0322389128,-0.1227894380,3.1425992122,0.0674345964,0.4818000000,0.0350893146,0.0601090004,2.6519792465,-0.2852656275,0.0350000000,0.0103198837,-0.0093896714,3.5343516498,0.3753181278
