Instance,FV_avg_avg,FV_avg_sd,FV_sd_avg,FV_sd_sd,FV_r1_avg,FV_r1_sd,FV_kr_avg,FV_kr_sd,FV_sk_avg,FV_sk_sd,FD_avg_avg,FD_avg_sd,FD_sd_avg,FD_sd_sd,FD_r1_avg,FD_r1_sd,FD_kr_avg,FD_kr_sd,FD_sk_avg,FD_sk_sd,IN_avg_avg,IN_avg_sd,IN_sd_avg,IN_sd_sd,IN_r1_avg,IN_r1_sd,IN_kr_avg,IN_kr_sd,IN_sk_avg,IN_sk_sd
399,0.4969181677,0.3042489842,0.0007879253,0.0006276711,0.5197318226,0.3082185985,2.0342574796,0.6092156296,0.1229814095,0.4654638144,0.0000226802,0.0000805335,0.0001284184,0.0000896405,0.0598961126,0.3119961247,2.6170797877,0.6932583129,0.0047964893,0.6096994156,0.5005000000,0.0563892720,0.0997199709,0.0200231716,0.0157272027,0.3088115497,2.5547433373,0.9758066497,0.0213173548,0.6865417342
