Instance,INF_avg,INF_sd,INF_r1,INF_kr,INF_sk,SUP_avg,SUP_sd,SUP_r1,SUP_kr,SUP_sk,INC_avg,INC_sd,INC_r1,INC_kr,INC_sk,IND_avg,IND_sd,IND_r1,IND_kr,IND_sk
501,0.3008000000,0.1407954545,0.5543307550,3.0866780546,0.5935937963,0.1956000000,0.1027844346,0.4561587311,2.7587839834,0.5450492988,0.5036000000,0.1089359445,0.3072155422,2.3455709286,-0.2502969531,0.1248000000,0.0300825531,0.1141732283,2.4122595024,0.3635822495
