Instance,FV_avg_avg,FV_avg_sd,FV_sd_avg,FV_sd_sd,FV_r1_avg,FV_r1_sd,FV_kr_avg,FV_kr_sd,FV_sk_avg,FV_sk_sd,FD_avg_avg,FD_avg_sd,FD_sd_avg,FD_sd_sd,FD_r1_avg,FD_r1_sd,FD_kr_avg,FD_kr_sd,FD_sk_avg,FD_sk_sd,IN_avg_avg,IN_avg_sd,IN_sd_avg,IN_sd_sd,IN_r1_avg,IN_r1_sd,IN_kr_avg,IN_kr_sd,IN_sk_avg,IN_sk_sd
453,0.4977583855,0.3019886250,0.0006413849,0.0004851835,0.9458812164,0.0399648820,2.3045500481,0.3768677458,0.0915238143,0.4854679938,-0.0000008598,0.0000090380,0.0000233588,0.0000142343,0.0638295003,0.1325580234,2.7601887713,0.4110764432,0.0039626070,0.2275772822,0.4944000000,0.0229830372,0.0707457978,0.0051625662,0.0510013508,0.1147940097,2.8180219662,0.3297664652,-0.0401466620,0.2233578098
