Instance,INF_avg,INF_sd,INF_r1,INF_kr,INF_sk,SUP_avg,SUP_sd,SUP_r1,SUP_kr,SUP_sk,INC_avg,INC_sd,INC_r1,INC_kr,INC_sk,IND_avg,IND_sd,IND_r1,IND_kr,IND_sk
174,0.2390000000,0.0243721152,-0.8189685012,1.8332653131,-0.3448219545,0.3020000000,0.0229346899,0.4350758853,1.8683297431,0.5873845672,0.4590000000,0.0377359245,-0.4620162446,1.7214781120,0.5731357919,0.0360000000,0.0066332496,-0.6666666667,2.2169421488,-0.3700366502
