Instance,FV_avg_avg,FV_avg_sd,FV_sd_avg,FV_sd_sd,FV_r1_avg,FV_r1_sd,FV_kr_avg,FV_kr_sd,FV_sk_avg,FV_sk_sd,FD_avg_avg,FD_avg_sd,FD_sd_avg,FD_sd_sd,FD_r1_avg,FD_r1_sd,FD_kr_avg,FD_kr_sd,FD_sk_avg,FD_sk_sd,IN_avg_avg,IN_avg_sd,IN_sd_avg,IN_sd_sd,IN_r1_avg,IN_r1_sd,IN_kr_avg,IN_kr_sd,IN_sk_avg,IN_sk_sd
47,0.4932865846,0.2996435687,0.0012645474,0.0014976156,0.7661810668,0.1558064385,2.6019345000,0.8553900878,0.1286975878,0.5983859780,-0.0000190173,0.0000610303,0.0000481667,0.0000341641,0.0933039161,0.2451552116,2.5656760306,0.5523050259,-0.0894780828,0.4564209355,0.4913500000,0.0293080109,0.0355901321,0.0056930216,0.0536311792,0.2139242255,2.7886585065,0.5809606357,0.0029682655,0.4156516608
