Instance,FV_avg_avg,FV_avg_sd,FV_sd_avg,FV_sd_sd,FV_r1_avg,FV_r1_sd,FV_kr_avg,FV_kr_sd,FV_sk_avg,FV_sk_sd,FD_avg_avg,FD_avg_sd,FD_sd_avg,FD_sd_sd,FD_r1_avg,FD_r1_sd,FD_kr_avg,FD_kr_sd,FD_sk_avg,FD_sk_sd,IN_avg_avg,IN_avg_sd,IN_sd_avg,IN_sd_sd,IN_r1_avg,IN_r1_sd,IN_kr_avg,IN_kr_sd,IN_sk_avg,IN_sk_sd
254,0.4549930369,0.2766863151,0.0192916142,0.0116675015,0.9923953431,0.0039768742,1.9601223947,0.1537856110,0.4119519024,0.1207201625,-0.0002261801,0.0001367278,0.0001076615,0.0000653368,0.8691986861,0.0314781097,2.4519867472,0.2586806459,0.5244666551,0.1569096433,0.2137355505,0.0237960219,0.1357343081,0.0123543922,0.8283948309,0.0389652902,2.6510843092,0.3844371666,0.6870139907,0.1826402245
