Instance,INF_avg,INF_sd,INF_r1,INF_kr,INF_sk,SUP_avg,SUP_sd,SUP_r1,SUP_kr,SUP_sk,INC_avg,INC_sd,INC_r1,INC_kr,INC_sk,IND_avg,IND_sd,IND_r1,IND_kr,IND_sk
458,0.1880000000,0.1243221621,-0.0096930533,2.8872792974,0.7276227003,0.1560000000,0.0803990050,0.0937172165,2.4988481521,0.0354666721,0.6560000000,0.1358823020,0.0799883864,3.2579033367,-0.6048664177,0.4400000000,0.1095445115,-0.0589812332,3.5533333333,-0.2921186973
