Instance,INF_avg,INF_sd,INF_r1,INF_kr,INF_sk,SUP_avg,SUP_sd,SUP_r1,SUP_kr,SUP_sk,INC_avg,INC_sd,INC_r1,INC_kr,INC_sk,IND_avg,IND_sd,IND_r1,IND_kr,IND_sk
403,0.2470000000,0.0280891438,-0.0075359550,2.7608851750,-0.1440281485,0.2345000000,0.0316109158,0.1750071850,2.5708964611,-0.1542871423,0.5185000000,0.0307123754,0.2081650060,2.7023108871,0.1950503161,0.0383000000,0.0100304536,0.0601896328,2.1398278473,0.0401560127
