Instance,FV_avg_avg,FV_avg_sd,FV_sd_avg,FV_sd_sd,FV_r1_avg,FV_r1_sd,FV_kr_avg,FV_kr_sd,FV_sk_avg,FV_sk_sd,FD_avg_avg,FD_avg_sd,FD_sd_avg,FD_sd_sd,FD_r1_avg,FD_r1_sd,FD_kr_avg,FD_kr_sd,FD_sk_avg,FD_sk_sd,IN_avg_avg,IN_avg_sd,IN_sd_avg,IN_sd_sd,IN_r1_avg,IN_r1_sd,IN_kr_avg,IN_kr_sd,IN_sk_avg,IN_sk_sd
247,0.4960546258,0.3011249963,0.0022474127,0.0018271257,0.9431310910,0.0390660544,2.2899977728,0.6000553997,-0.0370941224,0.3709895521,0.0000124787,0.0000337720,0.0002024010,0.0001245957,-0.0482033862,0.0706265244,2.8622895710,0.5036008529,-0.0417953401,0.2645164689,0.5039500000,0.0239342328,0.1593390521,0.0088100220,-0.0553241755,0.0869647745,2.7538629941,0.3338819427,-0.0099316783,0.2371789474
