Instance,INF_avg,INF_sd,INF_r1,INF_kr,INF_sk,SUP_avg,SUP_sd,SUP_r1,SUP_kr,SUP_sk,INC_avg,INC_sd,INC_r1,INC_kr,INC_sk,IND_avg,IND_sd,IND_r1,IND_kr,IND_sk
471,0.2852941176,0.0951233037,-0.0791524804,3.0720545171,-0.2671916363,0.1970588235,0.0856988370,-0.0927923863,2.6532940437,-0.0839200654,0.5176470588,0.1136832241,-0.0445774408,2.2034698365,0.3863608741,0.2250000000,0.0666972969,-0.3218884120,2.1190492453,0.0000000000
