Instance,FV_avg_avg,FV_avg_sd,FV_sd_avg,FV_sd_sd,FV_r1_avg,FV_r1_sd,FV_kr_avg,FV_kr_sd,FV_sk_avg,FV_sk_sd,FD_avg_avg,FD_avg_sd,FD_sd_avg,FD_sd_sd,FD_r1_avg,FD_r1_sd,FD_kr_avg,FD_kr_sd,FD_sk_avg,FD_sk_sd,IN_avg_avg,IN_avg_sd,IN_sd_avg,IN_sd_sd,IN_r1_avg,IN_r1_sd,IN_kr_avg,IN_kr_sd,IN_sk_avg,IN_sk_sd
75,0.4553048671,0.2755308969,0.0218118301,0.0134896398,0.9868941044,0.0042849229,2.1051691276,0.0991332697,0.5459367265,0.0880341683,-0.0004126052,0.0002613168,0.0001892143,0.0001164092,0.9428859078,0.0139652594,2.2022792851,0.1747768457,0.5385192911,0.1247181698,0.1803884812,0.0231226556,0.1421968923,0.0128423670,0.9222500228,0.0162278429,2.4921549683,0.2339743919,0.7748239552,0.1374251418
