Instance,INF_avg,INF_sd,INF_r1,INF_kr,INF_sk,SUP_avg,SUP_sd,SUP_r1,SUP_kr,SUP_sk,INC_avg,INC_sd,INC_r1,INC_kr,INC_sk,IND_avg,IND_sd,IND_r1,IND_kr,IND_sk
369,0.2160000000,0.0463033476,-0.3990825688,1.3968589886,0.2436882574,0.2800000000,0.0657267069,-0.0444444444,2.4176954733,0.9804909980,0.5040000000,0.0463033476,-0.2783171521,2.1988193362,0.3365218792,0.0800000000,0.0178885438,0.2500000000,1.2500000000,0.0000000000
