Instance,INF_avg,INF_sd,INF_r1,INF_kr,INF_sk,SUP_avg,SUP_sd,SUP_r1,SUP_kr,SUP_sk,INC_avg,INC_sd,INC_r1,INC_kr,INC_sk,IND_avg,IND_sd,IND_r1,IND_kr,IND_sk
138,0.2490000000,0.0891571646,-0.2281910300,2.4326786782,0.1359483555,0.2470000000,0.0839106668,0.0283826488,2.4406211788,0.2469402415,0.5040000000,0.1099272487,-0.1306082510,2.3666867512,-0.0000542021,0.2500000000,0.0685565460,0.2234042553,2.8406518787,0.3724212549
