Instance,FV_avg_avg,FV_avg_sd,FV_sd_avg,FV_sd_sd,FV_r1_avg,FV_r1_sd,FV_kr_avg,FV_kr_sd,FV_sk_avg,FV_sk_sd,FD_avg_avg,FD_avg_sd,FD_sd_avg,FD_sd_sd,FD_r1_avg,FD_r1_sd,FD_kr_avg,FD_kr_sd,FD_sk_avg,FD_sk_sd,IN_avg_avg,IN_avg_sd,IN_sd_avg,IN_sd_sd,IN_r1_avg,IN_r1_sd,IN_kr_avg,IN_kr_sd,IN_sk_avg,IN_sk_sd
462,0.4326271669,0.2625765739,0.0307807993,0.0190666622,0.9855691570,0.0059955657,2.1053004755,0.1481390181,0.5779011543,0.1019625457,-0.0006036714,0.0003709566,0.0002940703,0.0001813801,0.9481166394,0.0102519774,2.2005263357,0.1988337391,0.5742644132,0.1296143422,0.1827391610,0.0159336195,0.1474598268,0.0102360938,0.9300292461,0.0068196631,2.5167241788,0.3067298456,0.8029216532,0.1466790875
