Instance,INF_avg,INF_sd,INF_r1,INF_kr,INF_sk,SUP_avg,SUP_sd,SUP_r1,SUP_kr,SUP_sk,INC_avg,INC_sd,INC_r1,INC_kr,INC_sk,IND_avg,IND_sd,IND_r1,IND_kr,IND_sk
452,0.2395000000,0.0285875847,-0.1397298021,1.5348739388,-0.1246190398,0.2760000000,0.0283548938,-0.6975939613,1.7797393629,0.1847584412,0.4845000000,0.0386943148,-0.2700161966,1.9600061291,-0.1129108984,0.0395000000,0.0117153745,-0.4392421206,1.8642837947,-0.3460960470
