Instance,INF_avg,INF_sd,INF_r1,INF_kr,INF_sk,SUP_avg,SUP_sd,SUP_r1,SUP_kr,SUP_sk,INC_avg,INC_sd,INC_r1,INC_kr,INC_sk,IND_avg,IND_sd,IND_r1,IND_kr,IND_sk
188,0.2404000000,0.0296957909,-0.0168198657,2.7681494013,0.5029885075,0.2507000000,0.0397619165,0.0827500339,2.6013716545,0.1154402749,0.5089000000,0.0411009732,0.2045997799,2.3473863703,-0.0479827423,0.0369000000,0.0087686943,-0.0035432396,3.8984696584,0.4558834853
