Instance,INF_avg,INF_sd,INF_r1,INF_kr,INF_sk,SUP_avg,SUP_sd,SUP_r1,SUP_kr,SUP_sk,INC_avg,INC_sd,INC_r1,INC_kr,INC_sk,IND_avg,IND_sd,IND_r1,IND_kr,IND_sk
397,0.2840000000,0.0274590604,-0.0929156283,1.4166742889,-0.2469072409,0.2280000000,0.0326496554,-0.8437982501,2.2520072935,0.7126657961,0.4880000000,0.0206397674,-0.6314271985,2.3040071414,0.8830211951,0.0370000000,0.0128840987,0.6210720887,1.5489185658,-0.0252482701
