Instance,INF_avg,INF_sd,INF_r1,INF_kr,INF_sk,SUP_avg,SUP_sd,SUP_r1,SUP_kr,SUP_sk,INC_avg,INC_sd,INC_r1,INC_kr,INC_sk,IND_avg,IND_sd,IND_r1,IND_kr,IND_sk
353,0.2548000000,0.0582147748,-0.1391270596,2.4050036038,0.1316270840,0.2372000000,0.0547006399,0.0413971388,3.6777509950,0.5632942423,0.5080000000,0.0809938269,0.0107280102,3.0064723379,-0.1196116451,0.1132000000,0.0261105343,0.0358874084,2.6659955064,0.0529369003
