Instance,INF_avg,INF_sd,INF_r1,INF_kr,INF_sk,SUP_avg,SUP_sd,SUP_r1,SUP_kr,SUP_sk,INC_avg,INC_sd,INC_r1,INC_kr,INC_sk,IND_avg,IND_sd,IND_r1,IND_kr,IND_sk
403,0.2460000000,0.0627056616,0.0676939675,3.6045168681,0.5706066018,0.2754000000,0.0585733728,-0.0121965590,3.0353044992,0.2627588232,0.4786000000,0.0730071229,0.0490962997,2.9826905291,-0.1980081532,0.1112000000,0.0314095527,-0.1324256601,2.9875107432,0.1138093243
