Instance,INF_avg,INF_sd,INF_r1,INF_kr,INF_sk,SUP_avg,SUP_sd,SUP_r1,SUP_kr,SUP_sk,INC_avg,INC_sd,INC_r1,INC_kr,INC_sk,IND_avg,IND_sd,IND_r1,IND_kr,IND_sk
477,0.3470000000,0.0264764046,0.0805437801,2.1194442014,0.0019396594,0.1840000000,0.0390384426,0.0634043673,2.0747101494,-0.1504674715,0.4690000000,0.0372692903,0.1773227881,3.9523423007,1.1333078963,0.0620000000,0.0183303028,-0.1256218905,2.1658163265,0.1909406540
