Instance,INF_avg,INF_sd,INF_r1,INF_kr,INF_sk,SUP_avg,SUP_sd,SUP_r1,SUP_kr,SUP_sk,INC_avg,INC_sd,INC_r1,INC_kr,INC_sk,IND_avg,IND_sd,IND_r1,IND_kr,IND_sk
79,0.3180000000,0.0563560112,-0.5304087737,1.3032916902,0.2461859013,0.1780000000,0.0426145515,-0.7953321364,2.2016825477,-0.2028220760,0.5040000000,0.0445421149,-0.5924726831,2.7805183403,-1.0803476181,0.0640000000,0.0162480768,0.1900311526,2.2685950413,0.1790421687
