Instance,FV_avg_avg,FV_avg_sd,FV_sd_avg,FV_sd_sd,FV_r1_avg,FV_r1_sd,FV_kr_avg,FV_kr_sd,FV_sk_avg,FV_sk_sd,FD_avg_avg,FD_avg_sd,FD_sd_avg,FD_sd_sd,FD_r1_avg,FD_r1_sd,FD_kr_avg,FD_kr_sd,FD_sk_avg,FD_sk_sd,IN_avg_avg,IN_avg_sd,IN_sd_avg,IN_sd_sd,IN_r1_avg,IN_r1_sd,IN_kr_avg,IN_kr_sd,IN_sk_avg,IN_sk_sd
104,0.4814863172,0.2919872042,0.0066423750,0.0044657518,0.9773259914,0.0111635774,2.1157107139,0.1170892480,0.4132677689,0.0831279231,-0.0002738988,0.0001713196,0.0001204898,0.0000762748,0.4488651817,0.0990280252,3.2386049835,0.5369310127,0.4085224845,0.2863215528,0.2664854534,0.0282001317,0.1285576648,0.0106611445,0.3888411086,0.0910449169,3.0874647579,0.5705762789,0.4596232426,0.2839751273
