Instance,FV_avg_avg,FV_avg_sd,FV_sd_avg,FV_sd_sd,FV_r1_avg,FV_r1_sd,FV_kr_avg,FV_kr_sd,FV_sk_avg,FV_sk_sd,FD_avg_avg,FD_avg_sd,FD_sd_avg,FD_sd_sd,FD_r1_avg,FD_r1_sd,FD_kr_avg,FD_kr_sd,FD_sk_avg,FD_sk_sd,IN_avg_avg,IN_avg_sd,IN_sd_avg,IN_sd_sd,IN_r1_avg,IN_r1_sd,IN_kr_avg,IN_kr_sd,IN_sk_avg,IN_sk_sd
416,0.4989196962,0.3034359790,0.0002333904,0.0001607132,0.5567272926,0.2800069997,2.0397829976,0.6623751591,-0.2537653626,0.4950843647,0.0000004514,0.0000154086,0.0000134357,0.0000089146,-0.1227209339,0.3481470456,2.3139844006,0.8298070065,-0.1148175247,0.5663039553,0.5003750000,0.0310639964,0.0286220091,0.0082488238,-0.0348853459,0.3078385906,2.5852689759,0.9820883962,-0.2329368684,0.5965256514
