Instance,FV_avg_avg,FV_avg_sd,FV_sd_avg,FV_sd_sd,FV_r1_avg,FV_r1_sd,FV_kr_avg,FV_kr_sd,FV_sk_avg,FV_sk_sd,FD_avg_avg,FD_avg_sd,FD_sd_avg,FD_sd_sd,FD_r1_avg,FD_r1_sd,FD_kr_avg,FD_kr_sd,FD_sk_avg,FD_sk_sd,IN_avg_avg,IN_avg_sd,IN_sd_avg,IN_sd_sd,IN_r1_avg,IN_r1_sd,IN_kr_avg,IN_kr_sd,IN_sk_avg,IN_sk_sd
344,0.4911414128,0.2988490466,0.0010342204,0.0007915049,0.0705273078,0.3340667294,2.2176988692,0.5403127746,0.0317198987,0.7588688716,-0.0000379475,0.0002243272,0.0002707386,0.0001909128,-0.1796649861,0.4685965909,1.8513551012,0.5646472456,0.1717591275,0.5096057259,0.4910000000,0.0754917214,0.1144795288,0.0511315704,-0.1980667625,0.3345192565,2.0158811769,0.5079358226,0.0634928615,0.5642471429
