Instance,INF_avg,INF_sd,INF_r1,INF_kr,INF_sk,SUP_avg,SUP_sd,SUP_r1,SUP_kr,SUP_sk,INC_avg,INC_sd,INC_r1,INC_kr,INC_sk,IND_avg,IND_sd,IND_r1,IND_kr,IND_sk
447,0.2238000000,0.0330538954,0.0372576461,3.0078662795,0.3573453866,0.2920000000,0.0367967390,0.0309076334,2.1252168202,-0.4843567095,0.4842000000,0.0389019280,-0.1169771863,2.2646170966,0.2957669540,0.0334000000,0.0079649231,-0.1877738479,2.1229508197,0.1159877543
