Instance,FV_avg_avg,FV_avg_sd,FV_sd_avg,FV_sd_sd,FV_r1_avg,FV_r1_sd,FV_kr_avg,FV_kr_sd,FV_sk_avg,FV_sk_sd,FD_avg_avg,FD_avg_sd,FD_sd_avg,FD_sd_sd,FD_r1_avg,FD_r1_sd,FD_kr_avg,FD_kr_sd,FD_sk_avg,FD_sk_sd,IN_avg_avg,IN_avg_sd,IN_sd_avg,IN_sd_sd,IN_r1_avg,IN_r1_sd,IN_kr_avg,IN_kr_sd,IN_sk_avg,IN_sk_sd
4,0.4991582040,0.3034998622,0.0006750298,0.0005577076,0.9333675646,0.0423936167,2.4438968365,0.5858897780,-0.0447467809,0.4012945961,0.0000017077,0.0000126406,0.0000248121,0.0000150694,0.0065499370,0.1297880035,3.0010143604,0.4700361331,-0.0418586815,0.2976122839,0.4961200000,0.0292428726,0.0714819563,0.0046184323,0.0497008730,0.1161884383,2.8135130280,0.3462847777,-0.0298426325,0.2211433381
