Instance,FV_avg_avg,FV_avg_sd,FV_sd_avg,FV_sd_sd,FV_r1_avg,FV_r1_sd,FV_kr_avg,FV_kr_sd,FV_sk_avg,FV_sk_sd,FD_avg_avg,FD_avg_sd,FD_sd_avg,FD_sd_sd,FD_r1_avg,FD_r1_sd,FD_kr_avg,FD_kr_sd,FD_sk_avg,FD_sk_sd,IN_avg_avg,IN_avg_sd,IN_sd_avg,IN_sd_sd,IN_r1_avg,IN_r1_sd,IN_kr_avg,IN_kr_sd,IN_sk_avg,IN_sk_sd
275,0.4977598651,0.3024931976,0.0001771364,0.0001333309,0.8216489486,0.1253980505,2.2685123689,0.5371761077,-0.0631446810,0.4212107204,-0.0000000189,0.0000054386,0.0000197347,0.0000127793,-0.1797228529,0.2045837745,2.5737733358,0.6321749072,-0.0897733361,0.4099552118,0.5001000000,0.0235751988,0.1027736558,0.0157090951,-0.1308734358,0.2055173718,2.7119433096,0.5740915405,-0.0216237318,0.3946912773
