Instance,INF_avg,INF_sd,INF_r1,INF_kr,INF_sk,SUP_avg,SUP_sd,SUP_r1,SUP_kr,SUP_sk,INC_avg,INC_sd,INC_r1,INC_kr,INC_sk,IND_avg,IND_sd,IND_r1,IND_kr,IND_sk
34,0.2322000000,0.0519341891,-0.0632898777,3.2484570562,0.3455874286,0.2918000000,0.0478200795,0.2282140599,2.5783596490,0.2529939978,0.4760000000,0.0497192116,0.1687628630,2.3084959311,0.0745936580,0.0648000000,0.0195181966,0.0964012291,3.5448397038,0.4254615357
