Instance,FV_avg_avg,FV_avg_sd,FV_sd_avg,FV_sd_sd,FV_r1_avg,FV_r1_sd,FV_kr_avg,FV_kr_sd,FV_sk_avg,FV_sk_sd,FD_avg_avg,FD_avg_sd,FD_sd_avg,FD_sd_sd,FD_r1_avg,FD_r1_sd,FD_kr_avg,FD_kr_sd,FD_sk_avg,FD_sk_sd,IN_avg_avg,IN_avg_sd,IN_sd_avg,IN_sd_sd,IN_r1_avg,IN_r1_sd,IN_kr_avg,IN_kr_sd,IN_sk_avg,IN_sk_sd
280,0.4936363808,0.2998197377,0.0014484828,0.0010902029,0.9160849360,0.0609704089,2.4566935751,0.6775858928,0.0610102601,0.4150772450,-0.0000090672,0.0000292100,0.0000355987,0.0000214530,0.1954249502,0.1542815995,2.8286265583,0.4212507476,-0.0305476506,0.1971796745,0.4973325000,0.0238448332,0.0381057740,0.0032780887,0.1300985099,0.1279233560,2.9520411693,0.2747496563,0.0049156279,0.2021955725
