Instance,FV_avg_avg,FV_avg_sd,FV_sd_avg,FV_sd_sd,FV_r1_avg,FV_r1_sd,FV_kr_avg,FV_kr_sd,FV_sk_avg,FV_sk_sd,FD_avg_avg,FD_avg_sd,FD_sd_avg,FD_sd_sd,FD_r1_avg,FD_r1_sd,FD_kr_avg,FD_kr_sd,FD_sk_avg,FD_sk_sd,IN_avg_avg,IN_avg_sd,IN_sd_avg,IN_sd_sd,IN_r1_avg,IN_r1_sd,IN_kr_avg,IN_kr_sd,IN_sk_avg,IN_sk_sd
45,0.4885017704,0.2973933274,0.0021642323,0.0018754815,0.9026055863,0.0538811276,2.4888062328,0.5419722892,-0.0580072450,0.5201943561,0.0000151398,0.0000714655,0.0002500419,0.0001442344,0.0099181682,0.1313744692,2.8420079849,0.4623240269,0.0147827224,0.2792985084,0.5015000000,0.0341694308,0.1544243039,0.0177012529,-0.0028013285,0.0913595721,2.6197333254,0.4706704617,0.0285273079,0.2047252977
