Instance,INF_avg,INF_sd,INF_r1,INF_kr,INF_sk,SUP_avg,SUP_sd,SUP_r1,SUP_kr,SUP_sk,INC_avg,INC_sd,INC_r1,INC_kr,INC_sk,IND_avg,IND_sd,IND_r1,IND_kr,IND_sk
409,0.3333333333,0.1083791112,-0.1227651967,2.0842768444,0.1517030474,0.1928571429,0.1198071012,-0.0339833945,3.0365389367,0.7501903514,0.4738095238,0.1053554614,-0.1601486507,1.9101942634,-0.3332174624,0.2380952381,0.0615373713,0.3142600359,2.9613826240,-0.3064015644
