Instance,FV_avg_avg,FV_avg_sd,FV_sd_avg,FV_sd_sd,FV_r1_avg,FV_r1_sd,FV_kr_avg,FV_kr_sd,FV_sk_avg,FV_sk_sd,FD_avg_avg,FD_avg_sd,FD_sd_avg,FD_sd_sd,FD_r1_avg,FD_r1_sd,FD_kr_avg,FD_kr_sd,FD_sk_avg,FD_sk_sd,IN_avg_avg,IN_avg_sd,IN_sd_avg,IN_sd_sd,IN_r1_avg,IN_r1_sd,IN_kr_avg,IN_kr_sd,IN_sk_avg,IN_sk_sd
335,0.4948602712,0.2996569923,0.0005573957,0.0004735991,0.0591611472,0.4558379212,1.9819841790,0.4498264218,0.0340611330,0.6243985526,-0.0000146892,0.0000796501,0.0002080955,0.0001528782,-0.2328591524,0.3955104034,2.2600458662,0.4609707594,-0.0334538071,0.7217584727,0.4840000000,0.0760526134,0.1316270501,0.0586030688,-0.0680551187,0.4235754953,2.0334564461,0.5759648303,-0.0483462811,0.6843737570
