Instance,INF_avg,INF_sd,INF_r1,INF_kr,INF_sk,SUP_avg,SUP_sd,SUP_r1,SUP_kr,SUP_sk,INC_avg,INC_sd,INC_r1,INC_kr,INC_sk,IND_avg,IND_sd,IND_r1,IND_kr,IND_sk
497,0.2832000000,0.0716363036,0.7798447106,2.4878323404,0.0576677484,0.2750500000,0.0764215120,0.8079830620,2.6834899109,0.2952199139,0.4417500000,0.0578592041,0.5918341899,2.6200208806,-0.2128969147,0.0314000000,0.0095152509,0.2897940945,2.7188530696,0.1619109094
