Instance,FV_avg_avg,FV_avg_sd,FV_sd_avg,FV_sd_sd,FV_r1_avg,FV_r1_sd,FV_kr_avg,FV_kr_sd,FV_sk_avg,FV_sk_sd,FD_avg_avg,FD_avg_sd,FD_sd_avg,FD_sd_sd,FD_r1_avg,FD_r1_sd,FD_kr_avg,FD_kr_sd,FD_sk_avg,FD_sk_sd,IN_avg_avg,IN_avg_sd,IN_sd_avg,IN_sd_sd,IN_r1_avg,IN_r1_sd,IN_kr_avg,IN_kr_sd,IN_sk_avg,IN_sk_sd
238,0.4871995504,0.2971601164,0.0021957996,0.0017308436,0.9066777309,0.0575216765,2.4552030388,0.7228556987,-0.1145106246,0.5791262013,-0.0000078646,0.0000716217,0.0001135561,0.0000694180,0.1137079211,0.1814730648,2.8418597422,0.6889993703,0.0255069207,0.3367715481,0.4944400000,0.0290502737,0.0706685855,0.0085275446,0.0865947664,0.1538989606,2.7360974991,0.8645271926,-0.0274181553,0.3222617377
