Instance,INF_avg,INF_sd,INF_r1,INF_kr,INF_sk,SUP_avg,SUP_sd,SUP_r1,SUP_kr,SUP_sk,INC_avg,INC_sd,INC_r1,INC_kr,INC_sk,IND_avg,IND_sd,IND_r1,IND_kr,IND_sk
148,0.2950000000,0.1011187421,-0.6374269006,1.7207991344,-0.0812426930,0.1750000000,0.0715891053,0.0175438596,2.2278405711,-0.1022093116,0.5300000000,0.1307669683,-0.3628370457,2.4324407510,0.7754520127,0.2500000000,0.0774596669,-0.5333333333,2.2916666667,0.4841229183
