Instance,FV_avg_avg,FV_avg_sd,FV_sd_avg,FV_sd_sd,FV_r1_avg,FV_r1_sd,FV_kr_avg,FV_kr_sd,FV_sk_avg,FV_sk_sd,FD_avg_avg,FD_avg_sd,FD_sd_avg,FD_sd_sd,FD_r1_avg,FD_r1_sd,FD_kr_avg,FD_kr_sd,FD_sk_avg,FD_sk_sd,IN_avg_avg,IN_avg_sd,IN_sd_avg,IN_sd_sd,IN_r1_avg,IN_r1_sd,IN_kr_avg,IN_kr_sd,IN_sk_avg,IN_sk_sd
180,0.4983284335,0.3019921015,0.0005901029,0.0004957051,0.5645953930,0.3341828586,2.3817914286,0.7620646915,-0.0192795214,0.6553768786,-0.0000048181,0.0000339519,0.0000391315,0.0000256289,-0.0911145042,0.3043111428,2.3045468856,0.4603763445,0.0161322899,0.3397128501,0.4965500000,0.0320194863,0.0473638028,0.0073498424,-0.1254624676,0.2696619377,2.2111230185,0.4234628185,-0.0721445298,0.5238949317
