Instance,INF_avg,INF_sd,INF_r1,INF_kr,INF_sk,SUP_avg,SUP_sd,SUP_r1,SUP_kr,SUP_sk,INC_avg,INC_sd,INC_r1,INC_kr,INC_sk,IND_avg,IND_sd,IND_r1,IND_kr,IND_sk
494,0.2450000000,0.0820060973,-0.1516229435,1.7829631984,-0.2475108367,0.2250000000,0.0750000000,0.0769230769,1.9481481481,-0.0000000000,0.5300000000,0.0781024968,-0.1881188119,2.0658425155,0.2077975592,0.2750000000,0.0844097151,-0.3451327434,1.6943674977,0.1870575403
