Instance,FV_avg_avg,FV_avg_sd,FV_sd_avg,FV_sd_sd,FV_r1_avg,FV_r1_sd,FV_kr_avg,FV_kr_sd,FV_sk_avg,FV_sk_sd,FD_avg_avg,FD_avg_sd,FD_sd_avg,FD_sd_sd,FD_r1_avg,FD_r1_sd,FD_kr_avg,FD_kr_sd,FD_sk_avg,FD_sk_sd,IN_avg_avg,IN_avg_sd,IN_sd_avg,IN_sd_sd,IN_r1_avg,IN_r1_sd,IN_kr_avg,IN_kr_sd,IN_sk_avg,IN_sk_sd
337,0.4972470042,0.3025026996,0.0007583837,0.0005586849,0.9498507909,0.0366757326,2.2546215111,0.4022156652,-0.0847483812,0.3866512671,-0.0000056475,0.0000153793,0.0000454275,0.0000271339,0.0101580168,0.1037292165,3.0518136877,0.5017919516,0.1120657081,0.2270883852,0.4852000000,0.0261387643,0.1108050420,0.0061210847,-0.0101059938,0.1151445413,2.8341240588,0.3834139672,0.0232268893,0.2043834139
