Instance,INF_avg,INF_sd,INF_r1,INF_kr,INF_sk,SUP_avg,SUP_sd,SUP_r1,SUP_kr,SUP_sk,INC_avg,INC_sd,INC_r1,INC_kr,INC_sk,IND_avg,IND_sd,IND_r1,IND_kr,IND_sk
172,0.4121052632,0.1084255237,0.8348225966,2.4281388767,-0.3146310469,0.1067105263,0.0786127778,0.8640801192,2.8718008600,0.8924242956,0.4811842105,0.0516813899,0.3109474197,2.5754160981,-0.2108751133,0.0703947368,0.0179502814,0.2092488868,2.4840006572,-0.0182082970
