Instance,FV_avg_avg,FV_avg_sd,FV_sd_avg,FV_sd_sd,FV_r1_avg,FV_r1_sd,FV_kr_avg,FV_kr_sd,FV_sk_avg,FV_sk_sd,FD_avg_avg,FD_avg_sd,FD_sd_avg,FD_sd_sd,FD_r1_avg,FD_r1_sd,FD_kr_avg,FD_kr_sd,FD_sk_avg,FD_sk_sd,IN_avg_avg,IN_avg_sd,IN_sd_avg,IN_sd_sd,IN_r1_avg,IN_r1_sd,IN_kr_avg,IN_kr_sd,IN_sk_avg,IN_sk_sd
269,0.4548148345,0.2765829984,0.0221853988,0.0129236000,0.9855370455,0.0071212665,2.0547295540,0.1624293228,0.5106506345,0.1318823743,-0.0004615135,0.0002780044,0.0002222660,0.0001317064,0.9407516996,0.0285166127,2.3426734084,0.5406866794,0.5772505697,0.1952911564,0.1804817883,0.0198223348,0.1458052853,0.0119241829,0.9254167620,0.0210611603,2.6223975636,0.3675891898,0.8170286711,0.1640894759
