Instance,INF_avg,INF_sd,INF_r1,INF_kr,INF_sk,SUP_avg,SUP_sd,SUP_r1,SUP_kr,SUP_sk,INC_avg,INC_sd,INC_r1,INC_kr,INC_sk,IND_avg,IND_sd,IND_r1,IND_kr,IND_sk
243,0.2720000000,0.0606630036,0.3730325289,2.3445746692,-0.2485577698,0.2400000000,0.0526117858,-0.0637681159,2.2394667379,0.0395524468,0.4880000000,0.0665732679,0.1268694458,2.7122860978,0.2440241838,0.1188000000,0.0308311531,-0.0426170125,4.0420488107,0.6573117499
