Instance,INF_avg,INF_sd,INF_r1,INF_kr,INF_sk,SUP_avg,SUP_sd,SUP_r1,SUP_kr,SUP_sk,INC_avg,INC_sd,INC_r1,INC_kr,INC_sk,IND_avg,IND_sd,IND_r1,IND_kr,IND_sk
278,0.2626000000,0.0386036268,0.1714034872,2.2942701829,0.2759242016,0.2388000000,0.0274328271,-0.2178989897,1.9948110075,0.1807203396,0.4986000000,0.0325428948,0.1845230178,2.6192266567,0.4153788763,0.0380000000,0.0083666003,0.2504409171,2.1546938776,-0.0204896333
