Instance,INF_avg,INF_sd,INF_r1,INF_kr,INF_sk,SUP_avg,SUP_sd,SUP_r1,SUP_kr,SUP_sk,INC_avg,INC_sd,INC_r1,INC_kr,INC_sk,IND_avg,IND_sd,IND_r1,IND_kr,IND_sk
504,0.2740000000,0.0548087584,0.4871270944,1.8525623182,0.3005730306,0.4190000000,0.0550363516,0.2995464928,1.6803317899,0.3418491510,0.3070000000,0.0392555729,0.4087692613,2.6053423597,0.9190509497,0.0490000000,0.0113578167,-0.2567882079,2.2460789616,0.1965657837
