Instance,FV_avg_avg,FV_avg_sd,FV_sd_avg,FV_sd_sd,FV_r1_avg,FV_r1_sd,FV_kr_avg,FV_kr_sd,FV_sk_avg,FV_sk_sd,FD_avg_avg,FD_avg_sd,FD_sd_avg,FD_sd_sd,FD_r1_avg,FD_r1_sd,FD_kr_avg,FD_kr_sd,FD_sk_avg,FD_sk_sd,IN_avg_avg,IN_avg_sd,IN_sd_avg,IN_sd_sd,IN_r1_avg,IN_r1_sd,IN_kr_avg,IN_kr_sd,IN_sk_avg,IN_sk_sd
198,0.4974831789,0.3020829698,0.0005576453,0.0005324804,0.8071211556,0.1486588628,2.3831817285,0.6926739579,0.1251591767,0.4975900898,0.0000058466,0.0000209892,0.0000945328,0.0000567179,0.0093246536,0.2065574076,3.0098137832,0.7208200775,0.0593613027,0.4318800826,0.5060000000,0.0313049517,0.1603727993,0.0215537759,-0.0880379301,0.1876835186,2.6634245200,0.5760953661,-0.1149734071,0.3958885304
