Instance,INF_avg,INF_sd,INF_r1,INF_kr,INF_sk,SUP_avg,SUP_sd,SUP_r1,SUP_kr,SUP_sk,INC_avg,INC_sd,INC_r1,INC_kr,INC_sk,IND_avg,IND_sd,IND_r1,IND_kr,IND_sk
145,0.2520000000,0.1268700122,0.1727317404,2.8162456672,0.0139150893,0.2140000000,0.1341789849,0.0126710548,3.7541583121,0.8863005341,0.5340000000,0.1607606917,-0.0953344107,2.8027375617,0.0733164970,0.3860000000,0.1216716894,-0.0780508840,2.4807842743,0.2689898688
