Instance,FV_avg_avg,FV_avg_sd,FV_sd_avg,FV_sd_sd,FV_r1_avg,FV_r1_sd,FV_kr_avg,FV_kr_sd,FV_sk_avg,FV_sk_sd,FD_avg_avg,FD_avg_sd,FD_sd_avg,FD_sd_sd,FD_r1_avg,FD_r1_sd,FD_kr_avg,FD_kr_sd,FD_sk_avg,FD_sk_sd,IN_avg_avg,IN_avg_sd,IN_sd_avg,IN_sd_sd,IN_r1_avg,IN_r1_sd,IN_kr_avg,IN_kr_sd,IN_sk_avg,IN_sk_sd
401,0.5000098030,0.3033344571,0.0003221139,0.0002685741,0.7655608422,0.1847841453,2.5535269483,0.7851852007,0.1629411221,0.5010789047,-0.0000023421,0.0000122738,0.0000545286,0.0000364077,0.0021714913,0.1904399911,3.0051726618,0.6633693728,0.0332814188,0.5169561193,0.5002000000,0.0449973333,0.1549738559,0.0232013792,-0.0152673589,0.2352418554,2.5436910782,0.4638468768,0.0991665652,0.3440373471
