Instance,INF_avg,INF_sd,INF_r1,INF_kr,INF_sk,SUP_avg,SUP_sd,SUP_r1,SUP_kr,SUP_sk,INC_avg,INC_sd,INC_r1,INC_kr,INC_sk,IND_avg,IND_sd,IND_r1,IND_kr,IND_sk
311,0.2400000000,0.0340587727,-0.5714285714,1.4774078478,-0.3644815156,0.2860000000,0.0205912603,-0.3305613306,2.2821288715,-0.6927284075,0.4740000000,0.0412795349,-0.7309064954,1.2724657806,-0.2688642588,0.0540000000,0.0135646600,-0.4380530973,2.9310018904,1.1731251294
