Instance,INF_avg,INF_sd,INF_r1,INF_kr,INF_sk,SUP_avg,SUP_sd,SUP_r1,SUP_kr,SUP_sk,INC_avg,INC_sd,INC_r1,INC_kr,INC_sk,IND_avg,IND_sd,IND_r1,IND_kr,IND_sk
9,0.2300000000,0.1187434209,-0.0667054207,3.6727025804,0.5518782802,0.2240000000,0.1225724276,-0.2073665458,2.8011547871,-0.1387717042,0.5460000000,0.1117318218,-0.0932198479,3.4433644562,-0.2868588832,0.4140000000,0.1249159718,-0.0366613505,2.5850710625,0.3498316796
