Instance,FV_avg_avg,FV_avg_sd,FV_sd_avg,FV_sd_sd,FV_r1_avg,FV_r1_sd,FV_kr_avg,FV_kr_sd,FV_sk_avg,FV_sk_sd,FD_avg_avg,FD_avg_sd,FD_sd_avg,FD_sd_sd,FD_r1_avg,FD_r1_sd,FD_kr_avg,FD_kr_sd,FD_sk_avg,FD_sk_sd,IN_avg_avg,IN_avg_sd,IN_sd_avg,IN_sd_sd,IN_r1_avg,IN_r1_sd,IN_kr_avg,IN_kr_sd,IN_sk_avg,IN_sk_sd
231,0.4930301669,0.3004394245,0.0010861891,0.0007056531,0.8453027651,0.0893348713,2.4448126525,0.4775046226,0.1376566554,0.3882110511,0.0000120511,0.0000505956,0.0000520861,0.0000340152,0.3760764117,0.2044808895,2.8489315129,0.6232575348,0.0409912002,0.3762189752,0.4958250000,0.0392057250,0.0497827948,0.0090127045,0.3629108380,0.1545985543,2.9999436514,0.8506426013,0.0296998847,0.4015367610
