Instance,FV_avg_avg,FV_avg_sd,FV_sd_avg,FV_sd_sd,FV_r1_avg,FV_r1_sd,FV_kr_avg,FV_kr_sd,FV_sk_avg,FV_sk_sd,FD_avg_avg,FD_avg_sd,FD_sd_avg,FD_sd_sd,FD_r1_avg,FD_r1_sd,FD_kr_avg,FD_kr_sd,FD_sk_avg,FD_sk_sd,IN_avg_avg,IN_avg_sd,IN_sd_avg,IN_sd_sd,IN_r1_avg,IN_r1_sd,IN_kr_avg,IN_kr_sd,IN_sk_avg,IN_sk_sd
461,0.4965514521,0.3022423925,0.0006726036,0.0006349621,0.9463671770,0.0328335214,2.4575167793,0.6951465843,-0.0733548597,0.4941450692,0.0000022247,0.0000082680,0.0000125948,0.0000079753,0.0298150474,0.1315016502,3.0200615738,0.5628198172,0.0163896930,0.2624832605,0.5042875000,0.0169606300,0.0350941012,0.0022239460,0.0197860949,0.1099706044,2.9576176443,0.7535537152,-0.0702584493,0.3130555490
