Instance,FV_avg_avg,FV_avg_sd,FV_sd_avg,FV_sd_sd,FV_r1_avg,FV_r1_sd,FV_kr_avg,FV_kr_sd,FV_sk_avg,FV_sk_sd,FD_avg_avg,FD_avg_sd,FD_sd_avg,FD_sd_sd,FD_r1_avg,FD_r1_sd,FD_kr_avg,FD_kr_sd,FD_sk_avg,FD_sk_sd,IN_avg_avg,IN_avg_sd,IN_sd_avg,IN_sd_sd,IN_r1_avg,IN_r1_sd,IN_kr_avg,IN_kr_sd,IN_sk_avg,IN_sk_sd
251,0.5008184753,0.3044324231,0.0000808745,0.0000618120,0.1326481301,0.3845641330,1.9409589867,0.5666324986,-0.0330722267,0.6160595766,0.0000003787,0.0000037956,0.0000059022,0.0000040960,-0.3176042399,0.3771930857,1.9739664429,0.4485160943,-0.0473855162,0.5474594478,0.5053000000,0.0183360301,0.0332507615,0.0110039474,-0.2756153290,0.3977852684,2.1726895438,0.4529709864,-0.2025093811,0.6781519521
