Instance,FV_avg_avg,FV_avg_sd,FV_sd_avg,FV_sd_sd,FV_r1_avg,FV_r1_sd,FV_kr_avg,FV_kr_sd,FV_sk_avg,FV_sk_sd,FD_avg_avg,FD_avg_sd,FD_sd_avg,FD_sd_sd,FD_r1_avg,FD_r1_sd,FD_kr_avg,FD_kr_sd,FD_sk_avg,FD_sk_sd,IN_avg_avg,IN_avg_sd,IN_sd_avg,IN_sd_sd,IN_r1_avg,IN_r1_sd,IN_kr_avg,IN_kr_sd,IN_sk_avg,IN_sk_sd
431,0.4925722379,0.2995099887,0.0021109001,0.0013678894,0.7865388505,0.1434075639,2.4746010297,0.8757484884,-0.1409473322,0.4207158529,-0.0000113334,0.0001094824,0.0002682022,0.0001781866,-0.0324471672,0.1393279972,2.7426153967,0.4651175847,0.0526642333,0.4118605468,0.5026000000,0.0432578317,0.1131473919,0.0202402495,-0.0310959931,0.2013246613,2.6948228069,0.4828359386,-0.0108347106,0.3874405134
