Instance,FV_avg_avg,FV_avg_sd,FV_sd_avg,FV_sd_sd,FV_r1_avg,FV_r1_sd,FV_kr_avg,FV_kr_sd,FV_sk_avg,FV_sk_sd,FD_avg_avg,FD_avg_sd,FD_sd_avg,FD_sd_sd,FD_r1_avg,FD_r1_sd,FD_kr_avg,FD_kr_sd,FD_sk_avg,FD_sk_sd,IN_avg_avg,IN_avg_sd,IN_sd_avg,IN_sd_sd,IN_r1_avg,IN_r1_sd,IN_kr_avg,IN_kr_sd,IN_sk_avg,IN_sk_sd
253,0.4930100442,0.2995089295,0.0007340454,0.0006276839,0.7364366563,0.1548560237,2.3034615265,0.6023424677,-0.0996584027,0.4461755641,0.0000065197,0.0000440915,0.0001343373,0.0000885492,-0.0375763059,0.2038268709,3.0503801160,1.0087225874,0.1476542671,0.5128913853,0.5188000000,0.0524152650,0.1522558523,0.0275200915,0.0118627937,0.2163383231,2.9023272073,0.7274678756,0.0599715464,0.5350258549
