Instance,INF_avg,INF_sd,INF_r1,INF_kr,INF_sk,SUP_avg,SUP_sd,SUP_r1,SUP_kr,SUP_sk,INC_avg,INC_sd,INC_r1,INC_kr,INC_sk,IND_avg,IND_sd,IND_r1,IND_kr,IND_sk
428,0.2780000000,0.0762627039,0.3175356758,2.2829409550,0.6301608681,0.2380000000,0.0972419662,-0.1784361375,2.4017216797,0.6330955055,0.4840000000,0.0966643678,-0.2400066777,2.4916751208,0.2243144984,0.2280000000,0.0849470423,0.3591453790,2.9027487574,0.5577754496
