Instance,FV_avg_avg,FV_avg_sd,FV_sd_avg,FV_sd_sd,FV_r1_avg,FV_r1_sd,FV_kr_avg,FV_kr_sd,FV_sk_avg,FV_sk_sd,FD_avg_avg,FD_avg_sd,FD_sd_avg,FD_sd_sd,FD_r1_avg,FD_r1_sd,FD_kr_avg,FD_kr_sd,FD_sk_avg,FD_sk_sd,IN_avg_avg,IN_avg_sd,IN_sd_avg,IN_sd_sd,IN_r1_avg,IN_r1_sd,IN_kr_avg,IN_kr_sd,IN_sk_avg,IN_sk_sd
24,0.4962748594,0.3034024203,0.0011701519,0.0007985387,0.8397448638,0.0864972424,2.3314738759,0.5737759380,-0.1129198430,0.4643311637,0.0000235343,0.0000823367,0.0001979025,0.0001162871,-0.0191523733,0.1898611164,2.8172890527,0.4580167672,-0.1161291391,0.3985731497,0.5022000000,0.0468610713,0.1603524887,0.0150425853,-0.0411801580,0.2114740757,2.6428727005,0.8039960787,-0.0479867814,0.4060982310
