Instance,INF_avg,INF_sd,INF_r1,INF_kr,INF_sk,SUP_avg,SUP_sd,SUP_r1,SUP_kr,SUP_sk,INC_avg,INC_sd,INC_r1,INC_kr,INC_sk,IND_avg,IND_sd,IND_r1,IND_kr,IND_sk
428,0.3000000000,0.1632993162,-0.0322580645,2.1750000000,0.0000000000,0.2533333333,0.1309792180,0.0197883111,2.3488013101,0.0163508648,0.4466666667,0.1586050300,0.1594597796,2.6313913271,-0.4904360860,0.4066666667,0.0771722460,0.3671607754,3.6412341279,0.7555625334
