Instance,INF_avg,INF_sd,INF_r1,INF_kr,INF_sk,SUP_avg,SUP_sd,SUP_r1,SUP_kr,SUP_sk,INC_avg,INC_sd,INC_r1,INC_kr,INC_sk,IND_avg,IND_sd,IND_r1,IND_kr,IND_sk
189,0.2620000000,0.0430232495,-0.1596009975,4.3200609071,1.2859881856,0.2570000000,0.0200249844,0.0722039889,2.8622147872,-0.3971348141,0.4810000000,0.0296479342,-0.2350665605,3.4359126684,-0.5636108580,0.0355000000,0.0075663730,-0.0955183341,3.2031616483,-0.1696774398
