Instance,INF_avg,INF_sd,INF_r1,INF_kr,INF_sk,SUP_avg,SUP_sd,SUP_r1,SUP_kr,SUP_sk,INC_avg,INC_sd,INC_r1,INC_kr,INC_sk,IND_avg,IND_sd,IND_r1,IND_kr,IND_sk
200,0.2800000000,0.1939071943,0.0207373272,1.4081032141,-0.3752617726,0.2200000000,0.1600000000,-0.5131578947,2.0781250000,0.8437500000,0.5000000000,0.2097617696,-0.6111111111,2.8305785124,1.1701586323,0.2800000000,0.0748331477,-0.4814814815,1.8469387755,0.3436215967
