Instance,FV_avg_avg,FV_avg_sd,FV_sd_avg,FV_sd_sd,FV_r1_avg,FV_r1_sd,FV_kr_avg,FV_kr_sd,FV_sk_avg,FV_sk_sd,FD_avg_avg,FD_avg_sd,FD_sd_avg,FD_sd_sd,FD_r1_avg,FD_r1_sd,FD_kr_avg,FD_kr_sd,FD_sk_avg,FD_sk_sd,IN_avg_avg,IN_avg_sd,IN_sd_avg,IN_sd_sd,IN_r1_avg,IN_r1_sd,IN_kr_avg,IN_kr_sd,IN_sk_avg,IN_sk_sd
497,0.4845668897,0.2955217498,0.0019845980,0.0014619801,0.2298356495,0.4714946249,1.9215635135,0.4223504988,0.0977663558,0.5099484100,0.0000042864,0.0004170714,0.0003127001,0.0002024717,-0.1777638178,0.3423616564,1.9004717954,0.4693876329,-0.0145834109,0.5378398934,0.4894000000,0.0667445878,0.0673129651,0.0246934147,-0.2412651550,0.3841896545,1.8614703979,0.4270929722,-0.0946282338,0.4942454441
