Instance,FV_avg_avg,FV_avg_sd,FV_sd_avg,FV_sd_sd,FV_r1_avg,FV_r1_sd,FV_kr_avg,FV_kr_sd,FV_sk_avg,FV_sk_sd,FD_avg_avg,FD_avg_sd,FD_sd_avg,FD_sd_sd,FD_r1_avg,FD_r1_sd,FD_kr_avg,FD_kr_sd,FD_sk_avg,FD_sk_sd,IN_avg_avg,IN_avg_sd,IN_sd_avg,IN_sd_sd,IN_r1_avg,IN_r1_sd,IN_kr_avg,IN_kr_sd,IN_sk_avg,IN_sk_sd
503,0.4781631017,0.2913229733,0.0078975102,0.0054909155,0.8482175875,0.0666997470,2.4056863751,0.5154479509,0.0360507400,0.4720595081,0.0001136945,0.0004497493,0.0012472891,0.0008182816,0.0953316737,0.1599398459,3.0440356316,0.7657083640,0.0206195201,0.2892499756,0.5027000000,0.0511518328,0.1658786090,0.0230323048,0.0661980775,0.1757017040,2.7633410533,0.3809347457,-0.0457610178,0.2937232020
