Instance,INF_avg,INF_sd,INF_r1,INF_kr,INF_sk,SUP_avg,SUP_sd,SUP_r1,SUP_kr,SUP_sk,INC_avg,INC_sd,INC_r1,INC_kr,INC_sk,IND_avg,IND_sd,IND_r1,IND_kr,IND_sk
190,0.2800000000,0.1144552314,-0.6404358354,2.2473632073,0.6962954467,0.2600000000,0.0768114575,-0.0216110020,2.0129273197,0.4898633600,0.4600000000,0.1178982612,0.3706293706,5.0560012422,-1.5670137924,0.2600000000,0.0700000000,-0.2737127371,2.6018325698,0.5160349854
