Instance,INF_avg,INF_sd,INF_r1,INF_kr,INF_sk,SUP_avg,SUP_sd,SUP_r1,SUP_kr,SUP_sk,INC_avg,INC_sd,INC_r1,INC_kr,INC_sk,IND_avg,IND_sd,IND_r1,IND_kr,IND_sk
6,0.3875126904,0.0993297645,0.9056890306,2.0328585518,-0.0306235994,0.1201776650,0.0862830539,0.9327903461,2.0368051177,0.5231381322,0.4923096447,0.0383262850,0.2482906003,2.7174465271,-0.1407589691,0.0416497462,0.0129600778,0.2869624020,2.5345386910,0.0494968710
