Instance,INF_avg,INF_sd,INF_r1,INF_kr,INF_sk,SUP_avg,SUP_sd,SUP_r1,SUP_kr,SUP_sk,INC_avg,INC_sd,INC_r1,INC_kr,INC_sk,IND_avg,IND_sd,IND_r1,IND_kr,IND_sk
197,0.2358000000,0.0290750752,-0.2118233494,3.3252643667,-0.1391183178,0.3042000000,0.0294509762,0.0726762203,2.5413238266,-0.1846896892,0.4600000000,0.0333766385,-0.0693693694,2.5916683051,-0.6212754515,0.0342000000,0.0091301698,0.2060901620,3.0003831404,-0.6693339327
