Instance,INF_avg,INF_sd,INF_r1,INF_kr,INF_sk,SUP_avg,SUP_sd,SUP_r1,SUP_kr,SUP_sk,INC_avg,INC_sd,INC_r1,INC_kr,INC_sk,IND_avg,IND_sd,IND_r1,IND_kr,IND_sk
168,0.3588750000,0.0755189339,0.6045781266,2.6423653017,-0.0226973458,0.1202500000,0.0793682084,0.8040730557,3.0899810155,0.8627986421,0.5208750000,0.0504280118,0.0866396863,2.9233209682,-0.2269790096,0.0740937500,0.0206259233,0.0614207654,3.5609431729,0.4135077222
