Instance,INF_avg,INF_sd,INF_r1,INF_kr,INF_sk,SUP_avg,SUP_sd,SUP_r1,SUP_kr,SUP_sk,INC_avg,INC_sd,INC_r1,INC_kr,INC_sk,IND_avg,IND_sd,IND_r1,IND_kr,IND_sk
482,0.4642857143,0.1164298861,0.7323280503,1.8575075215,-0.1862370346,0.0985714286,0.0793956766,0.8418434981,2.2942723914,0.7260767221,0.4371428571,0.0639004328,0.1699299722,2.8549369936,0.3374616559,0.0711428571,0.0249309250,0.4477487359,1.9304705591,0.3012082377
