Instance,FV_avg_avg,FV_avg_sd,FV_sd_avg,FV_sd_sd,FV_r1_avg,FV_r1_sd,FV_kr_avg,FV_kr_sd,FV_sk_avg,FV_sk_sd,FD_avg_avg,FD_avg_sd,FD_sd_avg,FD_sd_sd,FD_r1_avg,FD_r1_sd,FD_kr_avg,FD_kr_sd,FD_sk_avg,FD_sk_sd,IN_avg_avg,IN_avg_sd,IN_sd_avg,IN_sd_sd,IN_r1_avg,IN_r1_sd,IN_kr_avg,IN_kr_sd,IN_sk_avg,IN_sk_sd
502,0.4731429479,0.2854762416,0.0081634727,0.0049071983,0.7979071595,0.0944448290,2.8879079773,0.6548754349,0.1143898119,0.4145226232,-0.0001504913,0.0004755491,0.0009555716,0.0005774386,0.5784541729,0.1597015948,2.9736151436,0.7493393795,0.0405330538,0.4382069142,0.4898900000,0.0522519847,0.0874919588,0.0176061113,0.5046592106,0.1796127893,3.0011888976,0.7131026096,-0.0322984058,0.4192985018
