Instance,INF_avg,INF_sd,INF_r1,INF_kr,INF_sk,SUP_avg,SUP_sd,SUP_r1,SUP_kr,SUP_sk,INC_avg,INC_sd,INC_r1,INC_kr,INC_sk,IND_avg,IND_sd,IND_r1,IND_kr,IND_sk
288,0.1800000000,0.1326649916,-0.7401960784,2.2169421488,0.3700366502,0.3800000000,0.2227105745,-0.8236472946,2.0793444329,-0.6170311183,0.4400000000,0.1019803903,-0.9135802469,1.9556213018,0.2715454179,0.4000000000,0.1414213562,-0.5000000000,1.7000000000,-0.0000000000
