Instance,INF_avg,INF_sd,INF_r1,INF_kr,INF_sk,SUP_avg,SUP_sd,SUP_r1,SUP_kr,SUP_sk,INC_avg,INC_sd,INC_r1,INC_kr,INC_sk,IND_avg,IND_sd,IND_r1,IND_kr,IND_sk
306,0.2166000000,0.0334281319,-0.0120693256,2.6160233731,0.1312363058,0.3018000000,0.0318081750,-0.1427889079,2.7979913941,0.2779689737,0.4816000000,0.0365710268,-0.0898577592,2.8832732258,0.0639152049,0.0416000000,0.0125475097,0.1508480997,3.2630324522,0.7745925319
