Instance,INF_avg,INF_sd,INF_r1,INF_kr,INF_sk,SUP_avg,SUP_sd,SUP_r1,SUP_kr,SUP_sk,INC_avg,INC_sd,INC_r1,INC_kr,INC_sk,IND_avg,IND_sd,IND_r1,IND_kr,IND_sk
434,0.2415000000,0.0279329554,-0.0202184522,4.9778835910,1.6539809698,0.2755000000,0.0422758796,0.2089512873,2.2574986938,0.2743801994,0.4830000000,0.0372290209,0.5879382622,2.2795268704,-0.5257035527,0.0340000000,0.0080000000,-0.0977564103,1.8950195312,-0.1113281250
