Instance,FV_avg_avg,FV_avg_sd,FV_sd_avg,FV_sd_sd,FV_r1_avg,FV_r1_sd,FV_kr_avg,FV_kr_sd,FV_sk_avg,FV_sk_sd,FD_avg_avg,FD_avg_sd,FD_sd_avg,FD_sd_sd,FD_r1_avg,FD_r1_sd,FD_kr_avg,FD_kr_sd,FD_sk_avg,FD_sk_sd,IN_avg_avg,IN_avg_sd,IN_sd_avg,IN_sd_sd,IN_r1_avg,IN_r1_sd,IN_kr_avg,IN_kr_sd,IN_sk_avg,IN_sk_sd
52,0.4960502066,0.3008948560,0.0002197342,0.0001602113,0.4922499056,0.3110339046,2.1882451474,0.5050173447,-0.0745725756,0.4689630534,-0.0000090718,0.0000212994,0.0000182158,0.0000113663,-0.0149597120,0.3164509182,2.3541969508,0.7386702988,0.3030768091,0.5543727703,0.4829500000,0.0354915131,0.0445919647,0.0088716786,-0.0507779843,0.3241787524,2.6997987564,1.0561239549,0.3164787778,0.6398673395
