Instance,INF_avg,INF_sd,INF_r1,INF_kr,INF_sk,SUP_avg,SUP_sd,SUP_r1,SUP_kr,SUP_sk,INC_avg,INC_sd,INC_r1,INC_kr,INC_sk,IND_avg,IND_sd,IND_r1,IND_kr,IND_sk
436,0.2308000000,0.0383583107,0.4459848891,2.9231255585,-0.8478512079,0.2336000000,0.0401875603,0.3337586733,2.3124932156,-0.1381889639,0.5356000000,0.0433663464,0.0205219058,2.1728016216,0.1705521257,0.0752000000,0.0233443783,-0.0602585239,5.2247305280,0.9085238904
