Instance,INF_avg,INF_sd,INF_r1,INF_kr,INF_sk,SUP_avg,SUP_sd,SUP_r1,SUP_kr,SUP_sk,INC_avg,INC_sd,INC_r1,INC_kr,INC_sk,IND_avg,IND_sd,IND_r1,IND_kr,IND_sk
223,0.3043478261,0.1517385075,-0.0167453687,3.3051072986,0.6731434750,0.2217391304,0.1177931929,-0.2433302990,2.7047902947,0.3711182161,0.4739130435,0.1389944988,-0.2126626958,2.2520957717,-0.5961059026,0.3347826087,0.1047095181,0.4282916541,3.5731866825,0.1786909635
