Instance,INF_avg,INF_sd,INF_r1,INF_kr,INF_sk,SUP_avg,SUP_sd,SUP_r1,SUP_kr,SUP_sk,INC_avg,INC_sd,INC_r1,INC_kr,INC_sk,IND_avg,IND_sd,IND_r1,IND_kr,IND_sk
322,0.2621000000,0.0461583145,-0.0229166697,3.9492063845,0.3975620856,0.2664000000,0.0391285062,0.2575346733,2.5671396102,-0.2109611061,0.4715000000,0.0432521676,-0.0223729651,2.5752424458,-0.1593265837,0.0609000000,0.0179496518,-0.0094332706,2.5992985195,0.3318852122
