Instance,INF_avg,INF_sd,INF_r1,INF_kr,INF_sk,SUP_avg,SUP_sd,SUP_r1,SUP_kr,SUP_sk,INC_avg,INC_sd,INC_r1,INC_kr,INC_sk,IND_avg,IND_sd,IND_r1,IND_kr,IND_sk
148,0.2708500000,0.0442947796,0.5371746476,2.9811214971,-0.0795101485,0.2137000000,0.0485675818,0.6835610988,2.4099513796,0.2442269676,0.5154500000,0.0412861660,0.1919467441,2.4835344710,-0.3611049087,0.0398500000,0.0105937482,0.0314061203,3.3416127786,0.3105834672
