Instance,FV_avg_avg,FV_avg_sd,FV_sd_avg,FV_sd_sd,FV_r1_avg,FV_r1_sd,FV_kr_avg,FV_kr_sd,FV_sk_avg,FV_sk_sd,FD_avg_avg,FD_avg_sd,FD_sd_avg,FD_sd_sd,FD_r1_avg,FD_r1_sd,FD_kr_avg,FD_kr_sd,FD_sk_avg,FD_sk_sd,IN_avg_avg,IN_avg_sd,IN_sd_avg,IN_sd_sd,IN_r1_avg,IN_r1_sd,IN_kr_avg,IN_kr_sd,IN_sk_avg,IN_sk_sd
487,0.4961522052,0.3018160370,0.0006067041,0.0004431174,0.8221571629,0.1538457691,2.2451717835,0.5713417255,0.0628726283,0.4846233241,0.0000017755,0.0000208972,0.0000272102,0.0000169293,-0.0397510189,0.2150695182,2.7663797372,0.8258476423,-0.0426698749,0.5123450481,0.5038200000,0.0237899054,0.0471767814,0.0085556588,0.0122989364,0.2410320165,2.7662378772,0.9788981377,-0.0870793521,0.5326147954
