Instance,INF_avg,INF_sd,INF_r1,INF_kr,INF_sk,SUP_avg,SUP_sd,SUP_r1,SUP_kr,SUP_sk,INC_avg,INC_sd,INC_r1,INC_kr,INC_sk,IND_avg,IND_sd,IND_r1,IND_kr,IND_sk
312,0.2448000000,0.0602076407,-0.2028863246,2.5280563236,0.6400448974,0.2280000000,0.0666933280,-0.4435556897,2.2280161482,-0.1760447041,0.5272000000,0.0629615756,-0.2473759029,2.5725975714,-0.4868753600,0.1184000000,0.0319599750,-0.1676774125,2.6797303409,-0.6338755470
