Instance,FV_avg_avg,FV_avg_sd,FV_sd_avg,FV_sd_sd,FV_r1_avg,FV_r1_sd,FV_kr_avg,FV_kr_sd,FV_sk_avg,FV_sk_sd,FD_avg_avg,FD_avg_sd,FD_sd_avg,FD_sd_sd,FD_r1_avg,FD_r1_sd,FD_kr_avg,FD_kr_sd,FD_sk_avg,FD_sk_sd,IN_avg_avg,IN_avg_sd,IN_sd_avg,IN_sd_sd,IN_r1_avg,IN_r1_sd,IN_kr_avg,IN_kr_sd,IN_sk_avg,IN_sk_sd
222,0.4956425318,0.3008106406,0.0020273826,0.0016801042,0.9342142797,0.0434359624,2.3120592519,0.5997743471,0.1283604911,0.3904760854,-0.0000067675,0.0000426311,0.0000724327,0.0000475457,0.2950838369,0.1534015423,2.7752404790,0.3469288880,0.0135934088,0.2018159654,0.4963400000,0.0248967548,0.0583605957,0.0059158149,0.2512066845,0.1335728097,2.7996498719,0.4170134911,0.0100389471,0.1847812750
