Instance,FV_avg_avg,FV_avg_sd,FV_sd_avg,FV_sd_sd,FV_r1_avg,FV_r1_sd,FV_kr_avg,FV_kr_sd,FV_sk_avg,FV_sk_sd,FD_avg_avg,FD_avg_sd,FD_sd_avg,FD_sd_sd,FD_r1_avg,FD_r1_sd,FD_kr_avg,FD_kr_sd,FD_sk_avg,FD_sk_sd,IN_avg_avg,IN_avg_sd,IN_sd_avg,IN_sd_sd,IN_r1_avg,IN_r1_sd,IN_kr_avg,IN_kr_sd,IN_sk_avg,IN_sk_sd
348,0.4921168886,0.2998022306,0.0009269094,0.0007493344,0.1026279450,0.4359491310,1.7998662371,0.4415407478,-0.2995251261,0.4325730907,-0.0000116950,0.0001197570,0.0001172634,0.0000780543,-0.2027964184,0.3124622309,1.8692281651,0.4901156095,-0.0938844906,0.4754728075,0.4964000000,0.0433755692,0.0596643763,0.0217660792,-0.2232847682,0.3976413714,1.8155651125,0.4307172613,0.1429945060,0.4520311779
