Instance,INF_avg,INF_sd,INF_r1,INF_kr,INF_sk,SUP_avg,SUP_sd,SUP_r1,SUP_kr,SUP_sk,INC_avg,INC_sd,INC_r1,INC_kr,INC_sk,IND_avg,IND_sd,IND_r1,IND_kr,IND_sk
392,0.4071739130,0.0843172849,0.3418758838,2.7712305932,0.1083865844,0.1363043478,0.0664588364,0.6302889216,2.7554787361,0.5441101169,0.4565217391,0.0722681417,0.1332385255,2.6987758457,-0.0153885829,0.1154347826,0.0360076394,-0.1684280223,2.3682942664,0.3991553982
