Instance,INF_avg,INF_sd,INF_r1,INF_kr,INF_sk,SUP_avg,SUP_sd,SUP_r1,SUP_kr,SUP_sk,INC_avg,INC_sd,INC_r1,INC_kr,INC_sk,IND_avg,IND_sd,IND_r1,IND_kr,IND_sk
253,0.2920000000,0.1197330364,0.0665552552,2.9483975780,0.5910750074,0.2200000000,0.1148912529,0.3188713592,2.0922865014,0.3758494844,0.4880000000,0.1097998179,-0.2706851819,2.6060272147,-0.3507136476,0.2100000000,0.0812403840,0.0054578532,1.9132231405,0.3468942019
