Instance,INF_avg,INF_sd,INF_r1,INF_kr,INF_sk,SUP_avg,SUP_sd,SUP_r1,SUP_kr,SUP_sk,INC_avg,INC_sd,INC_r1,INC_kr,INC_sk,IND_avg,IND_sd,IND_r1,IND_kr,IND_sk
470,0.2616000000,0.0559771382,0.3243243243,2.1916255166,0.3776226506,0.2488000000,0.0683707540,0.3659544386,2.9443189466,-0.1729953187,0.4896000000,0.0876575154,0.4665495481,2.0337410422,0.1917918154,0.1064000000,0.0338088746,0.0197653865,1.9936579016,-0.1109722743
