Instance,INF_avg,INF_sd,INF_r1,INF_kr,INF_sk,SUP_avg,SUP_sd,SUP_r1,SUP_kr,SUP_sk,INC_avg,INC_sd,INC_r1,INC_kr,INC_sk,IND_avg,IND_sd,IND_r1,IND_kr,IND_sk
121,0.2900000000,0.1403566885,0.1708465554,2.2372387848,0.0911383584,0.2340000000,0.1450655024,-0.1481042219,2.9726778418,0.5353217543,0.4760000000,0.1691862879,0.0967159540,2.7150851377,0.6018747501,0.3780000000,0.0985697722,-0.0129570418,2.6258083630,0.0750795726
