Instance,FV_avg_avg,FV_avg_sd,FV_sd_avg,FV_sd_sd,FV_r1_avg,FV_r1_sd,FV_kr_avg,FV_kr_sd,FV_sk_avg,FV_sk_sd,FD_avg_avg,FD_avg_sd,FD_sd_avg,FD_sd_sd,FD_r1_avg,FD_r1_sd,FD_kr_avg,FD_kr_sd,FD_sk_avg,FD_sk_sd,IN_avg_avg,IN_avg_sd,IN_sd_avg,IN_sd_sd,IN_r1_avg,IN_r1_sd,IN_kr_avg,IN_kr_sd,IN_sk_avg,IN_sk_sd
302,0.4752089791,0.2884949270,0.0143008410,0.0091431856,0.9818978313,0.0063346492,1.9238724622,0.0787601115,0.3127163725,0.0788923504,-0.0003459902,0.0002169612,0.0002305576,0.0001431898,0.6009588479,0.0998373781,2.8984812145,0.8899533816,0.1180807125,0.3465366950,0.2952860483,0.0435730960,0.1424058489,0.0134006802,0.4940889625,0.1606969000,2.8834338573,0.6919754877,0.2935687467,0.4159448518
