Instance,INF_avg,INF_sd,INF_r1,INF_kr,INF_sk,SUP_avg,SUP_sd,SUP_r1,SUP_kr,SUP_sk,INC_avg,INC_sd,INC_r1,INC_kr,INC_sk,IND_avg,IND_sd,IND_r1,IND_kr,IND_sk
133,0.2200000000,0.0657267069,-0.4444444444,2.4176954733,0.9804909980,0.2400000000,0.0252982213,-0.0000000000,1.5625000000,-0.5929270613,0.5400000000,0.0632455532,-0.4130434783,1.8280000000,-0.3794733192,0.1280000000,0.0271293199,0.1265060241,2.3638941399,-0.7500308204
