Instance,FV_avg_avg,FV_avg_sd,FV_sd_avg,FV_sd_sd,FV_r1_avg,FV_r1_sd,FV_kr_avg,FV_kr_sd,FV_sk_avg,FV_sk_sd,FD_avg_avg,FD_avg_sd,FD_sd_avg,FD_sd_sd,FD_r1_avg,FD_r1_sd,FD_kr_avg,FD_kr_sd,FD_sk_avg,FD_sk_sd,IN_avg_avg,IN_avg_sd,IN_sd_avg,IN_sd_sd,IN_r1_avg,IN_r1_sd,IN_kr_avg,IN_kr_sd,IN_sk_avg,IN_sk_sd
327,0.4995310843,0.3038104345,0.0000959622,0.0000845145,-0.0051703584,0.4534218467,1.9954202937,0.5732297538,0.1038882668,0.6480214740,0.0000003635,0.0000039719,0.0000068443,0.0000054451,-0.4194151251,0.3539695188,2.0125898121,0.5397402571,-0.1395100279,0.6383572052,0.5017000000,0.0274919988,0.0283459696,0.0119501468,-0.3303182578,0.5443916272,1.9866315526,0.4725293779,-0.1627499896,0.5620428512
