Instance,FV_avg_avg,FV_avg_sd,FV_sd_avg,FV_sd_sd,FV_r1_avg,FV_r1_sd,FV_kr_avg,FV_kr_sd,FV_sk_avg,FV_sk_sd,FD_avg_avg,FD_avg_sd,FD_sd_avg,FD_sd_sd,FD_r1_avg,FD_r1_sd,FD_kr_avg,FD_kr_sd,FD_sk_avg,FD_sk_sd,IN_avg_avg,IN_avg_sd,IN_sd_avg,IN_sd_sd,IN_r1_avg,IN_r1_sd,IN_kr_avg,IN_kr_sd,IN_sk_avg,IN_sk_sd
385,0.5013613608,0.3043395710,0.0003093492,0.0002192142,0.9449373754,0.0493173128,2.3633239987,0.7265619895,0.1551115313,0.4622794026,-0.0000006146,0.0000016946,0.0000111013,0.0000067630,-0.0036755813,0.0923897772,2.9580990245,0.3643408038,0.0144511037,0.3138867114,0.4952100000,0.0099722565,0.0738391066,0.0054033633,-0.0112131738,0.0751257862,2.9343622939,0.4871253702,0.0217475699,0.2747242592
