Instance,INF_avg,INF_sd,INF_r1,INF_kr,INF_sk,SUP_avg,SUP_sd,SUP_r1,SUP_kr,SUP_sk,INC_avg,INC_sd,INC_r1,INC_kr,INC_sk,IND_avg,IND_sd,IND_r1,IND_kr,IND_sk
167,0.2345000000,0.0346734769,-0.8147199335,2.0099840092,-0.2431021061,0.2810000000,0.0194679223,0.1555370061,2.0017056411,-0.3236499226,0.4845000000,0.0352455671,-0.4818054948,2.3185819701,-0.3362887204,0.0400000000,0.0130384048,-0.7115384615,1.9117647059,0.2030201441
