Instance,FV_avg_avg,FV_avg_sd,FV_sd_avg,FV_sd_sd,FV_r1_avg,FV_r1_sd,FV_kr_avg,FV_kr_sd,FV_sk_avg,FV_sk_sd,FD_avg_avg,FD_avg_sd,FD_sd_avg,FD_sd_sd,FD_r1_avg,FD_r1_sd,FD_kr_avg,FD_kr_sd,FD_sk_avg,FD_sk_sd,IN_avg_avg,IN_avg_sd,IN_sd_avg,IN_sd_sd,IN_r1_avg,IN_r1_sd,IN_kr_avg,IN_kr_sd,IN_sk_avg,IN_sk_sd
449,0.5001857592,0.3038004635,0.0005526460,0.0004999960,0.8514045586,0.1260680285,2.3129217841,0.7820876840,0.0170304236,0.5011057535,-0.0000074624,0.0000172480,0.0000470583,0.0000314935,0.0040407566,0.1462054277,2.7543157059,0.4922659013,0.0295339896,0.2692701019,0.4877500000,0.0258667257,0.1116567375,0.0090068295,-0.0060899664,0.1037017172,2.8010306786,0.3921447443,0.1076235436,0.2451118158
