Instance,INF_avg,INF_sd,INF_r1,INF_kr,INF_sk,SUP_avg,SUP_sd,SUP_r1,SUP_kr,SUP_sk,INC_avg,INC_sd,INC_r1,INC_kr,INC_sk,IND_avg,IND_sd,IND_r1,IND_kr,IND_sk
403,0.2770000000,0.1482261785,-0.0121072249,3.9129858598,0.3801930188,0.2510000000,0.1337871444,-0.1486622991,2.4137630140,0.1915941085,0.4720000000,0.1503861696,0.0508758083,3.5282267898,-0.2582386052,0.3770000000,0.1215360029,-0.1654661491,2.6302880945,0.1455909045
