Instance,INF_avg,INF_sd,INF_r1,INF_kr,INF_sk,SUP_avg,SUP_sd,SUP_r1,SUP_kr,SUP_sk,INC_avg,INC_sd,INC_r1,INC_kr,INC_sk,IND_avg,IND_sd,IND_r1,IND_kr,IND_sk
118,0.3100000000,0.1700000000,-0.1231491513,1.6850492690,0.3321799308,0.2600000000,0.1280624847,0.3213296399,2.0267697799,0.4913759825,0.4300000000,0.1846618531,-0.1996471626,2.2880522183,0.5088162102,0.3400000000,0.0663324958,-0.4851485149,2.3719008264,-0.6578429336
