Instance,FV_avg_avg,FV_avg_sd,FV_sd_avg,FV_sd_sd,FV_r1_avg,FV_r1_sd,FV_kr_avg,FV_kr_sd,FV_sk_avg,FV_sk_sd,FD_avg_avg,FD_avg_sd,FD_sd_avg,FD_sd_sd,FD_r1_avg,FD_r1_sd,FD_kr_avg,FD_kr_sd,FD_sk_avg,FD_sk_sd,IN_avg_avg,IN_avg_sd,IN_sd_avg,IN_sd_sd,IN_r1_avg,IN_r1_sd,IN_kr_avg,IN_kr_sd,IN_sk_avg,IN_sk_sd
177,0.4971248632,0.3030823187,0.0012356056,0.0009114797,0.9603844167,0.0272408786,2.1837509684,0.4250624857,-0.0609885081,0.3511758226,-0.0000005290,0.0000138705,0.0000306465,0.0000185333,-0.0090506002,0.1008594589,2.9204075210,0.3948092981,-0.0383520848,0.2060883796,0.4973700000,0.0207410005,0.0508178642,0.0039545766,-0.0377187417,0.0840218802,2.9418533541,0.4888951633,-0.0606447675,0.2596889871
