Instance,INF_avg,INF_sd,INF_r1,INF_kr,INF_sk,SUP_avg,SUP_sd,SUP_r1,SUP_kr,SUP_sk,INC_avg,INC_sd,INC_r1,INC_kr,INC_sk,IND_avg,IND_sd,IND_r1,IND_kr,IND_sk
119,0.2020000000,0.0818290902,-0.0343926981,1.8268800075,0.1547941770,0.2560000000,0.0952050419,-0.1581283786,2.0141136210,-0.0328737216,0.5420000000,0.1026450194,0.0472118492,4.3168163649,0.7151169099,0.2420000000,0.0832826513,-0.1309352894,2.8580576542,0.3063731828
