Instance,FV_avg_avg,FV_avg_sd,FV_sd_avg,FV_sd_sd,FV_r1_avg,FV_r1_sd,FV_kr_avg,FV_kr_sd,FV_sk_avg,FV_sk_sd,FD_avg_avg,FD_avg_sd,FD_sd_avg,FD_sd_sd,FD_r1_avg,FD_r1_sd,FD_kr_avg,FD_kr_sd,FD_sk_avg,FD_sk_sd,IN_avg_avg,IN_avg_sd,IN_sd_avg,IN_sd_sd,IN_r1_avg,IN_r1_sd,IN_kr_avg,IN_kr_sd,IN_sk_avg,IN_sk_sd
453,0.4979792292,0.3029756947,0.0001420272,0.0001024274,-0.0611222669,0.4706386670,2.0921357884,0.4368527607,0.3198164267,0.5289606463,-0.0000001677,0.0000193296,0.0000218999,0.0000155035,-0.3049749711,0.3388361617,1.8678445912,0.5680870990,0.3992720741,0.4706331504,0.4992000000,0.0396504729,0.0595520880,0.0217427877,-0.3007882564,0.3536288731,2.0788007537,0.5270304483,0.1430953485,0.5964799793
