Instance,INF_avg,INF_sd,INF_r1,INF_kr,INF_sk,SUP_avg,SUP_sd,SUP_r1,SUP_kr,SUP_sk,INC_avg,INC_sd,INC_r1,INC_kr,INC_sk,IND_avg,IND_sd,IND_r1,IND_kr,IND_sk
106,0.3652777778,0.0837319172,0.1858655806,2.1745125680,0.2094482991,0.1291666667,0.0831957197,0.5890651515,3.1847152894,0.6990715478,0.5055555556,0.0706495437,-0.1535264860,2.8295960032,-0.1733752188,0.1297222222,0.0347999131,0.1373083897,3.4366209931,0.5611279123
