Instance,FV_avg_avg,FV_avg_sd,FV_sd_avg,FV_sd_sd,FV_r1_avg,FV_r1_sd,FV_kr_avg,FV_kr_sd,FV_sk_avg,FV_sk_sd,FD_avg_avg,FD_avg_sd,FD_sd_avg,FD_sd_sd,FD_r1_avg,FD_r1_sd,FD_kr_avg,FD_kr_sd,FD_sk_avg,FD_sk_sd,IN_avg_avg,IN_avg_sd,IN_sd_avg,IN_sd_sd,IN_r1_avg,IN_r1_sd,IN_kr_avg,IN_kr_sd,IN_sk_avg,IN_sk_sd
103,0.4973868398,0.3020422237,0.0012724092,0.0008549345,0.8886277422,0.0571809044,2.2026888796,0.4393202281,0.0728596064,0.4426447898,-0.0000094017,0.0000764177,0.0001667761,0.0001016337,0.0962453797,0.1349804578,3.1397756509,0.9065371987,0.0234566537,0.4522375194,0.4853000000,0.0459489935,0.1605802170,0.0132888635,0.0414437626,0.1488916417,2.8460626797,0.3995921584,0.0345918372,0.3027747255
