Instance,INF_avg,INF_sd,INF_r1,INF_kr,INF_sk,SUP_avg,SUP_sd,SUP_r1,SUP_kr,SUP_sk,INC_avg,INC_sd,INC_r1,INC_kr,INC_sk,IND_avg,IND_sd,IND_r1,IND_kr,IND_sk
436,0.2210000000,0.0308058436,0.2910634049,2.1580000466,0.4601374062,0.2900000000,0.0421900462,-0.1764705882,1.8400454488,0.3275707414,0.4890000000,0.0287923601,-0.1024485321,2.6767567709,-0.6540737905,0.0480000000,0.0146969385,-0.1706349206,1.3724279835,-0.0302406141
