Instance,FV_avg_avg,FV_avg_sd,FV_sd_avg,FV_sd_sd,FV_r1_avg,FV_r1_sd,FV_kr_avg,FV_kr_sd,FV_sk_avg,FV_sk_sd,FD_avg_avg,FD_avg_sd,FD_sd_avg,FD_sd_sd,FD_r1_avg,FD_r1_sd,FD_kr_avg,FD_kr_sd,FD_sk_avg,FD_sk_sd,IN_avg_avg,IN_avg_sd,IN_sd_avg,IN_sd_sd,IN_r1_avg,IN_r1_sd,IN_kr_avg,IN_kr_sd,IN_sk_avg,IN_sk_sd
419,0.4901376974,0.2982934839,0.0012244637,0.0010229111,-0.0049075455,0.5503370734,1.8163276358,0.4081406162,0.0460189220,0.4546033381,0.0000700444,0.0002260976,0.0001049483,0.0000728950,-0.1675471546,0.4342580275,1.9795963636,0.4516036411,-0.0115057875,0.5118687264,0.5108500000,0.0515560617,0.0317901986,0.0135603567,-0.2077628590,0.3596348143,2.0731613162,0.4635493557,0.0687491186,0.6100674778
