Instance,FV_avg_avg,FV_avg_sd,FV_sd_avg,FV_sd_sd,FV_r1_avg,FV_r1_sd,FV_kr_avg,FV_kr_sd,FV_sk_avg,FV_sk_sd,FD_avg_avg,FD_avg_sd,FD_sd_avg,FD_sd_sd,FD_r1_avg,FD_r1_sd,FD_kr_avg,FD_kr_sd,FD_sk_avg,FD_sk_sd,IN_avg_avg,IN_avg_sd,IN_sd_avg,IN_sd_sd,IN_r1_avg,IN_r1_sd,IN_kr_avg,IN_kr_sd,IN_sk_avg,IN_sk_sd
153,0.4954587239,0.3002342081,0.0007563190,0.0006039142,0.9158418712,0.0496852218,2.5162211746,0.6699798862,0.0296835662,0.5136737561,0.0000014065,0.0000131697,0.0000259104,0.0000157189,0.0421094001,0.1175047082,2.9943425351,0.4541596284,0.0279817129,0.2745185158,0.5064400000,0.0206025338,0.0500262097,0.0031528305,0.0093644638,0.1261454815,2.9230171959,0.3284047349,0.0169181983,0.2010230917
