Instance,FV_avg_avg,FV_avg_sd,FV_sd_avg,FV_sd_sd,FV_r1_avg,FV_r1_sd,FV_kr_avg,FV_kr_sd,FV_sk_avg,FV_sk_sd,FD_avg_avg,FD_avg_sd,FD_sd_avg,FD_sd_sd,FD_r1_avg,FD_r1_sd,FD_kr_avg,FD_kr_sd,FD_sk_avg,FD_sk_sd,IN_avg_avg,IN_avg_sd,IN_sd_avg,IN_sd_sd,IN_r1_avg,IN_r1_sd,IN_kr_avg,IN_kr_sd,IN_sk_avg,IN_sk_sd
498,0.5012417186,0.3037923586,0.0016877604,0.0011388403,0.8748204450,0.1057894970,2.3690959974,0.5188352519,-0.0838317596,0.4861779231,0.0000181791,0.0000559186,0.0002232345,0.0001380029,0.0136022668,0.1094559144,2.6222891558,0.4469180985,0.0609946723,0.3432793778,0.5106000000,0.0257767337,0.1601303696,0.0100729703,0.0100848088,0.1177499412,2.6534744888,0.3691217601,-0.0367556993,0.2974930300
