Instance,INF_avg,INF_sd,INF_r1,INF_kr,INF_sk,SUP_avg,SUP_sd,SUP_r1,SUP_kr,SUP_sk,INC_avg,INC_sd,INC_r1,INC_kr,INC_sk,IND_avg,IND_sd,IND_r1,IND_kr,IND_sk
197,0.2750000000,0.1123610253,-0.2437810945,2.5433781002,0.4229647457,0.2600000000,0.0768114575,-0.5766550523,2.1852915829,0.1588746032,0.4650000000,0.0776208735,0.1336942940,3.8197861607,0.9365663149,0.2200000000,0.0714142843,0.8387096774,2.4786620531,0.9225374671
