Instance,FV_avg_avg,FV_avg_sd,FV_sd_avg,FV_sd_sd,FV_r1_avg,FV_r1_sd,FV_kr_avg,FV_kr_sd,FV_sk_avg,FV_sk_sd,FD_avg_avg,FD_avg_sd,FD_sd_avg,FD_sd_sd,FD_r1_avg,FD_r1_sd,FD_kr_avg,FD_kr_sd,FD_sk_avg,FD_sk_sd,IN_avg_avg,IN_avg_sd,IN_sd_avg,IN_sd_sd,IN_r1_avg,IN_r1_sd,IN_kr_avg,IN_kr_sd,IN_sk_avg,IN_sk_sd
324,0.4972477938,0.3022617439,0.0021797432,0.0013745589,0.8910431784,0.0561178788,2.1944408350,0.3874755819,0.0273465416,0.3422709153,-0.0000139773,0.0000687308,0.0002962182,0.0001844792,-0.0086016041,0.1281349182,2.8333743640,0.5531149560,-0.0199855717,0.2768262718,0.4931000000,0.0289100329,0.1639260927,0.0165781828,-0.0256504228,0.0883105511,2.5824724214,0.5478208873,-0.0413617030,0.2202708871
