Instance,FV_avg_avg,FV_avg_sd,FV_sd_avg,FV_sd_sd,FV_r1_avg,FV_r1_sd,FV_kr_avg,FV_kr_sd,FV_sk_avg,FV_sk_sd,FD_avg_avg,FD_avg_sd,FD_sd_avg,FD_sd_sd,FD_r1_avg,FD_r1_sd,FD_kr_avg,FD_kr_sd,FD_sk_avg,FD_sk_sd,IN_avg_avg,IN_avg_sd,IN_sd_avg,IN_sd_sd,IN_r1_avg,IN_r1_sd,IN_kr_avg,IN_kr_sd,IN_sk_avg,IN_sk_sd
251,0.5010350880,0.3041977022,0.0003669683,0.0002855686,0.9351510987,0.0623513122,2.4262264413,0.5950928663,0.0412298605,0.4567661068,-0.0000010814,0.0000044270,0.0000304916,0.0000183884,0.0389574482,0.1019140646,3.0309066996,0.4435654773,-0.0591628222,0.1925571636,0.5026500000,0.0204823705,0.1557531746,0.0070284140,0.0150629252,0.1037623383,2.9446153741,0.3974010932,-0.0417416242,0.2447101157
