Instance,FV_avg_avg,FV_avg_sd,FV_sd_avg,FV_sd_sd,FV_r1_avg,FV_r1_sd,FV_kr_avg,FV_kr_sd,FV_sk_avg,FV_sk_sd,FD_avg_avg,FD_avg_sd,FD_sd_avg,FD_sd_sd,FD_r1_avg,FD_r1_sd,FD_kr_avg,FD_kr_sd,FD_sk_avg,FD_sk_sd,IN_avg_avg,IN_avg_sd,IN_sd_avg,IN_sd_sd,IN_r1_avg,IN_r1_sd,IN_kr_avg,IN_kr_sd,IN_sk_avg,IN_sk_sd
306,0.4956554832,0.3020855024,0.0012974802,0.0009073652,0.8823011258,0.0830248167,2.4884307758,0.8151326717,0.0571873554,0.5171270805,0.0000029031,0.0000295904,0.0001211928,0.0000751995,-0.0351975341,0.1880856349,2.8597532368,0.5573203295,-0.0630584771,0.3224959974,0.5028000000,0.0254491650,0.1138450552,0.0104308869,-0.0422745613,0.1473538594,2.9109467459,0.4563963925,-0.0733567109,0.3207555517
