Instance,INF_avg,INF_sd,INF_r1,INF_kr,INF_sk,SUP_avg,SUP_sd,SUP_r1,SUP_kr,SUP_sk,INC_avg,INC_sd,INC_r1,INC_kr,INC_sk,IND_avg,IND_sd,IND_r1,IND_kr,IND_sk
453,0.4591703057,0.1115461476,0.9080823431,2.2011435665,-0.5148286540,0.0968777293,0.0694894851,0.9154319098,2.3444919950,0.6999079514,0.4439519651,0.0526833862,0.6366807525,2.6300573111,0.4656018653,0.0435371179,0.0111039028,0.0877893370,4.3043380701,0.4401822627
