Instance,FV_avg_avg,FV_avg_sd,FV_sd_avg,FV_sd_sd,FV_r1_avg,FV_r1_sd,FV_kr_avg,FV_kr_sd,FV_sk_avg,FV_sk_sd,FD_avg_avg,FD_avg_sd,FD_sd_avg,FD_sd_sd,FD_r1_avg,FD_r1_sd,FD_kr_avg,FD_kr_sd,FD_sk_avg,FD_sk_sd,IN_avg_avg,IN_avg_sd,IN_sd_avg,IN_sd_sd,IN_r1_avg,IN_r1_sd,IN_kr_avg,IN_kr_sd,IN_sk_avg,IN_sk_sd
297,0.4585273065,0.2816257058,0.0196996005,0.0115328796,0.9941883347,0.0026823068,2.0060531657,0.0752010418,0.4465688196,0.0967673540,-0.0002051665,0.0001194420,0.0000793770,0.0000458136,0.9227945003,0.0181971684,2.7482389452,0.3370193729,0.7022153832,0.2529018300,0.1737446243,0.0339635155,0.1223453847,0.0095031604,0.8992813753,0.0390112079,3.1104046632,0.4941514252,0.8948444785,0.2659821099
