Instance,FV_avg_avg,FV_avg_sd,FV_sd_avg,FV_sd_sd,FV_r1_avg,FV_r1_sd,FV_kr_avg,FV_kr_sd,FV_sk_avg,FV_sk_sd,FD_avg_avg,FD_avg_sd,FD_sd_avg,FD_sd_sd,FD_r1_avg,FD_r1_sd,FD_kr_avg,FD_kr_sd,FD_sk_avg,FD_sk_sd,IN_avg_avg,IN_avg_sd,IN_sd_avg,IN_sd_sd,IN_r1_avg,IN_r1_sd,IN_kr_avg,IN_kr_sd,IN_sk_avg,IN_sk_sd
396,0.4707780486,0.2854972322,0.0137157387,0.0087936089,0.9964549424,0.0014760569,1.8802611998,0.0498568017,0.2643871466,0.0793251297,-0.0000672418,0.0000426052,0.0000472555,0.0000288114,0.5359839280,0.0636971239,2.6767357393,0.2377806876,0.1610516301,0.1478359795,0.3205309602,0.0259955003,0.1371321012,0.0058083707,0.4298076818,0.0835081376,2.7231643637,0.2451983412,0.2868877429,0.1745158866
