Instance,FV_avg_avg,FV_avg_sd,FV_sd_avg,FV_sd_sd,FV_r1_avg,FV_r1_sd,FV_kr_avg,FV_kr_sd,FV_sk_avg,FV_sk_sd,FD_avg_avg,FD_avg_sd,FD_sd_avg,FD_sd_sd,FD_r1_avg,FD_r1_sd,FD_kr_avg,FD_kr_sd,FD_sk_avg,FD_sk_sd,IN_avg_avg,IN_avg_sd,IN_sd_avg,IN_sd_sd,IN_r1_avg,IN_r1_sd,IN_kr_avg,IN_kr_sd,IN_sk_avg,IN_sk_sd
32,0.5051866996,0.3052356977,0.0003278029,0.0002281993,0.5236971009,0.2391681600,2.0298333138,0.4298054118,-0.1611714216,0.2922282138,-0.0000220115,0.0000394894,0.0000404494,0.0000256426,-0.1559256942,0.2193289044,2.4317931921,0.6612495667,0.0681509658,0.5547740471,0.4815000000,0.0383242743,0.0712914971,0.0138752455,-0.2272463531,0.2657671921,2.2420522818,0.7302404809,0.1472481086,0.5290501589
