Instance,INF_avg,INF_sd,INF_r1,INF_kr,INF_sk,SUP_avg,SUP_sd,SUP_r1,SUP_kr,SUP_sk,INC_avg,INC_sd,INC_r1,INC_kr,INC_sk,IND_avg,IND_sd,IND_r1,IND_kr,IND_sk
351,0.2484000000,0.0343720817,-0.1784920699,5.1770311845,-0.6916028886,0.2376000000,0.0412097076,-0.1258032672,2.2619568340,0.1200439406,0.5140000000,0.0488262225,-0.0308828199,2.5482861132,-0.1727809604,0.0656000000,0.0235082964,-0.2060820224,2.0430146698,-0.0939041888
