Instance,INF_avg,INF_sd,INF_r1,INF_kr,INF_sk,SUP_avg,SUP_sd,SUP_r1,SUP_kr,SUP_sk,INC_avg,INC_sd,INC_r1,INC_kr,INC_sk,IND_avg,IND_sd,IND_r1,IND_kr,IND_sk
460,0.2218000000,0.0324000000,-0.0275549771,2.1673469798,-0.1637510090,0.2910000000,0.0383405790,-0.0035724999,2.5339802860,0.0504607371,0.4872000000,0.0374721230,-0.3705450982,2.6664363715,0.8435870026,0.0392000000,0.0087954534,-0.2612452775,2.6107627188,-0.1966795995
