Instance,FV_avg_avg,FV_avg_sd,FV_sd_avg,FV_sd_sd,FV_r1_avg,FV_r1_sd,FV_kr_avg,FV_kr_sd,FV_sk_avg,FV_sk_sd,FD_avg_avg,FD_avg_sd,FD_sd_avg,FD_sd_sd,FD_r1_avg,FD_r1_sd,FD_kr_avg,FD_kr_sd,FD_sk_avg,FD_sk_sd,IN_avg_avg,IN_avg_sd,IN_sd_avg,IN_sd_sd,IN_r1_avg,IN_r1_sd,IN_kr_avg,IN_kr_sd,IN_sk_avg,IN_sk_sd
113,0.4956057896,0.3002729450,0.0027240752,0.0017162724,0.8952687149,0.0854955725,2.3357296602,0.6684755803,-0.0043970188,0.4772098867,-0.0000163689,0.0001495618,0.0000991120,0.0000632482,0.3396355668,0.1450638772,2.6839187223,0.4052214446,0.0047086036,0.3788455879,0.5033150000,0.0431640623,0.0416840981,0.0050680829,0.2212837631,0.1577658661,2.6947706616,0.5139659783,0.0296076083,0.2944252638
