Instance,FV_avg_avg,FV_avg_sd,FV_sd_avg,FV_sd_sd,FV_r1_avg,FV_r1_sd,FV_kr_avg,FV_kr_sd,FV_sk_avg,FV_sk_sd,FD_avg_avg,FD_avg_sd,FD_sd_avg,FD_sd_sd,FD_r1_avg,FD_r1_sd,FD_kr_avg,FD_kr_sd,FD_sk_avg,FD_sk_sd,IN_avg_avg,IN_avg_sd,IN_sd_avg,IN_sd_sd,IN_r1_avg,IN_r1_sd,IN_kr_avg,IN_kr_sd,IN_sk_avg,IN_sk_sd
492,0.4996891309,0.3028864234,0.0009385153,0.0006013020,0.9447494348,0.0436493561,2.4000438547,0.6027212065,0.0254913869,0.5009626112,-0.0000066382,0.0000222912,0.0000348139,0.0000218232,0.2951686411,0.1769315824,2.9222477470,0.2953033080,0.0194576667,0.2246126828,0.4942550000,0.0278295432,0.0601373479,0.0086000518,0.2575757035,0.1440277861,2.8410145698,0.3071932978,0.0364459094,0.2173517377
