Instance,FV_avg_avg,FV_avg_sd,FV_sd_avg,FV_sd_sd,FV_r1_avg,FV_r1_sd,FV_kr_avg,FV_kr_sd,FV_sk_avg,FV_sk_sd,FD_avg_avg,FD_avg_sd,FD_sd_avg,FD_sd_sd,FD_r1_avg,FD_r1_sd,FD_kr_avg,FD_kr_sd,FD_sk_avg,FD_sk_sd,IN_avg_avg,IN_avg_sd,IN_sd_avg,IN_sd_sd,IN_r1_avg,IN_r1_sd,IN_kr_avg,IN_kr_sd,IN_sk_avg,IN_sk_sd
282,0.4898011871,0.2981820515,0.0017242572,0.0011904363,0.9472629267,0.0352124491,2.2894942969,0.4554744962,-0.0119907058,0.4576841151,-0.0000021527,0.0000292467,0.0000357531,0.0000227089,0.1769912951,0.1281927824,2.9168921185,0.3087214930,-0.0024713612,0.1996967505,0.4986975000,0.0232195848,0.0374900287,0.0028704748,0.1564147722,0.1140848145,2.9244298132,0.4837261675,0.0721626533,0.2717523539
