Instance,INF_avg,INF_sd,INF_r1,INF_kr,INF_sk,SUP_avg,SUP_sd,SUP_r1,SUP_kr,SUP_sk,INC_avg,INC_sd,INC_r1,INC_kr,INC_sk,IND_avg,IND_sd,IND_r1,IND_kr,IND_sk
297,0.2447000000,0.0482173205,0.2625760039,3.3657562294,0.3734576131,0.2425000000,0.0424588036,0.0570622846,3.2401291760,0.2246297901,0.5128000000,0.0566582739,0.0264918367,3.0550615858,-0.3206873471,0.0638000000,0.0178762412,-0.1106533306,3.3266441225,0.4905257730
