Instance,FV_avg_avg,FV_avg_sd,FV_sd_avg,FV_sd_sd,FV_r1_avg,FV_r1_sd,FV_kr_avg,FV_kr_sd,FV_sk_avg,FV_sk_sd,FD_avg_avg,FD_avg_sd,FD_sd_avg,FD_sd_sd,FD_r1_avg,FD_r1_sd,FD_kr_avg,FD_kr_sd,FD_sk_avg,FD_sk_sd,IN_avg_avg,IN_avg_sd,IN_sd_avg,IN_sd_sd,IN_r1_avg,IN_r1_sd,IN_kr_avg,IN_kr_sd,IN_sk_avg,IN_sk_sd
48,0.4928354941,0.2995440142,0.0024481858,0.0016016129,0.7712204746,0.1563407979,2.2955243388,0.5547936982,0.0546777063,0.4673464195,0.0000348275,0.0001754214,0.0001570221,0.0001027922,0.3461191393,0.2566737194,2.8361767729,0.6300904342,0.1288480814,0.4723737082,0.4996400000,0.0594222046,0.0480629815,0.0112570780,0.2872197583,0.2067546450,2.6716465858,0.5917121202,-0.0166412505,0.3908169904
