Instance,INF_avg,INF_sd,INF_r1,INF_kr,INF_sk,SUP_avg,SUP_sd,SUP_r1,SUP_kr,SUP_sk,INC_avg,INC_sd,INC_r1,INC_kr,INC_sk,IND_avg,IND_sd,IND_r1,IND_kr,IND_sk
422,0.2660000000,0.0352703842,0.1059443912,1.9136175184,0.1411238374,0.2110000000,0.0370000000,-0.1732047629,2.4258412164,0.2880777052,0.5230000000,0.0417252921,0.2121121940,4.8954340052,1.2830287689,0.0590000000,0.0144568323,-0.6563330381,3.7970055631,0.1747489172
