Instance,FV_avg_avg,FV_avg_sd,FV_sd_avg,FV_sd_sd,FV_r1_avg,FV_r1_sd,FV_kr_avg,FV_kr_sd,FV_sk_avg,FV_sk_sd,FD_avg_avg,FD_avg_sd,FD_sd_avg,FD_sd_sd,FD_r1_avg,FD_r1_sd,FD_kr_avg,FD_kr_sd,FD_sk_avg,FD_sk_sd,IN_avg_avg,IN_avg_sd,IN_sd_avg,IN_sd_sd,IN_r1_avg,IN_r1_sd,IN_kr_avg,IN_kr_sd,IN_sk_avg,IN_sk_sd
230,0.4905314346,0.2989418027,0.0006859845,0.0005422575,0.0545254296,0.4415210857,1.7709570219,0.3421413350,-0.1421696829,0.4057504511,-0.0000010691,0.0000811652,0.0000651678,0.0000443687,-0.2835245534,0.5038043654,2.0096296206,0.4131172372,0.2292456876,0.5051706968,0.5005000000,0.0281344984,0.0449186364,0.0133983621,-0.2933678413,0.4734508242,2.0457927153,0.4970868039,0.1589099571,0.6495916409
