Instance,INF_avg,INF_sd,INF_r1,INF_kr,INF_sk,SUP_avg,SUP_sd,SUP_r1,SUP_kr,SUP_sk,INC_avg,INC_sd,INC_r1,INC_kr,INC_sk,IND_avg,IND_sd,IND_r1,IND_kr,IND_sk
373,0.2200000000,0.1166190379,0.0296052632,1.6280276817,0.3631734744,0.2400000000,0.1280624847,0.2857142857,2.0267697799,-0.4913759825,0.5400000000,0.1562049935,0.0559440559,3.1945713518,1.0515815876,0.3600000000,0.1019803903,-0.2559241706,1.7337278107,0.2941742027
