Instance,INF_avg,INF_sd,INF_r1,INF_kr,INF_sk,SUP_avg,SUP_sd,SUP_r1,SUP_kr,SUP_sk,INC_avg,INC_sd,INC_r1,INC_kr,INC_sk,IND_avg,IND_sd,IND_r1,IND_kr,IND_sk
382,0.2000000000,0.0447213595,-0.1250000000,3.1250000000,-0.8385254916,0.2850000000,0.0895823643,-0.1339052592,1.5739074737,0.0375574591,0.5150000000,0.0743303437,0.0243902439,1.7275854303,-0.3396845421,0.2450000000,0.0567890835,-0.4208826695,2.2460789616,0.1965657837
