Instance,INF_avg,INF_sd,INF_r1,INF_kr,INF_sk,SUP_avg,SUP_sd,SUP_r1,SUP_kr,SUP_sk,INC_avg,INC_sd,INC_r1,INC_kr,INC_sk,IND_avg,IND_sd,IND_r1,IND_kr,IND_sk
349,0.2536000000,0.0644285651,0.1260665476,2.6772995448,0.1027577835,0.2200000000,0.0523067873,-0.0630630631,4.5526828768,0.6909304266,0.5264000000,0.0601916938,0.2552161469,2.8459984346,-0.5153434622,0.1096000000,0.0320599439,-0.0251883827,2.6261815514,-0.1094462878
