Instance,INF_avg,INF_sd,INF_r1,INF_kr,INF_sk,SUP_avg,SUP_sd,SUP_r1,SUP_kr,SUP_sk,INC_avg,INC_sd,INC_r1,INC_kr,INC_sk,IND_avg,IND_sd,IND_r1,IND_kr,IND_sk
249,0.2586000000,0.0398502196,-0.1056692817,3.0016851577,0.2549234814,0.2192000000,0.0363780153,0.0709048232,2.5723120147,0.3734134613,0.5222000000,0.0512363152,-0.2654625408,5.4650453544,-0.8186900955,0.0718000000,0.0193587190,-0.0267545461,2.6360545079,0.1585780919
