Instance,INF_avg,INF_sd,INF_r1,INF_kr,INF_sk,SUP_avg,SUP_sd,SUP_r1,SUP_kr,SUP_sk,INC_avg,INC_sd,INC_r1,INC_kr,INC_sk,IND_avg,IND_sd,IND_r1,IND_kr,IND_sk
297,0.2532000000,0.0401218145,-0.0346709451,2.7628784462,0.1367706421,0.2524000000,0.0436146764,-0.0695367192,2.3428650207,-0.2057473903,0.4944000000,0.0485864179,0.0301038940,2.5386962148,-0.0593367587,0.0598000000,0.0206387984,-0.1328384830,6.1420768992,0.9003880750
