Instance,INF_avg,INF_sd,INF_r1,INF_kr,INF_sk,SUP_avg,SUP_sd,SUP_r1,SUP_kr,SUP_sk,INC_avg,INC_sd,INC_r1,INC_kr,INC_sk,IND_avg,IND_sd,IND_r1,IND_kr,IND_sk
366,0.2220000000,0.0454532727,-0.5864215543,1.5774415255,0.0713049975,0.3140000000,0.0274590604,-0.0545614550,2.5564838984,1.0571802989,0.4640000000,0.0524785671,-0.1596914617,2.0643903975,0.4212945151,0.0360000000,0.0080000000,0.4351464435,1.4189453125,-0.0351562500
