Instance,FV_avg_avg,FV_avg_sd,FV_sd_avg,FV_sd_sd,FV_r1_avg,FV_r1_sd,FV_kr_avg,FV_kr_sd,FV_sk_avg,FV_sk_sd,FD_avg_avg,FD_avg_sd,FD_sd_avg,FD_sd_sd,FD_r1_avg,FD_r1_sd,FD_kr_avg,FD_kr_sd,FD_sk_avg,FD_sk_sd,IN_avg_avg,IN_avg_sd,IN_sd_avg,IN_sd_sd,IN_r1_avg,IN_r1_sd,IN_kr_avg,IN_kr_sd,IN_sk_avg,IN_sk_sd
382,0.5019499509,0.3048762579,0.0019904674,0.0013759727,0.9245917611,0.0527204554,2.6013993921,0.8958564531,-0.0778695978,0.4314479669,0.0000061272,0.0000725490,0.0001456928,0.0000889248,0.0017599968,0.0744336291,2.9384784886,0.4326324059,0.1259281004,0.2204628314,0.5025500000,0.0326396615,0.1144768452,0.0081056711,-0.0282558865,0.0949577322,2.8002815738,0.4869810720,-0.0626609363,0.1843904116
