Instance,FV_avg_avg,FV_avg_sd,FV_sd_avg,FV_sd_sd,FV_r1_avg,FV_r1_sd,FV_kr_avg,FV_kr_sd,FV_sk_avg,FV_sk_sd,FD_avg_avg,FD_avg_sd,FD_sd_avg,FD_sd_sd,FD_r1_avg,FD_r1_sd,FD_kr_avg,FD_kr_sd,FD_sk_avg,FD_sk_sd,IN_avg_avg,IN_avg_sd,IN_sd_avg,IN_sd_sd,IN_r1_avg,IN_r1_sd,IN_kr_avg,IN_kr_sd,IN_sk_avg,IN_sk_sd
415,0.4513902190,0.2748290878,0.0237525858,0.0141899054,0.9903841572,0.0073182769,1.9868507733,0.2124815118,0.4121486071,0.1463292945,-0.0003710936,0.0002206774,0.0001874583,0.0001122228,0.9523486149,0.0155369610,2.0386515191,0.1652358416,0.3964941887,0.1146031319,0.1988831526,0.0220406284,0.1442110915,0.0092964686,0.9262703002,0.0159123011,2.2379098404,0.1874667799,0.5986943036,0.1335300458
