Instance,FV_avg_avg,FV_avg_sd,FV_sd_avg,FV_sd_sd,FV_r1_avg,FV_r1_sd,FV_kr_avg,FV_kr_sd,FV_sk_avg,FV_sk_sd,FD_avg_avg,FD_avg_sd,FD_sd_avg,FD_sd_sd,FD_r1_avg,FD_r1_sd,FD_kr_avg,FD_kr_sd,FD_sk_avg,FD_sk_sd,IN_avg_avg,IN_avg_sd,IN_sd_avg,IN_sd_sd,IN_r1_avg,IN_r1_sd,IN_kr_avg,IN_kr_sd,IN_sk_avg,IN_sk_sd
25,0.4990031520,0.3036796680,0.0001955536,0.0001814122,0.0101403235,0.4543649501,2.0031294864,0.4979682642,0.0159513199,0.5629500799,-0.0000014483,0.0000219939,0.0000243400,0.0000175110,-0.3645528995,0.3537349089,2.0454356698,0.4748712781,-0.0819461944,0.6146611719,0.5037000000,0.0344573650,0.0472044176,0.0120724048,-0.3194756030,0.3745472280,1.9547689038,0.4845075829,-0.1569746721,0.6122858193
