Instance,INF_avg,INF_sd,INF_r1,INF_kr,INF_sk,SUP_avg,SUP_sd,SUP_r1,SUP_kr,SUP_sk,INC_avg,INC_sd,INC_r1,INC_kr,INC_sk,IND_avg,IND_sd,IND_r1,IND_kr,IND_sk
223,0.3400000000,0.1157583690,0.4082125604,1.3968589886,0.2436882574,0.2600000000,0.1019803903,-0.0025062657,1.3731508876,0.1527442976,0.4000000000,0.0316227766,-0.0000000000,2.5000000000,-0.0000000000,0.2300000000,0.1288409873,-0.2227912932,1.9843954130,0.7265891066
