Instance,INF_avg,INF_sd,INF_r1,INF_kr,INF_sk,SUP_avg,SUP_sd,SUP_r1,SUP_kr,SUP_sk,INC_avg,INC_sd,INC_r1,INC_kr,INC_sk,IND_avg,IND_sd,IND_r1,IND_kr,IND_sk
315,0.2156000000,0.0590985617,0.0725427694,3.1121940524,0.1547794772,0.3320000000,0.0710492787,0.0290784420,2.3262197955,0.1523016050,0.4524000000,0.0680458669,-0.0117368385,2.7049379816,-0.0631974942,0.1074000000,0.0380163123,-0.0293987949,2.6694892617,0.3536493421
