Instance,INF_avg,INF_sd,INF_r1,INF_kr,INF_sk,SUP_avg,SUP_sd,SUP_r1,SUP_kr,SUP_sk,INC_avg,INC_sd,INC_r1,INC_kr,INC_sk,IND_avg,IND_sd,IND_r1,IND_kr,IND_sk
42,0.3030000000,0.0407553677,0.0781444787,3.2704586322,-0.7751866319,0.2600000000,0.0481663783,0.0386473430,1.5145659929,-0.0751704775,0.4370000000,0.0791264810,0.2045929398,2.3318330318,0.5697815718,0.0620000000,0.0218174242,0.3264733396,1.7913282960,0.6101052182
