Instance,INF_avg,INF_sd,INF_r1,INF_kr,INF_sk,SUP_avg,SUP_sd,SUP_r1,SUP_kr,SUP_sk,INC_avg,INC_sd,INC_r1,INC_kr,INC_sk,IND_avg,IND_sd,IND_r1,IND_kr,IND_sk
412,0.2264000000,0.0661440851,-0.3122234190,3.2368802002,-0.5676314836,0.2800000000,0.0789936706,-0.0962566845,2.6104536489,0.0973787853,0.4936000000,0.0982600631,-0.1042830642,2.8605453265,-0.6813089393,0.1192000000,0.0417535627,0.1104799478,2.3893600367,0.1849745869
