Instance,INF_avg,INF_sd,INF_r1,INF_kr,INF_sk,SUP_avg,SUP_sd,SUP_r1,SUP_kr,SUP_sk,INC_avg,INC_sd,INC_r1,INC_kr,INC_sk,IND_avg,IND_sd,IND_r1,IND_kr,IND_sk
113,0.4595833333,0.1177737650,0.9282197713,2.5347565916,0.4792616413,0.1118750000,0.0812315684,0.8375533359,2.0205601416,0.4735229115,0.4285416667,0.0669884811,0.5646139251,3.4392322544,-0.3863341872,0.0716666667,0.0221108319,0.3932989072,4.8026536674,0.8758390620
