Instance,FV_avg_avg,FV_avg_sd,FV_sd_avg,FV_sd_sd,FV_r1_avg,FV_r1_sd,FV_kr_avg,FV_kr_sd,FV_sk_avg,FV_sk_sd,FD_avg_avg,FD_avg_sd,FD_sd_avg,FD_sd_sd,FD_r1_avg,FD_r1_sd,FD_kr_avg,FD_kr_sd,FD_sk_avg,FD_sk_sd,IN_avg_avg,IN_avg_sd,IN_sd_avg,IN_sd_sd,IN_r1_avg,IN_r1_sd,IN_kr_avg,IN_kr_sd,IN_sk_avg,IN_sk_sd
235,0.4869175149,0.2955726355,0.0029814230,0.0023504617,0.9318725470,0.0500851608,2.5422292186,0.7153978960,0.0263632094,0.5170776168,0.0000017765,0.0000396706,0.0002985162,0.0001832323,0.0021522422,0.1410003674,3.0208134561,0.4468241036,0.1010356587,0.2638467109,0.5034500000,0.0240737928,0.1581386408,0.0120714663,0.0030952061,0.1339407238,2.5939588701,0.2063957324,0.0265512779,0.1165709524
