Instance,FV_avg_avg,FV_avg_sd,FV_sd_avg,FV_sd_sd,FV_r1_avg,FV_r1_sd,FV_kr_avg,FV_kr_sd,FV_sk_avg,FV_sk_sd,FD_avg_avg,FD_avg_sd,FD_sd_avg,FD_sd_sd,FD_r1_avg,FD_r1_sd,FD_kr_avg,FD_kr_sd,FD_sk_avg,FD_sk_sd,IN_avg_avg,IN_avg_sd,IN_sd_avg,IN_sd_sd,IN_r1_avg,IN_r1_sd,IN_kr_avg,IN_kr_sd,IN_sk_avg,IN_sk_sd
183,0.4934986626,0.3006598746,0.0003939045,0.0002690620,0.7181018339,0.1530352684,2.6131342285,0.5607467450,0.0330505643,0.4794703835,0.0000051160,0.0000285288,0.0000871774,0.0000552519,-0.0725077118,0.2392285377,2.7344541322,0.5781653695,0.1023215865,0.3361977002,0.5034000000,0.0348545549,0.1575737995,0.0190813445,-0.0483813323,0.1974864049,2.6727153948,0.6149554681,0.0056715199,0.3923942651
