Instance,INF_avg,INF_sd,INF_r1,INF_kr,INF_sk,SUP_avg,SUP_sd,SUP_r1,SUP_kr,SUP_sk,INC_avg,INC_sd,INC_r1,INC_kr,INC_sk,IND_avg,IND_sd,IND_r1,IND_kr,IND_sk
217,0.3100000000,0.1280624847,0.4654939107,1.6140690065,0.2056922718,0.3300000000,0.0400000000,0.1549295775,2.0781250000,0.8437500000,0.3600000000,0.0969535971,0.3433179724,1.8155273880,-0.6122692079,0.2500000000,0.0632455532,-0.8571428571,1.5625000000,-0.5929270613
