Instance,INF_avg,INF_sd,INF_r1,INF_kr,INF_sk,SUP_avg,SUP_sd,SUP_r1,SUP_kr,SUP_sk,INC_avg,INC_sd,INC_r1,INC_kr,INC_sk,IND_avg,IND_sd,IND_r1,IND_kr,IND_sk
337,0.3000000000,0.1414213562,-0.5000000000,2.0000000000,0.0000000000,0.2500000000,0.2291287847,-0.3220338983,1.7619047619,0.4987837491,0.4500000000,0.1500000000,0.0909090909,2.1851851852,0.8888888889,0.3750000000,0.1479019946,0.4576271186,1.8457142857,0.4346507596
