Instance,FV_avg_avg,FV_avg_sd,FV_sd_avg,FV_sd_sd,FV_r1_avg,FV_r1_sd,FV_kr_avg,FV_kr_sd,FV_sk_avg,FV_sk_sd,FD_avg_avg,FD_avg_sd,FD_sd_avg,FD_sd_sd,FD_r1_avg,FD_r1_sd,FD_kr_avg,FD_kr_sd,FD_sk_avg,FD_sk_sd,IN_avg_avg,IN_avg_sd,IN_sd_avg,IN_sd_sd,IN_r1_avg,IN_r1_sd,IN_kr_avg,IN_kr_sd,IN_sk_avg,IN_sk_sd
494,0.5002571246,0.3043155595,0.0002131066,0.0001508842,0.5869602151,0.1817535501,2.2606354302,0.5213252229,-0.0385243064,0.5211899404,-0.0000034531,0.0000160598,0.0000169809,0.0000107852,-0.0940226908,0.2547493100,2.6091209017,0.7600419154,0.1809490834,0.6291374867,0.4885500000,0.0349191566,0.0522000344,0.0123371961,-0.1025660207,0.3306659398,2.4101526953,0.6902719065,0.0963434697,0.4970266473
