Instance,INF_avg,INF_sd,INF_r1,INF_kr,INF_sk,SUP_avg,SUP_sd,SUP_r1,SUP_kr,SUP_sk,INC_avg,INC_sd,INC_r1,INC_kr,INC_sk,IND_avg,IND_sd,IND_r1,IND_kr,IND_sk
434,0.2340000000,0.0693108938,0.1949801041,1.9401657375,0.1810616104,0.3160000000,0.0527636238,-0.2765957447,3.8816884661,-0.3058533486,0.4500000000,0.0646529195,-0.0801186944,1.9043748998,-0.1509717678,0.1180000000,0.0394461658,-0.0541229810,4.7431420622,1.4686639553
