Instance,FV_avg_avg,FV_avg_sd,FV_sd_avg,FV_sd_sd,FV_r1_avg,FV_r1_sd,FV_kr_avg,FV_kr_sd,FV_sk_avg,FV_sk_sd,FD_avg_avg,FD_avg_sd,FD_sd_avg,FD_sd_sd,FD_r1_avg,FD_r1_sd,FD_kr_avg,FD_kr_sd,FD_sk_avg,FD_sk_sd,IN_avg_avg,IN_avg_sd,IN_sd_avg,IN_sd_sd,IN_r1_avg,IN_r1_sd,IN_kr_avg,IN_kr_sd,IN_sk_avg,IN_sk_sd
336,0.4930064019,0.3005115702,0.0016962718,0.0014194158,0.7919520048,0.0826082764,2.2652953285,0.4071064926,0.0315565887,0.4444373604,0.0000223960,0.0000783814,0.0001279514,0.0000886436,-0.0037442783,0.1776495135,2.7200263233,0.6975957142,-0.0669100666,0.4758790475,0.4959600000,0.0398649520,0.0697774369,0.0119320281,0.0246965853,0.1794343228,2.8495013621,0.7652030949,0.0704521186,0.3921141366
