Instance,FV_avg_avg,FV_avg_sd,FV_sd_avg,FV_sd_sd,FV_r1_avg,FV_r1_sd,FV_kr_avg,FV_kr_sd,FV_sk_avg,FV_sk_sd,FD_avg_avg,FD_avg_sd,FD_sd_avg,FD_sd_sd,FD_r1_avg,FD_r1_sd,FD_kr_avg,FD_kr_sd,FD_sk_avg,FD_sk_sd,IN_avg_avg,IN_avg_sd,IN_sd_avg,IN_sd_sd,IN_r1_avg,IN_r1_sd,IN_kr_avg,IN_kr_sd,IN_sk_avg,IN_sk_sd
417,0.4989071583,0.3035136515,0.0002009228,0.0001590859,0.3724470934,0.2802279623,2.1388677629,0.3611179279,0.0577552859,0.4631873370,-0.0000008413,0.0000213278,0.0000643786,0.0000424607,-0.1289854671,0.2528532692,2.4779225629,1.0428236461,0.0242189843,0.6851691846,0.4960000000,0.0545343928,0.1628963661,0.0327837446,-0.0436023112,0.2716613680,2.3231028094,0.4789405279,0.1407574129,0.5018341207
