Instance,FV_avg_avg,FV_avg_sd,FV_sd_avg,FV_sd_sd,FV_r1_avg,FV_r1_sd,FV_kr_avg,FV_kr_sd,FV_sk_avg,FV_sk_sd,FD_avg_avg,FD_avg_sd,FD_sd_avg,FD_sd_sd,FD_r1_avg,FD_r1_sd,FD_kr_avg,FD_kr_sd,FD_sk_avg,FD_sk_sd,IN_avg_avg,IN_avg_sd,IN_sd_avg,IN_sd_sd,IN_r1_avg,IN_r1_sd,IN_kr_avg,IN_kr_sd,IN_sk_avg,IN_sk_sd
133,0.4975863945,0.3021503624,0.0005688842,0.0003176989,0.8990335845,0.0561366483,2.3331967815,0.5552899127,-0.0458580410,0.3928422940,-0.0000066787,0.0000199349,0.0000770271,0.0000470515,0.0490584498,0.1710094962,2.9828208710,0.8041004551,0.1607339012,0.3483427677,0.4957000000,0.0252766691,0.1548144029,0.0136051696,0.0567155621,0.1248028634,2.6726452365,0.4360726769,0.1588842704,0.2017603683
