Instance,FV_avg_avg,FV_avg_sd,FV_sd_avg,FV_sd_sd,FV_r1_avg,FV_r1_sd,FV_kr_avg,FV_kr_sd,FV_sk_avg,FV_sk_sd,FD_avg_avg,FD_avg_sd,FD_sd_avg,FD_sd_sd,FD_r1_avg,FD_r1_sd,FD_kr_avg,FD_kr_sd,FD_sk_avg,FD_sk_sd,IN_avg_avg,IN_avg_sd,IN_sd_avg,IN_sd_sd,IN_r1_avg,IN_r1_sd,IN_kr_avg,IN_kr_sd,IN_sk_avg,IN_sk_sd
164,0.4967580432,0.3016975997,0.0009762839,0.0008176047,0.0669770221,0.5031041083,1.8676647197,0.4601412949,-0.1274755966,0.5359742669,-0.0000090355,0.0001541561,0.0002330578,0.0001729974,-0.2830621075,0.3986491824,1.9258543885,0.4418815267,-0.0621088928,0.5889898480,0.4980000000,0.0586174036,0.0979207395,0.0383605106,-0.1340420186,0.3535807298,1.9118592328,0.4941771789,0.1561305803,0.5436061784
