Instance,FV_avg_avg,FV_avg_sd,FV_sd_avg,FV_sd_sd,FV_r1_avg,FV_r1_sd,FV_kr_avg,FV_kr_sd,FV_sk_avg,FV_sk_sd,FD_avg_avg,FD_avg_sd,FD_sd_avg,FD_sd_sd,FD_r1_avg,FD_r1_sd,FD_kr_avg,FD_kr_sd,FD_sk_avg,FD_sk_sd,IN_avg_avg,IN_avg_sd,IN_sd_avg,IN_sd_sd,IN_r1_avg,IN_r1_sd,IN_kr_avg,IN_kr_sd,IN_sk_avg,IN_sk_sd
380,0.5003934882,0.3045241802,0.0002263153,0.0001645659,0.7407483642,0.1871210449,2.3880971193,0.6338901489,-0.1366451932,0.5648913437,-0.0000002461,0.0000134942,0.0000416169,0.0000276467,-0.0075050090,0.1746902559,2.7523248111,0.6877027986,-0.0332038204,0.4232722688,0.5036000000,0.0310586542,0.1535018405,0.0204837732,-0.0312862276,0.2079782042,2.5542104124,0.4237034582,-0.0045090710,0.3307221494
