Instance,FV_avg_avg,FV_avg_sd,FV_sd_avg,FV_sd_sd,FV_r1_avg,FV_r1_sd,FV_kr_avg,FV_kr_sd,FV_sk_avg,FV_sk_sd,FD_avg_avg,FD_avg_sd,FD_sd_avg,FD_sd_sd,FD_r1_avg,FD_r1_sd,FD_kr_avg,FD_kr_sd,FD_sk_avg,FD_sk_sd,IN_avg_avg,IN_avg_sd,IN_sd_avg,IN_sd_sd,IN_r1_avg,IN_r1_sd,IN_kr_avg,IN_kr_sd,IN_sk_avg,IN_sk_sd
35,0.4982279276,0.3034038169,0.0003322237,0.0002294511,0.8949027968,0.0711590280,2.3688565925,0.7294325932,0.0713257015,0.4668552965,0.0000010006,0.0000065672,0.0000302247,0.0000182605,-0.0899079438,0.1173065281,3.1798170611,0.7575834631,0.0790396914,0.4208160124,0.5020500000,0.0179651746,0.1068867063,0.0105253037,-0.0604891310,0.1207600784,2.9945076627,0.9093981962,0.1420461386,0.3921038665
