Instance,INF_avg,INF_sd,INF_r1,INF_kr,INF_sk,SUP_avg,SUP_sd,SUP_r1,SUP_kr,SUP_sk,INC_avg,INC_sd,INC_r1,INC_kr,INC_sk,IND_avg,IND_sd,IND_r1,IND_kr,IND_sk
447,0.2544000000,0.0254487721,-0.0507332094,2.6952695064,-0.0948953951,0.2394000000,0.0279757037,-0.0339710871,2.5540850532,-0.2158507675,0.5062000000,0.0313138947,0.0624615021,2.3049891506,-0.3040774339,0.0399000000,0.0112911470,-0.0864398564,2.0909792534,0.0977750509
