Instance,INF_avg,INF_sd,INF_r1,INF_kr,INF_sk,SUP_avg,SUP_sd,SUP_r1,SUP_kr,SUP_sk,INC_avg,INC_sd,INC_r1,INC_kr,INC_sk,IND_avg,IND_sd,IND_r1,IND_kr,IND_sk
410,0.3700000000,0.0802674102,0.5388739946,5.2387205569,0.8276105462,0.1433333333,0.0796320905,0.7401564125,2.3560449937,0.4541117628,0.4866666667,0.0637953076,0.4074955384,2.8353099803,-0.1855257679,0.1190476190,0.0367623982,0.0905894949,3.1085680825,0.3691051752
