Instance,INF_avg,INF_sd,INF_r1,INF_kr,INF_sk,SUP_avg,SUP_sd,SUP_r1,SUP_kr,SUP_sk,INC_avg,INC_sd,INC_r1,INC_kr,INC_sk,IND_avg,IND_sd,IND_r1,IND_kr,IND_sk
321,0.2355000000,0.0315792653,-0.1095418837,5.4292282594,1.6556840051,0.2330000000,0.0351567917,-0.0079151229,2.4406439501,-0.3222043129,0.5315000000,0.0504504708,-0.4944809624,2.6568613739,-0.5024528616,0.0445000000,0.0110566722,0.1570559866,1.9418495239,-0.0399503380
