Instance,FV_avg_avg,FV_avg_sd,FV_sd_avg,FV_sd_sd,FV_r1_avg,FV_r1_sd,FV_kr_avg,FV_kr_sd,FV_sk_avg,FV_sk_sd,FD_avg_avg,FD_avg_sd,FD_sd_avg,FD_sd_sd,FD_r1_avg,FD_r1_sd,FD_kr_avg,FD_kr_sd,FD_sk_avg,FD_sk_sd,IN_avg_avg,IN_avg_sd,IN_sd_avg,IN_sd_sd,IN_r1_avg,IN_r1_sd,IN_kr_avg,IN_kr_sd,IN_sk_avg,IN_sk_sd
71,0.4744616938,0.2861356335,0.0151196574,0.0096933641,0.9840771368,0.0065207184,1.9416099861,0.1189757530,0.3333847641,0.1432336393,-0.0003513389,0.0002387640,0.0002200162,0.0001416822,0.6567602263,0.0708623531,2.7322503778,1.1743826773,0.0683732313,0.4642055457,0.2886616402,0.0446897185,0.1416327306,0.0133436357,0.5278956935,0.1439892536,2.7024141592,0.6438565668,0.2616964114,0.3585578863
