Instance,INF_avg,INF_sd,INF_r1,INF_kr,INF_sk,SUP_avg,SUP_sd,SUP_r1,SUP_kr,SUP_sk,INC_avg,INC_sd,INC_r1,INC_kr,INC_sk,IND_avg,IND_sd,IND_r1,IND_kr,IND_sk
295,0.2530000000,0.0120830460,-0.3661581137,2.5052542691,0.8978957038,0.2580000000,0.0193907194,-0.1624799572,2.1274615211,-0.5604238314,0.4890000000,0.0080000000,0.1373239437,1.4189453125,0.0351562500,0.0380000000,0.0102956301,-0.2655601660,1.7481310075,0.6817327185
