Instance,FV_avg_avg,FV_avg_sd,FV_sd_avg,FV_sd_sd,FV_r1_avg,FV_r1_sd,FV_kr_avg,FV_kr_sd,FV_sk_avg,FV_sk_sd,FD_avg_avg,FD_avg_sd,FD_sd_avg,FD_sd_sd,FD_r1_avg,FD_r1_sd,FD_kr_avg,FD_kr_sd,FD_sk_avg,FD_sk_sd,IN_avg_avg,IN_avg_sd,IN_sd_avg,IN_sd_sd,IN_r1_avg,IN_r1_sd,IN_kr_avg,IN_kr_sd,IN_sk_avg,IN_sk_sd
446,0.4889842620,0.2963658886,0.0035409498,0.0023613698,0.9422972345,0.0379019969,2.3152607156,0.4433317361,0.0024449109,0.3826941406,0.0000152260,0.0001044799,0.0001273137,0.0000786787,0.1839020655,0.1428061580,2.8484341271,0.3703429564,-0.0087204161,0.1875492970,0.4998800000,0.0312640464,0.0524340765,0.0049206321,0.1051002267,0.1521358025,2.8704738096,0.3171632222,-0.0118470392,0.1616601923
