Instance,INF_avg,INF_sd,INF_r1,INF_kr,INF_sk,SUP_avg,SUP_sd,SUP_r1,SUP_kr,SUP_sk,INC_avg,INC_sd,INC_r1,INC_kr,INC_sk,IND_avg,IND_sd,IND_r1,IND_kr,IND_sk
136,0.2768000000,0.0755099993,0.3809486548,2.9690005381,0.4475535642,0.2912000000,0.0705589116,0.1788224091,2.5518588195,0.1611112790,0.4320000000,0.0733212111,0.2566921606,2.5298681973,0.1013154490,0.1008000000,0.0304525861,0.0424298472,2.6582179185,0.4424078706
