Instance,INF_avg,INF_sd,INF_r1,INF_kr,INF_sk,SUP_avg,SUP_sd,SUP_r1,SUP_kr,SUP_sk,INC_avg,INC_sd,INC_r1,INC_kr,INC_sk,IND_avg,IND_sd,IND_r1,IND_kr,IND_sk
H,0.2200000000,0.0400000000,-0.3157894737,3.2500000000,1.5000000000,0.2900000000,0.0583095189,-0.1194029851,1.6280276817,-0.3631734744,0.4900000000,0.0374165739,0.0740740741,1.8469387755,0.3436215967,0.2900000000,0.0734846923,-0.7735042735,1.5781893004,0.3477670622
