Instance,FV_avg_avg,FV_avg_sd,FV_sd_avg,FV_sd_sd,FV_r1_avg,FV_r1_sd,FV_kr_avg,FV_kr_sd,FV_sk_avg,FV_sk_sd,FD_avg_avg,FD_avg_sd,FD_sd_avg,FD_sd_sd,FD_r1_avg,FD_r1_sd,FD_kr_avg,FD_kr_sd,FD_sk_avg,FD_sk_sd,IN_avg_avg,IN_avg_sd,IN_sd_avg,IN_sd_sd,IN_r1_avg,IN_r1_sd,IN_kr_avg,IN_kr_sd,IN_sk_avg,IN_sk_sd
88,0.4957042368,0.3010755873,0.0003356373,0.0002553448,0.2139601037,0.3617506739,1.7713877955,0.4173074875,-0.1070658001,0.3899238192,0.0000080556,0.0000710502,0.0001221505,0.0000897235,-0.1935316929,0.3770887604,2.0374478171,0.5697630032,0.0616421762,0.6813044673,0.5010000000,0.0652610144,0.1265760476,0.0402306371,-0.1265578789,0.3647579080,1.9727660581,0.6204504885,0.1710799849,0.5955660681
