Instance,FV_avg_avg,FV_avg_sd,FV_sd_avg,FV_sd_sd,FV_r1_avg,FV_r1_sd,FV_kr_avg,FV_kr_sd,FV_sk_avg,FV_sk_sd,FD_avg_avg,FD_avg_sd,FD_sd_avg,FD_sd_sd,FD_r1_avg,FD_r1_sd,FD_kr_avg,FD_kr_sd,FD_sk_avg,FD_sk_sd,IN_avg_avg,IN_avg_sd,IN_sd_avg,IN_sd_sd,IN_r1_avg,IN_r1_sd,IN_kr_avg,IN_kr_sd,IN_sk_avg,IN_sk_sd
77,0.4982649790,0.3022501855,0.0001968365,0.0001324657,0.1529203501,0.3627188562,1.9781870498,0.5967654737,0.0097877754,0.6751666942,0.0000047687,0.0000179242,0.0000254433,0.0000212518,-0.2627487682,0.4179592022,1.9891899334,0.5876665266,0.0628023849,0.6984028188,0.5091000000,0.0283652957,0.0403379800,0.0183425016,-0.2738387987,0.3912674642,1.9958207116,0.5182281138,0.1063806775,0.6473860799
