Instance,FV_avg_avg,FV_avg_sd,FV_sd_avg,FV_sd_sd,FV_r1_avg,FV_r1_sd,FV_kr_avg,FV_kr_sd,FV_sk_avg,FV_sk_sd,FD_avg_avg,FD_avg_sd,FD_sd_avg,FD_sd_sd,FD_r1_avg,FD_r1_sd,FD_kr_avg,FD_kr_sd,FD_sk_avg,FD_sk_sd,IN_avg_avg,IN_avg_sd,IN_sd_avg,IN_sd_sd,IN_r1_avg,IN_r1_sd,IN_kr_avg,IN_kr_sd,IN_sk_avg,IN_sk_sd
119,0.4994410261,0.3032194142,0.0002376002,0.0001905312,0.5671028436,0.1785122040,2.2365282891,0.6748232892,0.0698433251,0.5026295186,0.0000040889,0.0000102597,0.0000267046,0.0000160922,-0.2544890109,0.2053960548,2.3561064070,0.7156006443,-0.0540361772,0.4951638591,0.5077000000,0.0259636284,0.0658121790,0.0150118983,-0.1270976810,0.2498906731,2.0958415900,0.4927246519,0.0375795451,0.2927639721
