Instance,INF_avg,INF_sd,INF_r1,INF_kr,INF_sk,SUP_avg,SUP_sd,SUP_r1,SUP_kr,SUP_sk,INC_avg,INC_sd,INC_r1,INC_kr,INC_sk,IND_avg,IND_sd,IND_r1,IND_kr,IND_sk
203,0.3250000000,0.1167261753,0.2165898618,2.5406110597,0.1886324860,0.3000000000,0.0774596669,-0.4782608696,2.0833333333,-0.3227486122,0.3750000000,0.1078192933,0.1243243243,1.8435657301,-0.4786982150,0.1750000000,0.0844097151,0.2190476190,2.5807940905,0.9352877017
