Instance,FV_avg_avg,FV_avg_sd,FV_sd_avg,FV_sd_sd,FV_r1_avg,FV_r1_sd,FV_kr_avg,FV_kr_sd,FV_sk_avg,FV_sk_sd,FD_avg_avg,FD_avg_sd,FD_sd_avg,FD_sd_sd,FD_r1_avg,FD_r1_sd,FD_kr_avg,FD_kr_sd,FD_sk_avg,FD_sk_sd,IN_avg_avg,IN_avg_sd,IN_sd_avg,IN_sd_sd,IN_r1_avg,IN_r1_sd,IN_kr_avg,IN_kr_sd,IN_sk_avg,IN_sk_sd
417,0.5014213078,0.3035506505,0.0003530742,0.0002668078,0.7535273458,0.1386646718,2.3593298682,0.4136982612,0.0117637794,0.4600912220,-0.0000030765,0.0000169545,0.0000143487,0.0000088361,0.1263077226,0.2028966686,2.6449297315,0.6817409416,-0.1365221649,0.3176750700,0.5024100000,0.0294698812,0.0346986716,0.0037908034,0.0183037517,0.2028504968,2.6966627343,0.9413863502,-0.3014855723,0.3589366008
