Instance,INF_avg,INF_sd,INF_r1,INF_kr,INF_sk,SUP_avg,SUP_sd,SUP_r1,SUP_kr,SUP_sk,INC_avg,INC_sd,INC_r1,INC_kr,INC_sk,IND_avg,IND_sd,IND_r1,IND_kr,IND_sk
43,0.3120000000,0.1177115118,-0.0827450772,2.2619753692,-0.2333179043,0.1680000000,0.0926066952,-0.1351636748,2.2123941858,-0.2316005462,0.5200000000,0.0938083152,-0.3670411985,2.5000000000,-0.4070195494,0.3920000000,0.1092520023,-0.0384803622,2.4872636187,-0.0253245339
