Instance,FV_avg_avg,FV_avg_sd,FV_sd_avg,FV_sd_sd,FV_r1_avg,FV_r1_sd,FV_kr_avg,FV_kr_sd,FV_sk_avg,FV_sk_sd,FD_avg_avg,FD_avg_sd,FD_sd_avg,FD_sd_sd,FD_r1_avg,FD_r1_sd,FD_kr_avg,FD_kr_sd,FD_sk_avg,FD_sk_sd,IN_avg_avg,IN_avg_sd,IN_sd_avg,IN_sd_sd,IN_r1_avg,IN_r1_sd,IN_kr_avg,IN_kr_sd,IN_sk_avg,IN_sk_sd
41,0.4558519045,0.2770624615,0.0205244706,0.0125142783,0.9861924458,0.0068639498,2.2367527032,0.3323539517,0.6299345143,0.1783229922,-0.0003989179,0.0002418206,0.0001723283,0.0001041337,0.9348169826,0.0151861513,2.4325441338,0.3236452236,0.6439755920,0.1635573910,0.1716167322,0.0207124202,0.1384406612,0.0071237932,0.9227112363,0.0117079568,2.6961843096,0.3078130168,0.8547730212,0.1616848898
