Instance,FV_avg_avg,FV_avg_sd,FV_sd_avg,FV_sd_sd,FV_r1_avg,FV_r1_sd,FV_kr_avg,FV_kr_sd,FV_sk_avg,FV_sk_sd,FD_avg_avg,FD_avg_sd,FD_sd_avg,FD_sd_sd,FD_r1_avg,FD_r1_sd,FD_kr_avg,FD_kr_sd,FD_sk_avg,FD_sk_sd,IN_avg_avg,IN_avg_sd,IN_sd_avg,IN_sd_sd,IN_r1_avg,IN_r1_sd,IN_kr_avg,IN_kr_sd,IN_sk_avg,IN_sk_sd
168,0.4984597403,0.3031207322,0.0002874944,0.0001924460,0.9402074994,0.0535506186,2.4862188365,0.7328121226,0.0415560892,0.4744864338,-0.0000003296,0.0000027125,0.0000060435,0.0000036583,0.0216287682,0.0895007476,2.8454008406,0.4284629017,0.0030154147,0.2213975310,0.4998175000,0.0124223918,0.0346858639,0.0026228268,-0.0044079187,0.0978042659,2.8741473412,0.3274744934,-0.0302116796,0.2275751176
