Instance,FV_avg_avg,FV_avg_sd,FV_sd_avg,FV_sd_sd,FV_r1_avg,FV_r1_sd,FV_kr_avg,FV_kr_sd,FV_sk_avg,FV_sk_sd,FD_avg_avg,FD_avg_sd,FD_sd_avg,FD_sd_sd,FD_r1_avg,FD_r1_sd,FD_kr_avg,FD_kr_sd,FD_sk_avg,FD_sk_sd,IN_avg_avg,IN_avg_sd,IN_sd_avg,IN_sd_sd,IN_r1_avg,IN_r1_sd,IN_kr_avg,IN_kr_sd,IN_sk_avg,IN_sk_sd
323,0.4986710888,0.3029982222,0.0002783201,0.0002159250,0.6024099743,0.3839018882,2.1119237177,0.5882483923,-0.1195073236,0.5709308775,0.0000006540,0.0000282989,0.0000416060,0.0000254131,-0.0050358600,0.3072667967,2.5700557896,0.9263842379,0.0529435343,0.5922129336,0.4980000000,0.0456453722,0.1046285482,0.0276652654,0.0132169740,0.3017012896,2.5092656941,0.7983263681,0.0122390981,0.5757864940
