Instance,FV_avg_avg,FV_avg_sd,FV_sd_avg,FV_sd_sd,FV_r1_avg,FV_r1_sd,FV_kr_avg,FV_kr_sd,FV_sk_avg,FV_sk_sd,FD_avg_avg,FD_avg_sd,FD_sd_avg,FD_sd_sd,FD_r1_avg,FD_r1_sd,FD_kr_avg,FD_kr_sd,FD_sk_avg,FD_sk_sd,IN_avg_avg,IN_avg_sd,IN_sd_avg,IN_sd_sd,IN_r1_avg,IN_r1_sd,IN_kr_avg,IN_kr_sd,IN_sk_avg,IN_sk_sd
74,0.4995492284,0.3031211836,0.0006845765,0.0004205527,0.9448984852,0.0362907886,2.7019347432,0.5363258754,0.0677439418,0.6228949904,-0.0000005568,0.0000138635,0.0000697124,0.0000422379,0.0111657324,0.0723129021,3.0170568292,0.4025801230,0.1492646221,0.2017125971,0.5074500000,0.0263314926,0.1513667457,0.0080161269,0.0101113665,0.0822777491,2.8445229715,0.2593954282,0.1309323692,0.1727370349
