Instance,FV_avg_avg,FV_avg_sd,FV_sd_avg,FV_sd_sd,FV_r1_avg,FV_r1_sd,FV_kr_avg,FV_kr_sd,FV_sk_avg,FV_sk_sd,FD_avg_avg,FD_avg_sd,FD_sd_avg,FD_sd_sd,FD_r1_avg,FD_r1_sd,FD_kr_avg,FD_kr_sd,FD_sk_avg,FD_sk_sd,IN_avg_avg,IN_avg_sd,IN_sd_avg,IN_sd_sd,IN_r1_avg,IN_r1_sd,IN_kr_avg,IN_kr_sd,IN_sk_avg,IN_sk_sd
398,0.4651257929,0.3126299469,0.0159426524,0.0097490851,0.9946739158,0.0029772024,2.1600332214,0.2286294391,0.5933639719,0.1797691891,-0.0001100251,0.0000654177,0.0000439383,0.0000259766,0.9610673648,0.0155025137,2.5415082167,0.2286136418,0.7248763946,0.1573652447,0.1605680157,0.0243174220,0.1331425373,0.0090477846,0.9564777233,0.0119945609,2.6915933051,0.3046468662,0.8621000287,0.1718288759
