Instance,FV_avg_avg,FV_avg_sd,FV_sd_avg,FV_sd_sd,FV_r1_avg,FV_r1_sd,FV_kr_avg,FV_kr_sd,FV_sk_avg,FV_sk_sd,FD_avg_avg,FD_avg_sd,FD_sd_avg,FD_sd_sd,FD_r1_avg,FD_r1_sd,FD_kr_avg,FD_kr_sd,FD_sk_avg,FD_sk_sd,IN_avg_avg,IN_avg_sd,IN_sd_avg,IN_sd_sd,IN_r1_avg,IN_r1_sd,IN_kr_avg,IN_kr_sd,IN_sk_avg,IN_sk_sd
154,0.4714738391,0.2866523127,0.0140511717,0.0086140995,0.9954034572,0.0012027576,2.0228334936,0.1067313104,0.4525263478,0.1134642211,-0.0001036866,0.0000619074,0.0000428790,0.0000259959,0.8156561579,0.0367266123,2.8010974689,0.3559792529,0.6247888566,0.1796797516,0.2199232502,0.0297712644,0.1199241150,0.0060326922,0.7715511552,0.0514264790,2.9810933740,0.3220634753,0.7272959484,0.1852989027
