Instance,FV_avg_avg,FV_avg_sd,FV_sd_avg,FV_sd_sd,FV_r1_avg,FV_r1_sd,FV_kr_avg,FV_kr_sd,FV_sk_avg,FV_sk_sd,FD_avg_avg,FD_avg_sd,FD_sd_avg,FD_sd_sd,FD_r1_avg,FD_r1_sd,FD_kr_avg,FD_kr_sd,FD_sk_avg,FD_sk_sd,IN_avg_avg,IN_avg_sd,IN_sd_avg,IN_sd_sd,IN_r1_avg,IN_r1_sd,IN_kr_avg,IN_kr_sd,IN_sk_avg,IN_sk_sd
228,0.4944794573,0.3012597340,0.0007687281,0.0004972157,0.6988216557,0.1498399093,2.3299353415,0.5966045008,-0.1097666484,0.4303257820,-0.0000187402,0.0000762456,0.0001254827,0.0000804522,0.3938898886,0.2042461919,2.8418850536,0.8209030884,0.0698813634,0.4908457390,0.4740800000,0.0559899420,0.1024914261,0.0247706999,0.3134238585,0.2442826674,2.5489627907,0.8486872535,-0.0153239351,0.4321094435
