Instance,FV_avg_avg,FV_avg_sd,FV_sd_avg,FV_sd_sd,FV_r1_avg,FV_r1_sd,FV_kr_avg,FV_kr_sd,FV_sk_avg,FV_sk_sd,FD_avg_avg,FD_avg_sd,FD_sd_avg,FD_sd_sd,FD_r1_avg,FD_r1_sd,FD_kr_avg,FD_kr_sd,FD_sk_avg,FD_sk_sd,IN_avg_avg,IN_avg_sd,IN_sd_avg,IN_sd_sd,IN_r1_avg,IN_r1_sd,IN_kr_avg,IN_kr_sd,IN_sk_avg,IN_sk_sd
227,0.4990498751,0.3040467130,0.0004434152,0.0002723856,0.9017513802,0.0697233740,2.4892502088,0.6437514722,0.0503962280,0.5190323473,-0.0000046536,0.0000201511,0.0000437229,0.0000268292,0.1308835303,0.1565836669,2.9147915754,0.4979729620,-0.0099287366,0.2949114397,0.4895000000,0.0336741741,0.1124020520,0.0084604206,0.0445629827,0.1934655763,2.7108044737,0.3680125198,0.0860424814,0.3383536886
