Instance,FV_avg_avg,FV_avg_sd,FV_sd_avg,FV_sd_sd,FV_r1_avg,FV_r1_sd,FV_kr_avg,FV_kr_sd,FV_sk_avg,FV_sk_sd,FD_avg_avg,FD_avg_sd,FD_sd_avg,FD_sd_sd,FD_r1_avg,FD_r1_sd,FD_kr_avg,FD_kr_sd,FD_sk_avg,FD_sk_sd,IN_avg_avg,IN_avg_sd,IN_sd_avg,IN_sd_sd,IN_r1_avg,IN_r1_sd,IN_kr_avg,IN_kr_sd,IN_sk_avg,IN_sk_sd
261,0.4983024208,0.3028254895,0.0001796031,0.0001156597,0.8111170313,0.1320682415,2.2538123614,0.5953337407,-0.1327565150,0.4802828351,-0.0000019525,0.0000046230,0.0000093843,0.0000056687,0.0051746080,0.1672444727,2.8123874510,0.6653405239,-0.0857376855,0.4254861315,0.4965600000,0.0197011269,0.0484013715,0.0060115921,0.0155139462,0.1521295004,2.5808735268,0.6717130769,0.0043155367,0.3421385468
