Instance,INF_avg,INF_sd,INF_r1,INF_kr,INF_sk,SUP_avg,SUP_sd,SUP_r1,SUP_kr,SUP_sk,INC_avg,INC_sd,INC_r1,INC_kr,INC_sk,IND_avg,IND_sd,IND_r1,IND_kr,IND_sk
452,0.2424000000,0.0363282259,0.0426112218,2.7978469354,0.3125856517,0.2888000000,0.0377234675,0.0061088520,2.7252365826,-0.0802912553,0.4688000000,0.0391862221,-0.1199703846,2.3871373676,-0.1263487259,0.0340000000,0.0102469508,0.0291774642,2.6859863946,0.3819951714
