Instance,INF_avg,INF_sd,INF_r1,INF_kr,INF_sk,SUP_avg,SUP_sd,SUP_r1,SUP_kr,SUP_sk,INC_avg,INC_sd,INC_r1,INC_kr,INC_sk,IND_avg,IND_sd,IND_r1,IND_kr,IND_sk
368,0.2620000000,0.1508509198,-0.0828627722,2.6951672780,0.2240340743,0.2650000000,0.1472243186,0.0773632969,2.4201777597,0.1092887747,0.4730000000,0.1684369318,-0.0012815302,2.4765005529,0.2150645148,0.3460000000,0.1014100587,-0.1381374344,2.6414173528,0.4252292227
