Instance,FV_avg_avg,FV_avg_sd,FV_sd_avg,FV_sd_sd,FV_r1_avg,FV_r1_sd,FV_kr_avg,FV_kr_sd,FV_sk_avg,FV_sk_sd,FD_avg_avg,FD_avg_sd,FD_sd_avg,FD_sd_sd,FD_r1_avg,FD_r1_sd,FD_kr_avg,FD_kr_sd,FD_sk_avg,FD_sk_sd,IN_avg_avg,IN_avg_sd,IN_sd_avg,IN_sd_sd,IN_r1_avg,IN_r1_sd,IN_kr_avg,IN_kr_sd,IN_sk_avg,IN_sk_sd
316,0.5044311437,0.3065429370,0.0010981481,0.0008999335,0.6411765554,0.1797168171,2.1591212778,0.4298341977,-0.0515854875,0.4732537037,-0.0000320185,0.0001277268,0.0002402619,0.0001535693,-0.0250055407,0.3390919785,2.3826828520,0.5895147016,-0.0263233725,0.4787605880,0.4900000000,0.0635609943,0.1513860179,0.0366370522,-0.1103674812,0.2963179457,2.4789844444,0.6740063875,-0.0417980679,0.6400266683
