Instance,INF_avg,INF_sd,INF_r1,INF_kr,INF_sk,SUP_avg,SUP_sd,SUP_r1,SUP_kr,SUP_sk,INC_avg,INC_sd,INC_r1,INC_kr,INC_sk,IND_avg,IND_sd,IND_r1,IND_kr,IND_sk
74,0.2461500000,0.0364132874,0.0724755695,2.4270578791,0.2182058474,0.2625500000,0.0347166747,0.1179667967,2.9252162196,0.4393180016,0.4913000000,0.0412529999,0.0821915931,3.0153381150,-0.2372596126,0.0380000000,0.0096695398,-0.0955811203,2.8905030170,0.0265456782
