Instance,INF_avg,INF_sd,INF_r1,INF_kr,INF_sk,SUP_avg,SUP_sd,SUP_r1,SUP_kr,SUP_sk,INC_avg,INC_sd,INC_r1,INC_kr,INC_sk,IND_avg,IND_sd,IND_r1,IND_kr,IND_sk
90,0.2020000000,0.0818290902,0.1343879185,2.3514536041,0.2642976977,0.3300000000,0.0989949494,-0.2099125364,2.5791336943,-0.2721227263,0.4680000000,0.1008761617,-0.0573473833,2.1337034235,0.2626983378,0.2260000000,0.0585149554,0.0297206914,2.0495676478,-0.1978885429
