Instance,FV_avg_avg,FV_avg_sd,FV_sd_avg,FV_sd_sd,FV_r1_avg,FV_r1_sd,FV_kr_avg,FV_kr_sd,FV_sk_avg,FV_sk_sd,FD_avg_avg,FD_avg_sd,FD_sd_avg,FD_sd_sd,FD_r1_avg,FD_r1_sd,FD_kr_avg,FD_kr_sd,FD_sk_avg,FD_sk_sd,IN_avg_avg,IN_avg_sd,IN_sd_avg,IN_sd_sd,IN_r1_avg,IN_r1_sd,IN_kr_avg,IN_kr_sd,IN_sk_avg,IN_sk_sd
402,0.4969501674,0.3015068302,0.0005224710,0.0003735541,0.8088770274,0.1566078974,2.3487207377,0.6481251787,-0.0067456877,0.4374502733,-0.0000050408,0.0000213309,0.0000379486,0.0000231072,-0.0169743654,0.1397215672,2.6481767176,0.5952783625,-0.0844350334,0.4463061388,0.4980800000,0.0274755455,0.0696023026,0.0084927894,-0.0439113745,0.1446450482,2.6821119326,0.6031900135,0.0702904086,0.4008586467
