Instance,INF_avg,INF_sd,INF_r1,INF_kr,INF_sk,SUP_avg,SUP_sd,SUP_r1,SUP_kr,SUP_sk,INC_avg,INC_sd,INC_r1,INC_kr,INC_sk,IND_avg,IND_sd,IND_r1,IND_kr,IND_sk
180,0.1900000000,0.1300000000,-0.2554381603,1.9613108785,0.4588074647,0.3200000000,0.1536229150,0.1724738676,2.1852915829,0.1588746032,0.4900000000,0.2071231518,-0.2077407321,1.4191239995,0.1336997214,0.3800000000,0.1469693846,-0.5178571429,1.7325102881,0.1587632241
