Instance,FV_avg_avg,FV_avg_sd,FV_sd_avg,FV_sd_sd,FV_r1_avg,FV_r1_sd,FV_kr_avg,FV_kr_sd,FV_sk_avg,FV_sk_sd,FD_avg_avg,FD_avg_sd,FD_sd_avg,FD_sd_sd,FD_r1_avg,FD_r1_sd,FD_kr_avg,FD_kr_sd,FD_sk_avg,FD_sk_sd,IN_avg_avg,IN_avg_sd,IN_sd_avg,IN_sd_sd,IN_r1_avg,IN_r1_sd,IN_kr_avg,IN_kr_sd,IN_sk_avg,IN_sk_sd
363,0.4988980806,0.3028189361,0.0012472915,0.0007229743,0.5761416898,0.2374264233,2.1994444171,0.6815031390,0.1877255508,0.4879769440,0.0000495802,0.0001215429,0.0002473540,0.0001766059,-0.0775701689,0.2646178257,2.5885833037,0.5551873000,-0.0236251457,0.5091295984,0.5202500000,0.0660582130,0.1068355395,0.0254934795,-0.1244460357,0.2906392314,2.4499484455,0.7842554330,-0.1424308174,0.6097001600
