Instance,FV_avg_avg,FV_avg_sd,FV_sd_avg,FV_sd_sd,FV_r1_avg,FV_r1_sd,FV_kr_avg,FV_kr_sd,FV_sk_avg,FV_sk_sd,FD_avg_avg,FD_avg_sd,FD_sd_avg,FD_sd_sd,FD_r1_avg,FD_r1_sd,FD_kr_avg,FD_kr_sd,FD_sk_avg,FD_sk_sd,IN_avg_avg,IN_avg_sd,IN_sd_avg,IN_sd_sd,IN_r1_avg,IN_r1_sd,IN_kr_avg,IN_kr_sd,IN_sk_avg,IN_sk_sd
26,0.4971150597,0.3025671406,0.0004200222,0.0003340012,0.6070846254,0.3603273595,2.2725836636,0.5332991021,-0.0734407621,0.5510700323,0.0000068033,0.0000375704,0.0000763305,0.0000483234,-0.1507110281,0.2672870808,2.4635309230,0.6185087074,-0.0897918098,0.5359231474,0.5030000000,0.0600915968,0.1420686126,0.0282224968,0.0123463026,0.2507523393,2.4214203129,0.7552499323,0.2252165958,0.5461663825
