Instance,INF_avg,INF_sd,INF_r1,INF_kr,INF_sk,SUP_avg,SUP_sd,SUP_r1,SUP_kr,SUP_sk,INC_avg,INC_sd,INC_r1,INC_kr,INC_sk,IND_avg,IND_sd,IND_r1,IND_kr,IND_sk
492,0.3702777778,0.1000551545,0.4121718189,2.8139476360,0.0063413962,0.1280555556,0.0820338495,0.6303967111,3.6444882264,1.0302222061,0.5016666667,0.0684551759,-0.0451888810,4.5239723272,-0.6985967688,0.1288888889,0.0392837101,0.1098721041,2.7826483200,0.0390549217
