Instance,FV_avg_avg,FV_avg_sd,FV_sd_avg,FV_sd_sd,FV_r1_avg,FV_r1_sd,FV_kr_avg,FV_kr_sd,FV_sk_avg,FV_sk_sd,FD_avg_avg,FD_avg_sd,FD_sd_avg,FD_sd_sd,FD_r1_avg,FD_r1_sd,FD_kr_avg,FD_kr_sd,FD_sk_avg,FD_sk_sd,IN_avg_avg,IN_avg_sd,IN_sd_avg,IN_sd_sd,IN_r1_avg,IN_r1_sd,IN_kr_avg,IN_kr_sd,IN_sk_avg,IN_sk_sd
379,0.5028590241,0.3055261960,0.0004953032,0.0003748090,0.8764781114,0.1086218664,2.4785441385,0.5928744264,-0.1658911116,0.4773930942,0.0000018626,0.0000120994,0.0000441826,0.0000272145,-0.0389954594,0.1744201452,2.8777867834,0.8226376643,0.0404951934,0.3267951691,0.5009500000,0.0242929517,0.1125894684,0.0059212834,0.0092199135,0.1566451173,2.7813751361,0.4217893197,-0.0599714802,0.3398434112
