Instance,FV_avg_avg,FV_avg_sd,FV_sd_avg,FV_sd_sd,FV_r1_avg,FV_r1_sd,FV_kr_avg,FV_kr_sd,FV_sk_avg,FV_sk_sd,FD_avg_avg,FD_avg_sd,FD_sd_avg,FD_sd_sd,FD_r1_avg,FD_r1_sd,FD_kr_avg,FD_kr_sd,FD_sk_avg,FD_sk_sd,IN_avg_avg,IN_avg_sd,IN_sd_avg,IN_sd_sd,IN_r1_avg,IN_r1_sd,IN_kr_avg,IN_kr_sd,IN_sk_avg,IN_sk_sd
255,0.5016891287,0.3058645834,0.0007022566,0.0005561810,0.8709539392,0.0575146832,2.4756397944,0.5716300969,-0.1731700349,0.4307773166,0.0000026809,0.0000190849,0.0000668707,0.0000418164,-0.0148157425,0.1344858140,2.8157596317,0.4610053268,0.0798614408,0.2857783869,0.4959500000,0.0215487239,0.1110068794,0.0113676176,0.0347378320,0.1507773412,2.8777503844,0.5746557551,0.1172144160,0.3428241966
