Instance,FV_avg_avg,FV_avg_sd,FV_sd_avg,FV_sd_sd,FV_r1_avg,FV_r1_sd,FV_kr_avg,FV_kr_sd,FV_sk_avg,FV_sk_sd,FD_avg_avg,FD_avg_sd,FD_sd_avg,FD_sd_sd,FD_r1_avg,FD_r1_sd,FD_kr_avg,FD_kr_sd,FD_sk_avg,FD_sk_sd,IN_avg_avg,IN_avg_sd,IN_sd_avg,IN_sd_sd,IN_r1_avg,IN_r1_sd,IN_kr_avg,IN_kr_sd,IN_sk_avg,IN_sk_sd
145,0.4656473878,0.2831788238,0.0164745562,0.0098623357,0.9939491320,0.0024417574,1.9922075397,0.0733985324,0.4363687862,0.0726297759,-0.0001325761,0.0000806224,0.0000693453,0.0000421733,0.8627826918,0.0212594837,2.2663224090,0.1295156386,0.4056724831,0.0930452209,0.2399121180,0.0184429516,0.1367210113,0.0079307512,0.8184614374,0.0284620408,2.3979236396,0.1649436047,0.5367036046,0.1016707633
