Instance,INF_avg,INF_sd,INF_r1,INF_kr,INF_sk,SUP_avg,SUP_sd,SUP_r1,SUP_kr,SUP_sk,INC_avg,INC_sd,INC_r1,INC_kr,INC_sk,IND_avg,IND_sd,IND_r1,IND_kr,IND_sk
496,0.2568000000,0.0533456652,0.5070727418,3.0456917934,0.4001876034,0.3024000000,0.0506975345,0.2597077770,2.8275926579,0.4896245790,0.4408000000,0.0578217952,0.1344294193,1.9933977386,-0.0516481671,0.0554000000,0.0175738442,0.0038175962,2.3692648323,0.4310134307
