Instance,INF_avg,INF_sd,INF_r1,INF_kr,INF_sk,SUP_avg,SUP_sd,SUP_r1,SUP_kr,SUP_sk,INC_avg,INC_sd,INC_r1,INC_kr,INC_sk,IND_avg,IND_sd,IND_r1,IND_kr,IND_sk
418,0.2634000000,0.0341385413,0.2156797911,3.0068894796,-0.4205402586,0.2664000000,0.0356235877,-0.1031331240,2.5186071584,0.3101743751,0.4702000000,0.0326949537,0.0118472001,3.1297928526,-0.6963280143,0.0286000000,0.0087772433,-0.1436038099,2.5772702128,0.4308082026
