Instance,FV_avg_avg,FV_avg_sd,FV_sd_avg,FV_sd_sd,FV_r1_avg,FV_r1_sd,FV_kr_avg,FV_kr_sd,FV_sk_avg,FV_sk_sd,FD_avg_avg,FD_avg_sd,FD_sd_avg,FD_sd_sd,FD_r1_avg,FD_r1_sd,FD_kr_avg,FD_kr_sd,FD_sk_avg,FD_sk_sd,IN_avg_avg,IN_avg_sd,IN_sd_avg,IN_sd_sd,IN_r1_avg,IN_r1_sd,IN_kr_avg,IN_kr_sd,IN_sk_avg,IN_sk_sd
19,0.4904924349,0.2985218898,0.0017904346,0.0011219630,0.9512476822,0.0266756516,2.3294481420,0.4535664933,-0.0695573571,0.4774630903,-0.0000086366,0.0000404915,0.0001602514,0.0000977424,0.0737061703,0.0952701579,3.0718519348,0.3730085029,0.0745786985,0.2197597930,0.4902500000,0.0366808874,0.1599227940,0.0088966262,0.0351591473,0.1289789743,2.8484080168,0.3335451871,0.1211900483,0.2502720677
