Instance,INF_avg,INF_sd,INF_r1,INF_kr,INF_sk,SUP_avg,SUP_sd,SUP_r1,SUP_kr,SUP_sk,INC_avg,INC_sd,INC_r1,INC_kr,INC_sk,IND_avg,IND_sd,IND_r1,IND_kr,IND_sk
247,0.2040000000,0.0302324329,0.3008381120,2.0818414261,-0.3413378892,0.3440000000,0.0245764115,-0.6576192323,2.2796478225,-0.8900474435,0.4520000000,0.0235796522,-0.0677718186,1.2664070183,-0.0796321261,0.0330000000,0.0024494897,-0.5384615385,1.1666666667,-0.4082482905
