Instance,INF_avg,INF_sd,INF_r1,INF_kr,INF_sk,SUP_avg,SUP_sd,SUP_r1,SUP_kr,SUP_sk,INC_avg,INC_sd,INC_r1,INC_kr,INC_sk,IND_avg,IND_sd,IND_r1,IND_kr,IND_sk
200,0.2980000000,0.0416653333,-0.6871165644,3.0892671325,1.3856295943,0.2300000000,0.0469041576,0.1891891892,1.3694214876,0.1744369497,0.4720000000,0.0396988665,-0.4413196322,1.2087531243,0.3314291206,0.0700000000,0.0178885438,-0.6666666667,1.2500000000,-0.0000000000
