Instance,FV_avg_avg,FV_avg_sd,FV_sd_avg,FV_sd_sd,FV_r1_avg,FV_r1_sd,FV_kr_avg,FV_kr_sd,FV_sk_avg,FV_sk_sd,FD_avg_avg,FD_avg_sd,FD_sd_avg,FD_sd_sd,FD_r1_avg,FD_r1_sd,FD_kr_avg,FD_kr_sd,FD_sk_avg,FD_sk_sd,IN_avg_avg,IN_avg_sd,IN_sd_avg,IN_sd_sd,IN_r1_avg,IN_r1_sd,IN_kr_avg,IN_kr_sd,IN_sk_avg,IN_sk_sd
98,0.4965014940,0.3020364476,0.0003673811,0.0002945332,0.8140488095,0.1485467840,2.2738684449,0.4288196977,0.1044470174,0.3855970025,-0.0000095451,0.0000220198,0.0000603232,0.0000400302,-0.0495865637,0.1996615179,2.6464662609,0.5769890731,-0.0219948638,0.3834820588,0.4910000000,0.0288409431,0.1557027322,0.0265303446,-0.0124000613,0.1755046339,2.4445892630,0.5630064633,0.0725635459,0.2799007604
