Instance,INF_avg,INF_sd,INF_r1,INF_kr,INF_sk,SUP_avg,SUP_sd,SUP_r1,SUP_kr,SUP_sk,INC_avg,INC_sd,INC_r1,INC_kr,INC_sk,IND_avg,IND_sd,IND_r1,IND_kr,IND_sk
29,0.2200000000,0.0400000000,-0.0526315789,3.2500000000,1.5000000000,0.2700000000,0.0748331477,-0.6420664207,2.1339285714,0.7301958931,0.5100000000,0.0663324958,-0.2557077626,2.2169421488,-0.3700366502,0.1900000000,0.0489897949,-0.4705882353,2.7291666667,-0.8675276172
