Instance,INF_avg,INF_sd,INF_r1,INF_kr,INF_sk,SUP_avg,SUP_sd,SUP_r1,SUP_kr,SUP_sk,INC_avg,INC_sd,INC_r1,INC_kr,INC_sk,IND_avg,IND_sd,IND_r1,IND_kr,IND_sk
58,0.2950000000,0.1596088970,0.1992070580,2.5292523506,0.1259826322,0.2510000000,0.1513241554,-0.0646181369,2.8942811010,0.4657206272,0.4540000000,0.1681784766,0.2624237338,3.1087171652,0.4415879686,0.3470000000,0.1152865994,0.1352904150,2.8023552142,0.1906616984
