Instance,FV_avg_avg,FV_avg_sd,FV_sd_avg,FV_sd_sd,FV_r1_avg,FV_r1_sd,FV_kr_avg,FV_kr_sd,FV_sk_avg,FV_sk_sd,FD_avg_avg,FD_avg_sd,FD_sd_avg,FD_sd_sd,FD_r1_avg,FD_r1_sd,FD_kr_avg,FD_kr_sd,FD_sk_avg,FD_sk_sd,IN_avg_avg,IN_avg_sd,IN_sd_avg,IN_sd_sd,IN_r1_avg,IN_r1_sd,IN_kr_avg,IN_kr_sd,IN_sk_avg,IN_sk_sd
218,0.4953469682,0.3004737043,0.0014523486,0.0009903379,0.9039646773,0.0723942333,2.0952013931,0.4194867744,-0.0549648675,0.3643862182,0.0000011199,0.0000488938,0.0000591859,0.0000379128,0.0882586726,0.1770718588,2.8751952280,0.4283231020,-0.0883613676,0.2620372622,0.5053600000,0.0307318467,0.0513292537,0.0049931666,0.0447630408,0.1668084734,2.8016459911,0.4817603241,0.0521362682,0.2698584710
