Instance,FV_avg_avg,FV_avg_sd,FV_sd_avg,FV_sd_sd,FV_r1_avg,FV_r1_sd,FV_kr_avg,FV_kr_sd,FV_sk_avg,FV_sk_sd,FD_avg_avg,FD_avg_sd,FD_sd_avg,FD_sd_sd,FD_r1_avg,FD_r1_sd,FD_kr_avg,FD_kr_sd,FD_sk_avg,FD_sk_sd,IN_avg_avg,IN_avg_sd,IN_sd_avg,IN_sd_sd,IN_r1_avg,IN_r1_sd,IN_kr_avg,IN_kr_sd,IN_sk_avg,IN_sk_sd
491,0.4983252656,0.3021916776,0.0006679462,0.0004229318,0.8922673586,0.0625570293,2.1287043708,0.3489616151,-0.0564848389,0.3787117562,0.0000007634,0.0000182269,0.0000918774,0.0000567590,0.0052131651,0.0938775296,2.8552727896,0.5931967655,0.0677248036,0.3120569536,0.4981000000,0.0340615619,0.1601120907,0.0151762451,-0.0595292546,0.1347045458,2.6535756020,0.3883036734,0.0163484989,0.2912967440
