Instance,FV_avg_avg,FV_avg_sd,FV_sd_avg,FV_sd_sd,FV_r1_avg,FV_r1_sd,FV_kr_avg,FV_kr_sd,FV_sk_avg,FV_sk_sd,FD_avg_avg,FD_avg_sd,FD_sd_avg,FD_sd_sd,FD_r1_avg,FD_r1_sd,FD_kr_avg,FD_kr_sd,FD_sk_avg,FD_sk_sd,IN_avg_avg,IN_avg_sd,IN_sd_avg,IN_sd_sd,IN_r1_avg,IN_r1_sd,IN_kr_avg,IN_kr_sd,IN_sk_avg,IN_sk_sd
88,0.4996279725,0.3040500485,0.0003711737,0.0003037244,0.2765407402,0.3276457378,1.8382045460,0.4465777519,-0.2060348835,0.4725750595,-0.0000012739,0.0000646250,0.0000506950,0.0000395387,-0.1396748116,0.3371103057,2.0679238368,0.5748143517,0.1603287803,0.6380199523,0.4978000000,0.0538512767,0.0642352255,0.0209054014,-0.2905881769,0.5166434404,2.0774330742,0.4965417928,-0.1097156687,0.6384015159
