Instance,FV_avg_avg,FV_avg_sd,FV_sd_avg,FV_sd_sd,FV_r1_avg,FV_r1_sd,FV_kr_avg,FV_kr_sd,FV_sk_avg,FV_sk_sd,FD_avg_avg,FD_avg_sd,FD_sd_avg,FD_sd_sd,FD_r1_avg,FD_r1_sd,FD_kr_avg,FD_kr_sd,FD_sk_avg,FD_sk_sd,IN_avg_avg,IN_avg_sd,IN_sd_avg,IN_sd_sd,IN_r1_avg,IN_r1_sd,IN_kr_avg,IN_kr_sd,IN_sk_avg,IN_sk_sd
241,0.4980664530,0.3029515250,0.0002459038,0.0001565954,0.1507913541,0.3677940247,1.9325080215,0.3753405947,0.1066732866,0.5745563927,0.0000109389,0.0000336213,0.0000549782,0.0000389185,-0.2021169353,0.4121380440,2.2376633252,0.4667325704,0.0298462849,0.7021467744,0.5050000000,0.0558121850,0.0871542449,0.0333786998,-0.3765583443,0.3385295953,2.3082108341,0.5711535881,0.0087424168,0.8359975383
