Instance,INF_avg,INF_sd,INF_r1,INF_kr,INF_sk,SUP_avg,SUP_sd,SUP_r1,SUP_kr,SUP_sk,INC_avg,INC_sd,INC_r1,INC_kr,INC_sk,IND_avg,IND_sd,IND_r1,IND_kr,IND_sk
497,0.3650000000,0.1141271221,-0.8349928876,1.8957231958,-0.0686172919,0.1400000000,0.0663324958,0.5165094340,2.9142561983,-0.4008730377,0.4950000000,0.1386542462,-0.5902221054,2.4344131588,0.1316762936,0.2200000000,0.0600000000,0.0996784566,2.7870370370,0.5833333333
