Instance,INF_avg,INF_sd,INF_r1,INF_kr,INF_sk,SUP_avg,SUP_sd,SUP_r1,SUP_kr,SUP_sk,INC_avg,INC_sd,INC_r1,INC_kr,INC_sk,IND_avg,IND_sd,IND_r1,IND_kr,IND_sk
473,0.2655000000,0.0391695034,0.4029175656,2.1408342281,0.1574735393,0.2099500000,0.0371449526,0.5646858583,3.0903427111,0.2606934905,0.5245500000,0.0337275481,0.2008027080,3.5157460712,0.3368685420,0.0367000000,0.0101049493,-0.0809197156,5.4315354022,0.8037534809
