Instance,INF_avg,INF_sd,INF_r1,INF_kr,INF_sk,SUP_avg,SUP_sd,SUP_r1,SUP_kr,SUP_sk,INC_avg,INC_sd,INC_r1,INC_kr,INC_sk,IND_avg,IND_sd,IND_r1,IND_kr,IND_sk
102,0.3860512821,0.0930635153,0.7310218897,2.2079266397,-0.0155531328,0.1092820513,0.0694557408,0.7935475921,3.0279623176,0.6704961613,0.5046666667,0.0549710102,0.1526412925,2.6464757645,-0.3213883776,0.0771794872,0.0221820808,0.1435890396,3.6032334078,0.3379386897
