Instance,FV_avg_avg,FV_avg_sd,FV_sd_avg,FV_sd_sd,FV_r1_avg,FV_r1_sd,FV_kr_avg,FV_kr_sd,FV_sk_avg,FV_sk_sd,FD_avg_avg,FD_avg_sd,FD_sd_avg,FD_sd_sd,FD_r1_avg,FD_r1_sd,FD_kr_avg,FD_kr_sd,FD_sk_avg,FD_sk_sd,IN_avg_avg,IN_avg_sd,IN_sd_avg,IN_sd_sd,IN_r1_avg,IN_r1_sd,IN_kr_avg,IN_kr_sd,IN_sk_avg,IN_sk_sd
410,0.4975471801,0.3026308667,0.0004699339,0.0004045422,0.1202101608,0.4954995568,2.1448872793,0.5668650809,-0.2389515658,0.7251452351,-0.0000016128,0.0000502708,0.0000566675,0.0000572750,-0.1199124466,0.3700983337,1.8768211062,0.4961963992,-0.0587532005,0.5460354729,0.5016000000,0.0472338861,0.0561764953,0.0225078069,-0.1442131312,0.3646592229,1.9805862739,0.5681910485,0.0448548099,0.5425063782
