Instance,INF_avg,INF_sd,INF_r1,INF_kr,INF_sk,SUP_avg,SUP_sd,SUP_r1,SUP_kr,SUP_sk,INC_avg,INC_sd,INC_r1,INC_kr,INC_sk,IND_avg,IND_sd,IND_r1,IND_kr,IND_sk
257,0.2696000000,0.0777935730,-0.0973149021,2.0062384853,-0.0825365379,0.2624000000,0.0625638873,-0.0368900598,2.3556358195,-0.4013080311,0.4680000000,0.0854166260,-0.0388420667,2.1699561404,-0.1472657954,0.1152000000,0.0284422221,0.1579359640,3.1134909269,-0.4068207477
