Instance,INF_avg,INF_sd,INF_r1,INF_kr,INF_sk,SUP_avg,SUP_sd,SUP_r1,SUP_kr,SUP_sk,INC_avg,INC_sd,INC_r1,INC_kr,INC_sk,IND_avg,IND_sd,IND_r1,IND_kr,IND_sk
333,0.4015000000,0.1231574196,0.4530389262,2.1544875285,-0.3175865076,0.1185000000,0.0738088748,0.6292204137,2.3986659356,0.5011741114,0.4800000000,0.0787400787,0.1001615509,2.1048907388,0.0983226790,0.1330000000,0.0375632799,-0.1490821205,3.1686023705,0.3542144654
