Instance,FV_avg_avg,FV_avg_sd,FV_sd_avg,FV_sd_sd,FV_r1_avg,FV_r1_sd,FV_kr_avg,FV_kr_sd,FV_sk_avg,FV_sk_sd,FD_avg_avg,FD_avg_sd,FD_sd_avg,FD_sd_sd,FD_r1_avg,FD_r1_sd,FD_kr_avg,FD_kr_sd,FD_sk_avg,FD_sk_sd,IN_avg_avg,IN_avg_sd,IN_sd_avg,IN_sd_sd,IN_r1_avg,IN_r1_sd,IN_kr_avg,IN_kr_sd,IN_sk_avg,IN_sk_sd
325,0.4921750212,0.3000752488,0.0011456960,0.0008052829,0.8914701738,0.0628058090,2.4476668263,0.8903359112,0.0064437843,0.4974129864,0.0000104395,0.0000378433,0.0000635080,0.0000383485,-0.0149073821,0.1477251473,3.3726374103,0.8964579844,-0.0107713409,0.3607482153,0.5096000000,0.0244873845,0.0699375121,0.0059457889,-0.0493725111,0.1592282761,2.9564378143,0.5074194971,-0.0132518030,0.3011274201
