Instance,FV_avg_avg,FV_avg_sd,FV_sd_avg,FV_sd_sd,FV_r1_avg,FV_r1_sd,FV_kr_avg,FV_kr_sd,FV_sk_avg,FV_sk_sd,FD_avg_avg,FD_avg_sd,FD_sd_avg,FD_sd_sd,FD_r1_avg,FD_r1_sd,FD_kr_avg,FD_kr_sd,FD_sk_avg,FD_sk_sd,IN_avg_avg,IN_avg_sd,IN_sd_avg,IN_sd_sd,IN_r1_avg,IN_r1_sd,IN_kr_avg,IN_kr_sd,IN_sk_avg,IN_sk_sd
182,0.4891011160,0.2984373504,0.0013405636,0.0010651478,0.9405044449,0.0405663573,2.3740623039,0.7437947837,0.1322755904,0.4730552942,0.0000042451,0.0000249998,0.0001112189,0.0000714509,-0.0054340046,0.0880490029,3.1308383797,0.6205942303,-0.0465468456,0.2923091796,0.5029000000,0.0280462119,0.1526561789,0.0110041378,-0.0094637502,0.0695725525,2.8334399409,0.2871264735,0.0362682317,0.1609557150
