Instance,INF_avg,INF_sd,INF_r1,INF_kr,INF_sk,SUP_avg,SUP_sd,SUP_r1,SUP_kr,SUP_sk,INC_avg,INC_sd,INC_r1,INC_kr,INC_sk,IND_avg,IND_sd,IND_r1,IND_kr,IND_sk
375,0.2490000000,0.1041585330,-0.1411951925,2.8990465154,0.4779118490,0.2500000000,0.0900000000,0.1049382716,2.8463648834,0.5967078189,0.5010000000,0.0951262319,-0.0964411451,3.2576326351,0.5289886649,0.2210000000,0.0566480362,-0.3189883069,2.4461290848,-0.0491133554
