Instance,INF_avg,INF_sd,INF_r1,INF_kr,INF_sk,SUP_avg,SUP_sd,SUP_r1,SUP_kr,SUP_sk,INC_avg,INC_sd,INC_r1,INC_kr,INC_sk,IND_avg,IND_sd,IND_r1,IND_kr,IND_sk
399,0.2700000000,0.1513274595,-0.2997115637,2.1267519689,0.2735615866,0.2220000000,0.1360735095,0.0705877776,2.8463038465,0.2172208535,0.5080000000,0.1863759641,0.0849501594,2.4145332267,-0.2833161277,0.3960000000,0.1148216008,-0.1476981269,2.2928969507,0.1573990905
