Instance,FV_avg_avg,FV_avg_sd,FV_sd_avg,FV_sd_sd,FV_r1_avg,FV_r1_sd,FV_kr_avg,FV_kr_sd,FV_sk_avg,FV_sk_sd,FD_avg_avg,FD_avg_sd,FD_sd_avg,FD_sd_sd,FD_r1_avg,FD_r1_sd,FD_kr_avg,FD_kr_sd,FD_sk_avg,FD_sk_sd,IN_avg_avg,IN_avg_sd,IN_sd_avg,IN_sd_sd,IN_r1_avg,IN_r1_sd,IN_kr_avg,IN_kr_sd,IN_sk_avg,IN_sk_sd
103,0.4979328040,0.3028751719,0.0011514197,0.0009554559,0.8659557386,0.0897767415,2.5533126188,0.7311985082,-0.0671819728,0.4403326237,0.0000102827,0.0000523172,0.0000826272,0.0000563064,0.4801356881,0.1695256192,2.7157562689,0.6120093871,-0.0306529804,0.3732454314,0.4994700000,0.0349678867,0.0656312412,0.0084738523,0.3524248233,0.1749789863,2.6060169999,0.4902330084,0.0020672415,0.2497106127
