Instance,FV_avg_avg,FV_avg_sd,FV_sd_avg,FV_sd_sd,FV_r1_avg,FV_r1_sd,FV_kr_avg,FV_kr_sd,FV_sk_avg,FV_sk_sd,FD_avg_avg,FD_avg_sd,FD_sd_avg,FD_sd_sd,FD_r1_avg,FD_r1_sd,FD_kr_avg,FD_kr_sd,FD_sk_avg,FD_sk_sd,IN_avg_avg,IN_avg_sd,IN_sd_avg,IN_sd_sd,IN_r1_avg,IN_r1_sd,IN_kr_avg,IN_kr_sd,IN_sk_avg,IN_sk_sd
478,0.4974660593,0.3023452051,0.0024836421,0.0019437836,0.9616198176,0.0724435144,1.8582827386,0.1056661155,0.1319062718,0.1519482761,-0.0000731670,0.0000533290,0.0000650917,0.0000385492,0.1384545950,0.2489687900,2.8190970547,0.7947512319,0.2112031107,0.3753258279,0.3528283557,0.0409151427,0.1680261219,0.0257812234,0.1160506628,0.2870393239,2.8414427103,0.5234958426,0.0943505733,0.4831506113
