Instance,FV_avg_avg,FV_avg_sd,FV_sd_avg,FV_sd_sd,FV_r1_avg,FV_r1_sd,FV_kr_avg,FV_kr_sd,FV_sk_avg,FV_sk_sd,FD_avg_avg,FD_avg_sd,FD_sd_avg,FD_sd_sd,FD_r1_avg,FD_r1_sd,FD_kr_avg,FD_kr_sd,FD_sk_avg,FD_sk_sd,IN_avg_avg,IN_avg_sd,IN_sd_avg,IN_sd_sd,IN_r1_avg,IN_r1_sd,IN_kr_avg,IN_kr_sd,IN_sk_avg,IN_sk_sd
120,0.4745334678,0.2875700281,0.0062455667,0.0040363780,0.8998759220,0.0524071317,2.5194589288,0.5115320935,0.2059577540,0.3539284765,-0.0000682143,0.0002912136,0.0004741023,0.0002844959,0.3567779421,0.1654072336,2.9054087204,0.5640486471,0.0658303685,0.2012621015,0.4873400000,0.0403878249,0.0881191311,0.0114528048,0.3074695204,0.1637008270,2.8228814528,0.3973525982,0.0004010105,0.2665272171
