Instance,INF_avg,INF_sd,INF_r1,INF_kr,INF_sk,SUP_avg,SUP_sd,SUP_r1,SUP_kr,SUP_sk,INC_avg,INC_sd,INC_r1,INC_kr,INC_sk,IND_avg,IND_sd,IND_r1,IND_kr,IND_sk
37,0.2210000000,0.0417612260,0.6252584425,1.6354539285,-0.0570906206,0.2140000000,0.0312089731,-0.4479546375,1.5901340394,-0.5264241817,0.5650000000,0.0379473319,0.2578397213,2.1954571759,-0.5737118324,0.0430000000,0.0102956301,-0.4914163090,2.0685297259,0.4068404933
