Instance,FV_avg_avg,FV_avg_sd,FV_sd_avg,FV_sd_sd,FV_r1_avg,FV_r1_sd,FV_kr_avg,FV_kr_sd,FV_sk_avg,FV_sk_sd,FD_avg_avg,FD_avg_sd,FD_sd_avg,FD_sd_sd,FD_r1_avg,FD_r1_sd,FD_kr_avg,FD_kr_sd,FD_sk_avg,FD_sk_sd,IN_avg_avg,IN_avg_sd,IN_sd_avg,IN_sd_sd,IN_r1_avg,IN_r1_sd,IN_kr_avg,IN_kr_sd,IN_sk_avg,IN_sk_sd
418,0.4558999023,0.2793424925,0.0190523003,0.0114205990,0.9934803717,0.0016670187,2.0890093298,0.0998239810,0.5266310817,0.1008564730,-0.0001950792,0.0001137782,0.0000788621,0.0000466801,0.9265361132,0.0102468139,2.7087435160,0.2762126084,0.7806683444,0.1130737178,0.1746790135,0.0277930395,0.1300089672,0.0071283992,0.9107488251,0.0127790602,3.0104865961,0.3014234068,0.9594855710,0.1370371721
