Instance,INF_avg,INF_sd,INF_r1,INF_kr,INF_sk,SUP_avg,SUP_sd,SUP_r1,SUP_kr,SUP_sk,INC_avg,INC_sd,INC_r1,INC_kr,INC_sk,IND_avg,IND_sd,IND_r1,IND_kr,IND_sk
441,0.2208000000,0.0428411018,0.1808841393,3.1539851234,0.7034902310,0.2572000000,0.0451238296,0.3799101730,2.2838874007,0.3035034528,0.5220000000,0.0507543102,0.1600243286,2.9517861965,-0.4398243478,0.0748000000,0.0185730988,0.0885104342,2.5764578981,0.0877143890
