Instance,FV_avg_avg,FV_avg_sd,FV_sd_avg,FV_sd_sd,FV_r1_avg,FV_r1_sd,FV_kr_avg,FV_kr_sd,FV_sk_avg,FV_sk_sd,FD_avg_avg,FD_avg_sd,FD_sd_avg,FD_sd_sd,FD_r1_avg,FD_r1_sd,FD_kr_avg,FD_kr_sd,FD_sk_avg,FD_sk_sd,IN_avg_avg,IN_avg_sd,IN_sd_avg,IN_sd_sd,IN_r1_avg,IN_r1_sd,IN_kr_avg,IN_kr_sd,IN_sk_avg,IN_sk_sd
277,0.4967465189,0.3024827288,0.0008272188,0.0007031205,0.8998586770,0.0726729573,2.3349447279,0.5128167380,-0.0173843843,0.4072463583,-0.0000000082,0.0000205843,0.0000901622,0.0000536264,0.0102886227,0.1476844836,2.7384836758,0.4520885256,-0.1088724706,0.2652670539,0.4904000000,0.0346156034,0.1550605466,0.0143466681,-0.0289687073,0.1257586650,2.8718604112,0.6217614148,-0.0825788136,0.2992381639
