Instance,FV_avg_avg,FV_avg_sd,FV_sd_avg,FV_sd_sd,FV_r1_avg,FV_r1_sd,FV_kr_avg,FV_kr_sd,FV_sk_avg,FV_sk_sd,FD_avg_avg,FD_avg_sd,FD_sd_avg,FD_sd_sd,FD_r1_avg,FD_r1_sd,FD_kr_avg,FD_kr_sd,FD_sk_avg,FD_sk_sd,IN_avg_avg,IN_avg_sd,IN_sd_avg,IN_sd_sd,IN_r1_avg,IN_r1_sd,IN_kr_avg,IN_kr_sd,IN_sk_avg,IN_sk_sd
326,0.4545267644,0.2757804896,0.0203386769,0.0124405457,0.9862882666,0.0062031343,2.0086839726,0.1798620930,0.4687934554,0.1471839369,-0.0003773832,0.0002338110,0.0002001017,0.0001212427,0.8726634588,0.0314004368,2.3069840756,0.3109114890,0.4482929571,0.2017501606,0.2241249645,0.0289736907,0.1453303433,0.0100364427,0.8416242627,0.0379914758,2.5182966999,0.3297279073,0.6303490876,0.1959332022
