Instance,INF_avg,INF_sd,INF_r1,INF_kr,INF_sk,SUP_avg,SUP_sd,SUP_r1,SUP_kr,SUP_sk,INC_avg,INC_sd,INC_r1,INC_kr,INC_sk,IND_avg,IND_sd,IND_r1,IND_kr,IND_sk
0,0.2612000000,0.0349078788,0.1449824909,2.2221026278,-0.1454849624,0.2396000000,0.0363846121,0.1115211315,2.4272752673,0.4307616745,0.4992000000,0.0441742006,0.2607304789,3.1797772600,0.6158227239,0.0656000000,0.0169894085,-0.2858414757,2.2044667922,0.6067168585
