Instance,FV_avg_avg,FV_avg_sd,FV_sd_avg,FV_sd_sd,FV_r1_avg,FV_r1_sd,FV_kr_avg,FV_kr_sd,FV_sk_avg,FV_sk_sd,FD_avg_avg,FD_avg_sd,FD_sd_avg,FD_sd_sd,FD_r1_avg,FD_r1_sd,FD_kr_avg,FD_kr_sd,FD_sk_avg,FD_sk_sd,IN_avg_avg,IN_avg_sd,IN_sd_avg,IN_sd_sd,IN_r1_avg,IN_r1_sd,IN_kr_avg,IN_kr_sd,IN_sk_avg,IN_sk_sd
119,0.5006064195,0.3042660302,0.0007079147,0.0004822492,0.9415144225,0.0317512173,2.5175050073,0.8567420525,0.0951844033,0.5196943700,-0.0000030564,0.0000176900,0.0000502260,0.0000304372,-0.0277419956,0.0857912388,2.9348462966,0.5315151535,-0.0247037559,0.2168690935,0.4943250000,0.0243635358,0.1127449839,0.0093022093,-0.0074864921,0.1102123923,2.7414608931,0.3278662350,0.0010567658,0.2040840253
