Instance,INF_avg,INF_sd,INF_r1,INF_kr,INF_sk,SUP_avg,SUP_sd,SUP_r1,SUP_kr,SUP_sk,INC_avg,INC_sd,INC_r1,INC_kr,INC_sk,IND_avg,IND_sd,IND_r1,IND_kr,IND_sk
211,0.2530000000,0.0462709412,-0.1762808451,2.6944977411,-0.3734476835,0.2540000000,0.0431740663,-0.3061707160,2.5388752786,0.2854002291,0.4930000000,0.0490000000,0.3133342507,4.2976846902,-1.3288340742,0.0640000000,0.0180000000,-0.3027295285,3.8587105624,-1.2263374486
