Instance,INF_avg,INF_sd,INF_r1,INF_kr,INF_sk,SUP_avg,SUP_sd,SUP_r1,SUP_kr,SUP_sk,INC_avg,INC_sd,INC_r1,INC_kr,INC_sk,IND_avg,IND_sd,IND_r1,IND_kr,IND_sk
426,0.2000000000,0.0357770876,-0.6666666667,1.9531250000,-0.6288941187,0.2880000000,0.0872696969,-0.6576209860,2.2242956006,-0.5165095313,0.5120000000,0.0574108004,-0.4958592133,2.6779621076,1.1140963830,0.1120000000,0.0271293199,-0.0220994475,2.9310018904,-1.1731251294
