Instance,FV_avg_avg,FV_avg_sd,FV_sd_avg,FV_sd_sd,FV_r1_avg,FV_r1_sd,FV_kr_avg,FV_kr_sd,FV_sk_avg,FV_sk_sd,FD_avg_avg,FD_avg_sd,FD_sd_avg,FD_sd_sd,FD_r1_avg,FD_r1_sd,FD_kr_avg,FD_kr_sd,FD_sk_avg,FD_sk_sd,IN_avg_avg,IN_avg_sd,IN_sd_avg,IN_sd_sd,IN_r1_avg,IN_r1_sd,IN_kr_avg,IN_kr_sd,IN_sk_avg,IN_sk_sd
45,0.4993981980,0.3029492982,0.0006558071,0.0006543750,0.2319851518,0.3544668910,1.6791453579,0.3449180642,-0.0233824527,0.4014840582,0.0000154553,0.0002206287,0.0002137160,0.0001789038,-0.2698141452,0.3530566333,1.9957966109,0.5304222326,0.0670387972,0.6651739892,0.5060000000,0.1108332080,0.1342549926,0.0552774543,-0.2626798817,0.5478970551,2.0445479509,0.5276878402,-0.0490041529,0.6307555888
