Instance,FV_avg_avg,FV_avg_sd,FV_sd_avg,FV_sd_sd,FV_r1_avg,FV_r1_sd,FV_kr_avg,FV_kr_sd,FV_sk_avg,FV_sk_sd,FD_avg_avg,FD_avg_sd,FD_sd_avg,FD_sd_sd,FD_r1_avg,FD_r1_sd,FD_kr_avg,FD_kr_sd,FD_sk_avg,FD_sk_sd,IN_avg_avg,IN_avg_sd,IN_sd_avg,IN_sd_sd,IN_r1_avg,IN_r1_sd,IN_kr_avg,IN_kr_sd,IN_sk_avg,IN_sk_sd
318,0.4959737755,0.3023121053,0.0005650933,0.0004250376,0.8710739908,0.1274765349,2.3999177137,0.6732888993,-0.0225090705,0.4775041526,0.0000018479,0.0000103623,0.0000150286,0.0000090289,0.0225905167,0.1477425134,3.1024483325,0.6508178986,-0.0392455088,0.2916229538,0.5003300000,0.0204272147,0.0353042790,0.0030295028,0.0058784743,0.1285096407,3.1661792112,0.7195004950,-0.0835168700,0.3153071708
