Instance,FV_avg_avg,FV_avg_sd,FV_sd_avg,FV_sd_sd,FV_r1_avg,FV_r1_sd,FV_kr_avg,FV_kr_sd,FV_sk_avg,FV_sk_sd,FD_avg_avg,FD_avg_sd,FD_sd_avg,FD_sd_sd,FD_r1_avg,FD_r1_sd,FD_kr_avg,FD_kr_sd,FD_sk_avg,FD_sk_sd,IN_avg_avg,IN_avg_sd,IN_sd_avg,IN_sd_sd,IN_r1_avg,IN_r1_sd,IN_kr_avg,IN_kr_sd,IN_sk_avg,IN_sk_sd
284,0.4547151171,0.2759770870,0.0170824452,0.0102081123,0.9703603076,0.0109142558,2.3052376582,0.1159990616,0.6806877150,0.0801939035,-0.0009866479,0.0006034448,0.0002732961,0.0001644859,0.8643782757,0.0250930477,4.8446020001,1.3555486697,1.3049921598,0.3096305338,0.1218316532,0.0212057293,0.1168932223,0.0163631214,0.8932227513,0.0233348002,4.2917053907,1.0696269354,1.2994268564,0.2871391412
