Instance,INF_avg,INF_sd,INF_r1,INF_kr,INF_sk,SUP_avg,SUP_sd,SUP_r1,SUP_kr,SUP_sk,INC_avg,INC_sd,INC_r1,INC_kr,INC_sk,IND_avg,IND_sd,IND_r1,IND_kr,IND_sk
213,0.2418000000,0.0434828702,-0.0757126545,3.5641540569,0.4238129216,0.2616000000,0.0425375129,-0.0204704704,3.2011956653,-0.2979041560,0.4966000000,0.0540965803,-0.1358688881,3.5931942155,0.2753387837,0.0650000000,0.0180277564,-0.0688000000,2.7155029586,0.2560154752
