Instance,INF_avg,INF_sd,INF_r1,INF_kr,INF_sk,SUP_avg,SUP_sd,SUP_r1,SUP_kr,SUP_sk,INC_avg,INC_sd,INC_r1,INC_kr,INC_sk,IND_avg,IND_sd,IND_r1,IND_kr,IND_sk
471,0.2384000000,0.0646021671,0.1468894028,3.3241589504,0.5775554330,0.2100000000,0.0597662112,-0.1885199775,2.7407708832,0.2180950438,0.5516000000,0.0671821405,-0.0323854280,3.2562576290,-0.6724717577,0.1272000000,0.0324370159,0.1694506887,2.5846186975,0.0545020300
