Instance,FV_avg_avg,FV_avg_sd,FV_sd_avg,FV_sd_sd,FV_r1_avg,FV_r1_sd,FV_kr_avg,FV_kr_sd,FV_sk_avg,FV_sk_sd,FD_avg_avg,FD_avg_sd,FD_sd_avg,FD_sd_sd,FD_r1_avg,FD_r1_sd,FD_kr_avg,FD_kr_sd,FD_sk_avg,FD_sk_sd,IN_avg_avg,IN_avg_sd,IN_sd_avg,IN_sd_sd,IN_r1_avg,IN_r1_sd,IN_kr_avg,IN_kr_sd,IN_sk_avg,IN_sk_sd
198,0.4931175458,0.3005569744,0.0008630307,0.0006541213,0.9047166391,0.0795923665,2.3156433860,0.7488097032,-0.1393362214,0.4709653750,0.0000097672,0.0000272358,0.0000930339,0.0000572830,-0.0294071106,0.1758638543,2.7697342656,0.5874476144,0.0094978080,0.3694879701,0.5130000000,0.0323264598,0.1557740317,0.0167466724,-0.0361535602,0.1956842199,2.6403398356,0.4740566576,-0.0392180398,0.2418701237
