Instance,INF_avg,INF_sd,INF_r1,INF_kr,INF_sk,SUP_avg,SUP_sd,SUP_r1,SUP_kr,SUP_sk,INC_avg,INC_sd,INC_r1,INC_kr,INC_sk,IND_avg,IND_sd,IND_r1,IND_kr,IND_sk
47,0.2548000000,0.0696057469,0.0757529004,2.9518929090,0.2639151941,0.2364000000,0.0633327719,0.2708945941,2.6426535688,0.0252170252,0.5088000000,0.0675467246,-0.0133012518,3.2517904176,-0.1729249831,0.1184000000,0.0314553652,0.0549816988,2.6383246671,0.2555459876
