Instance,INF_avg,INF_sd,INF_r1,INF_kr,INF_sk,SUP_avg,SUP_sd,SUP_r1,SUP_kr,SUP_sk,INC_avg,INC_sd,INC_r1,INC_kr,INC_sk,IND_avg,IND_sd,IND_r1,IND_kr,IND_sk
J,0.1988000000,0.0391223721,-0.2180943232,2.5429500886,0.1822294774,0.2576000000,0.0369085356,-0.1252510204,1.5760036572,0.3242344578,0.5436000000,0.0505869548,-0.1437230000,2.4623626054,-0.0961290039,0.0760000000,0.0213541565,-0.2607236106,2.1602031394,0.3056227385
