Instance,INF_avg,INF_sd,INF_r1,INF_kr,INF_sk,SUP_avg,SUP_sd,SUP_r1,SUP_kr,SUP_sk,INC_avg,INC_sd,INC_r1,INC_kr,INC_sk,IND_avg,IND_sd,IND_r1,IND_kr,IND_sk
238,0.3745833333,0.0941399298,0.5561371815,3.0974646755,-0.2145453639,0.1258333333,0.0827605314,0.6007660506,3.1194083572,0.8084506280,0.4995833333,0.0705324492,0.3011221866,3.2513867510,0.1426441645,0.1241666667,0.0355805034,0.1893513221,2.5218078018,-0.0273138712
