Instance,FV_avg_avg,FV_avg_sd,FV_sd_avg,FV_sd_sd,FV_r1_avg,FV_r1_sd,FV_kr_avg,FV_kr_sd,FV_sk_avg,FV_sk_sd,FD_avg_avg,FD_avg_sd,FD_sd_avg,FD_sd_sd,FD_r1_avg,FD_r1_sd,FD_kr_avg,FD_kr_sd,FD_sk_avg,FD_sk_sd,IN_avg_avg,IN_avg_sd,IN_sd_avg,IN_sd_sd,IN_r1_avg,IN_r1_sd,IN_kr_avg,IN_kr_sd,IN_sk_avg,IN_sk_sd
418,0.4953662920,0.3013998944,0.0008925520,0.0007321020,0.9499414868,0.0534118108,2.5156211703,0.7778320892,-0.1489607876,0.5046202574,0.0000001098,0.0000142748,0.0000239450,0.0000144347,0.0976724436,0.1359169959,2.7863709119,0.3852321301,0.0122806637,0.1937102357,0.4966850000,0.0212015630,0.0518188712,0.0033851279,0.0624648899,0.1068114569,3.0560059669,0.5830019420,-0.0084765233,0.2340235385
