Instance,INF_avg,INF_sd,INF_r1,INF_kr,INF_sk,SUP_avg,SUP_sd,SUP_r1,SUP_kr,SUP_sk,INC_avg,INC_sd,INC_r1,INC_kr,INC_sk,IND_avg,IND_sd,IND_r1,IND_kr,IND_sk
207,0.2790000000,0.0406816912,0.3291663638,2.8544073165,-0.0054806159,0.2406000000,0.0461913412,0.2380033180,2.7706648381,0.4450197708,0.4804000000,0.0387406763,-0.1417627422,2.2449293676,-0.0179051998,0.0291000000,0.0080430094,0.0954606038,2.9594898781,0.3803404456
