Instance,FV_avg_avg,FV_avg_sd,FV_sd_avg,FV_sd_sd,FV_r1_avg,FV_r1_sd,FV_kr_avg,FV_kr_sd,FV_sk_avg,FV_sk_sd,FD_avg_avg,FD_avg_sd,FD_sd_avg,FD_sd_sd,FD_r1_avg,FD_r1_sd,FD_kr_avg,FD_kr_sd,FD_sk_avg,FD_sk_sd,IN_avg_avg,IN_avg_sd,IN_sd_avg,IN_sd_sd,IN_r1_avg,IN_r1_sd,IN_kr_avg,IN_kr_sd,IN_sk_avg,IN_sk_sd
180,0.5002445708,0.3037453991,0.0003401353,0.0003019846,0.1160324003,0.4434526512,1.8360147869,0.5083651844,-0.0419654720,0.5147340544,-0.0000052145,0.0000379146,0.0000236717,0.0000160731,-0.1423852007,0.3863151131,2.0954519659,0.3859973683,-0.1359626692,0.6057771837,0.5015500000,0.0279722630,0.0279745385,0.0086790088,-0.1726383932,0.2595330633,2.0176681624,0.4521153883,0.1170279968,0.6377080414
