Instance,FV_avg_avg,FV_avg_sd,FV_sd_avg,FV_sd_sd,FV_r1_avg,FV_r1_sd,FV_kr_avg,FV_kr_sd,FV_sk_avg,FV_sk_sd,FD_avg_avg,FD_avg_sd,FD_sd_avg,FD_sd_sd,FD_r1_avg,FD_r1_sd,FD_kr_avg,FD_kr_sd,FD_sk_avg,FD_sk_sd,IN_avg_avg,IN_avg_sd,IN_sd_avg,IN_sd_sd,IN_r1_avg,IN_r1_sd,IN_kr_avg,IN_kr_sd,IN_sk_avg,IN_sk_sd
445,0.4991484330,0.3040712782,0.0002216480,0.0001421695,0.4386757954,0.3150474939,2.2852254647,0.8437218136,0.1988344453,0.5177920060,0.0000038738,0.0000203911,0.0000461214,0.0000281723,-0.1418908092,0.3879498675,2.3439391342,0.5958207040,-0.0402913889,0.3571366076,0.5052500000,0.0419665045,0.1057124948,0.0140932056,-0.0956168006,0.3680200785,2.1837186529,0.5549006781,-0.0462263629,0.4646875837
