Instance,INF_avg,INF_sd,INF_r1,INF_kr,INF_sk,SUP_avg,SUP_sd,SUP_r1,SUP_kr,SUP_sk,INC_avg,INC_sd,INC_r1,INC_kr,INC_sk,IND_avg,IND_sd,IND_r1,IND_kr,IND_sk
480,0.2192000000,0.0622202539,-0.0146461170,2.7910338288,0.2684016132,0.2856000000,0.0663373198,-0.0609687134,4.6726900964,0.2470950452,0.4952000000,0.0647530694,0.1025903924,2.5295347229,0.0795898950,0.1116000000,0.0330066660,-0.0182832470,2.3405791636,0.2193231116
