Instance,INF_avg,INF_sd,INF_r1,INF_kr,INF_sk,SUP_avg,SUP_sd,SUP_r1,SUP_kr,SUP_sk,INC_avg,INC_sd,INC_r1,INC_kr,INC_sk,IND_avg,IND_sd,IND_r1,IND_kr,IND_sk
388,0.2484000000,0.0539762911,0.1767943031,2.7347039804,0.1550878929,0.2612000000,0.0578840220,-0.1241992470,2.7285439703,-0.2280233953,0.4904000000,0.0680282294,-0.0402659549,2.1881323672,-0.1776024521,0.1040000000,0.0280000000,0.0244407622,3.1141191170,0.3848396501
