Instance,FV_avg_avg,FV_avg_sd,FV_sd_avg,FV_sd_sd,FV_r1_avg,FV_r1_sd,FV_kr_avg,FV_kr_sd,FV_sk_avg,FV_sk_sd,FD_avg_avg,FD_avg_sd,FD_sd_avg,FD_sd_sd,FD_r1_avg,FD_r1_sd,FD_kr_avg,FD_kr_sd,FD_sk_avg,FD_sk_sd,IN_avg_avg,IN_avg_sd,IN_sd_avg,IN_sd_sd,IN_r1_avg,IN_r1_sd,IN_kr_avg,IN_kr_sd,IN_sk_avg,IN_sk_sd
413,0.5001407173,0.3026485817,0.0002658659,0.0002363440,0.4282708050,0.3817201616,2.1514595354,0.5599973928,-0.0132363008,0.5207292687,-0.0000013196,0.0000137035,0.0000213546,0.0000133628,-0.0277911609,0.3393134766,2.5387969384,0.7251843061,-0.0832746346,0.4995726264,0.5050500000,0.0336013021,0.0439977646,0.0108234335,-0.1632918301,0.3569669022,2.7361355026,0.5596214068,0.0652967132,0.5262275686
