Instance,FV_avg_avg,FV_avg_sd,FV_sd_avg,FV_sd_sd,FV_r1_avg,FV_r1_sd,FV_kr_avg,FV_kr_sd,FV_sk_avg,FV_sk_sd,FD_avg_avg,FD_avg_sd,FD_sd_avg,FD_sd_sd,FD_r1_avg,FD_r1_sd,FD_kr_avg,FD_kr_sd,FD_sk_avg,FD_sk_sd,IN_avg_avg,IN_avg_sd,IN_sd_avg,IN_sd_sd,IN_r1_avg,IN_r1_sd,IN_kr_avg,IN_kr_sd,IN_sk_avg,IN_sk_sd
204,0.4989499509,0.3031802253,0.0004725209,0.0003545839,0.9470714235,0.0349851965,2.3551041814,0.5163362749,0.0474176634,0.4047578082,-0.0000035777,0.0000063478,0.0000278759,0.0000178150,-0.0164937422,0.0800680947,3.0393840851,0.5665246310,-0.0313464966,0.2759732365,0.4912750000,0.0185286771,0.1105943655,0.0079497684,-0.0195311407,0.0908718124,2.9416202155,0.4822616711,-0.0208492505,0.2667118916
