Instance,FV_avg_avg,FV_avg_sd,FV_sd_avg,FV_sd_sd,FV_r1_avg,FV_r1_sd,FV_kr_avg,FV_kr_sd,FV_sk_avg,FV_sk_sd,FD_avg_avg,FD_avg_sd,FD_sd_avg,FD_sd_sd,FD_r1_avg,FD_r1_sd,FD_kr_avg,FD_kr_sd,FD_sk_avg,FD_sk_sd,IN_avg_avg,IN_avg_sd,IN_sd_avg,IN_sd_sd,IN_r1_avg,IN_r1_sd,IN_kr_avg,IN_kr_sd,IN_sk_avg,IN_sk_sd
47,0.4933523353,0.3004376402,0.0015627915,0.0009515088,0.8881472957,0.0917111847,2.5114712488,0.8108229900,0.0108427702,0.4665167946,0.0000104036,0.0000545337,0.0000490569,0.0000295646,0.1463337687,0.1579153986,2.7635931059,0.4999655184,-0.0576189034,0.3452064509,0.4993950000,0.0336821388,0.0380627257,0.0045001572,0.0738442846,0.1610961045,2.7537662401,0.7032913458,-0.0626939424,0.2173288650
