Instance,FV_avg_avg,FV_avg_sd,FV_sd_avg,FV_sd_sd,FV_r1_avg,FV_r1_sd,FV_kr_avg,FV_kr_sd,FV_sk_avg,FV_sk_sd,FD_avg_avg,FD_avg_sd,FD_sd_avg,FD_sd_sd,FD_r1_avg,FD_r1_sd,FD_kr_avg,FD_kr_sd,FD_sk_avg,FD_sk_sd,IN_avg_avg,IN_avg_sd,IN_sd_avg,IN_sd_sd,IN_r1_avg,IN_r1_sd,IN_kr_avg,IN_kr_sd,IN_sk_avg,IN_sk_sd
319,0.4990344834,0.3029063055,0.0001633778,0.0001190827,0.2408047122,0.4501326753,1.9270509803,0.4414632751,-0.0358548108,0.5545019436,-0.0000006651,0.0000199604,0.0000180040,0.0000113802,-0.1852363469,0.3876395395,2.0638033036,0.5675210108,0.3665520387,0.6227591534,0.4917000000,0.0399563512,0.0357681369,0.0114995819,-0.2971883045,0.4529064491,2.0120108426,0.5674327684,0.1228752499,0.6499935532
