Instance,FV_avg_avg,FV_avg_sd,FV_sd_avg,FV_sd_sd,FV_r1_avg,FV_r1_sd,FV_kr_avg,FV_kr_sd,FV_sk_avg,FV_sk_sd,FD_avg_avg,FD_avg_sd,FD_sd_avg,FD_sd_sd,FD_r1_avg,FD_r1_sd,FD_kr_avg,FD_kr_sd,FD_sk_avg,FD_sk_sd,IN_avg_avg,IN_avg_sd,IN_sd_avg,IN_sd_sd,IN_r1_avg,IN_r1_sd,IN_kr_avg,IN_kr_sd,IN_sk_avg,IN_sk_sd
238,0.5009356344,0.3033852623,0.0014757644,0.0012370613,0.7817744020,0.2117169567,2.4798881373,0.8134757426,-0.1709736583,0.6325862335,0.0000024353,0.0000812850,0.0001075646,0.0000685819,-0.0006719056,0.1631611173,2.5869857607,0.6543407556,-0.0402124878,0.3422289529,0.5082800000,0.0332046021,0.0663101321,0.0103083646,-0.0727225846,0.1493179301,2.5268542867,0.3203549791,-0.0407369293,0.3114541327
