Instance,FV_avg_avg,FV_avg_sd,FV_sd_avg,FV_sd_sd,FV_r1_avg,FV_r1_sd,FV_kr_avg,FV_kr_sd,FV_sk_avg,FV_sk_sd,FD_avg_avg,FD_avg_sd,FD_sd_avg,FD_sd_sd,FD_r1_avg,FD_r1_sd,FD_kr_avg,FD_kr_sd,FD_sk_avg,FD_sk_sd,IN_avg_avg,IN_avg_sd,IN_sd_avg,IN_sd_sd,IN_r1_avg,IN_r1_sd,IN_kr_avg,IN_kr_sd,IN_sk_avg,IN_sk_sd
273,0.4963378059,0.3021327047,0.0007868585,0.0007114343,0.9347116559,0.0545582478,2.4987214625,0.6537157200,-0.1180551020,0.4843383368,-0.0000013753,0.0000108712,0.0000720910,0.0000433856,-0.0318698494,0.1173104131,2.8362936725,0.3740651953,0.0293269012,0.2182849336,0.4938000000,0.0207571674,0.1562383446,0.0100139742,-0.0194695810,0.0874673742,2.8675130246,0.5100140516,0.0344031821,0.2364342085
