Instance,INF_avg,INF_sd,INF_r1,INF_kr,INF_sk,SUP_avg,SUP_sd,SUP_r1,SUP_kr,SUP_sk,INC_avg,INC_sd,INC_r1,INC_kr,INC_sk,IND_avg,IND_sd,IND_r1,IND_kr,IND_sk
325,0.2708000000,0.0697664676,0.0108236829,2.9832609438,-0.0567826739,0.2312000000,0.0711797724,0.0439410694,2.5685793394,0.1647050189,0.4980000000,0.0760789064,-0.0197521113,3.5026523432,-0.1736457784,0.1126000000,0.0304177580,0.1614371290,3.0164678939,0.4855629924
