Instance,INF_avg,INF_sd,INF_r1,INF_kr,INF_sk,SUP_avg,SUP_sd,SUP_r1,SUP_kr,SUP_sk,INC_avg,INC_sd,INC_r1,INC_kr,INC_sk,IND_avg,IND_sd,IND_r1,IND_kr,IND_sk
336,0.2220000000,0.0849470423,-0.0843758561,2.8658757823,0.8125840011,0.3540000000,0.1057544325,0.0693315783,2.0079205732,0.1993037333,0.4240000000,0.0981019877,-0.1766258985,2.2335650898,0.0775822462,0.1980000000,0.0607947366,-0.0000443971,2.9822482712,0.8775537542
