Instance,FV_avg_avg,FV_avg_sd,FV_sd_avg,FV_sd_sd,FV_r1_avg,FV_r1_sd,FV_kr_avg,FV_kr_sd,FV_sk_avg,FV_sk_sd,FD_avg_avg,FD_avg_sd,FD_sd_avg,FD_sd_sd,FD_r1_avg,FD_r1_sd,FD_kr_avg,FD_kr_sd,FD_sk_avg,FD_sk_sd,IN_avg_avg,IN_avg_sd,IN_sd_avg,IN_sd_sd,IN_r1_avg,IN_r1_sd,IN_kr_avg,IN_kr_sd,IN_sk_avg,IN_sk_sd
298,0.4943950388,0.3003732368,0.0030808588,0.0020145896,0.9292999162,0.0438331930,2.4153424861,0.4223084400,0.0878493264,0.4578377314,0.0000008487,0.0000675306,0.0003312894,0.0002066084,0.0649308896,0.1149165207,2.7979241074,0.3129608325,0.0451806481,0.1762960877,0.4985000000,0.0238778140,0.1634187215,0.0131118830,0.0189778612,0.1123290322,2.6971127646,0.3783796137,0.0655797619,0.2473331336
