Instance,INF_avg,INF_sd,INF_r1,INF_kr,INF_sk,SUP_avg,SUP_sd,SUP_r1,SUP_kr,SUP_sk,INC_avg,INC_sd,INC_r1,INC_kr,INC_sk,IND_avg,IND_sd,IND_r1,IND_kr,IND_sk
404,0.3980366492,0.0823362644,0.7928273143,2.3943518089,-0.1171771450,0.0956020942,0.0687969072,0.8881257812,2.4591362610,0.7436542986,0.5063612565,0.0408160266,0.0372027963,3.5326697331,-0.0692720915,0.0428272251,0.0113541971,0.0747512335,3.0382773140,0.1711038902
