Instance,FV_avg_avg,FV_avg_sd,FV_sd_avg,FV_sd_sd,FV_r1_avg,FV_r1_sd,FV_kr_avg,FV_kr_sd,FV_sk_avg,FV_sk_sd,FD_avg_avg,FD_avg_sd,FD_sd_avg,FD_sd_sd,FD_r1_avg,FD_r1_sd,FD_kr_avg,FD_kr_sd,FD_sk_avg,FD_sk_sd,IN_avg_avg,IN_avg_sd,IN_sd_avg,IN_sd_sd,IN_r1_avg,IN_r1_sd,IN_kr_avg,IN_kr_sd,IN_sk_avg,IN_sk_sd
182,0.4986438881,0.3024138061,0.0012423393,0.0008824131,0.9446766821,0.0350100255,2.3924880731,0.4851273869,0.0475871726,0.3929607002,-0.0000032990,0.0000166155,0.0000827368,0.0000479428,0.0284993207,0.1083133134,2.9707889330,0.4649217546,-0.0457177476,0.2296030444,0.4974000000,0.0230529825,0.1139561182,0.0076356484,0.0025900010,0.0965303752,2.9430184171,0.4395557174,0.0201676569,0.1877243914
