Instance,INF_avg,INF_sd,INF_r1,INF_kr,INF_sk,SUP_avg,SUP_sd,SUP_r1,SUP_kr,SUP_sk,INC_avg,INC_sd,INC_r1,INC_kr,INC_sk,IND_avg,IND_sd,IND_r1,IND_kr,IND_sk
159,0.2880000000,0.1505191018,-0.1935216418,2.3031561213,0.0109508034,0.2440000000,0.1430524379,-0.0824583198,3.8248533935,0.6536693310,0.4680000000,0.1731357849,-0.1371958880,2.9085165116,0.3141598595,0.3610000000,0.1182328212,-0.0606573871,3.5577708023,0.6442867085
