Instance,INF_avg,INF_sd,INF_r1,INF_kr,INF_sk,SUP_avg,SUP_sd,SUP_r1,SUP_kr,SUP_sk,INC_avg,INC_sd,INC_r1,INC_kr,INC_sk,IND_avg,IND_sd,IND_r1,IND_kr,IND_sk
483,0.2490000000,0.0504876222,-0.0406745598,2.1447801975,0.5435262809,0.2110000000,0.0472122865,-0.0883793309,2.9660766828,0.8097214721,0.5400000000,0.0384707681,-0.5251798561,1.9905040175,0.7271228088,0.0670000000,0.0100498756,-0.1342351717,3.6366042545,0.6265778742
