Instance,FV_avg_avg,FV_avg_sd,FV_sd_avg,FV_sd_sd,FV_r1_avg,FV_r1_sd,FV_kr_avg,FV_kr_sd,FV_sk_avg,FV_sk_sd,FD_avg_avg,FD_avg_sd,FD_sd_avg,FD_sd_sd,FD_r1_avg,FD_r1_sd,FD_kr_avg,FD_kr_sd,FD_sk_avg,FD_sk_sd,IN_avg_avg,IN_avg_sd,IN_sd_avg,IN_sd_sd,IN_r1_avg,IN_r1_sd,IN_kr_avg,IN_kr_sd,IN_sk_avg,IN_sk_sd
212,0.4927175318,0.3013753792,0.0012492693,0.0007687745,0.7832280978,0.2356104520,2.2640221948,0.7517854858,0.1679525801,0.4096993719,-0.0000075466,0.0000656710,0.0000694790,0.0000435154,-0.0011912607,0.1780362904,2.4746641001,0.4496941603,0.0366692258,0.3858029445,0.4937400000,0.0371076865,0.0494553435,0.0075233635,-0.0255247916,0.1584422513,2.4009380876,0.4890377430,0.0889647350,0.3681656754
