Instance,FV_avg_avg,FV_avg_sd,FV_sd_avg,FV_sd_sd,FV_r1_avg,FV_r1_sd,FV_kr_avg,FV_kr_sd,FV_sk_avg,FV_sk_sd,FD_avg_avg,FD_avg_sd,FD_sd_avg,FD_sd_sd,FD_r1_avg,FD_r1_sd,FD_kr_avg,FD_kr_sd,FD_sk_avg,FD_sk_sd,IN_avg_avg,IN_avg_sd,IN_sd_avg,IN_sd_sd,IN_r1_avg,IN_r1_sd,IN_kr_avg,IN_kr_sd,IN_sk_avg,IN_sk_sd
322,0.4948853258,0.3016959984,0.0000887530,0.0000662143,0.0548681142,0.5349829176,1.9241954991,0.5246535855,-0.1227597788,0.5710277436,0.0000009640,0.0000089646,0.0000070021,0.0000044499,-0.2930266141,0.3907866431,1.9786446143,0.4314009825,-0.1600995835,0.5219745794,0.5003000000,0.0231540493,0.0321028502,0.0089278781,-0.3831101029,0.3701124432,1.9283667106,0.4872802354,-0.1417809715,0.5096966230
