Instance,FV_avg_avg,FV_avg_sd,FV_sd_avg,FV_sd_sd,FV_r1_avg,FV_r1_sd,FV_kr_avg,FV_kr_sd,FV_sk_avg,FV_sk_sd,FD_avg_avg,FD_avg_sd,FD_sd_avg,FD_sd_sd,FD_r1_avg,FD_r1_sd,FD_kr_avg,FD_kr_sd,FD_sk_avg,FD_sk_sd,IN_avg_avg,IN_avg_sd,IN_sd_avg,IN_sd_sd,IN_r1_avg,IN_r1_sd,IN_kr_avg,IN_kr_sd,IN_sk_avg,IN_sk_sd
298,0.4864245052,0.2957859062,0.0023737637,0.0015051282,0.9059170614,0.0568456035,2.6464776532,0.8382274621,-0.0778035553,0.4846213199,0.0000295198,0.0000884361,0.0002296420,0.0001446557,0.0562270589,0.1521893033,2.7104480373,0.2440214676,-0.0543803026,0.1610305652,0.5012000000,0.0423772934,0.1148236845,0.0050740983,0.0316937915,0.1172069451,2.8381906584,0.3134429998,-0.0934984778,0.2162196930
