Instance,INF_avg,INF_sd,INF_r1,INF_kr,INF_sk,SUP_avg,SUP_sd,SUP_r1,SUP_kr,SUP_sk,INC_avg,INC_sd,INC_r1,INC_kr,INC_sk,IND_avg,IND_sd,IND_r1,IND_kr,IND_sk
150,0.4142271293,0.0992668018,0.8771671825,2.0125046380,-0.0854642683,0.0817350158,0.0618917275,0.9001663329,2.9868608021,0.9056483708,0.5040378549,0.0519746221,0.5296477708,2.4114568420,-0.2537795848,0.0465299685,0.0125065239,0.1697721009,3.4006616445,0.3897024424
