Instance,INF_avg,INF_sd,INF_r1,INF_kr,INF_sk,SUP_avg,SUP_sd,SUP_r1,SUP_kr,SUP_sk,INC_avg,INC_sd,INC_r1,INC_kr,INC_sk,IND_avg,IND_sd,IND_r1,IND_kr,IND_sk
66,0.2196000000,0.0263787794,0.3055272991,3.5590105507,0.6705146940,0.2650000000,0.0364142829,0.1083597464,2.7981528497,-0.2704236986,0.5154000000,0.0348043101,-0.0459171794,3.7376438225,0.1399157631,0.0418500000,0.0100909613,0.0707831427,2.4524121145,0.1676588671
