Instance,FV_avg_avg,FV_avg_sd,FV_sd_avg,FV_sd_sd,FV_r1_avg,FV_r1_sd,FV_kr_avg,FV_kr_sd,FV_sk_avg,FV_sk_sd,FD_avg_avg,FD_avg_sd,FD_sd_avg,FD_sd_sd,FD_r1_avg,FD_r1_sd,FD_kr_avg,FD_kr_sd,FD_sk_avg,FD_sk_sd,IN_avg_avg,IN_avg_sd,IN_sd_avg,IN_sd_sd,IN_r1_avg,IN_r1_sd,IN_kr_avg,IN_kr_sd,IN_sk_avg,IN_sk_sd
180,0.4810697801,0.2916205608,0.0081898214,0.0055792728,0.9840463443,0.0202653518,1.8646290120,0.0791557578,0.1899124535,0.1095718281,-0.0001376564,0.0000974085,0.0001500650,0.0000942140,0.1562060534,0.1554955233,2.8690356369,0.4512382343,0.1655811082,0.2559942794,0.3726188648,0.0309008857,0.1662078211,0.0144904656,0.1042845402,0.1072185301,2.7612112250,0.5096880267,0.1274795435,0.3036090341
