Instance,INF_avg,INF_sd,INF_r1,INF_kr,INF_sk,SUP_avg,SUP_sd,SUP_r1,SUP_kr,SUP_sk,INC_avg,INC_sd,INC_r1,INC_kr,INC_sk,IND_avg,IND_sd,IND_r1,IND_kr,IND_sk
158,0.2538461538,0.1447299056,-0.3191302438,1.8953844681,0.0756703327,0.1692307692,0.0910166120,0.3285928144,2.0355102041,0.0325988070,0.5769230769,0.1804006061,-0.1518465684,2.4761586777,-0.5181940320,0.4000000000,0.1519109051,-0.1153846154,2.1666666667,0.2633122354
