Instance,INF_avg,INF_sd,INF_r1,INF_kr,INF_sk,SUP_avg,SUP_sd,SUP_r1,SUP_kr,SUP_sk,INC_avg,INC_sd,INC_r1,INC_kr,INC_sk,IND_avg,IND_sd,IND_r1,IND_kr,IND_sk
16,0.2180000000,0.0370944740,0.3545854271,1.9693246349,-0.3239685207,0.2730000000,0.0538609320,0.2054736395,4.4770422922,1.3783246262,0.5090000000,0.0633166645,0.6263213964,1.9664819385,0.1344487453,0.0620000000,0.0146969385,0.5346062053,1.7325102881,-0.1587632241
