Instance,INF_avg,INF_sd,INF_r1,INF_kr,INF_sk,SUP_avg,SUP_sd,SUP_r1,SUP_kr,SUP_sk,INC_avg,INC_sd,INC_r1,INC_kr,INC_sk,IND_avg,IND_sd,IND_r1,IND_kr,IND_sk
266,0.2416000000,0.0508865405,-0.3223459158,2.3192200959,-0.0457882364,0.2584000000,0.0748160411,-0.1016666209,4.7745677760,-0.3499899391,0.5000000000,0.0690507060,0.1644295302,3.8641277420,0.7872825529,0.1056000000,0.0268447388,0.0278875871,2.8789266458,0.4733753515
