Instance,INF_avg,INF_sd,INF_r1,INF_kr,INF_sk,SUP_avg,SUP_sd,SUP_r1,SUP_kr,SUP_sk,INC_avg,INC_sd,INC_r1,INC_kr,INC_sk,IND_avg,IND_sd,IND_r1,IND_kr,IND_sk
285,0.2700000000,0.1187434209,-0.2132024978,1.6929228912,-0.4802057763,0.2600000000,0.1280624847,0.1009852217,3.0975609756,-0.0799914390,0.4700000000,0.1552417470,0.2547969656,1.8363492364,-0.2950825376,0.3800000000,0.0979795897,0.5312500000,2.9895833333,1.0461362443
