Instance,INF_avg,INF_sd,INF_r1,INF_kr,INF_sk,SUP_avg,SUP_sd,SUP_r1,SUP_kr,SUP_sk,INC_avg,INC_sd,INC_r1,INC_kr,INC_sk,IND_avg,IND_sd,IND_r1,IND_kr,IND_sk
G,0.4075446429,0.0808216609,0.8748562515,1.9159680498,0.1077438715,0.0911160714,0.0725852634,0.8952332303,2.0784271423,0.5777869186,0.5013392857,0.0371109710,0.2488199832,2.9907516162,0.1724619921,0.0413392857,0.0116493053,0.2180916509,2.7912793770,0.3228477129
