Instance,INF_avg,INF_sd,INF_r1,INF_kr,INF_sk,SUP_avg,SUP_sd,SUP_r1,SUP_kr,SUP_sk,INC_avg,INC_sd,INC_r1,INC_kr,INC_sk,IND_avg,IND_sd,IND_r1,IND_kr,IND_sk
69,0.3820212766,0.0991944125,0.8123044835,2.0199486337,0.1249278331,0.1268085106,0.0730230620,0.7795253476,2.1808787345,0.4128210666,0.4911702128,0.0546333306,0.1413441916,2.2009232123,-0.0518075910,0.0698936170,0.0220490112,-0.0749429711,6.4000564977,1.3592324816
