Instance,INF_avg,INF_sd,INF_r1,INF_kr,INF_sk,SUP_avg,SUP_sd,SUP_r1,SUP_kr,SUP_sk,INC_avg,INC_sd,INC_r1,INC_kr,INC_sk,IND_avg,IND_sd,IND_r1,IND_kr,IND_sk
17,0.2540000000,0.0272763634,0.1112911939,2.2722858134,-0.5712141658,0.3450000000,0.0387943295,0.1081530782,3.9463692454,-1.2640132077,0.4010000000,0.0470000000,0.4765351177,1.8716504214,0.1509492116,0.0590000000,0.0192093727,0.0305407677,3.1405248199,0.3115010535
