Instance,FV_avg_avg,FV_avg_sd,FV_sd_avg,FV_sd_sd,FV_r1_avg,FV_r1_sd,FV_kr_avg,FV_kr_sd,FV_sk_avg,FV_sk_sd,FD_avg_avg,FD_avg_sd,FD_sd_avg,FD_sd_sd,FD_r1_avg,FD_r1_sd,FD_kr_avg,FD_kr_sd,FD_sk_avg,FD_sk_sd,IN_avg_avg,IN_avg_sd,IN_sd_avg,IN_sd_sd,IN_r1_avg,IN_r1_sd,IN_kr_avg,IN_kr_sd,IN_sk_avg,IN_sk_sd
165,0.4970859224,0.3016603122,0.0023815716,0.0017518580,0.9653997309,0.0300659405,2.3224652741,0.6108505477,0.0687393320,0.4720253519,-0.0000230857,0.0000424851,0.0000507147,0.0000323464,0.3119251939,0.1483567075,2.9256694635,0.4486491781,0.0735764716,0.2511429344,0.4853875000,0.0238019320,0.0405209949,0.0041868064,0.2503352080,0.1354231328,2.9517613630,0.3198920944,0.0221311770,0.2461209138
