Instance,INF_avg,INF_sd,INF_r1,INF_kr,INF_sk,SUP_avg,SUP_sd,SUP_r1,SUP_kr,SUP_sk,INC_avg,INC_sd,INC_r1,INC_kr,INC_sk,IND_avg,IND_sd,IND_r1,IND_kr,IND_sk
371,0.2460000000,0.0521919534,-0.5258395952,1.3076067198,0.0081029251,0.2620000000,0.0641560597,-0.2203756515,2.2469634251,-0.1995862086,0.4920000000,0.0646219777,-0.0034602076,2.0535077289,0.5570860145,0.1280000000,0.0337045991,0.0727532097,2.9611188256,0.3610490678
