Instance,INF_avg,INF_sd,INF_r1,INF_kr,INF_sk,SUP_avg,SUP_sd,SUP_r1,SUP_kr,SUP_sk,INC_avg,INC_sd,INC_r1,INC_kr,INC_sk,IND_avg,IND_sd,IND_r1,IND_kr,IND_sk
366,0.2298000000,0.0416408453,0.1714215652,2.5659375413,0.2252019701,0.2858000000,0.0431782353,0.1536475420,3.1791426139,-0.0866459071,0.4844000000,0.0507606147,-0.0142172383,4.0180730292,-0.6472639148,0.0678000000,0.0164060964,0.0204517337,2.8826366695,0.3005309324
