Instance,INF_avg,INF_sd,INF_r1,INF_kr,INF_sk,SUP_avg,SUP_sd,SUP_r1,SUP_kr,SUP_sk,INC_avg,INC_sd,INC_r1,INC_kr,INC_sk,IND_avg,IND_sd,IND_r1,IND_kr,IND_sk
110,0.2240000000,0.0585149554,0.3579373104,2.2264389903,-0.8682180139,0.2920000000,0.0676461381,0.0513219285,2.1267788156,-0.3982054807,0.4840000000,0.0571314274,0.3955094991,1.6640715110,-0.2018050709,0.1200000000,0.0357770876,0.0833333333,1.9531250000,-0.6288941187
