Instance,INF_avg,INF_sd,INF_r1,INF_kr,INF_sk,SUP_avg,SUP_sd,SUP_r1,SUP_kr,SUP_sk,INC_avg,INC_sd,INC_r1,INC_kr,INC_sk,IND_avg,IND_sd,IND_r1,IND_kr,IND_sk
350,0.2461538462,0.0634323942,0.2318790794,3.5969939446,0.5965306366,0.1576923077,0.0804940367,-0.5808621979,2.4493963846,-0.1400728154,0.5961538462,0.1064488654,-0.1022848983,3.7357368310,0.4352757088,0.2269230769,0.0668390277,0.4493688640,1.7621814833,0.3041042380
