Instance,FV_avg_avg,FV_avg_sd,FV_sd_avg,FV_sd_sd,FV_r1_avg,FV_r1_sd,FV_kr_avg,FV_kr_sd,FV_sk_avg,FV_sk_sd,FD_avg_avg,FD_avg_sd,FD_sd_avg,FD_sd_sd,FD_r1_avg,FD_r1_sd,FD_kr_avg,FD_kr_sd,FD_sk_avg,FD_sk_sd,IN_avg_avg,IN_avg_sd,IN_sd_avg,IN_sd_sd,IN_r1_avg,IN_r1_sd,IN_kr_avg,IN_kr_sd,IN_sk_avg,IN_sk_sd
119,0.5000351022,0.3033528870,0.0003876984,0.0002241671,0.8344630072,0.0969675490,2.2064789933,0.4400423743,-0.0131223004,0.4024238895,0.0000014233,0.0000127385,0.0000212726,0.0000121976,-0.0933051928,0.2193234243,2.8492593036,0.8686989296,0.0296033804,0.4103743467,0.5005600000,0.0195453933,0.0480307240,0.0071493745,-0.0920846141,0.2291712990,2.6327995934,0.5548943613,-0.0203748530,0.3708800120
