Instance,FV_avg_avg,FV_avg_sd,FV_sd_avg,FV_sd_sd,FV_r1_avg,FV_r1_sd,FV_kr_avg,FV_kr_sd,FV_sk_avg,FV_sk_sd,FD_avg_avg,FD_avg_sd,FD_sd_avg,FD_sd_sd,FD_r1_avg,FD_r1_sd,FD_kr_avg,FD_kr_sd,FD_sk_avg,FD_sk_sd,IN_avg_avg,IN_avg_sd,IN_sd_avg,IN_sd_sd,IN_r1_avg,IN_r1_sd,IN_kr_avg,IN_kr_sd,IN_sk_avg,IN_sk_sd
358,0.4994049622,0.3028905147,0.0003722630,0.0002241525,0.9230498402,0.0401255495,2.5335479837,0.3961362009,0.0312294782,0.5026660170,0.0000032137,0.0000075298,0.0000438604,0.0000266357,0.0080179025,0.0653646674,2.9719417625,0.4889541927,0.0172242459,0.1391729199,0.5092000000,0.0196865436,0.1548995697,0.0106734857,-0.0076001739,0.0685362771,2.7324665200,0.3225931705,0.0500686144,0.2227576789
