Instance,FV_avg_avg,FV_avg_sd,FV_sd_avg,FV_sd_sd,FV_r1_avg,FV_r1_sd,FV_kr_avg,FV_kr_sd,FV_sk_avg,FV_sk_sd,FD_avg_avg,FD_avg_sd,FD_sd_avg,FD_sd_sd,FD_r1_avg,FD_r1_sd,FD_kr_avg,FD_kr_sd,FD_sk_avg,FD_sk_sd,IN_avg_avg,IN_avg_sd,IN_sd_avg,IN_sd_sd,IN_r1_avg,IN_r1_sd,IN_kr_avg,IN_kr_sd,IN_sk_avg,IN_sk_sd
482,0.4869437895,0.2969067734,0.0009612078,0.0008313092,0.2017152950,0.3485202835,1.9884694381,0.5630924081,-0.1365361829,0.6178743612,-0.0000146075,0.0001539189,0.0001426917,0.0001064245,-0.1898123255,0.4020888131,2.0646649460,0.4566750422,-0.0377399981,0.6335963316,0.4836000000,0.0476973794,0.0680131389,0.0203522220,-0.1887232847,0.5011669931,1.8885185877,0.4956028254,0.0445905655,0.5347139557
