Instance,INF_avg,INF_sd,INF_r1,INF_kr,INF_sk,SUP_avg,SUP_sd,SUP_r1,SUP_kr,SUP_sk,INC_avg,INC_sd,INC_r1,INC_kr,INC_sk,IND_avg,IND_sd,IND_r1,IND_kr,IND_sk
440,0.2280000000,0.0906421535,-0.3055899628,2.7636250639,0.5477309960,0.3040000000,0.1232233744,0.2011584017,3.8091682665,1.0463405580,0.4680000000,0.1139122469,-0.0773836030,2.9996468867,0.1207367184,0.2020000000,0.0670522185,-0.2044034297,4.0268075379,0.7231841737
