Instance,FV_avg_avg,FV_avg_sd,FV_sd_avg,FV_sd_sd,FV_r1_avg,FV_r1_sd,FV_kr_avg,FV_kr_sd,FV_sk_avg,FV_sk_sd,FD_avg_avg,FD_avg_sd,FD_sd_avg,FD_sd_sd,FD_r1_avg,FD_r1_sd,FD_kr_avg,FD_kr_sd,FD_sk_avg,FD_sk_sd,IN_avg_avg,IN_avg_sd,IN_sd_avg,IN_sd_sd,IN_r1_avg,IN_r1_sd,IN_kr_avg,IN_kr_sd,IN_sk_avg,IN_sk_sd
140,0.4594002569,0.2778285289,0.0202111703,0.0126977119,0.9942676227,0.0021851061,1.9448326636,0.0583078217,0.4027977433,0.0788301633,-0.0001702266,0.0001079334,0.0000838282,0.0000515956,0.8497293119,0.0439521413,2.4197180395,0.2521225039,0.4197197662,0.1298228569,0.2318705650,0.0317054667,0.1356389695,0.0098075721,0.8142300117,0.0444795034,2.5845963303,0.3264948730,0.5676645294,0.1799755606
