Instance,FV_avg_avg,FV_avg_sd,FV_sd_avg,FV_sd_sd,FV_r1_avg,FV_r1_sd,FV_kr_avg,FV_kr_sd,FV_sk_avg,FV_sk_sd,FD_avg_avg,FD_avg_sd,FD_sd_avg,FD_sd_sd,FD_r1_avg,FD_r1_sd,FD_kr_avg,FD_kr_sd,FD_sk_avg,FD_sk_sd,IN_avg_avg,IN_avg_sd,IN_sd_avg,IN_sd_sd,IN_r1_avg,IN_r1_sd,IN_kr_avg,IN_kr_sd,IN_sk_avg,IN_sk_sd
4,0.4980781903,0.3020286258,0.0005582589,0.0004246393,0.9298536055,0.0478300507,2.3400680536,0.3962809220,0.1613838042,0.3265703609,0.0000005956,0.0000072346,0.0000131846,0.0000082070,0.1869631275,0.1017548910,2.8815061160,0.4035170007,-0.0006631038,0.2325745775,0.5003150000,0.0186377044,0.0378531229,0.0035676098,0.1749625293,0.0967094728,2.9228386069,0.4525729539,-0.1026446469,0.2393006945
