Instance,INF_avg,INF_sd,INF_r1,INF_kr,INF_sk,SUP_avg,SUP_sd,SUP_r1,SUP_kr,SUP_sk,INC_avg,INC_sd,INC_r1,INC_kr,INC_sk,IND_avg,IND_sd,IND_r1,IND_kr,IND_sk
318,0.2531000000,0.0347403224,0.1078914418,2.7799270768,0.3557580080,0.2486000000,0.0303898009,0.1235885108,3.0791504187,0.4368818516,0.4983000000,0.0349658405,-0.0115365426,3.0288283998,-0.2376578792,0.0354000000,0.0103605019,0.0595397672,3.1096172571,0.2842631585
