Instance,FV_avg_avg,FV_avg_sd,FV_sd_avg,FV_sd_sd,FV_r1_avg,FV_r1_sd,FV_kr_avg,FV_kr_sd,FV_sk_avg,FV_sk_sd,FD_avg_avg,FD_avg_sd,FD_sd_avg,FD_sd_sd,FD_r1_avg,FD_r1_sd,FD_kr_avg,FD_kr_sd,FD_sk_avg,FD_sk_sd,IN_avg_avg,IN_avg_sd,IN_sd_avg,IN_sd_sd,IN_r1_avg,IN_r1_sd,IN_kr_avg,IN_kr_sd,IN_sk_avg,IN_sk_sd
290,0.4994741935,0.3038613857,0.0004074797,0.0002254719,0.8823698625,0.0776333097,2.4572050352,0.7245262750,0.1198751988,0.5690105265,0.0000014673,0.0000126889,0.0000134685,0.0000081976,0.0720687734,0.1596541963,2.8995206899,0.5495735774,-0.0417655272,0.3655939822,0.5038800000,0.0237702882,0.0346039502,0.0030635976,0.0267655344,0.1411681382,3.0766203000,0.5639105405,-0.1329875259,0.4105792498
