Instance,FV_avg_avg,FV_avg_sd,FV_sd_avg,FV_sd_sd,FV_r1_avg,FV_r1_sd,FV_kr_avg,FV_kr_sd,FV_sk_avg,FV_sk_sd,FD_avg_avg,FD_avg_sd,FD_sd_avg,FD_sd_sd,FD_r1_avg,FD_r1_sd,FD_kr_avg,FD_kr_sd,FD_sk_avg,FD_sk_sd,IN_avg_avg,IN_avg_sd,IN_sd_avg,IN_sd_sd,IN_r1_avg,IN_r1_sd,IN_kr_avg,IN_kr_sd,IN_sk_avg,IN_sk_sd
171,0.4947984904,0.3017166016,0.0009240233,0.0007025985,0.9349720860,0.0288973753,2.3626835274,0.4727531746,-0.0800786954,0.3099652420,0.0000050466,0.0000178450,0.0000284631,0.0000177423,0.0175611097,0.0732097648,3.0197588900,0.5123448800,-0.0193488058,0.2274642966,0.5017650000,0.0196465843,0.0497416328,0.0029182979,0.0189710433,0.0998174048,2.8470578015,0.3512667860,-0.0128220057,0.1960252075
