Instance,INF_avg,INF_sd,INF_r1,INF_kr,INF_sk,SUP_avg,SUP_sd,SUP_r1,SUP_kr,SUP_sk,INC_avg,INC_sd,INC_r1,INC_kr,INC_sk,IND_avg,IND_sd,IND_r1,IND_kr,IND_sk
B,0.4159493671,0.1085405948,0.7466503483,2.4551665852,0.0404187621,0.0972151899,0.0708526142,0.7637048702,3.2460454487,0.9433336320,0.4868354430,0.0680942070,0.2478678861,2.5604235363,-0.2126757756,0.1316455696,0.0391824806,0.0073214379,2.7507630524,0.1089777774
