Instance,INF_avg,INF_sd,INF_r1,INF_kr,INF_sk,SUP_avg,SUP_sd,SUP_r1,SUP_kr,SUP_sk,INC_avg,INC_sd,INC_r1,INC_kr,INC_sk,IND_avg,IND_sd,IND_r1,IND_kr,IND_sk
368,0.3553846154,0.0689052175,0.2569242840,2.4748958508,-0.1316927201,0.1205128205,0.0753095737,0.5862525752,2.3545508669,0.5333089205,0.5241025641,0.0662829192,0.2096386635,2.0224585195,-0.0323617315,0.1220512821,0.0440966007,-0.2219472636,3.1155225757,0.4584128796
