Instance,INF_avg,INF_sd,INF_r1,INF_kr,INF_sk,SUP_avg,SUP_sd,SUP_r1,SUP_kr,SUP_sk,INC_avg,INC_sd,INC_r1,INC_kr,INC_sk,IND_avg,IND_sd,IND_r1,IND_kr,IND_sk
253,0.2500000000,0.1500000000,-0.3538461538,1.4740740741,-0.3555555556,0.2800000000,0.1536229150,0.2964071856,2.7023843723,0.8340916670,0.4700000000,0.1486606875,0.5511337344,2.9069224627,0.8875628359,0.3800000000,0.1166190379,-0.4814814815,2.1470588235,0.3934379306
