Instance,FV_avg_avg,FV_avg_sd,FV_sd_avg,FV_sd_sd,FV_r1_avg,FV_r1_sd,FV_kr_avg,FV_kr_sd,FV_sk_avg,FV_sk_sd,FD_avg_avg,FD_avg_sd,FD_sd_avg,FD_sd_sd,FD_r1_avg,FD_r1_sd,FD_kr_avg,FD_kr_sd,FD_sk_avg,FD_sk_sd,IN_avg_avg,IN_avg_sd,IN_sd_avg,IN_sd_sd,IN_r1_avg,IN_r1_sd,IN_kr_avg,IN_kr_sd,IN_sk_avg,IN_sk_sd
236,0.4739218466,0.2892091337,0.0133904340,0.0082306771,0.9968659552,0.0018844871,1.8353952582,0.0359428164,0.1907242831,0.0811748656,-0.0000551570,0.0000314901,0.0000447474,0.0000271872,0.4628939635,0.1137799364,2.6410603187,0.2305235921,0.0714210291,0.1602419890,0.3420874021,0.0268800345,0.1349203373,0.0076419143,0.3900223272,0.0934648784,2.7575620001,0.2278533065,0.2055044113,0.1315436969
