Instance,INF_avg,INF_sd,INF_r1,INF_kr,INF_sk,SUP_avg,SUP_sd,SUP_r1,SUP_kr,SUP_sk,INC_avg,INC_sd,INC_r1,INC_kr,INC_sk,IND_avg,IND_sd,IND_r1,IND_kr,IND_sk
244,0.2510000000,0.0171464282,-0.8450881612,1.8747049840,-0.1702026400,0.2160000000,0.0174355958,0.4703389831,1.7957063712,-0.0543353054,0.5330000000,0.0201494417,0.0844027641,2.7326676212,-1.1008873776,0.0420000000,0.0050990195,-0.7857142857,1.9556213018,0.2715454179
