Instance,INF_avg,INF_sd,INF_r1,INF_kr,INF_sk,SUP_avg,SUP_sd,SUP_r1,SUP_kr,SUP_sk,INC_avg,INC_sd,INC_r1,INC_kr,INC_sk,IND_avg,IND_sd,IND_r1,IND_kr,IND_sk
175,0.2360000000,0.0643739078,-0.6739736947,2.5760945722,-0.5930602554,0.2720000000,0.0640000000,0.0551643192,2.8357238770,0.2365722656,0.4920000000,0.0676461381,-0.0885805763,4.3127047777,1.1214260265,0.1020000000,0.0274954542,-0.0062182024,2.7025279248,0.5126388533
