Instance,FV_avg_avg,FV_avg_sd,FV_sd_avg,FV_sd_sd,FV_r1_avg,FV_r1_sd,FV_kr_avg,FV_kr_sd,FV_sk_avg,FV_sk_sd,FD_avg_avg,FD_avg_sd,FD_sd_avg,FD_sd_sd,FD_r1_avg,FD_r1_sd,FD_kr_avg,FD_kr_sd,FD_sk_avg,FD_sk_sd,IN_avg_avg,IN_avg_sd,IN_sd_avg,IN_sd_sd,IN_r1_avg,IN_r1_sd,IN_kr_avg,IN_kr_sd,IN_sk_avg,IN_sk_sd
69,0.4949470535,0.3008777660,0.0002394716,0.0001633182,0.1147797086,0.5074325492,2.0130399159,0.4742711121,0.1104870524,0.6127160845,0.0000018596,0.0000216880,0.0000192359,0.0000132566,-0.3403790298,0.4140049000,1.9892804341,0.4663684476,-0.1678440298,0.5663895273,0.4986500000,0.0219391773,0.0280511687,0.0104991398,-0.2235775349,0.3793287014,2.0765539430,0.5392891582,-0.2353184916,0.6500010328
