Instance,INF_avg,INF_sd,INF_r1,INF_kr,INF_sk,SUP_avg,SUP_sd,SUP_r1,SUP_kr,SUP_sk,INC_avg,INC_sd,INC_r1,INC_kr,INC_sk,IND_avg,IND_sd,IND_r1,IND_kr,IND_sk
386,0.2352000000,0.0628089166,-0.4547563269,2.5814733642,0.4931740864,0.2496000000,0.0493542298,0.0856099407,1.9720806183,-0.0638578556,0.5152000000,0.0769997403,-0.4878375508,2.8544636545,-0.1996642224,0.1104000000,0.0408391969,-0.4706574058,2.3199078931,0.3517455029
