Instance,FV_avg_avg,FV_avg_sd,FV_sd_avg,FV_sd_sd,FV_r1_avg,FV_r1_sd,FV_kr_avg,FV_kr_sd,FV_sk_avg,FV_sk_sd,FD_avg_avg,FD_avg_sd,FD_sd_avg,FD_sd_sd,FD_r1_avg,FD_r1_sd,FD_kr_avg,FD_kr_sd,FD_sk_avg,FD_sk_sd,IN_avg_avg,IN_avg_sd,IN_sd_avg,IN_sd_sd,IN_r1_avg,IN_r1_sd,IN_kr_avg,IN_kr_sd,IN_sk_avg,IN_sk_sd
430,0.4958139708,0.3015471189,0.0015496027,0.0012048128,0.7579201735,0.1521535679,2.1287723837,0.4633024207,0.0778551838,0.3966092766,0.0000292970,0.0000975430,0.0001901531,0.0001227500,-0.0760265501,0.1308827260,2.6386742203,0.7269680280,-0.0265817952,0.3889867843,0.5196000000,0.0431397728,0.1120499387,0.0144779569,-0.1606782124,0.2135167978,2.5945626684,0.5373137230,-0.0448373219,0.3089472341
