Instance,INF_avg,INF_sd,INF_r1,INF_kr,INF_sk,SUP_avg,SUP_sd,SUP_r1,SUP_kr,SUP_sk,INC_avg,INC_sd,INC_r1,INC_kr,INC_sk,IND_avg,IND_sd,IND_r1,IND_kr,IND_sk
157,0.2961000000,0.0469232352,0.0016573743,2.6711914308,0.3262858841,0.2096000000,0.0369031164,-0.0223741804,2.3925460254,0.0639577969,0.4943000000,0.0539862019,-0.0142125143,2.5788899170,-0.1482534193,0.0622000000,0.0175829463,-0.0021843737,2.3775738402,0.0825792221
