Instance,INF_avg,INF_sd,INF_r1,INF_kr,INF_sk,SUP_avg,SUP_sd,SUP_r1,SUP_kr,SUP_sk,INC_avg,INC_sd,INC_r1,INC_kr,INC_sk,IND_avg,IND_sd,IND_r1,IND_kr,IND_sk
204,0.3400000000,0.0489897949,-0.5384615385,1.1666666667,0.4082482905,0.2000000000,0.1095445115,0.1666666667,2.5000000000,-0.9128709292,0.4600000000,0.1019803903,0.1269841270,1.9556213018,-0.2715454179,0.3600000000,0.1356465997,0.2265193370,1.2296786389,-0.2115471545
