Instance,INF_avg,INF_sd,INF_r1,INF_kr,INF_sk,SUP_avg,SUP_sd,SUP_r1,SUP_kr,SUP_sk,INC_avg,INC_sd,INC_r1,INC_kr,INC_sk,IND_avg,IND_sd,IND_r1,IND_kr,IND_sk
51,0.2426000000,0.0337674399,-0.1566975119,5.9976100258,-1.1382610254,0.2422000000,0.0238361071,-0.5642837280,2.5330111159,-0.1960834671,0.5152000000,0.0328779561,-0.1122076291,2.7795560581,0.4546012145,0.0344000000,0.0071161787,0.0975742797,2.6317056370,0.2119194760
