Instance,INF_avg,INF_sd,INF_r1,INF_kr,INF_sk,SUP_avg,SUP_sd,SUP_r1,SUP_kr,SUP_sk,INC_avg,INC_sd,INC_r1,INC_kr,INC_sk,IND_avg,IND_sd,IND_r1,IND_kr,IND_sk
7,0.2275000000,0.0251246891,-0.4411414982,1.9464170179,0.0685688994,0.2765000000,0.0300041664,-0.4194608996,3.0394297891,0.4371511744,0.4960000000,0.0230000000,-0.1554067762,2.6784030932,0.6482288156,0.0380000000,0.0097979590,-0.3785394933,1.6712239583,0.3285122962
