Instance,FV_avg_avg,FV_avg_sd,FV_sd_avg,FV_sd_sd,FV_r1_avg,FV_r1_sd,FV_kr_avg,FV_kr_sd,FV_sk_avg,FV_sk_sd,FD_avg_avg,FD_avg_sd,FD_sd_avg,FD_sd_sd,FD_r1_avg,FD_r1_sd,FD_kr_avg,FD_kr_sd,FD_sk_avg,FD_sk_sd,IN_avg_avg,IN_avg_sd,IN_sd_avg,IN_sd_sd,IN_r1_avg,IN_r1_sd,IN_kr_avg,IN_kr_sd,IN_sk_avg,IN_sk_sd
395,0.4994142983,0.3029061154,0.0007584595,0.0004991004,0.9339772596,0.0572940132,2.3802771028,0.5893933306,0.0062061674,0.4828509590,-0.0000031951,0.0000092671,0.0000177856,0.0000111807,0.1545342296,0.1498382697,2.9021889068,0.4133142067,0.0358505117,0.2572726525,0.4996150000,0.0225305187,0.0384426253,0.0039328184,0.1568566828,0.1456417901,2.9887978065,0.5664678655,0.0011877439,0.2503742860
