Instance,INF_avg,INF_sd,INF_r1,INF_kr,INF_sk,SUP_avg,SUP_sd,SUP_r1,SUP_kr,SUP_sk,INC_avg,INC_sd,INC_r1,INC_kr,INC_sk,IND_avg,IND_sd,IND_r1,IND_kr,IND_sk
189,0.2595500000,0.0300007917,0.1726108435,2.6227320139,-0.1234566984,0.2215500000,0.0325168802,0.2448988554,2.7112947919,-0.0752331651,0.5189000000,0.0373334970,0.3877956529,3.3697976510,-0.0001760736,0.0401000000,0.0108392804,0.0406104925,3.2180434064,0.4100896005
