Instance,FV_avg_avg,FV_avg_sd,FV_sd_avg,FV_sd_sd,FV_r1_avg,FV_r1_sd,FV_kr_avg,FV_kr_sd,FV_sk_avg,FV_sk_sd,FD_avg_avg,FD_avg_sd,FD_sd_avg,FD_sd_sd,FD_r1_avg,FD_r1_sd,FD_kr_avg,FD_kr_sd,FD_sk_avg,FD_sk_sd,IN_avg_avg,IN_avg_sd,IN_sd_avg,IN_sd_sd,IN_r1_avg,IN_r1_sd,IN_kr_avg,IN_kr_sd,IN_sk_avg,IN_sk_sd
27,0.4843074580,0.2940704819,0.0073766599,0.0049097951,0.9907853437,0.0062430472,1.8700019162,0.0785744079,0.1994250161,0.0972077889,-0.0001210301,0.0000753297,0.0000619494,0.0000400468,0.4546295060,0.1529522025,2.9593733672,0.5055562969,0.3326083212,0.3500151622,0.2663330869,0.0377754069,0.1274146731,0.0145355061,0.4035359765,0.1406149637,3.0198065982,0.3934541884,0.4247022765,0.3078865080
