Instance,FV_avg_avg,FV_avg_sd,FV_sd_avg,FV_sd_sd,FV_r1_avg,FV_r1_sd,FV_kr_avg,FV_kr_sd,FV_sk_avg,FV_sk_sd,FD_avg_avg,FD_avg_sd,FD_sd_avg,FD_sd_sd,FD_r1_avg,FD_r1_sd,FD_kr_avg,FD_kr_sd,FD_sk_avg,FD_sk_sd,IN_avg_avg,IN_avg_sd,IN_sd_avg,IN_sd_sd,IN_r1_avg,IN_r1_sd,IN_kr_avg,IN_kr_sd,IN_sk_avg,IN_sk_sd
339,0.4975699897,0.3014740483,0.0017908906,0.0015053575,0.8596643740,0.1048921982,2.4056537143,0.4959970580,0.0279273076,0.5544354127,0.0000163145,0.0000636003,0.0000633988,0.0000400490,0.2069818487,0.1997429925,3.0875699840,1.0922992064,0.1017627027,0.3598612323,0.5080100000,0.0355011113,0.0380935274,0.0050342997,0.1445259467,0.1727647747,2.8229240779,0.5423082283,0.0912346341,0.2534122009
