Instance,INF_avg,INF_sd,INF_r1,INF_kr,INF_sk,SUP_avg,SUP_sd,SUP_r1,SUP_kr,SUP_sk,INC_avg,INC_sd,INC_r1,INC_kr,INC_sk,IND_avg,IND_sd,IND_r1,IND_kr,IND_sk
455,0.2200000000,0.0600000000,0.0458015267,1.3981481481,-0.1111111111,0.2100000000,0.0916515139,-0.3484486874,2.2295918367,-0.6858276550,0.5700000000,0.1029563014,-0.1695278970,2.0685297259,-0.4068404933,0.2200000000,0.0927361850,-0.6314553991,1.5091941590,0.1579875514
