Instance,FV_avg_avg,FV_avg_sd,FV_sd_avg,FV_sd_sd,FV_r1_avg,FV_r1_sd,FV_kr_avg,FV_kr_sd,FV_sk_avg,FV_sk_sd,FD_avg_avg,FD_avg_sd,FD_sd_avg,FD_sd_sd,FD_r1_avg,FD_r1_sd,FD_kr_avg,FD_kr_sd,FD_sk_avg,FD_sk_sd,IN_avg_avg,IN_avg_sd,IN_sd_avg,IN_sd_sd,IN_r1_avg,IN_r1_sd,IN_kr_avg,IN_kr_sd,IN_sk_avg,IN_sk_sd
282,0.4998380297,0.3043313430,0.0005821305,0.0004980423,0.4159491511,0.3167062691,2.4227873035,0.8478140103,-0.1692125206,0.6097888375,0.0000156861,0.0000355866,0.0000448447,0.0000314408,-0.0978032280,0.2863141800,2.2223183555,0.4702464373,-0.1599853065,0.4980424038,0.5127500000,0.0265421834,0.0450575876,0.0121352297,-0.1635456377,0.3121750659,2.2272668736,0.4748515344,-0.1152961010,0.5152990393
