Instance,FV_avg_avg,FV_avg_sd,FV_sd_avg,FV_sd_sd,FV_r1_avg,FV_r1_sd,FV_kr_avg,FV_kr_sd,FV_sk_avg,FV_sk_sd,FD_avg_avg,FD_avg_sd,FD_sd_avg,FD_sd_sd,FD_r1_avg,FD_r1_sd,FD_kr_avg,FD_kr_sd,FD_sk_avg,FD_sk_sd,IN_avg_avg,IN_avg_sd,IN_sd_avg,IN_sd_sd,IN_r1_avg,IN_r1_sd,IN_kr_avg,IN_kr_sd,IN_sk_avg,IN_sk_sd
393,0.4952902859,0.3009659160,0.0010494801,0.0009887138,0.1027686888,0.4666286093,1.8706830944,0.5213513517,0.0199893328,0.5287613122,0.0000667759,0.0001455405,0.0003281961,0.0002284596,-0.1716659976,0.3735769558,2.1655590776,0.4919756404,-0.0351717122,0.7368330745,0.5310000000,0.0570876519,0.1197868457,0.0391294211,-0.2730446455,0.2810261682,2.2304942814,0.4835297532,-0.0079947827,0.7604494050
