Instance,FV_avg_avg,FV_avg_sd,FV_sd_avg,FV_sd_sd,FV_r1_avg,FV_r1_sd,FV_kr_avg,FV_kr_sd,FV_sk_avg,FV_sk_sd,FD_avg_avg,FD_avg_sd,FD_sd_avg,FD_sd_sd,FD_r1_avg,FD_r1_sd,FD_kr_avg,FD_kr_sd,FD_sk_avg,FD_sk_sd,IN_avg_avg,IN_avg_sd,IN_sd_avg,IN_sd_sd,IN_r1_avg,IN_r1_sd,IN_kr_avg,IN_kr_sd,IN_sk_avg,IN_sk_sd
235,0.4942142902,0.3009265002,0.0011123022,0.0008267363,0.4636363249,0.3128814589,2.2304958487,0.5028185955,-0.0445970486,0.4879842794,0.0000239454,0.0001156553,0.0000957022,0.0000585144,-0.0603060170,0.3142627585,2.5981983255,0.7657396836,-0.0587552110,0.5795000202,0.5009500000,0.0428724562,0.0503243545,0.0094344765,-0.0309232426,0.3973575227,2.3668024702,0.5592742904,-0.0752113479,0.5182161260
