Instance,INF_avg,INF_sd,INF_r1,INF_kr,INF_sk,SUP_avg,SUP_sd,SUP_r1,SUP_kr,SUP_sk,INC_avg,INC_sd,INC_r1,INC_kr,INC_sk,IND_avg,IND_sd,IND_r1,IND_kr,IND_sk
300,0.4945288754,0.1108834649,0.8943248428,2.2016555060,-0.3489462943,0.0881762918,0.0645514280,0.9017758168,3.0021550961,0.9422442445,0.4172948328,0.0578185612,0.6334483909,2.6056960508,-0.0007542598,0.0398936170,0.0108346619,-0.0092827758,2.8955314955,0.2083920503
