Instance,INF_avg,INF_sd,INF_r1,INF_kr,INF_sk,SUP_avg,SUP_sd,SUP_r1,SUP_kr,SUP_sk,INC_avg,INC_sd,INC_r1,INC_kr,INC_sk,IND_avg,IND_sd,IND_r1,IND_kr,IND_sk
184,0.3400000000,0.1469693846,-0.1191198786,3.1152263374,0.1587632241,0.2220000000,0.1345956909,-0.2423920437,2.4779334532,0.1860679112,0.4380000000,0.1534796403,0.0235078794,2.4175536611,-0.2213485190,0.3400000000,0.1113552873,-0.0510996119,2.5359001041,-0.0521434748
