Instance,FV_avg_avg,FV_avg_sd,FV_sd_avg,FV_sd_sd,FV_r1_avg,FV_r1_sd,FV_kr_avg,FV_kr_sd,FV_sk_avg,FV_sk_sd,FD_avg_avg,FD_avg_sd,FD_sd_avg,FD_sd_sd,FD_r1_avg,FD_r1_sd,FD_kr_avg,FD_kr_sd,FD_sk_avg,FD_sk_sd,IN_avg_avg,IN_avg_sd,IN_sd_avg,IN_sd_sd,IN_r1_avg,IN_r1_sd,IN_kr_avg,IN_kr_sd,IN_sk_avg,IN_sk_sd
147,0.4966443434,0.3025587639,0.0003537346,0.0002590172,-0.0313917583,0.4757333197,2.0870249143,0.5732993669,0.0917718647,0.7236163433,-0.0000262309,0.0000810664,0.0001323747,0.0001052890,-0.2762351372,0.4003981940,1.9234263560,0.4769076326,0.1241087095,0.5820752959,0.4570000000,0.0825287829,0.1304050634,0.0378750504,-0.2612848921,0.3529559926,1.9776818842,0.5710791903,-0.0033485695,0.6691923473
