Instance,INF_avg,INF_sd,INF_r1,INF_kr,INF_sk,SUP_avg,SUP_sd,SUP_r1,SUP_kr,SUP_sk,INC_avg,INC_sd,INC_r1,INC_kr,INC_sk,IND_avg,IND_sd,IND_r1,IND_kr,IND_sk
277,0.2246000000,0.0257650927,-0.4826684393,3.2314375643,-0.1907943901,0.2588000000,0.0311858942,0.1433140294,2.3089011382,-0.1842079710,0.5166000000,0.0349491059,0.1592793215,2.3002110910,0.4165782831,0.0398000000,0.0128436755,-0.0134056815,2.7450073427,0.2425948784
