Instance,INF_avg,INF_sd,INF_r1,INF_kr,INF_sk,SUP_avg,SUP_sd,SUP_r1,SUP_kr,SUP_sk,INC_avg,INC_sd,INC_r1,INC_kr,INC_sk,IND_avg,IND_sd,IND_r1,IND_kr,IND_sk
206,0.2120000000,0.0483321839,-0.1786786787,2.5052542691,0.8978957038,0.2480000000,0.0324961536,-0.3650306748,2.2685950413,0.1790421687,0.5400000000,0.0489897949,-0.1538461538,1.9666666667,-0.4082482905,0.1160000000,0.0233238076,-0.4497041420,2.6660899654,1.1500493357
