Instance,INF_avg,INF_sd,INF_r1,INF_kr,INF_sk,SUP_avg,SUP_sd,SUP_r1,SUP_kr,SUP_sk,INC_avg,INC_sd,INC_r1,INC_kr,INC_sk,IND_avg,IND_sd,IND_r1,IND_kr,IND_sk
10,0.2414000000,0.0396111096,0.2619457111,3.5973836964,-0.5911001673,0.2530000000,0.0289482297,-0.1109663296,2.5850131863,0.3724862058,0.5056000000,0.0320724181,-0.0031219178,2.1164150108,0.1998495824,0.0290000000,0.0140712473,0.0329260717,2.7519130701,0.5383856474
