Instance,INF_avg,INF_sd,INF_r1,INF_kr,INF_sk,SUP_avg,SUP_sd,SUP_r1,SUP_kr,SUP_sk,INC_avg,INC_sd,INC_r1,INC_kr,INC_sk,IND_avg,IND_sd,IND_r1,IND_kr,IND_sk
350,0.2216000000,0.0690321664,0.0292670348,2.2010927780,0.1833663862,0.2944000000,0.0708846951,0.1165807468,3.1199669017,0.0398393044,0.4840000000,0.0723325653,-0.0276111179,3.5481020116,-0.5753242504,0.1176000000,0.0273173937,-0.1057792614,3.0580439496,-0.1595876887
