Instance,INF_avg,INF_sd,INF_r1,INF_kr,INF_sk,SUP_avg,SUP_sd,SUP_r1,SUP_kr,SUP_sk,INC_avg,INC_sd,INC_r1,INC_kr,INC_sk,IND_avg,IND_sd,IND_r1,IND_kr,IND_sk
187,0.2574000000,0.0402397813,0.1107748553,2.2722051641,0.1468379638,0.2488000000,0.0422440528,0.1441125850,2.6090444338,0.2523794839,0.4938000000,0.0425859132,-0.0232891767,2.9725049422,0.0931030387,0.0643000000,0.0203103422,-0.1057901893,3.7374511095,0.5954862061
