Instance,INF_avg,INF_sd,INF_r1,INF_kr,INF_sk,SUP_avg,SUP_sd,SUP_r1,SUP_kr,SUP_sk,INC_avg,INC_sd,INC_r1,INC_kr,INC_sk,IND_avg,IND_sd,IND_r1,IND_kr,IND_sk
379,0.2280000000,0.1342236939,-0.2802774384,2.6186488269,0.0763815982,0.2160000000,0.1189285500,-0.1603423293,2.0642646547,-0.0255676537,0.5560000000,0.1525254077,-0.1409525917,2.3467974321,0.2243385677,0.3640000000,0.0932952303,-0.1409622302,3.0401573313,0.4761923030
