Instance,FV_avg_avg,FV_avg_sd,FV_sd_avg,FV_sd_sd,FV_r1_avg,FV_r1_sd,FV_kr_avg,FV_kr_sd,FV_sk_avg,FV_sk_sd,FD_avg_avg,FD_avg_sd,FD_sd_avg,FD_sd_sd,FD_r1_avg,FD_r1_sd,FD_kr_avg,FD_kr_sd,FD_sk_avg,FD_sk_sd,IN_avg_avg,IN_avg_sd,IN_sd_avg,IN_sd_sd,IN_r1_avg,IN_r1_sd,IN_kr_avg,IN_kr_sd,IN_sk_avg,IN_sk_sd
249,0.4962573930,0.3012448653,0.0025134356,0.0016944999,0.9433965308,0.0587941138,2.2669346954,0.3949054635,-0.0242368720,0.4077269451,0.0000059456,0.0000427609,0.0000757642,0.0000454547,0.1825262135,0.1444066347,2.9266458106,0.4256895866,-0.0654482407,0.1890190586,0.5024100000,0.0263849559,0.0541290204,0.0046663851,0.1279208991,0.1300936310,2.9098081403,0.3223027124,-0.0319072172,0.1912371850
