Instance,FV_avg_avg,FV_avg_sd,FV_sd_avg,FV_sd_sd,FV_r1_avg,FV_r1_sd,FV_kr_avg,FV_kr_sd,FV_sk_avg,FV_sk_sd,FD_avg_avg,FD_avg_sd,FD_sd_avg,FD_sd_sd,FD_r1_avg,FD_r1_sd,FD_kr_avg,FD_kr_sd,FD_sk_avg,FD_sk_sd,IN_avg_avg,IN_avg_sd,IN_sd_avg,IN_sd_sd,IN_r1_avg,IN_r1_sd,IN_kr_avg,IN_kr_sd,IN_sk_avg,IN_sk_sd
338,0.4961983303,0.3015457652,0.0004839612,0.0003404644,0.8919843765,0.0822231862,2.3888481578,0.5193765831,-0.1656970569,0.3917064239,0.0000034033,0.0000129127,0.0000572534,0.0000354313,-0.0422515633,0.1416888914,3.1554284796,0.5253423437,0.1410542944,0.3578504980,0.5030000000,0.0332716095,0.1562287863,0.0177923112,-0.0095879256,0.1435859327,2.7337851173,0.4459232089,0.0369877770,0.2611623590
