Instance,FV_avg_avg,FV_avg_sd,FV_sd_avg,FV_sd_sd,FV_r1_avg,FV_r1_sd,FV_kr_avg,FV_kr_sd,FV_sk_avg,FV_sk_sd,FD_avg_avg,FD_avg_sd,FD_sd_avg,FD_sd_sd,FD_r1_avg,FD_r1_sd,FD_kr_avg,FD_kr_sd,FD_sk_avg,FD_sk_sd,IN_avg_avg,IN_avg_sd,IN_sd_avg,IN_sd_sd,IN_r1_avg,IN_r1_sd,IN_kr_avg,IN_kr_sd,IN_sk_avg,IN_sk_sd
463,0.4986218558,0.3027508625,0.0008167920,0.0005847396,0.7305859602,0.1546123451,2.4882309755,0.7487581558,0.0187646137,0.5210055767,0.0000030577,0.0000616028,0.0001732364,0.0001053100,-0.0527170406,0.2015811794,2.8285402896,0.8012084163,-0.1159594547,0.4141552123,0.5098000000,0.0442623994,0.1529175971,0.0184664155,-0.0840345148,0.2199246506,2.6578373718,0.6259776424,-0.0896123067,0.5033210693
