Instance,FV_avg_avg,FV_avg_sd,FV_sd_avg,FV_sd_sd,FV_r1_avg,FV_r1_sd,FV_kr_avg,FV_kr_sd,FV_sk_avg,FV_sk_sd,FD_avg_avg,FD_avg_sd,FD_sd_avg,FD_sd_sd,FD_r1_avg,FD_r1_sd,FD_kr_avg,FD_kr_sd,FD_sk_avg,FD_sk_sd,IN_avg_avg,IN_avg_sd,IN_sd_avg,IN_sd_sd,IN_r1_avg,IN_r1_sd,IN_kr_avg,IN_kr_sd,IN_sk_avg,IN_sk_sd
7,0.4970921461,0.3016576502,0.0012761019,0.0009717615,0.8672160407,0.0629849432,2.4905147180,0.6759660348,0.0094695972,0.3907342462,0.0000067603,0.0000379123,0.0001284490,0.0000755467,-0.0126921511,0.0916503444,2.7578018897,0.4205015915,-0.0829727726,0.2818554899,0.5103500000,0.0235399129,0.1117294458,0.0138845573,-0.0343348119,0.1262116736,2.7896509992,0.5597670218,-0.0210596426,0.2678786827
