Instance,INF_avg,INF_sd,INF_r1,INF_kr,INF_sk,SUP_avg,SUP_sd,SUP_r1,SUP_kr,SUP_sk,INC_avg,INC_sd,INC_r1,INC_kr,INC_sk,IND_avg,IND_sd,IND_r1,IND_kr,IND_sk
121,0.2925742574,0.1067953856,-0.0083855251,3.4990010202,0.1936921449,0.1965346535,0.0975586713,0.1134126482,3.0329923490,0.6250970092,0.5108910891,0.1217862029,0.0232444744,2.7241477300,-0.0935970873,0.2029702970,0.0666830029,-0.0352461367,2.1124495001,0.0916721968
