Instance,INF_avg,INF_sd,INF_r1,INF_kr,INF_sk,SUP_avg,SUP_sd,SUP_r1,SUP_kr,SUP_sk,INC_avg,INC_sd,INC_r1,INC_kr,INC_sk,IND_avg,IND_sd,IND_r1,IND_kr,IND_sk
495,0.2980000000,0.1334016492,-0.0790778418,2.7029794629,0.3398393631,0.2520000000,0.1299846145,-0.0091190138,2.7739594094,0.3385890231,0.4500000000,0.1627882060,0.0132325142,2.9138483446,-0.1112685495,0.3840000000,0.1137717012,0.0391749518,2.2847217872,0.0715765591
