Instance,INF_avg,INF_sd,INF_r1,INF_kr,INF_sk,SUP_avg,SUP_sd,SUP_r1,SUP_kr,SUP_sk,INC_avg,INC_sd,INC_r1,INC_kr,INC_sk,IND_avg,IND_sd,IND_r1,IND_kr,IND_sk
374,0.2919000000,0.0591852177,0.5812695615,1.9357395115,-0.0019092867,0.4024000000,0.0567647778,0.5238375558,2.0941102622,-0.0554041142,0.3057000000,0.0334665505,-0.2246267000,3.3791464895,-0.0762978905,0.0345000000,0.0089022469,0.0788062338,2.2611927674,0.0233875666
