Instance,INF_avg,INF_sd,INF_r1,INF_kr,INF_sk,SUP_avg,SUP_sd,SUP_r1,SUP_kr,SUP_sk,INC_avg,INC_sd,INC_r1,INC_kr,INC_sk,IND_avg,IND_sd,IND_r1,IND_kr,IND_sk
7,0.2868000000,0.0616584139,0.2645105827,2.7128741620,-0.3446532426,0.2460000000,0.0628649346,0.0845159123,2.8522328673,0.5319868709,0.4672000000,0.0531051787,-0.0967298893,3.0508318966,-0.4484936992,0.0576000000,0.0179510445,0.0813641754,2.5717228655,-0.0321629468
