Instance,INF_avg,INF_sd,INF_r1,INF_kr,INF_sk,SUP_avg,SUP_sd,SUP_r1,SUP_kr,SUP_sk,INC_avg,INC_sd,INC_r1,INC_kr,INC_sk,IND_avg,IND_sd,IND_r1,IND_kr,IND_sk
318,0.3867816092,0.0860031308,0.6950514629,2.4013250676,0.0858464454,0.1171264368,0.0852637294,0.8642574567,2.7021077261,0.8441757682,0.4960919540,0.0568696093,0.1960795028,2.8507866358,0.1273025403,0.0707471264,0.0225911784,0.0730540956,3.1972860355,0.4814599829
