Instance,FV_avg_avg,FV_avg_sd,FV_sd_avg,FV_sd_sd,FV_r1_avg,FV_r1_sd,FV_kr_avg,FV_kr_sd,FV_sk_avg,FV_sk_sd,FD_avg_avg,FD_avg_sd,FD_sd_avg,FD_sd_sd,FD_r1_avg,FD_r1_sd,FD_kr_avg,FD_kr_sd,FD_sk_avg,FD_sk_sd,IN_avg_avg,IN_avg_sd,IN_sd_avg,IN_sd_sd,IN_r1_avg,IN_r1_sd,IN_kr_avg,IN_kr_sd,IN_sk_avg,IN_sk_sd
343,0.4964564772,0.3026287880,0.0006072008,0.0006159044,0.5422707973,0.2888474197,2.0882498688,0.5554261480,0.2332326220,0.4258570160,-0.0000059057,0.0000301587,0.0000663324,0.0000462017,-0.0842205954,0.2744625747,2.6548351822,0.8724594022,0.1214505567,0.6076438871,0.4928000000,0.0375787174,0.0620360869,0.0156052531,-0.1372531686,0.2507876403,2.5066341911,0.9266288556,0.3242811301,0.5253587595
