Instance,FV_avg_avg,FV_avg_sd,FV_sd_avg,FV_sd_sd,FV_r1_avg,FV_r1_sd,FV_kr_avg,FV_kr_sd,FV_sk_avg,FV_sk_sd,FD_avg_avg,FD_avg_sd,FD_sd_avg,FD_sd_sd,FD_r1_avg,FD_r1_sd,FD_kr_avg,FD_kr_sd,FD_sk_avg,FD_sk_sd,IN_avg_avg,IN_avg_sd,IN_sd_avg,IN_sd_sd,IN_r1_avg,IN_r1_sd,IN_kr_avg,IN_kr_sd,IN_sk_avg,IN_sk_sd
447,0.5001514783,0.3038381212,0.0001443047,0.0001310965,0.0457288830,0.3647167273,1.7437407146,0.4834370183,-0.2410631278,0.4940350656,0.0000022338,0.0000229785,0.0000214139,0.0000148825,-0.1687451853,0.4206374597,1.8830367924,0.4699113382,0.0996459745,0.5075246282,0.5090000000,0.0457099552,0.0548285745,0.0245647597,-0.3287652063,0.4008888513,1.9151540539,0.4310586328,0.1932765069,0.5496314257
