Instance,INF_avg,INF_sd,INF_r1,INF_kr,INF_sk,SUP_avg,SUP_sd,SUP_r1,SUP_kr,SUP_sk,INC_avg,INC_sd,INC_r1,INC_kr,INC_sk,IND_avg,IND_sd,IND_r1,IND_kr,IND_sk
199,0.2810000000,0.0979234395,-0.1101971076,2.5899785926,0.1074902075,0.2110000000,0.1011385189,-0.0843382986,2.3955780311,0.4674630633,0.5080000000,0.0986711711,0.1758029813,2.4826634321,0.3391659326,0.2370000000,0.0753724087,0.0825347300,2.1919111628,-0.1838993898
