Instance,FV_avg_avg,FV_avg_sd,FV_sd_avg,FV_sd_sd,FV_r1_avg,FV_r1_sd,FV_kr_avg,FV_kr_sd,FV_sk_avg,FV_sk_sd,FD_avg_avg,FD_avg_sd,FD_sd_avg,FD_sd_sd,FD_r1_avg,FD_r1_sd,FD_kr_avg,FD_kr_sd,FD_sk_avg,FD_sk_sd,IN_avg_avg,IN_avg_sd,IN_sd_avg,IN_sd_sd,IN_r1_avg,IN_r1_sd,IN_kr_avg,IN_kr_sd,IN_sk_avg,IN_sk_sd
68,0.4993318867,0.3031727508,0.0006126261,0.0004715027,0.9043060866,0.0759335148,2.3623384709,0.4582908445,0.1546664081,0.4631940167,-0.0000021193,0.0000174171,0.0000230931,0.0000148919,0.0420433770,0.1222229975,2.8677960836,0.4645432128,-0.0537680557,0.2797020180,0.4989400000,0.0262703711,0.0487981428,0.0052043501,0.0082039091,0.1390305382,2.7570353782,0.4462998394,0.0117171838,0.2590787762
