Instance,INF_avg,INF_sd,INF_r1,INF_kr,INF_sk,SUP_avg,SUP_sd,SUP_r1,SUP_kr,SUP_sk,INC_avg,INC_sd,INC_r1,INC_kr,INC_sk,IND_avg,IND_sd,IND_r1,IND_kr,IND_sk
305,0.2830000000,0.1168802806,-0.0999763834,2.9086659564,0.3658316817,0.2230000000,0.0968039255,-0.0155696834,2.7494313570,0.0812809719,0.4940000000,0.1109684640,0.1662215941,3.3014148829,0.1568777068,0.2315000000,0.0817480887,0.2626503192,2.9550369749,0.4822867772
