Instance,INF_avg,INF_sd,INF_r1,INF_kr,INF_sk,SUP_avg,SUP_sd,SUP_r1,SUP_kr,SUP_sk,INC_avg,INC_sd,INC_r1,INC_kr,INC_sk,IND_avg,IND_sd,IND_r1,IND_kr,IND_sk
328,0.1400000000,0.0860232527,0.2372881356,2.6519357195,1.0179522960,0.2900000000,0.0583095189,-0.1194029851,1.6280276817,-0.3631734744,0.5700000000,0.1166190379,-0.0946745562,2.6660899654,-1.1500493357,0.2400000000,0.0583095189,-0.2313432836,1.6280276817,-0.3631734744
