Instance,INF_avg,INF_sd,INF_r1,INF_kr,INF_sk,SUP_avg,SUP_sd,SUP_r1,SUP_kr,SUP_sk,INC_avg,INC_sd,INC_r1,INC_kr,INC_sk,IND_avg,IND_sd,IND_r1,IND_kr,IND_sk
431,0.3291666667,0.1314317525,0.5695486890,1.8747859903,-0.1765760918,0.1750000000,0.1282900360,-0.1011235955,2.5356513379,0.6512142830,0.4958333333,0.1249305363,0.1067025123,2.5053829431,0.5114447637,0.2208333333,0.0476896798,-0.4576493762,2.1269739526,0.2387679788
