Instance,FV_avg_avg,FV_avg_sd,FV_sd_avg,FV_sd_sd,FV_r1_avg,FV_r1_sd,FV_kr_avg,FV_kr_sd,FV_sk_avg,FV_sk_sd,FD_avg_avg,FD_avg_sd,FD_sd_avg,FD_sd_sd,FD_r1_avg,FD_r1_sd,FD_kr_avg,FD_kr_sd,FD_sk_avg,FD_sk_sd,IN_avg_avg,IN_avg_sd,IN_sd_avg,IN_sd_sd,IN_r1_avg,IN_r1_sd,IN_kr_avg,IN_kr_sd,IN_sk_avg,IN_sk_sd
202,0.4426839257,0.2684305416,0.0251930090,0.0157566681,0.9686566182,0.0263873890,2.0432972518,0.2400649048,0.4630781190,0.1525515150,-0.0010504708,0.0006550782,0.0005769811,0.0003644710,0.8677604968,0.0992072027,2.1785768825,0.4242444100,0.4225269696,0.2524476224,0.2148646980,0.0322341717,0.1499768150,0.0200772524,0.8472808763,0.0413074217,2.3144409088,0.2768136231,0.5968228951,0.2392035054
