Instance,INF_avg,INF_sd,INF_r1,INF_kr,INF_sk,SUP_avg,SUP_sd,SUP_r1,SUP_kr,SUP_sk,INC_avg,INC_sd,INC_r1,INC_kr,INC_sk,IND_avg,IND_sd,IND_r1,IND_kr,IND_sk
418,0.2660000000,0.0390384426,-0.5572644878,1.9083431500,0.4631009579,0.3080000000,0.0430813185,-0.2454379562,2.3990784780,-0.5834995756,0.4260000000,0.0473708771,0.0162470987,1.8071148732,-0.3142796046,0.1020000000,0.0227156334,-0.1636927851,2.8229673697,0.2129462657
