Instance,FV_avg_avg,FV_avg_sd,FV_sd_avg,FV_sd_sd,FV_r1_avg,FV_r1_sd,FV_kr_avg,FV_kr_sd,FV_sk_avg,FV_sk_sd,FD_avg_avg,FD_avg_sd,FD_sd_avg,FD_sd_sd,FD_r1_avg,FD_r1_sd,FD_kr_avg,FD_kr_sd,FD_sk_avg,FD_sk_sd,IN_avg_avg,IN_avg_sd,IN_sd_avg,IN_sd_sd,IN_r1_avg,IN_r1_sd,IN_kr_avg,IN_kr_sd,IN_sk_avg,IN_sk_sd
470,0.5011818072,0.3046206046,0.0003755185,0.0002947242,0.1910856737,0.4025438676,1.9833760273,0.5901460895,-0.3960901322,0.5367914652,-0.0000041814,0.0000602826,0.0000457792,0.0000294976,-0.2685987204,0.3528089016,2.0782237696,0.5044960899,0.0309214320,0.6680083111,0.4904000000,0.0493866379,0.0556380576,0.0175842699,-0.2153707701,0.3864791368,1.9382097167,0.4786895815,0.1031448253,0.5908358339
