Instance,FV_avg_avg,FV_avg_sd,FV_sd_avg,FV_sd_sd,FV_r1_avg,FV_r1_sd,FV_kr_avg,FV_kr_sd,FV_sk_avg,FV_sk_sd,FD_avg_avg,FD_avg_sd,FD_sd_avg,FD_sd_sd,FD_r1_avg,FD_r1_sd,FD_kr_avg,FD_kr_sd,FD_sk_avg,FD_sk_sd,IN_avg_avg,IN_avg_sd,IN_sd_avg,IN_sd_sd,IN_r1_avg,IN_r1_sd,IN_kr_avg,IN_kr_sd,IN_sk_avg,IN_sk_sd
426,0.4972223832,0.3027307572,0.0005842828,0.0005479124,0.9077985193,0.0788701723,2.3512940168,0.4586144203,0.0526246608,0.3961904339,-0.0000012092,0.0000111052,0.0000464243,0.0000289069,-0.0278358346,0.1295732296,2.7585871873,0.4208813010,0.0534283869,0.2424197521,0.4935000000,0.0204804785,0.1064758505,0.0110087811,-0.0182356476,0.1435821205,2.9456355772,0.6413198213,0.1521694526,0.2879943652
