Instance,INF_avg,INF_sd,INF_r1,INF_kr,INF_sk,SUP_avg,SUP_sd,SUP_r1,SUP_kr,SUP_sk,INC_avg,INC_sd,INC_r1,INC_kr,INC_sk,IND_avg,IND_sd,IND_r1,IND_kr,IND_sk
369,0.3717241379,0.1033597322,0.8440187330,1.9347075169,-0.2127155140,0.1568103448,0.0938321974,0.8294899043,2.5146931926,0.6680574527,0.4714655172,0.0536632911,0.2088359724,2.9444968018,0.3209794019,0.0712068966,0.0217808510,0.0954668035,2.9148040945,0.3909034550
