Instance,FV_avg_avg,FV_avg_sd,FV_sd_avg,FV_sd_sd,FV_r1_avg,FV_r1_sd,FV_kr_avg,FV_kr_sd,FV_sk_avg,FV_sk_sd,FD_avg_avg,FD_avg_sd,FD_sd_avg,FD_sd_sd,FD_r1_avg,FD_r1_sd,FD_kr_avg,FD_kr_sd,FD_sk_avg,FD_sk_sd,IN_avg_avg,IN_avg_sd,IN_sd_avg,IN_sd_sd,IN_r1_avg,IN_r1_sd,IN_kr_avg,IN_kr_sd,IN_sk_avg,IN_sk_sd
57,0.4924496261,0.2996770190,0.0001741093,0.0001684178,-0.1075511333,0.4323098026,2.0486979743,0.4353671302,0.0196799055,0.6065720897,-0.0000100731,0.0000289576,0.0000438621,0.0000303330,-0.3026987674,0.2608817950,2.1422472653,0.5481673417,0.1664429195,0.7507343900,0.4860000000,0.0396736688,0.0985951683,0.0340439831,-0.3007812319,0.3407563378,1.9857110912,0.5058747263,0.2693185429,0.5537939539
