Instance,FV_avg_avg,FV_avg_sd,FV_sd_avg,FV_sd_sd,FV_r1_avg,FV_r1_sd,FV_kr_avg,FV_kr_sd,FV_sk_avg,FV_sk_sd,FD_avg_avg,FD_avg_sd,FD_sd_avg,FD_sd_sd,FD_r1_avg,FD_r1_sd,FD_kr_avg,FD_kr_sd,FD_sk_avg,FD_sk_sd,IN_avg_avg,IN_avg_sd,IN_sd_avg,IN_sd_sd,IN_r1_avg,IN_r1_sd,IN_kr_avg,IN_kr_sd,IN_sk_avg,IN_sk_sd
318,0.4952517209,0.3007619713,0.0007806584,0.0006827018,0.9449283529,0.0352525493,2.4188750383,0.5112164704,0.2776105777,0.3885430947,-0.0000021328,0.0000109710,0.0000661235,0.0000405120,0.0061042844,0.1094622560,2.9991927298,0.4707629628,0.0102043073,0.2595732514,0.4961000000,0.0174123519,0.1553206668,0.0103484518,0.0070807901,0.1106271210,2.7229303463,0.2515416880,-0.0233562604,0.2087103092
