Instance,FV_avg_avg,FV_avg_sd,FV_sd_avg,FV_sd_sd,FV_r1_avg,FV_r1_sd,FV_kr_avg,FV_kr_sd,FV_sk_avg,FV_sk_sd,FD_avg_avg,FD_avg_sd,FD_sd_avg,FD_sd_sd,FD_r1_avg,FD_r1_sd,FD_kr_avg,FD_kr_sd,FD_sk_avg,FD_sk_sd,IN_avg_avg,IN_avg_sd,IN_sd_avg,IN_sd_sd,IN_r1_avg,IN_r1_sd,IN_kr_avg,IN_kr_sd,IN_sk_avg,IN_sk_sd
427,0.4991432441,0.3027177611,0.0001188611,0.0001032529,0.2072617008,0.3417341340,1.9039617543,0.5461600348,0.0620159523,0.6368126930,-0.0000002852,0.0000093588,0.0000118090,0.0000097288,-0.3663851121,0.4292198016,2.0336374860,0.4497272744,-0.1215250309,0.6205261665,0.5052000000,0.0286942503,0.0403113711,0.0171637222,-0.3871615660,0.4390665961,2.1019766639,0.5397618090,-0.0281603873,0.7005123992
