Instance,INF_avg,INF_sd,INF_r1,INF_kr,INF_sk,SUP_avg,SUP_sd,SUP_r1,SUP_kr,SUP_sk,INC_avg,INC_sd,INC_r1,INC_kr,INC_sk,IND_avg,IND_sd,IND_r1,IND_kr,IND_sk
251,0.2480000000,0.0974474217,-0.1636576551,2.9469459584,0.7045728096,0.2440000000,0.0977957054,-0.0701039052,2.7992723655,-0.3289062739,0.5080000000,0.1150478161,-0.0376290499,2.5999229553,0.1883563866,0.2460000000,0.0780000000,-0.1019646004,5.8520735995,1.1127800536
