Instance,FV_avg_avg,FV_avg_sd,FV_sd_avg,FV_sd_sd,FV_r1_avg,FV_r1_sd,FV_kr_avg,FV_kr_sd,FV_sk_avg,FV_sk_sd,FD_avg_avg,FD_avg_sd,FD_sd_avg,FD_sd_sd,FD_r1_avg,FD_r1_sd,FD_kr_avg,FD_kr_sd,FD_sk_avg,FD_sk_sd,IN_avg_avg,IN_avg_sd,IN_sd_avg,IN_sd_sd,IN_r1_avg,IN_r1_sd,IN_kr_avg,IN_kr_sd,IN_sk_avg,IN_sk_sd
10,0.5010130674,0.3041625095,0.0013216467,0.0008573928,0.9513552389,0.0362318960,2.1672793584,0.3729859867,-0.0654563612,0.3291435772,0.0000090600,0.0000253515,0.0000367526,0.0000220577,0.0839846961,0.1235052592,2.8285448480,0.3041609204,0.0107383493,0.1922225991,0.5078850000,0.0249022544,0.0511206012,0.0034261688,0.0370725948,0.0798650250,2.9373769226,0.3207406973,0.0022585443,0.1752798340
