Instance,FV_avg_avg,FV_avg_sd,FV_sd_avg,FV_sd_sd,FV_r1_avg,FV_r1_sd,FV_kr_avg,FV_kr_sd,FV_sk_avg,FV_sk_sd,FD_avg_avg,FD_avg_sd,FD_sd_avg,FD_sd_sd,FD_r1_avg,FD_r1_sd,FD_kr_avg,FD_kr_sd,FD_sk_avg,FD_sk_sd,IN_avg_avg,IN_avg_sd,IN_sd_avg,IN_sd_sd,IN_r1_avg,IN_r1_sd,IN_kr_avg,IN_kr_sd,IN_sk_avg,IN_sk_sd
450,0.4982289653,0.3020707818,0.0004689641,0.0003319236,0.8974747400,0.0640328507,2.3960947267,0.6990405661,0.0507663542,0.3545684718,-0.0000031549,0.0000080047,0.0000196465,0.0000123568,-0.0267393905,0.1643853911,2.7847215418,0.5686745059,0.1148349504,0.3198914380,0.4956000000,0.0142712298,0.0500791129,0.0058868030,0.0469252977,0.1041129449,2.7904950740,0.5180178367,-0.0500216575,0.2996799106
