Instance,INF_avg,INF_sd,INF_r1,INF_kr,INF_sk,SUP_avg,SUP_sd,SUP_r1,SUP_kr,SUP_sk,INC_avg,INC_sd,INC_r1,INC_kr,INC_sk,IND_avg,IND_sd,IND_r1,IND_kr,IND_sk
188,0.2687500000,0.0346365053,0.3344020018,2.9260754621,-0.2263488249,0.2205000000,0.0325461211,0.0699716828,3.1591695132,0.3310709951,0.5107500000,0.0338922926,0.0555806080,2.5364785593,0.1951183853,0.0342500000,0.0125772612,0.0083501113,3.8828767456,0.8256042545
