Instance,FV_avg_avg,FV_avg_sd,FV_sd_avg,FV_sd_sd,FV_r1_avg,FV_r1_sd,FV_kr_avg,FV_kr_sd,FV_sk_avg,FV_sk_sd,FD_avg_avg,FD_avg_sd,FD_sd_avg,FD_sd_sd,FD_r1_avg,FD_r1_sd,FD_kr_avg,FD_kr_sd,FD_sk_avg,FD_sk_sd,IN_avg_avg,IN_avg_sd,IN_sd_avg,IN_sd_sd,IN_r1_avg,IN_r1_sd,IN_kr_avg,IN_kr_sd,IN_sk_avg,IN_sk_sd
492,0.4996617782,0.3034733195,0.0003522906,0.0002528124,0.6079609956,0.2666326931,2.7758790046,0.9120323944,0.2615678663,0.7956910307,-0.0000009247,0.0000452157,0.0000643030,0.0000444988,-0.1469196565,0.3063424828,2.4292115215,0.5684022207,-0.0311228838,0.5312030753,0.5057500000,0.0497562810,0.1024215373,0.0237398123,-0.0448955011,0.3587924144,2.5317933647,0.6912581424,0.0296506352,0.6346420598
