Instance,INF_avg,INF_sd,INF_r1,INF_kr,INF_sk,SUP_avg,SUP_sd,SUP_r1,SUP_kr,SUP_sk,INC_avg,INC_sd,INC_r1,INC_kr,INC_sk,IND_avg,IND_sd,IND_r1,IND_kr,IND_sk
47,0.2412500000,0.0343756818,0.2361944897,3.1180939071,0.3406578359,0.2485000000,0.0422936165,0.3779292595,2.4246152359,0.2011197046,0.5102500000,0.0398959584,0.0585424663,3.4107034905,0.3135334418,0.0385000000,0.0103561576,0.0384929239,2.7946435849,0.2079773444
