Instance,FV_avg_avg,FV_avg_sd,FV_sd_avg,FV_sd_sd,FV_r1_avg,FV_r1_sd,FV_kr_avg,FV_kr_sd,FV_sk_avg,FV_sk_sd,FD_avg_avg,FD_avg_sd,FD_sd_avg,FD_sd_sd,FD_r1_avg,FD_r1_sd,FD_kr_avg,FD_kr_sd,FD_sk_avg,FD_sk_sd,IN_avg_avg,IN_avg_sd,IN_sd_avg,IN_sd_sd,IN_r1_avg,IN_r1_sd,IN_kr_avg,IN_kr_sd,IN_sk_avg,IN_sk_sd
61,0.4876833183,0.2963973840,0.0014414501,0.0009620563,0.6680962080,0.1950102329,2.1415207509,0.6234349769,0.0025209668,0.5312445423,0.0000022203,0.0000931108,0.0001040161,0.0000699926,-0.0289421844,0.3245422536,2.2246297376,0.5237128313,-0.1094076059,0.3783100373,0.4986000000,0.0357888251,0.0466610771,0.0091073531,-0.0884688889,0.3235726651,2.2896579032,0.4234673887,0.0275109728,0.4415043034
