Instance,FV_avg_avg,FV_avg_sd,FV_sd_avg,FV_sd_sd,FV_r1_avg,FV_r1_sd,FV_kr_avg,FV_kr_sd,FV_sk_avg,FV_sk_sd,FD_avg_avg,FD_avg_sd,FD_sd_avg,FD_sd_sd,FD_r1_avg,FD_r1_sd,FD_kr_avg,FD_kr_sd,FD_sk_avg,FD_sk_sd,IN_avg_avg,IN_avg_sd,IN_sd_avg,IN_sd_sd,IN_r1_avg,IN_r1_sd,IN_kr_avg,IN_kr_sd,IN_sk_avg,IN_sk_sd
377,0.4965825796,0.3014117593,0.0007814035,0.0005915057,0.8768164956,0.0888602729,2.3186385421,0.5436996057,0.0215047006,0.4049032117,0.0000022309,0.0000200804,0.0000690684,0.0000440314,0.0047014259,0.1550153938,2.9943738139,0.8014157133,-0.0880566082,0.3516875276,0.5002500000,0.0229627416,0.1138017649,0.0113713808,-0.0071773332,0.1387918477,2.7107873133,0.4175558818,-0.0335880381,0.2974443881
