Instance,INF_avg,INF_sd,INF_r1,INF_kr,INF_sk,SUP_avg,SUP_sd,SUP_r1,SUP_kr,SUP_sk,INC_avg,INC_sd,INC_r1,INC_kr,INC_sk,IND_avg,IND_sd,IND_r1,IND_kr,IND_sk
144,0.2800000000,0.1363818170,-0.0196374622,2.3746097815,0.1986831881,0.1990000000,0.1144508628,0.0920974780,2.6561866234,0.1396072155,0.5210000000,0.1563937339,-0.0754627250,3.1757379026,-0.0366455981,0.3680000000,0.1156546584,-0.1447160506,2.7322548705,0.1013990521
