Instance,FV_avg_avg,FV_avg_sd,FV_sd_avg,FV_sd_sd,FV_r1_avg,FV_r1_sd,FV_kr_avg,FV_kr_sd,FV_sk_avg,FV_sk_sd,FD_avg_avg,FD_avg_sd,FD_sd_avg,FD_sd_sd,FD_r1_avg,FD_r1_sd,FD_kr_avg,FD_kr_sd,FD_sk_avg,FD_sk_sd,IN_avg_avg,IN_avg_sd,IN_sd_avg,IN_sd_sd,IN_r1_avg,IN_r1_sd,IN_kr_avg,IN_kr_sd,IN_sk_avg,IN_sk_sd
10,0.4940656193,0.3003785774,0.0008951121,0.0006566149,0.8996536770,0.0444638445,2.5095644016,0.8535597825,0.0610823588,0.4935377985,-0.0000007086,0.0000318668,0.0000258860,0.0000157404,0.1069207066,0.1570281127,3.0280382533,0.5001485550,-0.0849944689,0.2769297362,0.4954000000,0.0268665778,0.0373108585,0.0041020532,0.0514813186,0.1360187124,3.2479024605,0.8124447886,0.0167598473,0.2612235111
