Instance,INF_avg,INF_sd,INF_r1,INF_kr,INF_sk,SUP_avg,SUP_sd,SUP_r1,SUP_kr,SUP_sk,INC_avg,INC_sd,INC_r1,INC_kr,INC_sk,IND_avg,IND_sd,IND_r1,IND_kr,IND_sk
111,0.2719000000,0.0525679560,0.2182300111,2.8202780945,0.5256009118,0.2906000000,0.0533820194,0.2379951563,2.9960203209,0.3161358013,0.4375000000,0.0580409338,0.2965488581,2.6807514775,-0.2227268218,0.0532000000,0.0166060230,0.1148439223,3.1763006795,0.3755911766
