Instance,INF_avg,INF_sd,INF_r1,INF_kr,INF_sk,SUP_avg,SUP_sd,SUP_r1,SUP_kr,SUP_sk,INC_avg,INC_sd,INC_r1,INC_kr,INC_sk,IND_avg,IND_sd,IND_r1,IND_kr,IND_sk
33,0.2472000000,0.0498413483,0.0813216344,2.6520784763,0.2943845624,0.2892000000,0.0426070417,0.0040749604,2.1969710401,0.1064988081,0.4636000000,0.0555611375,0.1426140541,3.1905145113,0.0761039736,0.0526000000,0.0164693655,-0.0016980969,2.6376999667,0.5745837052
