Instance,FV_avg_avg,FV_avg_sd,FV_sd_avg,FV_sd_sd,FV_r1_avg,FV_r1_sd,FV_kr_avg,FV_kr_sd,FV_sk_avg,FV_sk_sd,FD_avg_avg,FD_avg_sd,FD_sd_avg,FD_sd_sd,FD_r1_avg,FD_r1_sd,FD_kr_avg,FD_kr_sd,FD_sk_avg,FD_sk_sd,IN_avg_avg,IN_avg_sd,IN_sd_avg,IN_sd_sd,IN_r1_avg,IN_r1_sd,IN_kr_avg,IN_kr_sd,IN_sk_avg,IN_sk_sd
151,0.4978160879,0.3031983043,0.0015546881,0.0011033589,0.7849851830,0.1583546157,2.5584443924,0.7544410165,-0.0855250961,0.4324253292,0.0000428698,0.0001043927,0.0003093197,0.0002094908,-0.0286801532,0.1501105761,2.8511400307,0.7011742420,-0.1672879117,0.4343363460,0.5108000000,0.0401417488,0.1623206505,0.0220001456,-0.0920323836,0.1249587125,2.4604874595,0.4832195352,-0.0135269296,0.3687009144
