Instance,FV_avg_avg,FV_avg_sd,FV_sd_avg,FV_sd_sd,FV_r1_avg,FV_r1_sd,FV_kr_avg,FV_kr_sd,FV_sk_avg,FV_sk_sd,FD_avg_avg,FD_avg_sd,FD_sd_avg,FD_sd_sd,FD_r1_avg,FD_r1_sd,FD_kr_avg,FD_kr_sd,FD_sk_avg,FD_sk_sd,IN_avg_avg,IN_avg_sd,IN_sd_avg,IN_sd_sd,IN_r1_avg,IN_r1_sd,IN_kr_avg,IN_kr_sd,IN_sk_avg,IN_sk_sd
47,0.4914948637,0.2981717717,0.0021654676,0.0015231349,0.9394373818,0.0363964996,2.2602424620,0.3269491369,0.0607605025,0.3691858985,-0.0000052855,0.0000517270,0.0001434665,0.0000852488,0.0726066431,0.1203192051,2.9603074872,0.3858423059,0.0014187638,0.2355714988,0.4966250000,0.0276974164,0.1133328159,0.0091315573,0.0585718572,0.0996779531,2.9764821102,0.3883274837,0.0525620768,0.2059467228
