Instance,FV_avg_avg,FV_avg_sd,FV_sd_avg,FV_sd_sd,FV_r1_avg,FV_r1_sd,FV_kr_avg,FV_kr_sd,FV_sk_avg,FV_sk_sd,FD_avg_avg,FD_avg_sd,FD_sd_avg,FD_sd_sd,FD_r1_avg,FD_r1_sd,FD_kr_avg,FD_kr_sd,FD_sk_avg,FD_sk_sd,IN_avg_avg,IN_avg_sd,IN_sd_avg,IN_sd_sd,IN_r1_avg,IN_r1_sd,IN_kr_avg,IN_kr_sd,IN_sk_avg,IN_sk_sd
287,0.5032130137,0.3052441176,0.0004146198,0.0004038377,0.5122478083,0.3006749814,2.1129625305,0.5257019469,0.0379686176,0.4384513794,0.0000072486,0.0000307138,0.0000397551,0.0000285620,-0.1514762702,0.2283828133,2.3346387013,0.5852320759,-0.2081744260,0.4503431119,0.5094000000,0.0402646247,0.0655253821,0.0235971249,-0.1360720324,0.2605328598,2.4578042078,0.7175764398,-0.1255844868,0.5448591368
