Instance,INF_avg,INF_sd,INF_r1,INF_kr,INF_sk,SUP_avg,SUP_sd,SUP_r1,SUP_kr,SUP_sk,INC_avg,INC_sd,INC_r1,INC_kr,INC_sk,IND_avg,IND_sd,IND_r1,IND_kr,IND_sk
413,0.2520000000,0.1252836781,0.0420398315,2.5020932893,0.4733477911,0.2300000000,0.1135781669,0.1313857210,2.6037497747,-0.0327609640,0.5180000000,0.1505855239,-0.0001107265,2.8272156994,0.1141144422,0.3720000000,0.1132077736,-0.0730026136,2.5700505454,0.0678875047
