Instance,INF_avg,INF_sd,INF_r1,INF_kr,INF_sk,SUP_avg,SUP_sd,SUP_r1,SUP_kr,SUP_sk,INC_avg,INC_sd,INC_r1,INC_kr,INC_sk,IND_avg,IND_sd,IND_r1,IND_kr,IND_sk
298,0.2880000000,0.0730479295,0.2588530241,2.1827253540,0.2355767771,0.2080000000,0.0479165942,0.4115323855,1.6617963069,0.1016574784,0.5040000000,0.0504380809,0.2204216488,2.7519728254,0.0218837348,0.0680000000,0.0153622915,0.0853658537,5.8049411089,1.8270579372
