Instance,INF_avg,INF_sd,INF_r1,INF_kr,INF_sk,SUP_avg,SUP_sd,SUP_r1,SUP_kr,SUP_sk,INC_avg,INC_sd,INC_r1,INC_kr,INC_sk,IND_avg,IND_sd,IND_r1,IND_kr,IND_sk
398,0.3900000000,0.1428285686,-0.4093625498,1.6640715110,0.2018050709,0.1500000000,0.1095445115,0.0666666667,1.5625000000,-0.1141088661,0.4600000000,0.1462873884,-0.8265162200,2.5670800943,-0.6765584081,0.2500000000,0.0707106781,-0.7000000000,1.7000000000,-0.0000000000
