Instance,INF_avg,INF_sd,INF_r1,INF_kr,INF_sk,SUP_avg,SUP_sd,SUP_r1,SUP_kr,SUP_sk,INC_avg,INC_sd,INC_r1,INC_kr,INC_sk,IND_avg,IND_sd,IND_r1,IND_kr,IND_sk
393,0.4534090909,0.0836644592,0.6885329811,2.2921002068,0.2440796918,0.0861363636,0.0750216911,0.8491273737,2.6605502696,0.9630401327,0.4604545455,0.0574438281,0.3333863760,2.3903265381,0.1117472810,0.0786363636,0.0245496629,0.4037662305,2.1173613853,0.0101304385
