Instance,INF_avg,INF_sd,INF_r1,INF_kr,INF_sk,SUP_avg,SUP_sd,SUP_r1,SUP_kr,SUP_sk,INC_avg,INC_sd,INC_r1,INC_kr,INC_sk,IND_avg,IND_sd,IND_r1,IND_kr,IND_sk
88,0.2400000000,0.0979795897,0.0155440415,2.6621093750,0.3285122962,0.2470000000,0.1011978261,-0.0170688077,2.4501616978,0.3133021602,0.5130000000,0.1219877043,-0.0320700738,2.3149403203,-0.1708016119,0.2290000000,0.0714772691,-0.0656565858,5.4818599855,0.8451454748
