Instance,INF_avg,INF_sd,INF_r1,INF_kr,INF_sk,SUP_avg,SUP_sd,SUP_r1,SUP_kr,SUP_sk,INC_avg,INC_sd,INC_r1,INC_kr,INC_sk,IND_avg,IND_sd,IND_r1,IND_kr,IND_sk
206,0.2408000000,0.0586460570,-0.1210499481,4.0361711387,0.7221689813,0.2912000000,0.0631392113,-0.0502993692,3.5495389601,0.6852642025,0.4680000000,0.0605309838,-0.0651103411,3.1147193989,-0.4752699716,0.1108000000,0.0337544071,0.0761445878,2.4413309952,0.2180282944
