Instance,FV_avg_avg,FV_avg_sd,FV_sd_avg,FV_sd_sd,FV_r1_avg,FV_r1_sd,FV_kr_avg,FV_kr_sd,FV_sk_avg,FV_sk_sd,FD_avg_avg,FD_avg_sd,FD_sd_avg,FD_sd_sd,FD_r1_avg,FD_r1_sd,FD_kr_avg,FD_kr_sd,FD_sk_avg,FD_sk_sd,IN_avg_avg,IN_avg_sd,IN_sd_avg,IN_sd_sd,IN_r1_avg,IN_r1_sd,IN_kr_avg,IN_kr_sd,IN_sk_avg,IN_sk_sd
123,0.4974920074,0.3020848067,0.0004672624,0.0003901836,0.7936046082,0.1061420459,2.3392616606,0.4542764919,0.0998746486,0.3828821045,0.0000044341,0.0000178347,0.0000678747,0.0000427246,-0.0998344539,0.1788710559,2.6880410180,0.5477746592,-0.0065190910,0.4405930223,0.5050000000,0.0352788889,0.1473940119,0.0196317413,-0.0903881309,0.1779949216,2.6553719604,0.4950973076,0.1125883957,0.3037807588
