Instance,INF_avg,INF_sd,INF_r1,INF_kr,INF_sk,SUP_avg,SUP_sd,SUP_r1,SUP_kr,SUP_sk,INC_avg,INC_sd,INC_r1,INC_kr,INC_sk,IND_avg,IND_sd,IND_r1,IND_kr,IND_sk
222,0.2160000000,0.0637495098,0.1706539075,1.3299336599,0.1823080253,0.2320000000,0.0499599840,-0.4701257862,1.3269230769,0.2278746804,0.5520000000,0.0652380257,-0.2717219589,3.0680366329,1.3608927294,0.1280000000,0.0271293199,-0.0542168675,1.2296786389,0.2115471545
