Instance,INF_avg,INF_sd,INF_r1,INF_kr,INF_sk,SUP_avg,SUP_sd,SUP_r1,SUP_kr,SUP_sk,INC_avg,INC_sd,INC_r1,INC_kr,INC_sk,IND_avg,IND_sd,IND_r1,IND_kr,IND_sk
434,0.2020000000,0.0271293199,-0.1538461538,2.3638941399,0.7500308204,0.2860000000,0.0397994975,0.4356187291,1.6047597184,0.0106594920,0.5120000000,0.0515363949,0.5817929760,1.1916914647,0.4197524906,0.0640000000,0.0224499443,0.1373801917,2.3760393046,0.1315095000
