Instance,INF_avg,INF_sd,INF_r1,INF_kr,INF_sk,SUP_avg,SUP_sd,SUP_r1,SUP_kr,SUP_sk,INC_avg,INC_sd,INC_r1,INC_kr,INC_sk,IND_avg,IND_sd,IND_r1,IND_kr,IND_sk
111,0.2665000000,0.0897371161,-0.1399264630,2.8742602169,0.3710703149,0.2480000000,0.1002297361,0.1100346411,2.5716479429,-0.0121321917,0.4855000000,0.1107463318,-0.1076969303,2.4896915842,0.2137380286,0.2180000000,0.0750066664,-0.0052403688,2.3135081156,0.3326259625
