Instance,INF_avg,INF_sd,INF_r1,INF_kr,INF_sk,SUP_avg,SUP_sd,SUP_r1,SUP_kr,SUP_sk,INC_avg,INC_sd,INC_r1,INC_kr,INC_sk,IND_avg,IND_sd,IND_r1,IND_kr,IND_sk
50,0.2100000000,0.0800000000,-0.0563380282,2.0781250000,0.8437500000,0.2700000000,0.0979795897,-0.5916398714,2.4361979167,-0.5677202789,0.5200000000,0.0400000000,-0.7741935484,2.0781250000,-0.8437500000,0.3000000000,0.0447213595,-0.3333333333,1.2500000000,0.0000000000
