Instance,INF_avg,INF_sd,INF_r1,INF_kr,INF_sk,SUP_avg,SUP_sd,SUP_r1,SUP_kr,SUP_sk,INC_avg,INC_sd,INC_r1,INC_kr,INC_sk,IND_avg,IND_sd,IND_r1,IND_kr,IND_sk
294,0.1920000000,0.1092520023,-0.0672530301,4.0505609902,0.7108537764,0.2600000000,0.1356465997,0.0881326353,2.0236294896,-0.0192315595,0.5480000000,0.1203993355,-0.3329778726,3.8025159715,0.9407985739,0.3640000000,0.1015086203,0.1416442974,1.9127637823,-0.1534612499
