Instance,FV_avg_avg,FV_avg_sd,FV_sd_avg,FV_sd_sd,FV_r1_avg,FV_r1_sd,FV_kr_avg,FV_kr_sd,FV_sk_avg,FV_sk_sd,FD_avg_avg,FD_avg_sd,FD_sd_avg,FD_sd_sd,FD_r1_avg,FD_r1_sd,FD_kr_avg,FD_kr_sd,FD_sk_avg,FD_sk_sd,IN_avg_avg,IN_avg_sd,IN_sd_avg,IN_sd_sd,IN_r1_avg,IN_r1_sd,IN_kr_avg,IN_kr_sd,IN_sk_avg,IN_sk_sd
304,0.4992868282,0.3037305846,0.0008555271,0.0006285314,0.9450771945,0.0315892494,2.4421402994,0.5348043401,0.0287178317,0.4524078980,-0.0000026145,0.0000116863,0.0000228369,0.0000134111,0.0690497262,0.1279425280,3.0978214885,0.4929791594,0.1157240244,0.3144590186,0.4936900000,0.0180997762,0.0509224950,0.0028603335,0.0394998291,0.1327752663,2.9568114060,0.4473044923,0.0506767477,0.2826212531
