Instance,INF_avg,INF_sd,INF_r1,INF_kr,INF_sk,SUP_avg,SUP_sd,SUP_r1,SUP_kr,SUP_sk,INC_avg,INC_sd,INC_r1,INC_kr,INC_sk,IND_avg,IND_sd,IND_r1,IND_kr,IND_sk
73,0.2840000000,0.0135646600,-0.2209302326,2.3638941399,-0.7500308204,0.2620000000,0.0462168800,-0.9669277633,2.0798510289,0.5285291061,0.4540000000,0.0338230691,-1.1041369472,1.8186952907,-0.3461038290,0.0660000000,0.0174355958,-0.1631419940,1.7957063712,-0.0543353054
