Instance,INF_avg,INF_sd,INF_r1,INF_kr,INF_sk,SUP_avg,SUP_sd,SUP_r1,SUP_kr,SUP_sk,INC_avg,INC_sd,INC_r1,INC_kr,INC_sk,IND_avg,IND_sd,IND_r1,IND_kr,IND_sk
4,0.2230000000,0.0576454682,0.0876845613,3.1046063743,-0.0372423942,0.2580000000,0.0615467302,0.0080216447,2.5902561192,-0.2826811303,0.5190000000,0.0750666371,0.1453573183,3.1909846323,-0.0040992859,0.1180000000,0.0336452077,-0.0710625817,2.9419895366,0.0063014661
