Instance,FV_avg_avg,FV_avg_sd,FV_sd_avg,FV_sd_sd,FV_r1_avg,FV_r1_sd,FV_kr_avg,FV_kr_sd,FV_sk_avg,FV_sk_sd,FD_avg_avg,FD_avg_sd,FD_sd_avg,FD_sd_sd,FD_r1_avg,FD_r1_sd,FD_kr_avg,FD_kr_sd,FD_sk_avg,FD_sk_sd,IN_avg_avg,IN_avg_sd,IN_sd_avg,IN_sd_sd,IN_r1_avg,IN_r1_sd,IN_kr_avg,IN_kr_sd,IN_sk_avg,IN_sk_sd
245,0.4941019137,0.2998679609,0.0002685748,0.0002496692,0.2843781713,0.2468575442,1.9762024722,0.5055751156,0.1676076708,0.6207045431,-0.0000011846,0.0000395010,0.0000265648,0.0000177016,-0.3566183496,0.4196739209,1.8663769431,0.4846245027,-0.0357974284,0.5459698651,0.5010000000,0.0355893242,0.0423455075,0.0168302702,-0.3209649355,0.4949797064,1.9031301685,0.5449664232,-0.1052256889,0.5833123896
