Instance,FV_avg_avg,FV_avg_sd,FV_sd_avg,FV_sd_sd,FV_r1_avg,FV_r1_sd,FV_kr_avg,FV_kr_sd,FV_sk_avg,FV_sk_sd,FD_avg_avg,FD_avg_sd,FD_sd_avg,FD_sd_sd,FD_r1_avg,FD_r1_sd,FD_kr_avg,FD_kr_sd,FD_sk_avg,FD_sk_sd,IN_avg_avg,IN_avg_sd,IN_sd_avg,IN_sd_sd,IN_r1_avg,IN_r1_sd,IN_kr_avg,IN_kr_sd,IN_sk_avg,IN_sk_sd
151,0.4941234793,0.2998065503,0.0022939516,0.0016495451,0.8856043847,0.0755044989,2.5765126083,0.6297110404,-0.3038032349,0.4626189692,-0.0000118655,0.0001108823,0.0002952213,0.0001842818,-0.0300507231,0.1184210664,2.6378026487,0.4938499536,0.0505475853,0.2407157681,0.5006000000,0.0476952828,0.1549568840,0.0171220352,-0.0027841908,0.0771836314,2.6821523703,0.4359028850,0.1691996709,0.2563579950
