Instance,INF_avg,INF_sd,INF_r1,INF_kr,INF_sk,SUP_avg,SUP_sd,SUP_r1,SUP_kr,SUP_sk,INC_avg,INC_sd,INC_r1,INC_kr,INC_sk,IND_avg,IND_sd,IND_r1,IND_kr,IND_sk
219,0.2596153846,0.1056292780,0.1970450749,2.3906726099,0.2605430182,0.2301282051,0.1084091678,0.2243404724,2.9545265675,0.3887803283,0.5102564103,0.1196573565,-0.0253520049,3.4733809434,0.5822146287,0.2224358974,0.0830691077,0.0290522048,2.6182616491,0.4420982080
