Instance,INF_avg,INF_sd,INF_r1,INF_kr,INF_sk,SUP_avg,SUP_sd,SUP_r1,SUP_kr,SUP_sk,INC_avg,INC_sd,INC_r1,INC_kr,INC_sk,IND_avg,IND_sd,IND_r1,IND_kr,IND_sk
177,0.2440000000,0.0588557559,-0.0441273741,2.8320088112,-0.2081261629,0.2580000000,0.0808455317,-0.0714110790,2.6943822295,0.7619589837,0.4980000000,0.0964157663,-0.1741606297,3.4136556059,0.6926220962,0.2160000000,0.0504380809,-0.3292498106,5.6218405126,-1.1394505331
