Instance,FV_avg_avg,FV_avg_sd,FV_sd_avg,FV_sd_sd,FV_r1_avg,FV_r1_sd,FV_kr_avg,FV_kr_sd,FV_sk_avg,FV_sk_sd,FD_avg_avg,FD_avg_sd,FD_sd_avg,FD_sd_sd,FD_r1_avg,FD_r1_sd,FD_kr_avg,FD_kr_sd,FD_sk_avg,FD_sk_sd,IN_avg_avg,IN_avg_sd,IN_sd_avg,IN_sd_sd,IN_r1_avg,IN_r1_sd,IN_kr_avg,IN_kr_sd,IN_sk_avg,IN_sk_sd
101,0.4510992133,0.2739891495,0.0162814575,0.0103847385,0.9697158924,0.0094959826,2.2683347397,0.1324866858,0.6451054586,0.0944795454,-0.0005808965,0.0003513140,0.0002824152,0.0001741738,0.8428840433,0.0440040312,2.5882356421,0.3628258917,0.6114159862,0.1645304831,0.2089328100,0.0309994237,0.1434670713,0.0120057467,0.8188319917,0.0511576215,2.6907391919,0.4070780019,0.7598868805,0.1711797246
