Instance,INF_avg,INF_sd,INF_r1,INF_kr,INF_sk,SUP_avg,SUP_sd,SUP_r1,SUP_kr,SUP_sk,INC_avg,INC_sd,INC_r1,INC_kr,INC_sk,IND_avg,IND_sd,IND_r1,IND_kr,IND_sk
328,0.2440000000,0.0708801806,0.0956088844,2.1962554262,-0.0248018807,0.3064000000,0.0736955901,0.1807242520,2.8414237222,0.6806400441,0.4496000000,0.0713571300,0.1466601558,2.1126074632,-0.2475090921,0.0984000000,0.0319599750,0.3281941512,5.2943495958,0.6600360877
