Instance,INF_avg,INF_sd,INF_r1,INF_kr,INF_sk,SUP_avg,SUP_sd,SUP_r1,SUP_kr,SUP_sk,INC_avg,INC_sd,INC_r1,INC_kr,INC_sk,IND_avg,IND_sd,IND_r1,IND_kr,IND_sk
400,0.2300000000,0.0900000000,-0.2484394507,2.2583447645,0.1975308642,0.2800000000,0.1469693846,0.0267175573,3.6358024691,0.3477670622,0.4900000000,0.1513274595,-0.2816966344,2.3793787304,0.5159579291,0.3600000000,0.1019803903,-0.1952191235,3.5088757396,1.4256134439
