Instance,FV_avg_avg,FV_avg_sd,FV_sd_avg,FV_sd_sd,FV_r1_avg,FV_r1_sd,FV_kr_avg,FV_kr_sd,FV_sk_avg,FV_sk_sd,FD_avg_avg,FD_avg_sd,FD_sd_avg,FD_sd_sd,FD_r1_avg,FD_r1_sd,FD_kr_avg,FD_kr_sd,FD_sk_avg,FD_sk_sd,IN_avg_avg,IN_avg_sd,IN_sd_avg,IN_sd_sd,IN_r1_avg,IN_r1_sd,IN_kr_avg,IN_kr_sd,IN_sk_avg,IN_sk_sd
481,0.4976222918,0.3030346357,0.0005197295,0.0005434343,0.8868384543,0.0709034791,2.2568126667,0.6232614181,0.0694995176,0.4516743570,0.0000051271,0.0000166685,0.0000390506,0.0000238437,0.0021422246,0.1382886983,2.7079037600,0.4060257828,-0.0302665118,0.3186882565,0.5097500000,0.0284057653,0.1104072957,0.0095278039,-0.0057911084,0.1235382987,2.8913869827,0.4646751655,0.0143772618,0.2822867964
