Instance,FV_avg_avg,FV_avg_sd,FV_sd_avg,FV_sd_sd,FV_r1_avg,FV_r1_sd,FV_kr_avg,FV_kr_sd,FV_sk_avg,FV_sk_sd,FD_avg_avg,FD_avg_sd,FD_sd_avg,FD_sd_sd,FD_r1_avg,FD_r1_sd,FD_kr_avg,FD_kr_sd,FD_sk_avg,FD_sk_sd,IN_avg_avg,IN_avg_sd,IN_sd_avg,IN_sd_sd,IN_r1_avg,IN_r1_sd,IN_kr_avg,IN_kr_sd,IN_sk_avg,IN_sk_sd
89,0.4999190175,0.3036244814,0.0001901606,0.0001440861,0.3218907584,0.3420169024,1.9027273316,0.4929990792,-0.0050471470,0.6030525177,-0.0000145005,0.0000419051,0.0000526919,0.0000367537,-0.1120065945,0.3105091620,1.9261233105,0.4640435484,-0.0016026994,0.5778736144,0.4840000000,0.0752595509,0.1198853511,0.0480364714,-0.3218052985,0.3219360415,1.9717700674,0.5540396528,-0.0033740927,0.5401353629
