Instance,INF_avg,INF_sd,INF_r1,INF_kr,INF_sk,SUP_avg,SUP_sd,SUP_r1,SUP_kr,SUP_sk,INC_avg,INC_sd,INC_r1,INC_kr,INC_sk,IND_avg,IND_sd,IND_r1,IND_kr,IND_sk
61,0.2200000000,0.1148912529,-0.0431654676,2.6914600551,0.5538834508,0.2380000000,0.1547772593,0.0651246780,2.1062752911,0.0631482874,0.5420000000,0.1625915127,-0.1554275174,2.7492887696,-0.1361068767,0.3720000000,0.1114271062,0.1350328251,2.4946560474,0.3071214056
