Instance,INF_avg,INF_sd,INF_r1,INF_kr,INF_sk,SUP_avg,SUP_sd,SUP_r1,SUP_kr,SUP_sk,INC_avg,INC_sd,INC_r1,INC_kr,INC_sk,IND_avg,IND_sd,IND_r1,IND_kr,IND_sk
142,0.2206000000,0.0588866708,0.0852563108,3.6061494876,0.5253633733,0.3250000000,0.0595566957,0.1182659041,2.3656490406,0.2296357454,0.4544000000,0.0691132404,0.2189823456,2.5589448471,0.1495874574,0.1094000000,0.0301270642,0.0023739899,2.9293451263,0.3471980864
