Instance,INF_avg,INF_sd,INF_r1,INF_kr,INF_sk,SUP_avg,SUP_sd,SUP_r1,SUP_kr,SUP_sk,INC_avg,INC_sd,INC_r1,INC_kr,INC_sk,IND_avg,IND_sd,IND_r1,IND_kr,IND_sk
205,0.2380000000,0.0919565115,0.0499801291,2.2338377568,0.1622255058,0.2505000000,0.1064178087,-0.0066812923,2.1392363930,-0.0255048089,0.5115000000,0.1108726747,0.1029654407,2.5440899731,0.0334787902,0.2310000000,0.0737495763,-0.0020462704,2.8483464046,0.3911060455
