Instance,INF_avg,INF_sd,INF_r1,INF_kr,INF_sk,SUP_avg,SUP_sd,SUP_r1,SUP_kr,SUP_sk,INC_avg,INC_sd,INC_r1,INC_kr,INC_sk,IND_avg,IND_sd,IND_r1,IND_kr,IND_sk
125,0.2412000000,0.0410677489,0.2094748695,2.2752642158,0.2570867386,0.2426000000,0.0367592165,0.0390660320,2.3335676349,0.1599087628,0.5162000000,0.0520342195,0.1612243559,3.3871661563,-0.0430060746,0.0762000000,0.0184271539,-0.0294246132,3.1868330682,0.5475128505
