Instance,INF_avg,INF_sd,INF_r1,INF_kr,INF_sk,SUP_avg,SUP_sd,SUP_r1,SUP_kr,SUP_sk,INC_avg,INC_sd,INC_r1,INC_kr,INC_sk,IND_avg,IND_sd,IND_r1,IND_kr,IND_sk
179,0.2480000000,0.1268700122,0.0409921046,2.4753487030,0.4561892803,0.2440000000,0.1373462777,0.1228815720,2.7003714279,0.3337712529,0.5080000000,0.1683330033,-0.0432169596,2.5604425526,-0.2013835145,0.3520000000,0.1135605565,-0.3154945712,2.4338121656,0.4422165919
