Instance,INF_avg,INF_sd,INF_r1,INF_kr,INF_sk,SUP_avg,SUP_sd,SUP_r1,SUP_kr,SUP_sk,INC_avg,INC_sd,INC_r1,INC_kr,INC_sk,IND_avg,IND_sd,IND_r1,IND_kr,IND_sk
183,0.1920000000,0.1055272477,0.1212060244,2.3840603944,0.2108460184,0.2800000000,0.1048808848,-0.0218437616,3.1419834711,0.5876796686,0.5280000000,0.1123209687,-0.0991995241,1.9042664668,-0.3752155881,0.2380000000,0.0724982758,-0.0779579165,3.0965332944,0.5798279917
