Instance,INF_avg,INF_sd,INF_r1,INF_kr,INF_sk,SUP_avg,SUP_sd,SUP_r1,SUP_kr,SUP_sk,INC_avg,INC_sd,INC_r1,INC_kr,INC_sk,IND_avg,IND_sd,IND_r1,IND_kr,IND_sk
231,0.2830000000,0.1378803829,-0.2047489203,2.6750613232,0.3526852190,0.2850000000,0.1437880384,-0.1156877451,2.1196659302,-0.0391043151,0.4320000000,0.1302919798,-0.0284082196,2.4409573953,0.1526043979,0.3420000000,0.1031309847,0.0429633433,3.9007158273,0.5157948813
