Instance,FV_avg_avg,FV_avg_sd,FV_sd_avg,FV_sd_sd,FV_r1_avg,FV_r1_sd,FV_kr_avg,FV_kr_sd,FV_sk_avg,FV_sk_sd,FD_avg_avg,FD_avg_sd,FD_sd_avg,FD_sd_sd,FD_r1_avg,FD_r1_sd,FD_kr_avg,FD_kr_sd,FD_sk_avg,FD_sk_sd,IN_avg_avg,IN_avg_sd,IN_sd_avg,IN_sd_sd,IN_r1_avg,IN_r1_sd,IN_kr_avg,IN_kr_sd,IN_sk_avg,IN_sk_sd
264,0.4541285093,0.2753633395,0.0217383279,0.0131570305,0.9906369332,0.0032265272,2.1243858534,0.1082644939,0.5836359225,0.0977361597,-0.0003039967,0.0001887964,0.0001344494,0.0000808565,0.9415476857,0.0125072048,2.3284093806,0.1352929614,0.6296341003,0.0921541534,0.1791746925,0.0209881353,0.1396515608,0.0086288707,0.9207038504,0.0141597324,2.6002990371,0.2208958882,0.8116923660,0.1357518404
