Instance,FV_avg_avg,FV_avg_sd,FV_sd_avg,FV_sd_sd,FV_r1_avg,FV_r1_sd,FV_kr_avg,FV_kr_sd,FV_sk_avg,FV_sk_sd,FD_avg_avg,FD_avg_sd,FD_sd_avg,FD_sd_sd,FD_r1_avg,FD_r1_sd,FD_kr_avg,FD_kr_sd,FD_sk_avg,FD_sk_sd,IN_avg_avg,IN_avg_sd,IN_sd_avg,IN_sd_sd,IN_r1_avg,IN_r1_sd,IN_kr_avg,IN_kr_sd,IN_sk_avg,IN_sk_sd
297,0.4994474418,0.3032920191,0.0002450695,0.0001616300,0.6112848361,0.1666073965,2.2428457176,0.6565550173,0.1317063337,0.5388794627,-0.0000033717,0.0000291034,0.0000470251,0.0000356292,-0.0883576679,0.2637732481,2.4842689207,0.6897056749,-0.1869589247,0.4598736559,0.4985000000,0.0405308524,0.1100276564,0.0211876101,-0.1137963279,0.3330946669,2.2504809643,0.6140752272,0.0005891272,0.4733136956
