Instance,FV_avg_avg,FV_avg_sd,FV_sd_avg,FV_sd_sd,FV_r1_avg,FV_r1_sd,FV_kr_avg,FV_kr_sd,FV_sk_avg,FV_sk_sd,FD_avg_avg,FD_avg_sd,FD_sd_avg,FD_sd_sd,FD_r1_avg,FD_r1_sd,FD_kr_avg,FD_kr_sd,FD_sk_avg,FD_sk_sd,IN_avg_avg,IN_avg_sd,IN_sd_avg,IN_sd_sd,IN_r1_avg,IN_r1_sd,IN_kr_avg,IN_kr_sd,IN_sk_avg,IN_sk_sd
43,0.4988336446,0.3033792588,0.0004394036,0.0003310755,0.8933447270,0.0796381375,2.5558992124,0.6659812188,0.1199914525,0.5328999793,-0.0000002619,0.0000107702,0.0000162028,0.0000097642,0.0553620905,0.1500170999,2.8054599020,0.5028099308,0.0931791721,0.3218750851,0.5022800000,0.0203376892,0.0495192507,0.0048191090,0.0191256064,0.1200198125,2.7979472083,0.3702020042,-0.0511271163,0.2906591107
