Instance,INF_avg,INF_sd,INF_r1,INF_kr,INF_sk,SUP_avg,SUP_sd,SUP_r1,SUP_kr,SUP_sk,INC_avg,INC_sd,INC_r1,INC_kr,INC_sk,IND_avg,IND_sd,IND_r1,IND_kr,IND_sk
82,0.2720000000,0.0951630180,-0.3526708788,1.5616439211,0.0708473692,0.2680000000,0.0324961536,-0.3345864662,1.4421487603,-0.3804646085,0.4600000000,0.0681175455,-0.4242424242,1.9054696790,0.0000000000,0.0800000000,0.0126491106,0.0000000000,2.5000000000,0.0000000000
