Instance,INF_avg,INF_sd,INF_r1,INF_kr,INF_sk,SUP_avg,SUP_sd,SUP_r1,SUP_kr,SUP_sk,INC_avg,INC_sd,INC_r1,INC_kr,INC_sk,IND_avg,IND_sd,IND_r1,IND_kr,IND_sk
313,0.2460000000,0.0341833293,0.1655886712,3.1855911735,0.4881554336,0.2309500000,0.0307952513,0.0534276415,2.9808278777,0.0867192939,0.5230500000,0.0370937663,0.0975401806,2.4269134884,-0.5396265945,0.0414000000,0.0097488461,0.0311812039,2.2606106307,0.1463395156
