Instance,INF_avg,INF_sd,INF_r1,INF_kr,INF_sk,SUP_avg,SUP_sd,SUP_r1,SUP_kr,SUP_sk,INC_avg,INC_sd,INC_r1,INC_kr,INC_sk,IND_avg,IND_sd,IND_r1,IND_kr,IND_sk
142,0.2524000000,0.0549020947,0.4436529374,2.4150242536,0.1493983526,0.2706000000,0.0521309889,0.4235129926,4.0768842527,0.8323944230,0.4770000000,0.0561159514,0.2858015051,2.4687447340,-0.2234859047,0.0658000000,0.0172151096,0.3044000552,3.1173698107,0.0055320893
