Instance,INF_avg,INF_sd,INF_r1,INF_kr,INF_sk,SUP_avg,SUP_sd,SUP_r1,SUP_kr,SUP_sk,INC_avg,INC_sd,INC_r1,INC_kr,INC_sk,IND_avg,IND_sd,IND_r1,IND_kr,IND_sk
308,0.2920000000,0.1293676930,-0.1243689766,3.1122403840,0.2042291199,0.2540000000,0.1344767638,0.1285765641,3.7615596728,0.7290366328,0.4540000000,0.1314686274,0.0720161840,3.0415752930,-0.1661186357,0.3620000000,0.0997797575,0.0262263032,2.9341052419,-0.1511404287
