Instance,INF_avg,INF_sd,INF_r1,INF_kr,INF_sk,SUP_avg,SUP_sd,SUP_r1,SUP_kr,SUP_sk,INC_avg,INC_sd,INC_r1,INC_kr,INC_sk,IND_avg,IND_sd,IND_r1,IND_kr,IND_sk
308,0.2700000000,0.1431782106,0.0371382558,2.3603331350,0.2085069956,0.2320000000,0.1340746061,0.0299404988,2.7586795745,0.3989568808,0.4980000000,0.1661204382,-0.0660947891,2.5855298199,0.0448456277,0.3800000000,0.1264911064,0.0537148594,3.6456250000,0.7648759091
