Instance,INF_avg,INF_sd,INF_r1,INF_kr,INF_sk,SUP_avg,SUP_sd,SUP_r1,SUP_kr,SUP_sk,INC_avg,INC_sd,INC_r1,INC_kr,INC_sk,IND_avg,IND_sd,IND_r1,IND_kr,IND_sk
24,0.2340000000,0.1185073837,-0.1935992749,3.1190281169,0.2212366068,0.2680000000,0.1427445270,0.0311740030,2.4901306556,0.2849737645,0.4980000000,0.1587324793,0.0360144000,2.9547751124,0.1378158610,0.3950000000,0.1219631092,0.0537953397,4.6597076478,0.5585102538
