Instance,INF_avg,INF_sd,INF_r1,INF_kr,INF_sk,SUP_avg,SUP_sd,SUP_r1,SUP_kr,SUP_sk,INC_avg,INC_sd,INC_r1,INC_kr,INC_sk,IND_avg,IND_sd,IND_r1,IND_kr,IND_sk
186,0.2300000000,0.0219089023,-0.3333333333,1.5625000000,-0.1141088661,0.2040000000,0.0387814389,-0.6337953092,2.4330296514,0.4369824589,0.5660000000,0.0287054002,-0.3530778165,1.7447921576,0.2009026265,0.0860000000,0.0257681975,-0.3993948563,2.1150384671,0.5863209393
