Instance,INF_avg,INF_sd,INF_r1,INF_kr,INF_sk,SUP_avg,SUP_sd,SUP_r1,SUP_kr,SUP_sk,INC_avg,INC_sd,INC_r1,INC_kr,INC_sk,IND_avg,IND_sd,IND_r1,IND_kr,IND_sk
432,0.2546000000,0.0449982222,-0.1863119343,3.0537285563,-0.2144575484,0.2272000000,0.0432222165,0.2197929209,3.1225612081,-0.1506638297,0.5182000000,0.0486082298,0.0478492239,2.6689826639,0.4930338930,0.0632000000,0.0219490319,0.0355343534,2.8988844292,0.1912525373
