Instance,INF_avg,INF_sd,INF_r1,INF_kr,INF_sk,SUP_avg,SUP_sd,SUP_r1,SUP_kr,SUP_sk,INC_avg,INC_sd,INC_r1,INC_kr,INC_sk,IND_avg,IND_sd,IND_r1,IND_kr,IND_sk
331,0.2280000000,0.0116619038,0.4480519481,1.6280276817,-0.3631734744,0.2920000000,0.0421426150,-0.8349696120,1.7342951059,-0.1718745560,0.4800000000,0.0477493455,-0.6548672566,2.1121883657,0.5070336785,0.0600000000,0.0089442719,-0.2500000000,1.2500000000,-0.0000000000
