Instance,INF_avg,INF_sd,INF_r1,INF_kr,INF_sk,SUP_avg,SUP_sd,SUP_r1,SUP_kr,SUP_sk,INC_avg,INC_sd,INC_r1,INC_kr,INC_sk,IND_avg,IND_sd,IND_r1,IND_kr,IND_sk
122,0.2700000000,0.1100000000,0.6328928047,2.8363499761,0.5567242675,0.2700000000,0.0714142843,0.0130151844,2.2479815456,0.0988433000,0.4600000000,0.0969535971,0.1081871345,1.8834314169,0.0460847791,0.2450000000,0.0756637298,0.1655140618,2.1047844244,-0.5228835389
