Instance,INF_avg,INF_sd,INF_r1,INF_kr,INF_sk,SUP_avg,SUP_sd,SUP_r1,SUP_kr,SUP_sk,INC_avg,INC_sd,INC_r1,INC_kr,INC_sk,IND_avg,IND_sd,IND_r1,IND_kr,IND_sk
448,0.2600000000,0.1326649916,-0.1227402474,2.7500000000,0.0411151834,0.2320000000,0.1008761617,-0.0261429654,2.5810193426,-0.2042481914,0.5080000000,0.1494523335,-0.2042375113,2.7201398182,-0.3524616613,0.3720000000,0.1217209924,0.2248937901,1.7158754297,0.0146920995
