Instance,FV_avg_avg,FV_avg_sd,FV_sd_avg,FV_sd_sd,FV_r1_avg,FV_r1_sd,FV_kr_avg,FV_kr_sd,FV_sk_avg,FV_sk_sd,FD_avg_avg,FD_avg_sd,FD_sd_avg,FD_sd_sd,FD_r1_avg,FD_r1_sd,FD_kr_avg,FD_kr_sd,FD_sk_avg,FD_sk_sd,IN_avg_avg,IN_avg_sd,IN_sd_avg,IN_sd_sd,IN_r1_avg,IN_r1_sd,IN_kr_avg,IN_kr_sd,IN_sk_avg,IN_sk_sd
19,0.4940285314,0.3005558000,0.0003930408,0.0004437105,0.0667409960,0.4592679777,1.8949809416,0.5024959823,-0.0397863357,0.5736578209,0.0000217817,0.0000441283,0.0000479817,0.0000401639,-0.1733463316,0.3171462065,2.1999256670,0.5810730369,0.3442132961,0.7111387941,0.5186000000,0.0243072006,0.0423496361,0.0179918961,-0.2678722525,0.2719502890,2.3034952969,0.4938454199,0.2692640070,0.7101523351
