Instance,FV_avg_avg,FV_avg_sd,FV_sd_avg,FV_sd_sd,FV_r1_avg,FV_r1_sd,FV_kr_avg,FV_kr_sd,FV_sk_avg,FV_sk_sd,FD_avg_avg,FD_avg_sd,FD_sd_avg,FD_sd_sd,FD_r1_avg,FD_r1_sd,FD_kr_avg,FD_kr_sd,FD_sk_avg,FD_sk_sd,IN_avg_avg,IN_avg_sd,IN_sd_avg,IN_sd_sd,IN_r1_avg,IN_r1_sd,IN_kr_avg,IN_kr_sd,IN_sk_avg,IN_sk_sd
459,0.4957809586,0.3011253140,0.0004709911,0.0004010076,0.5603398517,0.2551186266,2.0998043253,0.4660557864,0.0118203087,0.4942728894,0.0000043568,0.0000430119,0.0000842267,0.0000511772,-0.0914321739,0.3183216338,2.4440202496,0.9835998235,0.0405805845,0.6792270478,0.4952500000,0.0458659732,0.1062698753,0.0253567269,-0.1485248621,0.3693428563,2.3079905713,0.6004331192,0.1354479971,0.4308998215
