Instance,INF_avg,INF_sd,INF_r1,INF_kr,INF_sk,SUP_avg,SUP_sd,SUP_r1,SUP_kr,SUP_sk,INC_avg,INC_sd,INC_r1,INC_kr,INC_sk,IND_avg,IND_sd,IND_r1,IND_kr,IND_sk
497,0.2540000000,0.0968710483,0.0102422691,2.6007613765,-0.0634428981,0.2120000000,0.0941063228,0.4499632273,2.8042501157,0.0473430947,0.5340000000,0.1124455424,0.0936353219,2.8691166593,-0.0942436589,0.2290000000,0.0609015599,-0.0698286649,2.5065971218,-0.0202404877
