Instance,FV_avg_avg,FV_avg_sd,FV_sd_avg,FV_sd_sd,FV_r1_avg,FV_r1_sd,FV_kr_avg,FV_kr_sd,FV_sk_avg,FV_sk_sd,FD_avg_avg,FD_avg_sd,FD_sd_avg,FD_sd_sd,FD_r1_avg,FD_r1_sd,FD_kr_avg,FD_kr_sd,FD_sk_avg,FD_sk_sd,IN_avg_avg,IN_avg_sd,IN_sd_avg,IN_sd_sd,IN_r1_avg,IN_r1_sd,IN_kr_avg,IN_kr_sd,IN_sk_avg,IN_sk_sd
30,0.4971000682,0.3021324015,0.0006215484,0.0003664862,0.9381908550,0.0484004797,2.4158158877,0.6176702647,0.0643979016,0.4950183249,0.0000009492,0.0000080878,0.0000470315,0.0000289342,0.0101982081,0.1005033107,2.9492278491,0.4409008388,0.0940938934,0.2241002953,0.4993250000,0.0140457066,0.1119428489,0.0072326399,0.0018691563,0.0978098284,2.8845024477,0.4692929425,0.0110881630,0.1625990549
