Instance,FV_avg_avg,FV_avg_sd,FV_sd_avg,FV_sd_sd,FV_r1_avg,FV_r1_sd,FV_kr_avg,FV_kr_sd,FV_sk_avg,FV_sk_sd,FD_avg_avg,FD_avg_sd,FD_sd_avg,FD_sd_sd,FD_r1_avg,FD_r1_sd,FD_kr_avg,FD_kr_sd,FD_sk_avg,FD_sk_sd,IN_avg_avg,IN_avg_sd,IN_sd_avg,IN_sd_sd,IN_r1_avg,IN_r1_sd,IN_kr_avg,IN_kr_sd,IN_sk_avg,IN_sk_sd
156,0.4758975438,0.2878561065,0.0112056058,0.0074635803,0.9787114427,0.0064121399,1.9431376589,0.1066739862,0.3287892270,0.0905753455,-0.0003707398,0.0002527139,0.0002081959,0.0001277224,0.6015531595,0.1243009335,2.6849297850,0.3202798146,0.3754651999,0.2226257844,0.2723981479,0.0337475405,0.1436323145,0.0141659541,0.4866219176,0.1446943445,2.8216222163,0.5312969003,0.4310572641,0.2952705883
