Instance,INF_avg,INF_sd,INF_r1,INF_kr,INF_sk,SUP_avg,SUP_sd,SUP_r1,SUP_kr,SUP_sk,INC_avg,INC_sd,INC_r1,INC_kr,INC_sk,IND_avg,IND_sd,IND_r1,IND_kr,IND_sk
350,0.2360000000,0.0906862724,-0.1776145203,2.1528032219,-0.6549281886,0.2360000000,0.0387814389,-0.0368663594,1.4081032141,-0.3752617726,0.5280000000,0.0676461381,-0.3742071882,2.1267788156,0.3982054807,0.1120000000,0.0545527268,-0.3735070575,3.1437738467,1.4286267334
