Instance,FV_avg_avg,FV_avg_sd,FV_sd_avg,FV_sd_sd,FV_r1_avg,FV_r1_sd,FV_kr_avg,FV_kr_sd,FV_sk_avg,FV_sk_sd,FD_avg_avg,FD_avg_sd,FD_sd_avg,FD_sd_sd,FD_r1_avg,FD_r1_sd,FD_kr_avg,FD_kr_sd,FD_sk_avg,FD_sk_sd,IN_avg_avg,IN_avg_sd,IN_sd_avg,IN_sd_sd,IN_r1_avg,IN_r1_sd,IN_kr_avg,IN_kr_sd,IN_sk_avg,IN_sk_sd
177,0.4969087840,0.3022470662,0.0010154747,0.0007629014,0.9302485785,0.0680813798,2.5440306454,0.6952454381,0.1208904237,0.5559039553,0.0000070753,0.0000162892,0.0000428867,0.0000269479,0.0221223955,0.0798376341,2.8544274611,0.3879525277,0.0546398348,0.2965597840,0.5085500000,0.0203891025,0.0705118413,0.0042263737,0.0149052616,0.0797641280,2.8634366941,0.3245983178,-0.0398799694,0.2423762914
