Instance,FV_avg_avg,FV_avg_sd,FV_sd_avg,FV_sd_sd,FV_r1_avg,FV_r1_sd,FV_kr_avg,FV_kr_sd,FV_sk_avg,FV_sk_sd,FD_avg_avg,FD_avg_sd,FD_sd_avg,FD_sd_sd,FD_r1_avg,FD_r1_sd,FD_kr_avg,FD_kr_sd,FD_sk_avg,FD_sk_sd,IN_avg_avg,IN_avg_sd,IN_sd_avg,IN_sd_sd,IN_r1_avg,IN_r1_sd,IN_kr_avg,IN_kr_sd,IN_sk_avg,IN_sk_sd
363,0.4211320826,0.2564173645,0.0326728847,0.0199819667,0.9714748065,0.0170052110,2.1425745329,0.2508486554,0.5974902682,0.1491161453,-0.0012385021,0.0007477234,0.0005698028,0.0003483673,0.9482957850,0.0272283989,2.2363364973,0.3680956986,0.6205068418,0.2093121869,0.1557547074,0.0249494597,0.1485740393,0.0234945220,0.9365455672,0.0205183406,2.5909615509,0.5871107023,0.8657989613,0.2601710148
