Instance,FV_avg_avg,FV_avg_sd,FV_sd_avg,FV_sd_sd,FV_r1_avg,FV_r1_sd,FV_kr_avg,FV_kr_sd,FV_sk_avg,FV_sk_sd,FD_avg_avg,FD_avg_sd,FD_sd_avg,FD_sd_sd,FD_r1_avg,FD_r1_sd,FD_kr_avg,FD_kr_sd,FD_sk_avg,FD_sk_sd,IN_avg_avg,IN_avg_sd,IN_sd_avg,IN_sd_sd,IN_r1_avg,IN_r1_sd,IN_kr_avg,IN_kr_sd,IN_sk_avg,IN_sk_sd
437,0.4997600210,0.3026126650,0.0003977288,0.0003380209,0.1014682914,0.4071501938,1.9374757136,0.5508587672,-0.0582526363,0.6226509195,-0.0000111467,0.0000531331,0.0000756050,0.0000459433,-0.1784737655,0.4412822321,2.0480897296,0.4672596851,-0.1248913486,0.6558928729,0.4885000000,0.0375865667,0.0899562529,0.0306247053,-0.2605181066,0.4505887446,1.7079536193,0.4714797775,-0.1205577551,0.4646820357
