Instance,FV_avg_avg,FV_avg_sd,FV_sd_avg,FV_sd_sd,FV_r1_avg,FV_r1_sd,FV_kr_avg,FV_kr_sd,FV_sk_avg,FV_sk_sd,FD_avg_avg,FD_avg_sd,FD_sd_avg,FD_sd_sd,FD_r1_avg,FD_r1_sd,FD_kr_avg,FD_kr_sd,FD_sk_avg,FD_sk_sd,IN_avg_avg,IN_avg_sd,IN_sd_avg,IN_sd_sd,IN_r1_avg,IN_r1_sd,IN_kr_avg,IN_kr_sd,IN_sk_avg,IN_sk_sd
327,0.4989090968,0.3034607099,0.0003911065,0.0002411542,0.9487919330,0.0386727891,2.6353067192,0.7703963502,0.2175381249,0.5189014229,0.0000004980,0.0000071373,0.0000390363,0.0000245803,-0.0209082619,0.0787784281,3.0926993233,0.4606939006,-0.0382167688,0.2902833870,0.5001000000,0.0273512340,0.1569398163,0.0110360350,-0.0074743819,0.0833280650,2.8238688745,0.3557035788,0.0246139423,0.1975319371
