Instance,INF_avg,INF_sd,INF_r1,INF_kr,INF_sk,SUP_avg,SUP_sd,SUP_r1,SUP_kr,SUP_sk,INC_avg,INC_sd,INC_r1,INC_kr,INC_sk,IND_avg,IND_sd,IND_r1,IND_kr,IND_sk
401,0.2440000000,0.1235475617,0.0370432804,2.2122476695,0.0105884413,0.2080000000,0.1197330364,-0.0078188465,2.9758400430,0.1255024191,0.5480000000,0.1552288633,-0.1119028532,2.4479955345,0.3902219207,0.3920000000,0.0934665716,-0.2515987575,2.4215473172,0.1594270406
