Instance,FV_avg_avg,FV_avg_sd,FV_sd_avg,FV_sd_sd,FV_r1_avg,FV_r1_sd,FV_kr_avg,FV_kr_sd,FV_sk_avg,FV_sk_sd,FD_avg_avg,FD_avg_sd,FD_sd_avg,FD_sd_sd,FD_r1_avg,FD_r1_sd,FD_kr_avg,FD_kr_sd,FD_sk_avg,FD_sk_sd,IN_avg_avg,IN_avg_sd,IN_sd_avg,IN_sd_sd,IN_r1_avg,IN_r1_sd,IN_kr_avg,IN_kr_sd,IN_sk_avg,IN_sk_sd
484,0.4868721207,0.2948727461,0.0054496370,0.0048096934,0.9943373503,0.0058556474,1.8623924079,0.0896269802,0.1109688779,0.1057490043,-0.0000332884,0.0000267553,0.0000492412,0.0000307933,0.0784117339,0.1539347071,3.1288196221,0.8961332508,-0.1329755365,0.4080157627,0.4160640180,0.0310933576,0.1603149415,0.0088969745,0.0696181100,0.1497563196,2.9766977313,0.7586996057,0.0013902547,0.1998820703
