Instance,INF_avg,INF_sd,INF_r1,INF_kr,INF_sk,SUP_avg,SUP_sd,SUP_r1,SUP_kr,SUP_sk,INC_avg,INC_sd,INC_r1,INC_kr,INC_sk,IND_avg,IND_sd,IND_r1,IND_kr,IND_sk
324,0.2645000000,0.0515727641,0.6161372542,2.6728828056,0.1403707621,0.2225500000,0.0392841889,0.4516596116,2.1885503586,0.1359801150,0.5129500000,0.0397309388,0.1801741796,3.1886959728,-0.2646734004,0.0381500000,0.0109693892,0.0888990586,3.3023711914,0.6632218562
