Instance,INF_avg,INF_sd,INF_r1,INF_kr,INF_sk,SUP_avg,SUP_sd,SUP_r1,SUP_kr,SUP_sk,INC_avg,INC_sd,INC_r1,INC_kr,INC_sk,IND_avg,IND_sd,IND_r1,IND_kr,IND_sk
320,0.2640000000,0.1162067124,-0.0787858604,1.9520170257,0.1179463807,0.2160000000,0.0966643678,-0.0081926690,1.8965565772,0.2074683255,0.5200000000,0.1166190379,-0.2837837838,2.1989619377,-0.0907933686,0.3800000000,0.1296148140,0.2159763314,5.1870748299,1.0360367783
