Instance,FV_avg_avg,FV_avg_sd,FV_sd_avg,FV_sd_sd,FV_r1_avg,FV_r1_sd,FV_kr_avg,FV_kr_sd,FV_sk_avg,FV_sk_sd,FD_avg_avg,FD_avg_sd,FD_sd_avg,FD_sd_sd,FD_r1_avg,FD_r1_sd,FD_kr_avg,FD_kr_sd,FD_sk_avg,FD_sk_sd,IN_avg_avg,IN_avg_sd,IN_sd_avg,IN_sd_sd,IN_r1_avg,IN_r1_sd,IN_kr_avg,IN_kr_sd,IN_sk_avg,IN_sk_sd
427,0.4985778051,0.3033653363,0.0002353935,0.0001558675,0.8086966800,0.1367153327,2.2008209998,0.4628295300,0.0668277321,0.4720883635,0.0000004498,0.0000091759,0.0000402618,0.0000245193,-0.0221155470,0.2012837912,2.6482159001,0.5070460207,0.0285882045,0.4241380153,0.4936000000,0.0288832131,0.1535574776,0.0206131290,-0.0552293343,0.1535047473,2.6108639602,0.6790423592,0.0215776917,0.3684519373
