Instance,FV_avg_avg,FV_avg_sd,FV_sd_avg,FV_sd_sd,FV_r1_avg,FV_r1_sd,FV_kr_avg,FV_kr_sd,FV_sk_avg,FV_sk_sd,FD_avg_avg,FD_avg_sd,FD_sd_avg,FD_sd_sd,FD_r1_avg,FD_r1_sd,FD_kr_avg,FD_kr_sd,FD_sk_avg,FD_sk_sd,IN_avg_avg,IN_avg_sd,IN_sd_avg,IN_sd_sd,IN_r1_avg,IN_r1_sd,IN_kr_avg,IN_kr_sd,IN_sk_avg,IN_sk_sd
89,0.4968463423,0.3017353589,0.0003407712,0.0002497665,0.7328927622,0.1585122936,2.1880454320,0.4708604708,0.0508955417,0.3243891874,-0.0000003088,0.0000095180,0.0000261372,0.0000168280,-0.0094234328,0.1979777562,2.8638579365,0.5980224643,-0.1087481409,0.4034629232,0.5007600000,0.0212165596,0.0670122732,0.0072825302,0.0109658385,0.1942514113,2.6969506679,0.5216746879,-0.0779888180,0.4162846724
