Instance,FV_avg_avg,FV_avg_sd,FV_sd_avg,FV_sd_sd,FV_r1_avg,FV_r1_sd,FV_kr_avg,FV_kr_sd,FV_sk_avg,FV_sk_sd,FD_avg_avg,FD_avg_sd,FD_sd_avg,FD_sd_sd,FD_r1_avg,FD_r1_sd,FD_kr_avg,FD_kr_sd,FD_sk_avg,FD_sk_sd,IN_avg_avg,IN_avg_sd,IN_sd_avg,IN_sd_sd,IN_r1_avg,IN_r1_sd,IN_kr_avg,IN_kr_sd,IN_sk_avg,IN_sk_sd
146,0.4992797641,0.3029448873,0.0011649108,0.0008065419,0.9476317658,0.0480473634,2.3412261118,0.6086028490,0.0811514226,0.5139139186,-0.0000068896,0.0000221987,0.0000705772,0.0000421179,0.0105173344,0.0732304697,3.0005943513,0.4726720664,-0.0218938013,0.2575148619,0.4929000000,0.0247853788,0.1129273570,0.0074287975,0.0217802686,0.0943717313,2.8120582658,0.3613070449,-0.0331967493,0.2191875704
