Instance,INF_avg,INF_sd,INF_r1,INF_kr,INF_sk,SUP_avg,SUP_sd,SUP_r1,SUP_kr,SUP_sk,INC_avg,INC_sd,INC_r1,INC_kr,INC_sk,IND_avg,IND_sd,IND_r1,IND_kr,IND_sk
69,0.2204000000,0.0506738591,-0.0292452116,1.9987207187,-0.0962284404,0.3012000000,0.0601877064,-0.1929112149,6.6270371441,1.1443973845,0.4784000000,0.0595771768,-0.1609783100,2.9974820955,-0.4581292907,0.1128000000,0.0306620286,0.0908967002,3.5675422308,-0.3482576014
