Instance,FV_avg_avg,FV_avg_sd,FV_sd_avg,FV_sd_sd,FV_r1_avg,FV_r1_sd,FV_kr_avg,FV_kr_sd,FV_sk_avg,FV_sk_sd,FD_avg_avg,FD_avg_sd,FD_sd_avg,FD_sd_sd,FD_r1_avg,FD_r1_sd,FD_kr_avg,FD_kr_sd,FD_sk_avg,FD_sk_sd,IN_avg_avg,IN_avg_sd,IN_sd_avg,IN_sd_sd,IN_r1_avg,IN_r1_sd,IN_kr_avg,IN_kr_sd,IN_sk_avg,IN_sk_sd
73,0.5006771871,0.3034779283,0.0013385686,0.0008346625,0.8827380358,0.0898080901,2.6062443748,0.6275429547,-0.1121625702,0.5377090659,0.0000082487,0.0000519944,0.0001697975,0.0000989077,-0.0196003972,0.1636086927,2.9389184966,0.6226425664,-0.0835989826,0.3326042733,0.4961000000,0.0642603299,0.1529671081,0.0156991666,-0.0448130910,0.1676801053,2.7917867344,0.5876060800,0.0302693951,0.3754455785
