Instance,FV_avg_avg,FV_avg_sd,FV_sd_avg,FV_sd_sd,FV_r1_avg,FV_r1_sd,FV_kr_avg,FV_kr_sd,FV_sk_avg,FV_sk_sd,FD_avg_avg,FD_avg_sd,FD_sd_avg,FD_sd_sd,FD_r1_avg,FD_r1_sd,FD_kr_avg,FD_kr_sd,FD_sk_avg,FD_sk_sd,IN_avg_avg,IN_avg_sd,IN_sd_avg,IN_sd_sd,IN_r1_avg,IN_r1_sd,IN_kr_avg,IN_kr_sd,IN_sk_avg,IN_sk_sd
141,0.4957570907,0.3009038917,0.0007661186,0.0005408074,0.4200815314,0.3971810908,2.1183497694,0.4304258909,0.0966239331,0.4107770962,-0.0000133379,0.0000769297,0.0000686849,0.0000470477,-0.1132959155,0.3421652436,2.4553209366,0.6608305549,-0.0727117074,0.5374873898,0.4882000000,0.0412208685,0.0463456397,0.0112996319,-0.1993829238,0.3142633544,2.3139322177,0.7398953375,-0.1103714581,0.4900749638
