Instance,INF_avg,INF_sd,INF_r1,INF_kr,INF_sk,SUP_avg,SUP_sd,SUP_r1,SUP_kr,SUP_sk,INC_avg,INC_sd,INC_r1,INC_kr,INC_sk,IND_avg,IND_sd,IND_r1,IND_kr,IND_sk
133,0.2776000000,0.0432000000,0.2385101050,2.8849430134,0.0418095565,0.2748000000,0.0473387790,0.1871995236,2.7791588942,0.2377315169,0.4476000000,0.0524808537,0.1483052309,4.0747537923,-0.8439984835,0.0624000000,0.0136469777,-0.1771917979,2.4303060899,0.4112537781
