Instance,FV_avg_avg,FV_avg_sd,FV_sd_avg,FV_sd_sd,FV_r1_avg,FV_r1_sd,FV_kr_avg,FV_kr_sd,FV_sk_avg,FV_sk_sd,FD_avg_avg,FD_avg_sd,FD_sd_avg,FD_sd_sd,FD_r1_avg,FD_r1_sd,FD_kr_avg,FD_kr_sd,FD_sk_avg,FD_sk_sd,IN_avg_avg,IN_avg_sd,IN_sd_avg,IN_sd_sd,IN_r1_avg,IN_r1_sd,IN_kr_avg,IN_kr_sd,IN_sk_avg,IN_sk_sd
77,0.4984646171,0.3029228209,0.0003989817,0.0002977614,0.6070948495,0.2256386875,2.2322340400,0.7403158359,-0.0134021051,0.5878459121,0.0000011131,0.0000115363,0.0000192982,0.0000135949,-0.1104314785,0.2970947685,2.3755841704,0.5000614755,-0.0409302746,0.4523397765,0.5006500000,0.0201873104,0.0317476808,0.0079142127,-0.1827820085,0.2867948045,2.3586569840,0.7106537720,0.1653389274,0.5628324527
