Instance,INF_avg,INF_sd,INF_r1,INF_kr,INF_sk,SUP_avg,SUP_sd,SUP_r1,SUP_kr,SUP_sk,INC_avg,INC_sd,INC_r1,INC_kr,INC_sk,IND_avg,IND_sd,IND_r1,IND_kr,IND_sk
41,0.2575000000,0.0228309001,-0.6067653277,2.8017010852,-0.2552390883,0.2685000000,0.0193713706,-0.2665822279,2.3513069901,-0.5049451173,0.4740000000,0.0291376046,-0.2723564481,1.9370075791,0.3718192494,0.0300000000,0.0059160798,0.2307692308,1.9387755102,0.7244179326
