Instance,INF_avg,INF_sd,INF_r1,INF_kr,INF_sk,SUP_avg,SUP_sd,SUP_r1,SUP_kr,SUP_sk,INC_avg,INC_sd,INC_r1,INC_kr,INC_sk,IND_avg,IND_sd,IND_r1,IND_kr,IND_sk
368,0.3280000000,0.0849470423,-0.0658803552,2.7829115884,-0.2252870937,0.2280000000,0.0884081444,0.0052205369,2.7236998562,0.5521057494,0.4440000000,0.0828492607,-0.2708587962,3.1229562978,-0.7055530122,0.2160000000,0.0523832034,-0.0608100199,2.8994339093,0.5857262203
