Instance,FV_avg_avg,FV_avg_sd,FV_sd_avg,FV_sd_sd,FV_r1_avg,FV_r1_sd,FV_kr_avg,FV_kr_sd,FV_sk_avg,FV_sk_sd,FD_avg_avg,FD_avg_sd,FD_sd_avg,FD_sd_sd,FD_r1_avg,FD_r1_sd,FD_kr_avg,FD_kr_sd,FD_sk_avg,FD_sk_sd,IN_avg_avg,IN_avg_sd,IN_sd_avg,IN_sd_sd,IN_r1_avg,IN_r1_sd,IN_kr_avg,IN_kr_sd,IN_sk_avg,IN_sk_sd
489,0.4968042292,0.3026221659,0.0004878122,0.0003754850,0.9320241984,0.0490012935,2.4814169223,0.5939555931,-0.1149868867,0.4159900169,0.0000008373,0.0000102941,0.0000229138,0.0000139484,0.1142571838,0.1225574680,2.8500231083,0.3165714705,0.0193702893,0.1941789596,0.5049900000,0.0300794598,0.0764355266,0.0051513375,0.1133744211,0.1119472825,2.9118569007,0.3746688656,0.0288417697,0.2077830821
