Instance,INF_avg,INF_sd,INF_r1,INF_kr,INF_sk,SUP_avg,SUP_sd,SUP_r1,SUP_kr,SUP_sk,INC_avg,INC_sd,INC_r1,INC_kr,INC_sk,IND_avg,IND_sd,IND_r1,IND_kr,IND_sk
426,0.3000000000,0.1414213562,-0.2222222222,1.7000000000,0.0000000000,0.2600000000,0.0800000000,-0.0563380282,2.0781250000,0.8437500000,0.4400000000,0.1356465997,-0.4823008850,2.9310018904,1.1731251294,0.3600000000,0.0800000000,-0.5131578947,2.0781250000,0.8437500000
