Instance,FV_avg_avg,FV_avg_sd,FV_sd_avg,FV_sd_sd,FV_r1_avg,FV_r1_sd,FV_kr_avg,FV_kr_sd,FV_sk_avg,FV_sk_sd,FD_avg_avg,FD_avg_sd,FD_sd_avg,FD_sd_sd,FD_r1_avg,FD_r1_sd,FD_kr_avg,FD_kr_sd,FD_sk_avg,FD_sk_sd,IN_avg_avg,IN_avg_sd,IN_sd_avg,IN_sd_sd,IN_r1_avg,IN_r1_sd,IN_kr_avg,IN_kr_sd,IN_sk_avg,IN_sk_sd
186,0.4943378133,0.3010471582,0.0007832701,0.0005880199,0.8615179042,0.1107323480,2.2280688216,0.5271731489,0.1849377518,0.3564096887,0.0000016017,0.0000145885,0.0000298750,0.0000191005,-0.0048069217,0.1681647974,2.7240206171,0.4845264571,-0.0449059859,0.3479887539,0.5030000000,0.0253265079,0.0492198135,0.0054752129,-0.0018749462,0.1511733190,2.7867697124,0.6290182911,-0.0596623651,0.3674625821
