Instance,FV_avg_avg,FV_avg_sd,FV_sd_avg,FV_sd_sd,FV_r1_avg,FV_r1_sd,FV_kr_avg,FV_kr_sd,FV_sk_avg,FV_sk_sd,FD_avg_avg,FD_avg_sd,FD_sd_avg,FD_sd_sd,FD_r1_avg,FD_r1_sd,FD_kr_avg,FD_kr_sd,FD_sk_avg,FD_sk_sd,IN_avg_avg,IN_avg_sd,IN_sd_avg,IN_sd_sd,IN_r1_avg,IN_r1_sd,IN_kr_avg,IN_kr_sd,IN_sk_avg,IN_sk_sd
230,0.4963779301,0.3005873284,0.0009716265,0.0007127329,0.4765714616,0.2838037794,2.2207589627,0.5166470500,-0.0544236215,0.4080447394,-0.0000569385,0.0001225062,0.0002672254,0.0001865142,-0.1558085904,0.2765863795,2.4207530978,0.7263039885,0.1284859881,0.5478589883,0.4845000000,0.0581786043,0.1521786562,0.0341563552,-0.1505883913,0.2506185620,2.3840677183,0.5257328257,0.0637801292,0.4301374910
