Instance,INF_avg,INF_sd,INF_r1,INF_kr,INF_sk,SUP_avg,SUP_sd,SUP_r1,SUP_kr,SUP_sk,INC_avg,INC_sd,INC_r1,INC_kr,INC_sk,IND_avg,IND_sd,IND_r1,IND_kr,IND_sk
251,0.2620000000,0.1354843164,0.1235547739,2.3598425104,0.2281734552,0.2980000000,0.1224581561,0.0837748027,2.2730341321,0.1034555704,0.4400000000,0.1385640646,0.1089315526,2.1614583333,-0.0180421959,0.3560000000,0.1219180052,0.1274363789,3.0715539586,0.4233730051
