Instance,INF_avg,INF_sd,INF_r1,INF_kr,INF_sk,SUP_avg,SUP_sd,SUP_r1,SUP_kr,SUP_sk,INC_avg,INC_sd,INC_r1,INC_kr,INC_sk,IND_avg,IND_sd,IND_r1,IND_kr,IND_sk
370,0.2444000000,0.0322589522,-0.0187077345,2.5040982710,-0.0317734107,0.2686000000,0.0271300571,-0.1140598851,3.6806596912,-0.4169446825,0.4870000000,0.0369729631,-0.0873263812,3.1668731394,-0.1528430573,0.0372000000,0.0111427106,-0.0966991017,2.6522874957,0.1444879229
