Instance,FV_avg_avg,FV_avg_sd,FV_sd_avg,FV_sd_sd,FV_r1_avg,FV_r1_sd,FV_kr_avg,FV_kr_sd,FV_sk_avg,FV_sk_sd,FD_avg_avg,FD_avg_sd,FD_sd_avg,FD_sd_sd,FD_r1_avg,FD_r1_sd,FD_kr_avg,FD_kr_sd,FD_sk_avg,FD_sk_sd,IN_avg_avg,IN_avg_sd,IN_sd_avg,IN_sd_sd,IN_r1_avg,IN_r1_sd,IN_kr_avg,IN_kr_sd,IN_sk_avg,IN_sk_sd
31,0.4963913735,0.3020073923,0.0003934296,0.0002834746,0.4554597879,0.2925262220,2.1367695637,0.5173338083,-0.0086855897,0.5038313888,-0.0000101114,0.0000341561,0.0000704502,0.0000437850,-0.1696280286,0.3017143233,2.6030682942,0.7940396439,0.1267306796,0.5357682569,0.4815000000,0.0445280810,0.0985257175,0.0198162305,-0.1417566739,0.2263995500,2.6644293494,0.8799943701,0.1678332214,0.6550411465
