Instance,INF_avg,INF_sd,INF_r1,INF_kr,INF_sk,SUP_avg,SUP_sd,SUP_r1,SUP_kr,SUP_sk,INC_avg,INC_sd,INC_r1,INC_kr,INC_sk,IND_avg,IND_sd,IND_r1,IND_kr,IND_sk
24,0.2800000000,0.1469693846,-0.5384615385,1.1666666667,-0.4082482905,0.2400000000,0.1496662955,-0.3768115942,1.8469387755,-0.3436215967,0.4800000000,0.1720465053,-0.0734463277,1.9945215486,-0.3958703373,0.5000000000,0.1673320053,0.6000000000,1.2755102041,-0.2561204163
