Instance,FV_avg_avg,FV_avg_sd,FV_sd_avg,FV_sd_sd,FV_r1_avg,FV_r1_sd,FV_kr_avg,FV_kr_sd,FV_sk_avg,FV_sk_sd,FD_avg_avg,FD_avg_sd,FD_sd_avg,FD_sd_sd,FD_r1_avg,FD_r1_sd,FD_kr_avg,FD_kr_sd,FD_sk_avg,FD_sk_sd,IN_avg_avg,IN_avg_sd,IN_sd_avg,IN_sd_sd,IN_r1_avg,IN_r1_sd,IN_kr_avg,IN_kr_sd,IN_sk_avg,IN_sk_sd
128,0.4773658731,0.2891336903,0.0112557397,0.0075892223,0.9961124810,0.0013114368,1.8991404912,0.0345071533,0.2860052973,0.0693762536,-0.0000595481,0.0000395532,0.0000400873,0.0000252736,0.5253353719,0.0958810767,2.7384597488,0.2704238359,0.1404807632,0.1624832827,0.3203389913,0.0302054866,0.1355469066,0.0092464230,0.4465344253,0.0977653556,2.7723994294,0.2493569350,0.3134900232,0.1542256301
