Instance,FV_avg_avg,FV_avg_sd,FV_sd_avg,FV_sd_sd,FV_r1_avg,FV_r1_sd,FV_kr_avg,FV_kr_sd,FV_sk_avg,FV_sk_sd,FD_avg_avg,FD_avg_sd,FD_sd_avg,FD_sd_sd,FD_r1_avg,FD_r1_sd,FD_kr_avg,FD_kr_sd,FD_sk_avg,FD_sk_sd,IN_avg_avg,IN_avg_sd,IN_sd_avg,IN_sd_sd,IN_r1_avg,IN_r1_sd,IN_kr_avg,IN_kr_sd,IN_sk_avg,IN_sk_sd
473,0.4888723657,0.2980510758,0.0010028577,0.0006303924,0.8626845986,0.0694214735,2.4953207937,0.6605266794,-0.1943887046,0.4434897459,-0.0000045943,0.0000509197,0.0000452502,0.0000270269,-0.0311670813,0.1741707925,3.0144828334,0.6424865924,-0.1035787068,0.3712843220,0.4932600000,0.0327614469,0.0491374174,0.0044692512,0.0030068449,0.1968429151,2.8523173838,0.4709816229,-0.1016655769,0.3217403551
