Instance,INF_avg,INF_sd,INF_r1,INF_kr,INF_sk,SUP_avg,SUP_sd,SUP_r1,SUP_kr,SUP_sk,INC_avg,INC_sd,INC_r1,INC_kr,INC_sk,IND_avg,IND_sd,IND_r1,IND_kr,IND_sk
134,0.2680000000,0.1333266665,0.0714723153,2.8291157649,0.3963114452,0.2350000000,0.1458595215,-0.1429455667,3.1727614295,0.7712296442,0.4970000000,0.1651998789,-0.1374234237,2.4754527687,-0.2183343845,0.3720000000,0.1183891887,0.0119648750,3.7608642960,0.3732176223
