Instance,FV_avg_avg,FV_avg_sd,FV_sd_avg,FV_sd_sd,FV_r1_avg,FV_r1_sd,FV_kr_avg,FV_kr_sd,FV_sk_avg,FV_sk_sd,FD_avg_avg,FD_avg_sd,FD_sd_avg,FD_sd_sd,FD_r1_avg,FD_r1_sd,FD_kr_avg,FD_kr_sd,FD_sk_avg,FD_sk_sd,IN_avg_avg,IN_avg_sd,IN_sd_avg,IN_sd_sd,IN_r1_avg,IN_r1_sd,IN_kr_avg,IN_kr_sd,IN_sk_avg,IN_sk_sd
127,0.4830008347,0.2919123515,0.0076648762,0.0056877106,0.9911141228,0.0102262710,1.8372461378,0.0559763385,0.1319676388,0.1634956030,-0.0000989847,0.0000743320,0.0001265334,0.0000778966,0.1536597874,0.1536359870,3.0765191358,0.7417085467,-0.1568195366,0.4588758163,0.3957075315,0.0366716775,0.1667738743,0.0140116494,0.0890163618,0.1403700215,2.9945896433,0.4505434723,-0.0063827576,0.3311069414
