Instance,INF_avg,INF_sd,INF_r1,INF_kr,INF_sk,SUP_avg,SUP_sd,SUP_r1,SUP_kr,SUP_sk,INC_avg,INC_sd,INC_r1,INC_kr,INC_sk,IND_avg,IND_sd,IND_r1,IND_kr,IND_sk
342,0.4841666667,0.1311461229,0.6882850477,2.3557587303,0.1953354606,0.1383333333,0.1013108528,0.5095303884,2.4889708325,0.5699487479,0.3775000000,0.0589667986,0.5252532947,3.3592619225,-0.9798752731,0.0975000000,0.0323071200,-0.3715997005,2.2115170856,-0.6273991957
