Instance,FV_avg_avg,FV_avg_sd,FV_sd_avg,FV_sd_sd,FV_r1_avg,FV_r1_sd,FV_kr_avg,FV_kr_sd,FV_sk_avg,FV_sk_sd,FD_avg_avg,FD_avg_sd,FD_sd_avg,FD_sd_sd,FD_r1_avg,FD_r1_sd,FD_kr_avg,FD_kr_sd,FD_sk_avg,FD_sk_sd,IN_avg_avg,IN_avg_sd,IN_sd_avg,IN_sd_sd,IN_r1_avg,IN_r1_sd,IN_kr_avg,IN_kr_sd,IN_sk_avg,IN_sk_sd
485,0.4990208177,0.3027441415,0.0013733878,0.0009720631,0.9355819230,0.0347190644,2.2753753731,0.3992929147,0.1043076787,0.3568568345,0.0000024204,0.0000286121,0.0001353694,0.0000796074,-0.0204062321,0.0846771620,2.7078064110,0.3798378302,0.0620836289,0.2323056560,0.5102000000,0.0230512473,0.1561589587,0.0113569193,-0.0250396433,0.1233181635,2.8196576126,0.3152380455,-0.0257291090,0.1959813970
