Instance,FV_avg_avg,FV_avg_sd,FV_sd_avg,FV_sd_sd,FV_r1_avg,FV_r1_sd,FV_kr_avg,FV_kr_sd,FV_sk_avg,FV_sk_sd,FD_avg_avg,FD_avg_sd,FD_sd_avg,FD_sd_sd,FD_r1_avg,FD_r1_sd,FD_kr_avg,FD_kr_sd,FD_sk_avg,FD_sk_sd,IN_avg_avg,IN_avg_sd,IN_sd_avg,IN_sd_sd,IN_r1_avg,IN_r1_sd,IN_kr_avg,IN_kr_sd,IN_sk_avg,IN_sk_sd
327,0.4966233854,0.3017422244,0.0004047644,0.0002788155,0.9350956994,0.0447732451,2.3898324199,0.5416705733,0.1757090965,0.3883820454,-0.0000012510,0.0000048500,0.0000120647,0.0000077242,0.0685138348,0.1068800557,3.0125186103,0.3942011785,0.0496962572,0.1694697653,0.4924700000,0.0204015955,0.0505426670,0.0042086594,0.0700223617,0.0910249804,2.7221932105,0.3588472866,-0.0750228091,0.1841701051
