Instance,INF_avg,INF_sd,INF_r1,INF_kr,INF_sk,SUP_avg,SUP_sd,SUP_r1,SUP_kr,SUP_sk,INC_avg,INC_sd,INC_r1,INC_kr,INC_sk,IND_avg,IND_sd,IND_r1,IND_kr,IND_sk
34,0.2330000000,0.0259615100,-0.1087940054,2.5866521674,0.4893114503,0.3216000000,0.0338147897,-0.4376321950,3.4059182035,0.7132357794,0.4454000000,0.0384686886,-0.1471388396,2.1155472024,-0.0341815794,0.0356000000,0.0116034478,0.3483078421,2.9917487764,0.6800486590
