Instance,INF_avg,INF_sd,INF_r1,INF_kr,INF_sk,SUP_avg,SUP_sd,SUP_r1,SUP_kr,SUP_sk,INC_avg,INC_sd,INC_r1,INC_kr,INC_sk,IND_avg,IND_sd,IND_r1,IND_kr,IND_sk
27,0.2676000000,0.0365272501,0.1573373985,3.1710113211,0.1813922063,0.2700000000,0.0472016949,0.5734489051,2.3211799232,0.6543978873,0.4624000000,0.0386295224,0.0056982988,2.1468150783,-0.2922732714,0.0454000000,0.0142772546,0.4638117925,1.7868214427,-0.0084775477
