Instance,INF_avg,INF_sd,INF_r1,INF_kr,INF_sk,SUP_avg,SUP_sd,SUP_r1,SUP_kr,SUP_sk,INC_avg,INC_sd,INC_r1,INC_kr,INC_sk,IND_avg,IND_sd,IND_r1,IND_kr,IND_sk
136,0.4756666667,0.1207251240,0.7400199272,2.5932093168,-0.3674778170,0.1223333333,0.0746629463,0.7712523878,2.3145957633,0.4062795863,0.4020000000,0.0706823882,0.1427694525,2.3836503951,0.3568552132,0.1036666667,0.0310894766,-0.1865374087,3.0666977735,0.0926884020
