Instance,FV_avg_avg,FV_avg_sd,FV_sd_avg,FV_sd_sd,FV_r1_avg,FV_r1_sd,FV_kr_avg,FV_kr_sd,FV_sk_avg,FV_sk_sd,FD_avg_avg,FD_avg_sd,FD_sd_avg,FD_sd_sd,FD_r1_avg,FD_r1_sd,FD_kr_avg,FD_kr_sd,FD_sk_avg,FD_sk_sd,IN_avg_avg,IN_avg_sd,IN_sd_avg,IN_sd_sd,IN_r1_avg,IN_r1_sd,IN_kr_avg,IN_kr_sd,IN_sk_avg,IN_sk_sd
277,0.4992799077,0.3037222578,0.0009611794,0.0007135053,0.9448324501,0.0311928322,2.6160661409,0.6539055409,-0.0022910492,0.4325970643,0.0000005623,0.0000126282,0.0000636627,0.0000402149,0.0113742024,0.0771246993,2.9769025751,0.3514598621,-0.0003195235,0.2549373636,0.5011750000,0.0215123656,0.1106610930,0.0064195004,0.0080559453,0.0893076679,2.8989401684,0.3075034869,-0.0994404024,0.2079923028
