Instance,INF_avg,INF_sd,INF_r1,INF_kr,INF_sk,SUP_avg,SUP_sd,SUP_r1,SUP_kr,SUP_sk,INC_avg,INC_sd,INC_r1,INC_kr,INC_sk,IND_avg,IND_sd,IND_r1,IND_kr,IND_sk
225,0.2340000000,0.1387227451,-0.0251149417,2.3707551387,0.1190479176,0.2410000000,0.1379093905,-0.0986628383,2.3971504405,0.2446689993,0.5250000000,0.1687453703,-0.0065388952,3.1029521606,-0.0835063394,0.3990000000,0.1315256629,0.0114821021,2.7958185356,0.4139733432
