Instance,FV_avg_avg,FV_avg_sd,FV_sd_avg,FV_sd_sd,FV_r1_avg,FV_r1_sd,FV_kr_avg,FV_kr_sd,FV_sk_avg,FV_sk_sd,FD_avg_avg,FD_avg_sd,FD_sd_avg,FD_sd_sd,FD_r1_avg,FD_r1_sd,FD_kr_avg,FD_kr_sd,FD_sk_avg,FD_sk_sd,IN_avg_avg,IN_avg_sd,IN_sd_avg,IN_sd_sd,IN_r1_avg,IN_r1_sd,IN_kr_avg,IN_kr_sd,IN_sk_avg,IN_sk_sd
347,0.4938894374,0.3013606759,0.0009583077,0.0006402577,0.4659679686,0.3670792413,2.4878681232,1.0426403693,-0.3086256889,0.6665162507,-0.0000414326,0.0001174456,0.0000945578,0.0000607092,-0.0922132137,0.2828591326,2.3510628193,0.7930188084,-0.0015579428,0.5672300913,0.4839000000,0.0422432243,0.0494442833,0.0101273317,-0.0344652976,0.2902418565,2.2860923592,0.6866000100,-0.1724221609,0.4413337648
