Instance,INF_avg,INF_sd,INF_r1,INF_kr,INF_sk,SUP_avg,SUP_sd,SUP_r1,SUP_kr,SUP_sk,INC_avg,INC_sd,INC_r1,INC_kr,INC_sk,IND_avg,IND_sd,IND_r1,IND_kr,IND_sk
289,0.2574000000,0.0358083789,0.2336530067,2.2722414579,-0.1432203245,0.2646000000,0.0494352101,0.3766663981,2.1340366427,0.1865933830,0.4780000000,0.0377888873,-0.1044695593,3.1846856390,0.3670324507,0.0366000000,0.0099719607,0.0276117325,2.0073250104,0.3414562129
