Instance,FV_avg_avg,FV_avg_sd,FV_sd_avg,FV_sd_sd,FV_r1_avg,FV_r1_sd,FV_kr_avg,FV_kr_sd,FV_sk_avg,FV_sk_sd,FD_avg_avg,FD_avg_sd,FD_sd_avg,FD_sd_sd,FD_r1_avg,FD_r1_sd,FD_kr_avg,FD_kr_sd,FD_sk_avg,FD_sk_sd,IN_avg_avg,IN_avg_sd,IN_sd_avg,IN_sd_sd,IN_r1_avg,IN_r1_sd,IN_kr_avg,IN_kr_sd,IN_sk_avg,IN_sk_sd
407,0.4969343519,0.3022220333,0.0008741369,0.0006910911,0.4629756482,0.3540265696,2.2884062333,0.8038274355,0.0248269178,0.5766347850,-0.0000150699,0.0001383687,0.0001869295,0.0001177587,-0.0640266809,0.2521299449,2.6260165194,0.9394697304,0.3285950653,0.5978123451,0.4977500000,0.0544397603,0.1061218620,0.0195422721,-0.0379866439,0.2860856817,2.3776412625,0.6903794544,0.2952844320,0.5233899233
