Instance,FV_avg_avg,FV_avg_sd,FV_sd_avg,FV_sd_sd,FV_r1_avg,FV_r1_sd,FV_kr_avg,FV_kr_sd,FV_sk_avg,FV_sk_sd,FD_avg_avg,FD_avg_sd,FD_sd_avg,FD_sd_sd,FD_r1_avg,FD_r1_sd,FD_kr_avg,FD_kr_sd,FD_sk_avg,FD_sk_sd,IN_avg_avg,IN_avg_sd,IN_sd_avg,IN_sd_sd,IN_r1_avg,IN_r1_sd,IN_kr_avg,IN_kr_sd,IN_sk_avg,IN_sk_sd
503,0.4874737770,0.2968259519,0.0042444258,0.0032902382,0.2869123962,0.4806777649,1.8462334777,0.4369854605,0.0219367955,0.5028909709,-0.0002120705,0.0006052517,0.0005646564,0.0004565466,-0.1998381754,0.3748192441,2.0734949223,0.5252290887,-0.0597614849,0.6491751830,0.4778000000,0.0638181792,0.0702442669,0.0224531281,-0.1495847457,0.3160661059,2.0927501808,0.4173987730,-0.0021435157,0.6050233400
