Instance,FV_avg_avg,FV_avg_sd,FV_sd_avg,FV_sd_sd,FV_r1_avg,FV_r1_sd,FV_kr_avg,FV_kr_sd,FV_sk_avg,FV_sk_sd,FD_avg_avg,FD_avg_sd,FD_sd_avg,FD_sd_sd,FD_r1_avg,FD_r1_sd,FD_kr_avg,FD_kr_sd,FD_sk_avg,FD_sk_sd,IN_avg_avg,IN_avg_sd,IN_sd_avg,IN_sd_sd,IN_r1_avg,IN_r1_sd,IN_kr_avg,IN_kr_sd,IN_sk_avg,IN_sk_sd
502,0.4743124196,0.2886793739,0.0081011433,0.0062946276,0.7440328157,0.1548472658,2.6502575929,0.5097789824,-0.0633588500,0.5211508753,-0.0000719431,0.0007571552,0.0009426146,0.0007011781,0.5306127959,0.1761181893,2.6938905114,0.7184691061,-0.0967362837,0.5251912210,0.4854600000,0.0615363665,0.0836795101,0.0196825706,0.4579723336,0.1879757907,2.5416369232,0.4969910481,-0.0527390086,0.3624980820
