Instance,INF_avg,INF_sd,INF_r1,INF_kr,INF_sk,SUP_avg,SUP_sd,SUP_r1,SUP_kr,SUP_sk,INC_avg,INC_sd,INC_r1,INC_kr,INC_sk,IND_avg,IND_sd,IND_r1,IND_kr,IND_sk
458,0.2900000000,0.1374772708,0.0476190476,2.7025279248,-0.5126388533,0.1800000000,0.1077032961,0.4976076555,1.5184304400,-0.0768394503,0.5300000000,0.1345362405,0.0172126596,5.9038796130,1.9071038758,0.4100000000,0.1445683229,-0.0157440325,5.4453194753,1.8110342327
