Instance,INF_avg,INF_sd,INF_r1,INF_kr,INF_sk,SUP_avg,SUP_sd,SUP_r1,SUP_kr,SUP_sk,INC_avg,INC_sd,INC_r1,INC_kr,INC_sk,IND_avg,IND_sd,IND_r1,IND_kr,IND_sk
40,0.3000000000,0.1095445115,0.0000000000,2.5000000000,-0.9128709292,0.3400000000,0.1280624847,-0.2684729064,3.0975609756,0.0799914390,0.3600000000,0.1685229955,-0.0777385159,1.6518547907,0.1404079708,0.2700000000,0.0781024968,-0.4260249554,1.8642837947,0.5793144076
