Instance,INF_avg,INF_sd,INF_r1,INF_kr,INF_sk,SUP_avg,SUP_sd,SUP_r1,SUP_kr,SUP_sk,INC_avg,INC_sd,INC_r1,INC_kr,INC_sk,IND_avg,IND_sd,IND_r1,IND_kr,IND_sk
109,0.2680000000,0.0988736568,-0.1784307260,2.5243175444,0.6737756054,0.2140000000,0.0842852300,0.1083779048,2.4166286219,0.0565967521,0.5180000000,0.1057166023,-0.2668713151,3.2273936531,-0.2491229821,0.2260000000,0.0601996678,0.1237044615,2.3680028654,0.0217818192
