Instance,INF_avg,INF_sd,INF_r1,INF_kr,INF_sk,SUP_avg,SUP_sd,SUP_r1,SUP_kr,SUP_sk,INC_avg,INC_sd,INC_r1,INC_kr,INC_sk,IND_avg,IND_sd,IND_r1,IND_kr,IND_sk
268,0.2600000000,0.1496662955,-0.0185185185,1.8469387755,0.3436215967,0.2800000000,0.0748331477,-0.3888888889,1.8469387755,0.3436215967,0.4600000000,0.1624807681,0.1666666667,2.2685950413,-0.1790421687,0.3400000000,0.1019803903,-0.1904761905,1.9556213018,0.2715454179
