Instance,FV_avg_avg,FV_avg_sd,FV_sd_avg,FV_sd_sd,FV_r1_avg,FV_r1_sd,FV_kr_avg,FV_kr_sd,FV_sk_avg,FV_sk_sd,FD_avg_avg,FD_avg_sd,FD_sd_avg,FD_sd_sd,FD_r1_avg,FD_r1_sd,FD_kr_avg,FD_kr_sd,FD_sk_avg,FD_sk_sd,IN_avg_avg,IN_avg_sd,IN_sd_avg,IN_sd_sd,IN_r1_avg,IN_r1_sd,IN_kr_avg,IN_kr_sd,IN_sk_avg,IN_sk_sd
461,0.5006536876,0.3041099003,0.0002878799,0.0002252664,0.7389140229,0.1763798644,2.4568213457,0.5025812724,-0.1360454578,0.4346718366,0.0000012750,0.0000107934,0.0000251496,0.0000162843,-0.0020425296,0.1998857830,2.7400524358,0.5444580965,-0.0681926157,0.4319526881,0.5059200000,0.0223719825,0.0716374445,0.0120550630,-0.0138776602,0.2004127694,2.5933147129,0.6079023284,0.0816045987,0.3503190607
