Instance,INF_avg,INF_sd,INF_r1,INF_kr,INF_sk,SUP_avg,SUP_sd,SUP_r1,SUP_kr,SUP_sk,INC_avg,INC_sd,INC_r1,INC_kr,INC_sk,IND_avg,IND_sd,IND_r1,IND_kr,IND_sk
102,0.2538000000,0.0322577123,0.0440074815,3.0964007032,0.4798815223,0.2284000000,0.0285909076,-0.1257155140,3.4427828017,0.5552870134,0.5178000000,0.0328962004,0.1606313304,2.6712070958,0.6679383106,0.0448000000,0.0116172286,-0.0317088014,2.0638508360,-0.2002830391
