Instance,FV_avg_avg,FV_avg_sd,FV_sd_avg,FV_sd_sd,FV_r1_avg,FV_r1_sd,FV_kr_avg,FV_kr_sd,FV_sk_avg,FV_sk_sd,FD_avg_avg,FD_avg_sd,FD_sd_avg,FD_sd_sd,FD_r1_avg,FD_r1_sd,FD_kr_avg,FD_kr_sd,FD_sk_avg,FD_sk_sd,IN_avg_avg,IN_avg_sd,IN_sd_avg,IN_sd_sd,IN_r1_avg,IN_r1_sd,IN_kr_avg,IN_kr_sd,IN_sk_avg,IN_sk_sd
177,0.4964511904,0.3010499411,0.0005394449,0.0003851390,0.8004900841,0.1632805066,2.2260471571,0.5143270871,0.0164388383,0.4046079698,0.0000021850,0.0000226516,0.0000418238,0.0000268683,0.0177228221,0.1756353319,2.5408668776,0.6762445682,0.1557851468,0.3881065054,0.5074800000,0.0280414265,0.0711014343,0.0092473804,-0.0090322813,0.1884040658,2.7026635183,0.6275557271,0.1398539000,0.3972884024
