Instance,FV_avg_avg,FV_avg_sd,FV_sd_avg,FV_sd_sd,FV_r1_avg,FV_r1_sd,FV_kr_avg,FV_kr_sd,FV_sk_avg,FV_sk_sd,FD_avg_avg,FD_avg_sd,FD_sd_avg,FD_sd_sd,FD_r1_avg,FD_r1_sd,FD_kr_avg,FD_kr_sd,FD_sk_avg,FD_sk_sd,IN_avg_avg,IN_avg_sd,IN_sd_avg,IN_sd_sd,IN_r1_avg,IN_r1_sd,IN_kr_avg,IN_kr_sd,IN_sk_avg,IN_sk_sd
322,0.4986339276,0.3032834421,0.0002178649,0.0001919288,0.8255912137,0.1149132111,2.5154677643,1.1664480746,0.0409028497,0.6950210352,0.0000003359,0.0000075827,0.0000164151,0.0000109401,-0.0367621403,0.2441173069,2.6355691603,0.7213605390,0.0364205492,0.4637046329,0.5008000000,0.0231710164,0.0701863178,0.0122124852,-0.0213601709,0.2235147540,2.9706973007,0.8899780891,0.0737003436,0.4730178338
