Instance,INF_avg,INF_sd,INF_r1,INF_kr,INF_sk,SUP_avg,SUP_sd,SUP_r1,SUP_kr,SUP_sk,INC_avg,INC_sd,INC_r1,INC_kr,INC_sk,IND_avg,IND_sd,IND_r1,IND_kr,IND_sk
449,0.2408000000,0.0601278638,0.0972916977,3.1498390487,-0.4888926408,0.2632000000,0.0629107304,0.3816951768,3.2644383683,-0.2362677622,0.4960000000,0.0806969640,0.1053693770,3.4513640288,0.6335468472,0.1100000000,0.0323109888,-0.0518234165,2.8482406306,0.2134429174
