Instance,INF_avg,INF_sd,INF_r1,INF_kr,INF_sk,SUP_avg,SUP_sd,SUP_r1,SUP_kr,SUP_sk,INC_avg,INC_sd,INC_r1,INC_kr,INC_sk,IND_avg,IND_sd,IND_r1,IND_kr,IND_sk
241,0.1960000000,0.0557135531,-0.6141732283,2.6687745775,1.0391889224,0.2920000000,0.0844748483,-0.4750692521,1.4207102496,0.1203956419,0.5120000000,0.0676461381,-0.5205959684,1.9213897990,-0.5222570323,0.0880000000,0.0203960781,-0.4285714286,1.9556213018,0.2715454179
