Instance,INF_avg,INF_sd,INF_r1,INF_kr,INF_sk,SUP_avg,SUP_sd,SUP_r1,SUP_kr,SUP_sk,INC_avg,INC_sd,INC_r1,INC_kr,INC_sk,IND_avg,IND_sd,IND_r1,IND_kr,IND_sk
26,0.2460000000,0.1352183420,0.1786600551,3.1390709437,0.6550381957,0.2710000000,0.1416297991,0.0430317015,2.6824988051,0.1828689729,0.4830000000,0.1612792609,0.2156650852,2.4946839880,0.1052372662,0.3480000000,0.1053375527,-0.1064792070,2.7754465323,0.0783555811
