Instance,FV_avg_avg,FV_avg_sd,FV_sd_avg,FV_sd_sd,FV_r1_avg,FV_r1_sd,FV_kr_avg,FV_kr_sd,FV_sk_avg,FV_sk_sd,FD_avg_avg,FD_avg_sd,FD_sd_avg,FD_sd_sd,FD_r1_avg,FD_r1_sd,FD_kr_avg,FD_kr_sd,FD_sk_avg,FD_sk_sd,IN_avg_avg,IN_avg_sd,IN_sd_avg,IN_sd_sd,IN_r1_avg,IN_r1_sd,IN_kr_avg,IN_kr_sd,IN_sk_avg,IN_sk_sd
59,0.4471193429,0.2718737118,0.0223502805,0.0139173997,0.9784337019,0.0063847420,2.0887213068,0.1077543342,0.5487660704,0.0916788527,-0.0006831653,0.0004133721,0.0003270608,0.0002007008,0.9355508315,0.0149033459,2.1879372396,0.1940853149,0.5332233165,0.1323793249,0.1773922247,0.0189835901,0.1446499621,0.0140730296,0.9104536760,0.0289660716,2.4741533584,0.2166872611,0.7672303955,0.1144399552
