Instance,INF_avg,INF_sd,INF_r1,INF_kr,INF_sk,SUP_avg,SUP_sd,SUP_r1,SUP_kr,SUP_sk,INC_avg,INC_sd,INC_r1,INC_kr,INC_sk,IND_avg,IND_sd,IND_r1,IND_kr,IND_sk
243,0.2560000000,0.1478648031,-0.1007999763,2.7814237741,0.5788062443,0.2380000000,0.1384052022,0.0563987470,2.7464683915,0.3625948050,0.5060000000,0.1684161512,0.0386470599,2.3002766521,-0.0064409222,0.3630000000,0.1171793497,-0.0971897416,2.7372861400,0.3013033674
