Instance,INF_avg,INF_sd,INF_r1,INF_kr,INF_sk,SUP_avg,SUP_sd,SUP_r1,SUP_kr,SUP_sk,INC_avg,INC_sd,INC_r1,INC_kr,INC_sk,IND_avg,IND_sd,IND_r1,IND_kr,IND_sk
41,0.2700000000,0.0342052628,-0.1521739130,2.7849002849,1.1544182476,0.2360000000,0.0297321375,-0.5285782901,1.9959306730,-0.7505932624,0.4940000000,0.0165529454,-0.3112391931,1.7065640151,0.4074516892,0.0310000000,0.0086023253,0.1666666667,2.6519357195,-1.0179522960
