Instance,FV_avg_avg,FV_avg_sd,FV_sd_avg,FV_sd_sd,FV_r1_avg,FV_r1_sd,FV_kr_avg,FV_kr_sd,FV_sk_avg,FV_sk_sd,FD_avg_avg,FD_avg_sd,FD_sd_avg,FD_sd_sd,FD_r1_avg,FD_r1_sd,FD_kr_avg,FD_kr_sd,FD_sk_avg,FD_sk_sd,IN_avg_avg,IN_avg_sd,IN_sd_avg,IN_sd_sd,IN_r1_avg,IN_r1_sd,IN_kr_avg,IN_kr_sd,IN_sk_avg,IN_sk_sd
174,0.4938636988,0.3010020608,0.0002422057,0.0002118834,0.1563112427,0.4565393339,1.7963052964,0.3790412204,0.0486082305,0.5238871878,0.0000064539,0.0000274302,0.0000151585,0.0000100140,-0.1008497333,0.4070691071,2.0412468519,0.4184784091,-0.2356735622,0.6015466047,0.5072500000,0.0389857346,0.0269804216,0.0096621348,-0.0043994247,0.4218236825,1.9474421785,0.4585980084,-0.1070864113,0.5600355163
