Instance,FV_avg_avg,FV_avg_sd,FV_sd_avg,FV_sd_sd,FV_r1_avg,FV_r1_sd,FV_kr_avg,FV_kr_sd,FV_sk_avg,FV_sk_sd,FD_avg_avg,FD_avg_sd,FD_sd_avg,FD_sd_sd,FD_r1_avg,FD_r1_sd,FD_kr_avg,FD_kr_sd,FD_sk_avg,FD_sk_sd,IN_avg_avg,IN_avg_sd,IN_sd_avg,IN_sd_sd,IN_r1_avg,IN_r1_sd,IN_kr_avg,IN_kr_sd,IN_sk_avg,IN_sk_sd
57,0.4893614380,0.2983228231,0.0069303291,0.0042426296,0.9923112297,0.0047334144,1.8565902372,0.0643338957,0.1846979937,0.0856176933,-0.0000586680,0.0000408848,0.0000811392,0.0000481462,0.1655915525,0.1600039721,2.9421307172,0.5250153542,0.0724939697,0.2337376133,0.3987135805,0.0301815957,0.1595381504,0.0094225251,0.1419175052,0.1212769934,2.9719098491,0.4147930645,0.0936342649,0.2540174407
