Instance,INF_avg,INF_sd,INF_r1,INF_kr,INF_sk,SUP_avg,SUP_sd,SUP_r1,SUP_kr,SUP_sk,INC_avg,INC_sd,INC_r1,INC_kr,INC_sk,IND_avg,IND_sd,IND_r1,IND_kr,IND_sk
85,0.2800000000,0.0812403840,0.0950920245,2.2685950413,-0.1790421687,0.2000000000,0.0894427191,-0.6666666667,1.2500000000,-0.0000000000,0.5200000000,0.1568438714,-0.2476979742,1.7813801309,0.0171057167,0.2200000000,0.0678232998,-0.1061946903,2.9310018904,1.1731251294
