Instance,INF_avg,INF_sd,INF_r1,INF_kr,INF_sk,SUP_avg,SUP_sd,SUP_r1,SUP_kr,SUP_sk,INC_avg,INC_sd,INC_r1,INC_kr,INC_sk,IND_avg,IND_sd,IND_r1,IND_kr,IND_sk
6,0.4334591195,0.0936337534,0.7154208831,2.3723867822,0.0651859277,0.1000628931,0.0647442657,0.7960623241,2.8122051580,0.7229151930,0.4664779874,0.0560451117,0.1507452996,2.9429559510,-0.0183663090,0.0712578616,0.0190247154,0.1634226015,2.8735109479,0.2361250029
