Instance,INF_avg,INF_sd,INF_r1,INF_kr,INF_sk,SUP_avg,SUP_sd,SUP_r1,SUP_kr,SUP_sk,INC_avg,INC_sd,INC_r1,INC_kr,INC_sk,IND_avg,IND_sd,IND_r1,IND_kr,IND_sk
429,0.2546000000,0.0478836089,-0.0471584943,2.3997925794,-0.2586635329,0.2832000000,0.0499375610,0.1365958924,2.4748997910,-0.0820097649,0.4622000000,0.0500115987,-0.0127098970,3.0787819017,0.3925403282,0.0682000000,0.0139556440,-0.0257574937,2.1272482606,-0.2510903942
