Instance,INF_avg,INF_sd,INF_r1,INF_kr,INF_sk,SUP_avg,SUP_sd,SUP_r1,SUP_kr,SUP_sk,INC_avg,INC_sd,INC_r1,INC_kr,INC_sk,IND_avg,IND_sd,IND_r1,IND_kr,IND_sk
376,0.2600000000,0.1356465997,0.0575396825,2.7608695652,0.3653996305,0.2330000000,0.1378803829,0.2330815909,2.1903042238,0.0808677114,0.5070000000,0.1662858984,0.1506124119,2.6944760812,0.2542395123,0.3810000000,0.1189075271,0.2382865663,2.7122827976,0.1563030929
