Instance,FV_avg_avg,FV_avg_sd,FV_sd_avg,FV_sd_sd,FV_r1_avg,FV_r1_sd,FV_kr_avg,FV_kr_sd,FV_sk_avg,FV_sk_sd,FD_avg_avg,FD_avg_sd,FD_sd_avg,FD_sd_sd,FD_r1_avg,FD_r1_sd,FD_kr_avg,FD_kr_sd,FD_sk_avg,FD_sk_sd,IN_avg_avg,IN_avg_sd,IN_sd_avg,IN_sd_sd,IN_r1_avg,IN_r1_sd,IN_kr_avg,IN_kr_sd,IN_sk_avg,IN_sk_sd
325,0.4953689111,0.2997703435,0.0007951953,0.0005726213,0.7436060569,0.1439422999,2.3517503549,0.4310116968,0.0967809844,0.3701236235,-0.0000063439,0.0000566770,0.0000440303,0.0000257065,-0.0984950369,0.1947898515,2.7590076492,0.5497333886,0.0338668923,0.3803397112,0.5034000000,0.0295955402,0.0495411423,0.0072262870,-0.1065012095,0.1278519354,2.7670827760,0.6448110609,-0.1344628811,0.4098672101
