Instance,INF_avg,INF_sd,INF_r1,INF_kr,INF_sk,SUP_avg,SUP_sd,SUP_r1,SUP_kr,SUP_sk,INC_avg,INC_sd,INC_r1,INC_kr,INC_sk,IND_avg,IND_sd,IND_r1,IND_kr,IND_sk
125,0.2476000000,0.0641111535,-0.0612868517,2.3109125760,-0.0069539392,0.2712000000,0.0684876631,-0.1066613631,3.0413447897,0.3049140240,0.4812000000,0.0714881808,-0.1093019090,3.2081375163,-0.2829102535,0.1024000000,0.0267252689,-0.0082977800,2.5732599144,-0.0689613548
