Instance,FV_avg_avg,FV_avg_sd,FV_sd_avg,FV_sd_sd,FV_r1_avg,FV_r1_sd,FV_kr_avg,FV_kr_sd,FV_sk_avg,FV_sk_sd,FD_avg_avg,FD_avg_sd,FD_sd_avg,FD_sd_sd,FD_r1_avg,FD_r1_sd,FD_kr_avg,FD_kr_sd,FD_sk_avg,FD_sk_sd,IN_avg_avg,IN_avg_sd,IN_sd_avg,IN_sd_sd,IN_r1_avg,IN_r1_sd,IN_kr_avg,IN_kr_sd,IN_sk_avg,IN_sk_sd
76,0.4686193019,0.2851312208,0.0108381494,0.0069620453,0.9680675720,0.0082024128,2.7042820788,0.2180615399,0.8647833209,0.1098719918,-0.0005803918,0.0003463804,0.0001736580,0.0001104825,0.8240604028,0.0383346509,5.6607687522,1.7820056231,1.5264064728,0.3298630791,0.1339252365,0.0200091407,0.1177172262,0.0147638210,0.8557374841,0.0436289686,5.0560853278,1.5451572061,1.4606684660,0.3378122146
