Instance,FV_avg_avg,FV_avg_sd,FV_sd_avg,FV_sd_sd,FV_r1_avg,FV_r1_sd,FV_kr_avg,FV_kr_sd,FV_sk_avg,FV_sk_sd,FD_avg_avg,FD_avg_sd,FD_sd_avg,FD_sd_sd,FD_r1_avg,FD_r1_sd,FD_kr_avg,FD_kr_sd,FD_sk_avg,FD_sk_sd,IN_avg_avg,IN_avg_sd,IN_sd_avg,IN_sd_sd,IN_r1_avg,IN_r1_sd,IN_kr_avg,IN_kr_sd,IN_sk_avg,IN_sk_sd
196,0.4724086969,0.2866788915,0.0093728965,0.0056995196,0.9664257798,0.0138686949,2.7985667396,0.2706253416,0.9865434850,0.1370451570,-0.0003593264,0.0002197648,0.0001442063,0.0000867883,0.9411326513,0.0185509900,2.8611655987,0.2825772838,0.9778789700,0.1445633949,0.1482656215,0.0164629139,0.1460272183,0.0116762624,0.9457597026,0.0113164971,2.8713497519,0.3539805798,1.0227615547,0.1669022562
