Instance,INF_avg,INF_sd,INF_r1,INF_kr,INF_sk,SUP_avg,SUP_sd,SUP_r1,SUP_kr,SUP_sk,INC_avg,INC_sd,INC_r1,INC_kr,INC_sk,IND_avg,IND_sd,IND_r1,IND_kr,IND_sk
103,0.2800000000,0.1600000000,0.4122516556,2.3344726562,0.7675781250,0.2900000000,0.1577973384,-0.7102532171,2.0466927953,-0.2931929063,0.4300000000,0.1900000000,0.2529852819,2.5440028852,0.2659279778,0.3400000000,0.0916515139,0.2857142857,2.4421768707,0.6858276550
