Instance,INF_avg,INF_sd,INF_r1,INF_kr,INF_sk,SUP_avg,SUP_sd,SUP_r1,SUP_kr,SUP_sk,INC_avg,INC_sd,INC_r1,INC_kr,INC_sk,IND_avg,IND_sd,IND_r1,IND_kr,IND_sk
51,0.2940000000,0.1567290656,-0.0509304834,2.9215423383,0.6292040185,0.2680000000,0.1348183964,0.0195819233,3.0887441728,0.3989717564,0.4380000000,0.1294449690,-0.0567354563,2.5957408942,-0.0668775215,0.3600000000,0.0959166305,0.4595821980,2.9017013233,0.5983457099
