Instance,INF_avg,INF_sd,INF_r1,INF_kr,INF_sk,SUP_avg,SUP_sd,SUP_r1,SUP_kr,SUP_sk,INC_avg,INC_sd,INC_r1,INC_kr,INC_sk,IND_avg,IND_sd,IND_r1,IND_kr,IND_sk
339,0.2000000000,0.0938083152,-0.1363636364,2.3760330579,-0.0000000000,0.2440000000,0.1329059818,0.0337052801,3.2335085854,0.8958604855,0.5560000000,0.1698940847,0.1285940476,1.9348331621,0.0683613600,0.4200000000,0.0979795897,-0.1268781302,3.2500000000,-0.4082482905
