Instance,FV_avg_avg,FV_avg_sd,FV_sd_avg,FV_sd_sd,FV_r1_avg,FV_r1_sd,FV_kr_avg,FV_kr_sd,FV_sk_avg,FV_sk_sd,FD_avg_avg,FD_avg_sd,FD_sd_avg,FD_sd_sd,FD_r1_avg,FD_r1_sd,FD_kr_avg,FD_kr_sd,FD_sk_avg,FD_sk_sd,IN_avg_avg,IN_avg_sd,IN_sd_avg,IN_sd_sd,IN_r1_avg,IN_r1_sd,IN_kr_avg,IN_kr_sd,IN_sk_avg,IN_sk_sd
359,0.4978979814,0.3027782580,0.0015936497,0.0009733099,0.9310855037,0.0419199134,2.6724866034,0.7379396862,-0.1682263236,0.5045682114,-0.0000039524,0.0000449680,0.0000816561,0.0000474075,0.1264610211,0.1503491742,2.7694025177,0.3104718149,0.0078115879,0.1627552533,0.4975200000,0.0345775881,0.0736564130,0.0055653235,0.1028224233,0.1173058343,2.8314951444,0.3643891676,0.0198434777,0.1816212062
