Instance,INF_avg,INF_sd,INF_r1,INF_kr,INF_sk,SUP_avg,SUP_sd,SUP_r1,SUP_kr,SUP_sk,INC_avg,INC_sd,INC_r1,INC_kr,INC_sk,IND_avg,IND_sd,IND_r1,IND_kr,IND_sk
18,0.4453144654,0.1105100888,0.8876050070,2.1111201225,-0.2484234287,0.0839308176,0.0704887805,0.9101237492,3.5576107565,1.1227125018,0.4707547170,0.0552956282,0.6157705545,2.2212022105,-0.2172996774,0.0399371069,0.0113545965,0.0980018601,3.5462493755,0.4344257545
