Instance,INF_avg,INF_sd,INF_r1,INF_kr,INF_sk,SUP_avg,SUP_sd,SUP_r1,SUP_kr,SUP_sk,INC_avg,INC_sd,INC_r1,INC_kr,INC_sk,IND_avg,IND_sd,IND_r1,IND_kr,IND_sk
212,0.4892233010,0.1279273863,0.9143650816,1.8629010689,-0.2141133986,0.0802427184,0.0596037834,0.9101709577,2.7339026312,0.8312379977,0.4305339806,0.0753371471,0.7889885974,2.0868686136,-0.1426345773,0.0440776699,0.0101624564,-0.1626662464,3.3176941135,0.4036870809
