Instance,FV_avg_avg,FV_avg_sd,FV_sd_avg,FV_sd_sd,FV_r1_avg,FV_r1_sd,FV_kr_avg,FV_kr_sd,FV_sk_avg,FV_sk_sd,FD_avg_avg,FD_avg_sd,FD_sd_avg,FD_sd_sd,FD_r1_avg,FD_r1_sd,FD_kr_avg,FD_kr_sd,FD_sk_avg,FD_sk_sd,IN_avg_avg,IN_avg_sd,IN_sd_avg,IN_sd_sd,IN_r1_avg,IN_r1_sd,IN_kr_avg,IN_kr_sd,IN_sk_avg,IN_sk_sd
235,0.4943414224,0.2999228918,0.0014003663,0.0012833235,0.5853555513,0.2755362508,2.2386094554,0.6621473244,0.0869392954,0.4967622292,0.0000224691,0.0001866555,0.0002761409,0.0001749479,-0.0505204587,0.2493723520,2.5125804972,0.6072872556,-0.0227687644,0.5181484422,0.4970000000,0.0652763357,0.1519096372,0.0324570814,0.0076899725,0.3159661408,2.4642743926,0.7858515422,-0.0860103079,0.5162377166
