Instance,FV_avg_avg,FV_avg_sd,FV_sd_avg,FV_sd_sd,FV_r1_avg,FV_r1_sd,FV_kr_avg,FV_kr_sd,FV_sk_avg,FV_sk_sd,FD_avg_avg,FD_avg_sd,FD_sd_avg,FD_sd_sd,FD_r1_avg,FD_r1_sd,FD_kr_avg,FD_kr_sd,FD_sk_avg,FD_sk_sd,IN_avg_avg,IN_avg_sd,IN_sd_avg,IN_sd_sd,IN_r1_avg,IN_r1_sd,IN_kr_avg,IN_kr_sd,IN_sk_avg,IN_sk_sd
138,0.4965385053,0.3017952820,0.0011225249,0.0008919627,0.9549389025,0.0325995209,2.5414628062,0.9957619425,0.0823307859,0.7228999032,-0.0000003610,0.0000136721,0.0000376911,0.0000228697,0.0088328693,0.0837426016,3.0031418476,0.5225557080,0.0032453870,0.2977765877,0.5024700000,0.0187752257,0.0715024052,0.0050394499,-0.0228689574,0.0667451526,2.9071571890,0.4049084150,-0.0312995386,0.1965333104
