Instance,INF_avg,INF_sd,INF_r1,INF_kr,INF_sk,SUP_avg,SUP_sd,SUP_r1,SUP_kr,SUP_sk,INC_avg,INC_sd,INC_r1,INC_kr,INC_sk,IND_avg,IND_sd,IND_r1,IND_kr,IND_sk
428,0.2930000000,0.0563560112,-0.9063903634,1.3883221294,-0.2390457057,0.2780000000,0.0351567917,-0.5079519007,1.3789471204,0.0972067008,0.4290000000,0.0265329983,-1.2792022792,2.3622159091,0.5936004596,0.0390000000,0.0048989795,-0.5126050420,2.7291666667,-0.8675276172
