Instance,FV_avg_avg,FV_avg_sd,FV_sd_avg,FV_sd_sd,FV_r1_avg,FV_r1_sd,FV_kr_avg,FV_kr_sd,FV_sk_avg,FV_sk_sd,FD_avg_avg,FD_avg_sd,FD_sd_avg,FD_sd_sd,FD_r1_avg,FD_r1_sd,FD_kr_avg,FD_kr_sd,FD_sk_avg,FD_sk_sd,IN_avg_avg,IN_avg_sd,IN_sd_avg,IN_sd_sd,IN_r1_avg,IN_r1_sd,IN_kr_avg,IN_kr_sd,IN_sk_avg,IN_sk_sd
50,0.5022145417,0.3044826970,0.0001304584,0.0001024526,0.1469523447,0.5018715601,1.8866395703,0.4503833601,0.1921048959,0.4993298241,-0.0000030546,0.0000238545,0.0000285872,0.0000212235,-0.2842691247,0.3079824264,2.0569385312,0.6029586837,-0.1461924637,0.7139876506,0.4980000000,0.0644670458,0.0894303023,0.0322834481,-0.2166850626,0.2997220333,1.9655451732,0.5788970672,0.1127822689,0.6429830007
