Instance,INF_avg,INF_sd,INF_r1,INF_kr,INF_sk,SUP_avg,SUP_sd,SUP_r1,SUP_kr,SUP_sk,INC_avg,INC_sd,INC_r1,INC_kr,INC_sk,IND_avg,IND_sd,IND_r1,IND_kr,IND_sk
115,0.2740000000,0.0626418391,-0.4060984808,1.3714364984,0.2003526542,0.2260000000,0.0885663593,0.0042259389,3.0024376411,0.6152052192,0.5000000000,0.0572712843,-0.2191780822,2.4598453302,-0.6899128531,0.1080000000,0.0299332591,0.1833030853,4.0950255102,0.9091654747
