Instance,INF_avg,INF_sd,INF_r1,INF_kr,INF_sk,SUP_avg,SUP_sd,SUP_r1,SUP_kr,SUP_sk,INC_avg,INC_sd,INC_r1,INC_kr,INC_sk,IND_avg,IND_sd,IND_r1,IND_kr,IND_sk
39,0.2335000000,0.0296690074,0.3136191788,1.9875534798,0.1187771069,0.2815000000,0.0339153358,-0.4364377226,2.7245854485,0.2219367482,0.4850000000,0.0488876262,0.1559220390,1.9229792896,-0.6547335319,0.0390000000,0.0091651514,-0.7236024845,1.9107142857,0.1987341500
