Instance,FV_avg_avg,FV_avg_sd,FV_sd_avg,FV_sd_sd,FV_r1_avg,FV_r1_sd,FV_kr_avg,FV_kr_sd,FV_sk_avg,FV_sk_sd,FD_avg_avg,FD_avg_sd,FD_sd_avg,FD_sd_sd,FD_r1_avg,FD_r1_sd,FD_kr_avg,FD_kr_sd,FD_sk_avg,FD_sk_sd,IN_avg_avg,IN_avg_sd,IN_sd_avg,IN_sd_sd,IN_r1_avg,IN_r1_sd,IN_kr_avg,IN_kr_sd,IN_sk_avg,IN_sk_sd
57,0.4993472609,0.3035611442,0.0009225355,0.0007086684,0.9482568794,0.0234980483,2.4526986046,0.6272736899,-0.0244474634,0.5465352095,0.0000033888,0.0000105579,0.0000788883,0.0000484515,-0.0297630848,0.1094967356,2.7953723264,0.4022567100,0.0353859916,0.1866897220,0.5009000000,0.0184875634,0.1529338200,0.0117748339,-0.0242800288,0.1158689284,2.6627331471,0.2741686499,-0.0189304792,0.2245673824
