Instance,FV_avg_avg,FV_avg_sd,FV_sd_avg,FV_sd_sd,FV_r1_avg,FV_r1_sd,FV_kr_avg,FV_kr_sd,FV_sk_avg,FV_sk_sd,FD_avg_avg,FD_avg_sd,FD_sd_avg,FD_sd_sd,FD_r1_avg,FD_r1_sd,FD_kr_avg,FD_kr_sd,FD_sk_avg,FD_sk_sd,IN_avg_avg,IN_avg_sd,IN_sd_avg,IN_sd_sd,IN_r1_avg,IN_r1_sd,IN_kr_avg,IN_kr_sd,IN_sk_avg,IN_sk_sd
323,0.5029453756,0.3050689807,0.0006004903,0.0004256854,0.9151267493,0.0707701202,2.2128058959,0.5241773549,-0.0205287320,0.3574544778,-0.0000024896,0.0000136173,0.0000472536,0.0000290571,-0.0439788439,0.1677555333,2.9015519503,0.6063356039,0.0181183999,0.2661968665,0.5015000000,0.0238296034,0.1129883013,0.0094097695,-0.0052933216,0.1390663159,2.8342687924,0.4802694861,0.0245471093,0.2588870068
