Instance,INF_avg,INF_sd,INF_r1,INF_kr,INF_sk,SUP_avg,SUP_sd,SUP_r1,SUP_kr,SUP_sk,INC_avg,INC_sd,INC_r1,INC_kr,INC_sk,IND_avg,IND_sd,IND_r1,IND_kr,IND_sk
9,0.2700000000,0.1552417470,-0.0162432320,3.1586405193,0.3464012398,0.2900000000,0.1920937271,-0.2080908839,5.1851631524,1.6658534601,0.4400000000,0.2107130751,0.3278837421,2.2958363769,-0.2770515231,0.3700000000,0.1004987562,-0.0689310689,1.7544358396,0.0354666721
