Instance,FV_avg_avg,FV_avg_sd,FV_sd_avg,FV_sd_sd,FV_r1_avg,FV_r1_sd,FV_kr_avg,FV_kr_sd,FV_sk_avg,FV_sk_sd,FD_avg_avg,FD_avg_sd,FD_sd_avg,FD_sd_sd,FD_r1_avg,FD_r1_sd,FD_kr_avg,FD_kr_sd,FD_sk_avg,FD_sk_sd,IN_avg_avg,IN_avg_sd,IN_sd_avg,IN_sd_sd,IN_r1_avg,IN_r1_sd,IN_kr_avg,IN_kr_sd,IN_sk_avg,IN_sk_sd
298,0.4958558507,0.3017295828,0.0011815342,0.0010034663,0.5266297262,0.2918150354,2.2778890392,0.8803603922,-0.1922625227,0.5953634681,-0.0000249449,0.0001414322,0.0001052657,0.0000684483,-0.0372840027,0.4290520952,2.3676510156,0.9071101358,-0.2030820089,0.5924908781,0.4900500000,0.0466620563,0.0509932472,0.0144858116,-0.1528886104,0.3581181611,2.2874224794,0.6057543793,-0.0798619405,0.4506790067
