Instance,FV_avg_avg,FV_avg_sd,FV_sd_avg,FV_sd_sd,FV_r1_avg,FV_r1_sd,FV_kr_avg,FV_kr_sd,FV_sk_avg,FV_sk_sd,FD_avg_avg,FD_avg_sd,FD_sd_avg,FD_sd_sd,FD_r1_avg,FD_r1_sd,FD_kr_avg,FD_kr_sd,FD_sk_avg,FD_sk_sd,IN_avg_avg,IN_avg_sd,IN_sd_avg,IN_sd_sd,IN_r1_avg,IN_r1_sd,IN_kr_avg,IN_kr_sd,IN_sk_avg,IN_sk_sd
377,0.4940144210,0.3019671681,0.0007288060,0.0004954448,0.9034525513,0.0683903922,2.4786605480,0.7578288374,-0.1771489275,0.5270114067,-0.0000019022,0.0000221706,0.0000317673,0.0000193861,-0.0292797454,0.1358565912,2.8887497589,0.7872132106,0.0166824755,0.3574056880,0.4985700000,0.0290481170,0.0493608676,0.0031885343,-0.0418938880,0.1292820249,2.9613716658,0.4839748480,0.0241138149,0.3886805370
