Instance,FV_avg_avg,FV_avg_sd,FV_sd_avg,FV_sd_sd,FV_r1_avg,FV_r1_sd,FV_kr_avg,FV_kr_sd,FV_sk_avg,FV_sk_sd,FD_avg_avg,FD_avg_sd,FD_sd_avg,FD_sd_sd,FD_r1_avg,FD_r1_sd,FD_kr_avg,FD_kr_sd,FD_sk_avg,FD_sk_sd,IN_avg_avg,IN_avg_sd,IN_sd_avg,IN_sd_sd,IN_r1_avg,IN_r1_sd,IN_kr_avg,IN_kr_sd,IN_sk_avg,IN_sk_sd
122,0.5017494774,0.3045382807,0.0002650939,0.0002069675,0.1832316507,0.3737699777,2.0085968463,0.5138351662,-0.2040065428,0.5748401377,-0.0000091508,0.0000363339,0.0000782747,0.0000547529,-0.2772197562,0.3737754825,1.9800389489,0.4686630714,-0.0504919172,0.6240764323,0.4980000000,0.0999799980,0.1347030475,0.0474877772,-0.2665472335,0.4288114052,2.0613571585,0.4769569238,-0.0285283962,0.6031920477
