Instance,INF_avg,INF_sd,INF_r1,INF_kr,INF_sk,SUP_avg,SUP_sd,SUP_r1,SUP_kr,SUP_sk,INC_avg,INC_sd,INC_r1,INC_kr,INC_sk,IND_avg,IND_sd,IND_r1,IND_kr,IND_sk
472,0.2460000000,0.0337490741,-0.4233340522,2.2110464565,0.4502318430,0.2770000000,0.0265706605,-0.0246773507,3.7057756663,0.9158859277,0.4770000000,0.0366196668,-0.7040048439,2.2963079741,-0.7693204754,0.0365000000,0.0097596106,0.3410962795,3.8262136524,1.1085378329
