Instance,INF_avg,INF_sd,INF_r1,INF_kr,INF_sk,SUP_avg,SUP_sd,SUP_r1,SUP_kr,SUP_sk,INC_avg,INC_sd,INC_r1,INC_kr,INC_sk,IND_avg,IND_sd,IND_r1,IND_kr,IND_sk
44,0.2360000000,0.1015086203,-0.1710385439,2.9435399869,0.3829188604,0.2360000000,0.1195993311,0.1796415316,2.8133642629,-0.0184059749,0.5280000000,0.1400571312,0.0107498516,1.9656504395,-0.0690466312,0.3640000000,0.0741889480,0.0741850431,2.9998647918,-0.4871282836
