Instance,FV_avg_avg,FV_avg_sd,FV_sd_avg,FV_sd_sd,FV_r1_avg,FV_r1_sd,FV_kr_avg,FV_kr_sd,FV_sk_avg,FV_sk_sd,FD_avg_avg,FD_avg_sd,FD_sd_avg,FD_sd_sd,FD_r1_avg,FD_r1_sd,FD_kr_avg,FD_kr_sd,FD_sk_avg,FD_sk_sd,IN_avg_avg,IN_avg_sd,IN_sd_avg,IN_sd_sd,IN_r1_avg,IN_r1_sd,IN_kr_avg,IN_kr_sd,IN_sk_avg,IN_sk_sd
404,0.4982658444,0.3026365956,0.0005870339,0.0004431117,0.8834722611,0.0630980353,2.2842906775,0.5306856027,0.1436075829,0.3959981507,0.0000023372,0.0000092148,0.0000162927,0.0000105008,-0.0176162348,0.1242976871,2.8555338217,0.6087903833,-0.0346000284,0.3314226291,0.5024000000,0.0143276655,0.0345738107,0.0034072885,0.0072921791,0.1390322024,2.9194454382,0.6463152825,-0.0080442041,0.3197830685
