Instance,INF_avg,INF_sd,INF_r1,INF_kr,INF_sk,SUP_avg,SUP_sd,SUP_r1,SUP_kr,SUP_sk,INC_avg,INC_sd,INC_r1,INC_kr,INC_sk,IND_avg,IND_sd,IND_r1,IND_kr,IND_sk
63,0.2580000000,0.0626418391,0.1452746601,2.7971301830,-0.1144314379,0.2454000000,0.0626645035,0.1622598613,2.9804222506,0.2489814354,0.4966000000,0.0703735746,0.0077606461,2.8763094739,0.1246243519,0.1146000000,0.0343924410,-0.0224709166,2.3349897549,0.1032299426
