Instance,INF_avg,INF_sd,INF_r1,INF_kr,INF_sk,SUP_avg,SUP_sd,SUP_r1,SUP_kr,SUP_sk,INC_avg,INC_sd,INC_r1,INC_kr,INC_sk,IND_avg,IND_sd,IND_r1,IND_kr,IND_sk
125,0.2225000000,0.0455274642,-0.0079908332,2.5432731020,0.0456594747,0.2699000000,0.0460324885,0.1417023276,2.8095148942,-0.0286470549,0.5076000000,0.0525189490,0.0906856219,2.7171841364,0.0265991686,0.0629000000,0.0165102998,-0.1021151776,2.7892364758,0.3719724795
