Instance,INF_avg,INF_sd,INF_r1,INF_kr,INF_sk,SUP_avg,SUP_sd,SUP_r1,SUP_kr,SUP_sk,INC_avg,INC_sd,INC_r1,INC_kr,INC_sk,IND_avg,IND_sd,IND_r1,IND_kr,IND_sk
14,0.3240000000,0.1924162155,-0.3155485362,2.6094334661,0.4660920308,0.2240000000,0.1606984754,0.0117799386,2.4601811289,0.4161202420,0.4520000000,0.2418594633,-0.3334369322,1.9196354184,0.1791101090,0.3400000000,0.1414213562,-0.3844301766,2.4632000000,0.6279108217
