Instance,INF_avg,INF_sd,INF_r1,INF_kr,INF_sk,SUP_avg,SUP_sd,SUP_r1,SUP_kr,SUP_sk,INC_avg,INC_sd,INC_r1,INC_kr,INC_sk,IND_avg,IND_sd,IND_r1,IND_kr,IND_sk
37,0.2333333333,0.1374368542,-0.7368421053,2.6678200692,0.9273420957,0.2666666667,0.1598610508,-0.5405405405,2.1379962193,-0.1813168818,0.5000000000,0.1000000000,0.1666666667,3.0000000000,1.0000000000,0.3166666667,0.0687184271,-0.3663366337,2.1072664360,-0.2282688236
