Instance,FV_avg_avg,FV_avg_sd,FV_sd_avg,FV_sd_sd,FV_r1_avg,FV_r1_sd,FV_kr_avg,FV_kr_sd,FV_sk_avg,FV_sk_sd,FD_avg_avg,FD_avg_sd,FD_sd_avg,FD_sd_sd,FD_r1_avg,FD_r1_sd,FD_kr_avg,FD_kr_sd,FD_sk_avg,FD_sk_sd,IN_avg_avg,IN_avg_sd,IN_sd_avg,IN_sd_sd,IN_r1_avg,IN_r1_sd,IN_kr_avg,IN_kr_sd,IN_sk_avg,IN_sk_sd
118,0.4806980459,0.2927919460,0.0113759820,0.0065348151,0.9919869264,0.0035380463,1.9124025952,0.0738621515,0.2942060134,0.0935756182,-0.0001332505,0.0000797614,0.0000887427,0.0000514702,0.5557614224,0.0974115920,2.7716650515,0.3474265867,0.3058940378,0.1848960505,0.3030562061,0.0386137536,0.1400632074,0.0116955954,0.4801747217,0.1074945723,2.7733266736,0.3828049188,0.3817515362,0.2003665935
