Instance,FV_avg_avg,FV_avg_sd,FV_sd_avg,FV_sd_sd,FV_r1_avg,FV_r1_sd,FV_kr_avg,FV_kr_sd,FV_sk_avg,FV_sk_sd,FD_avg_avg,FD_avg_sd,FD_sd_avg,FD_sd_sd,FD_r1_avg,FD_r1_sd,FD_kr_avg,FD_kr_sd,FD_sk_avg,FD_sk_sd,IN_avg_avg,IN_avg_sd,IN_sd_avg,IN_sd_sd,IN_r1_avg,IN_r1_sd,IN_kr_avg,IN_kr_sd,IN_sk_avg,IN_sk_sd
218,0.4772793181,0.2900285033,0.0123748621,0.0074596932,0.9820542478,0.0073563152,1.9583985667,0.0942262781,0.3721679650,0.1237689287,-0.0003071949,0.0002003332,0.0001843839,0.0001087624,0.6154124021,0.1152432059,2.5313819775,0.3809832610,0.2329509929,0.1994769928,0.2796701110,0.0391126302,0.1445167684,0.0169329970,0.5507429027,0.1152424924,2.6489454324,0.4276008382,0.3823576588,0.3021298609
