Instance,INF_avg,INF_sd,INF_r1,INF_kr,INF_sk,SUP_avg,SUP_sd,SUP_r1,SUP_kr,SUP_sk,INC_avg,INC_sd,INC_r1,INC_kr,INC_sk,IND_avg,IND_sd,IND_r1,IND_kr,IND_sk
403,0.2600000000,0.1428285686,-0.0179640719,2.7093425606,0.3130037835,0.2800000000,0.1833030278,0.2288557214,3.4413265306,0.7832463560,0.4600000000,0.1113552873,-0.4119601329,1.6305931322,-0.0347623165,0.3600000000,0.0916515139,-0.3432835821,2.1020408163,0.0935219530
