Instance,FV_avg_avg,FV_avg_sd,FV_sd_avg,FV_sd_sd,FV_r1_avg,FV_r1_sd,FV_kr_avg,FV_kr_sd,FV_sk_avg,FV_sk_sd,FD_avg_avg,FD_avg_sd,FD_sd_avg,FD_sd_sd,FD_r1_avg,FD_r1_sd,FD_kr_avg,FD_kr_sd,FD_sk_avg,FD_sk_sd,IN_avg_avg,IN_avg_sd,IN_sd_avg,IN_sd_sd,IN_r1_avg,IN_r1_sd,IN_kr_avg,IN_kr_sd,IN_sk_avg,IN_sk_sd
295,0.4555106648,0.3199949272,0.0206000974,0.0171345006,0.9476498920,0.1162679402,2.1117822710,0.2822430929,0.5060903500,0.2678443175,-0.0001068750,0.0000824322,0.0000529992,0.0000392068,0.8862226401,0.2129326597,2.1194519518,0.3148332678,0.5557521540,0.2062632269,0.2141587868,0.1071665167,0.1306980993,0.0398544358,0.8357355059,0.3271647987,2.3003763089,0.3848443881,0.4872685038,0.6035720963
