Instance,INF_avg,INF_sd,INF_r1,INF_kr,INF_sk,SUP_avg,SUP_sd,SUP_r1,SUP_kr,SUP_sk,INC_avg,INC_sd,INC_r1,INC_kr,INC_sk,IND_avg,IND_sd,IND_r1,IND_kr,IND_sk
127,0.3119298246,0.0757521025,0.3241140595,2.5451307123,-0.1011832132,0.1256140351,0.0684417423,0.5900502408,3.2452874669,0.5457432468,0.5624561404,0.0749334372,0.0367153786,3.1224016005,0.6204772101,0.1378947368,0.0383308241,0.1905057987,5.0627102912,0.7181890118
