Instance,FV_avg_avg,FV_avg_sd,FV_sd_avg,FV_sd_sd,FV_r1_avg,FV_r1_sd,FV_kr_avg,FV_kr_sd,FV_sk_avg,FV_sk_sd,FD_avg_avg,FD_avg_sd,FD_sd_avg,FD_sd_sd,FD_r1_avg,FD_r1_sd,FD_kr_avg,FD_kr_sd,FD_sk_avg,FD_sk_sd,IN_avg_avg,IN_avg_sd,IN_sd_avg,IN_sd_sd,IN_r1_avg,IN_r1_sd,IN_kr_avg,IN_kr_sd,IN_sk_avg,IN_sk_sd
263,0.4958081275,0.3015605991,0.0004565656,0.0004060851,0.5738309675,0.3133231297,2.2292584310,0.6143566102,0.0632081681,0.6075524007,0.0000052068,0.0000434215,0.0000358915,0.0000232391,-0.1289072868,0.2899325636,2.5487102983,1.0325266865,-0.2180166586,0.6241531904,0.5049000000,0.0319325852,0.0447560022,0.0092844100,-0.0471209467,0.2808593497,2.3295669683,0.5544272646,0.0045219413,0.4877972620
