Instance,FV_avg_avg,FV_avg_sd,FV_sd_avg,FV_sd_sd,FV_r1_avg,FV_r1_sd,FV_kr_avg,FV_kr_sd,FV_sk_avg,FV_sk_sd,FD_avg_avg,FD_avg_sd,FD_sd_avg,FD_sd_sd,FD_r1_avg,FD_r1_sd,FD_kr_avg,FD_kr_sd,FD_sk_avg,FD_sk_sd,IN_avg_avg,IN_avg_sd,IN_sd_avg,IN_sd_sd,IN_r1_avg,IN_r1_sd,IN_kr_avg,IN_kr_sd,IN_sk_avg,IN_sk_sd
363,0.4857398295,0.2953252569,0.0030118502,0.0022982586,0.9029573501,0.0687453966,2.5282888489,0.6025793125,-0.1625511227,0.5819807216,-0.0000018429,0.0000890314,0.0002708769,0.0001676188,0.1800698985,0.1890813777,2.6834734492,0.3258613148,0.0158254216,0.3164382241,0.4979500000,0.0352894814,0.1206354934,0.0089458218,0.1954864583,0.1323526706,2.7817178689,0.4780173619,-0.0316819041,0.2817078348
