Instance,FV_avg_avg,FV_avg_sd,FV_sd_avg,FV_sd_sd,FV_r1_avg,FV_r1_sd,FV_kr_avg,FV_kr_sd,FV_sk_avg,FV_sk_sd,FD_avg_avg,FD_avg_sd,FD_sd_avg,FD_sd_sd,FD_r1_avg,FD_r1_sd,FD_kr_avg,FD_kr_sd,FD_sk_avg,FD_sk_sd,IN_avg_avg,IN_avg_sd,IN_sd_avg,IN_sd_sd,IN_r1_avg,IN_r1_sd,IN_kr_avg,IN_kr_sd,IN_sk_avg,IN_sk_sd
443,0.4995372865,0.3034034629,0.0002901945,0.0001980675,0.4325686745,0.4233804008,2.1792583250,0.7453546856,0.0426384615,0.5256550521,-0.0000110436,0.0000182227,0.0000300129,0.0000208449,-0.0608694548,0.2451786612,2.4362913148,0.7486336105,0.1674971072,0.3205528374,0.4888500000,0.0232040406,0.0492601990,0.0138268866,-0.0938008858,0.1963462734,2.3623472794,0.6919777381,0.1472029767,0.4935533008
