Instance,INF_avg,INF_sd,INF_r1,INF_kr,INF_sk,SUP_avg,SUP_sd,SUP_r1,SUP_kr,SUP_sk,INC_avg,INC_sd,INC_r1,INC_kr,INC_sk,IND_avg,IND_sd,IND_r1,IND_kr,IND_sk
438,0.2588000000,0.0550505223,-0.1934812312,2.9178942346,-0.0007687646,0.2448000000,0.0538976808,0.0378376416,4.0121879745,-0.6602900635,0.4964000000,0.0614087942,-0.0448822624,3.8714633397,-0.5763407146,0.1060000000,0.0323109888,0.1398183371,2.4564671687,0.5037252852
