Instance,FV_avg_avg,FV_avg_sd,FV_sd_avg,FV_sd_sd,FV_r1_avg,FV_r1_sd,FV_kr_avg,FV_kr_sd,FV_sk_avg,FV_sk_sd,FD_avg_avg,FD_avg_sd,FD_sd_avg,FD_sd_sd,FD_r1_avg,FD_r1_sd,FD_kr_avg,FD_kr_sd,FD_sk_avg,FD_sk_sd,IN_avg_avg,IN_avg_sd,IN_sd_avg,IN_sd_sd,IN_r1_avg,IN_r1_sd,IN_kr_avg,IN_kr_sd,IN_sk_avg,IN_sk_sd
31,0.4978398508,0.3023127908,0.0004209567,0.0003355777,0.5476042608,0.3442176375,2.4482005240,0.6898328949,0.1802053708,0.6488752335,-0.0000079427,0.0000221322,0.0000357921,0.0000230888,-0.0726210380,0.2425402759,2.4345842335,0.7215588326,0.0958525771,0.5832836657,0.4914500000,0.0317733772,0.0539573105,0.0116815513,-0.0573164034,0.1878081982,2.3215605713,0.4865535491,-0.0460400284,0.4718437039
