Instance,FV_avg_avg,FV_avg_sd,FV_sd_avg,FV_sd_sd,FV_r1_avg,FV_r1_sd,FV_kr_avg,FV_kr_sd,FV_sk_avg,FV_sk_sd,FD_avg_avg,FD_avg_sd,FD_sd_avg,FD_sd_sd,FD_r1_avg,FD_r1_sd,FD_kr_avg,FD_kr_sd,FD_sk_avg,FD_sk_sd,IN_avg_avg,IN_avg_sd,IN_sd_avg,IN_sd_sd,IN_r1_avg,IN_r1_sd,IN_kr_avg,IN_kr_sd,IN_sk_avg,IN_sk_sd
458,0.5038756008,0.3060045075,0.0002543218,0.0001568421,0.5576368910,0.2750381148,2.2229612579,0.6637160872,-0.0953536716,0.4342486369,-0.0000004509,0.0000244403,0.0000226488,0.0000155853,-0.0777537343,0.2808099503,2.8225553898,1.1295455221,-0.0351239571,0.7741467822,0.5049500000,0.0372390588,0.0485800275,0.0116718007,-0.0791389166,0.3346244149,2.6174398867,0.7338333042,0.1273283220,0.6427191216
