Instance,INF_avg,INF_sd,INF_r1,INF_kr,INF_sk,SUP_avg,SUP_sd,SUP_r1,SUP_kr,SUP_sk,INC_avg,INC_sd,INC_r1,INC_kr,INC_sk,IND_avg,IND_sd,IND_r1,IND_kr,IND_sk
367,0.4435576923,0.1347802219,0.9566590386,1.7744654965,0.1800922555,0.0966346154,0.0707835348,0.8205961047,3.2433256035,0.8047955897,0.4598076923,0.0799216055,0.8292961905,2.2737081729,-0.1545394967,0.0395192308,0.0099643410,-0.0958627758,2.5272669407,0.3368091992
