Instance,FV_avg_avg,FV_avg_sd,FV_sd_avg,FV_sd_sd,FV_r1_avg,FV_r1_sd,FV_kr_avg,FV_kr_sd,FV_sk_avg,FV_sk_sd,FD_avg_avg,FD_avg_sd,FD_sd_avg,FD_sd_sd,FD_r1_avg,FD_r1_sd,FD_kr_avg,FD_kr_sd,FD_sk_avg,FD_sk_sd,IN_avg_avg,IN_avg_sd,IN_sd_avg,IN_sd_sd,IN_r1_avg,IN_r1_sd,IN_kr_avg,IN_kr_sd,IN_sk_avg,IN_sk_sd
191,0.4980093009,0.3032401624,0.0001437719,0.0001139303,0.1375837057,0.3631481738,1.8997319184,0.5526772047,-0.0336302076,0.5406480831,0.0000013835,0.0000087424,0.0000099069,0.0000063972,-0.1767826271,0.3382849818,2.1179605018,0.4999548856,0.0690689059,0.6741776258,0.5041000000,0.0233085821,0.0320275847,0.0129473479,-0.2491988688,0.3496584551,2.1425906654,0.3787522334,-0.2199790364,0.5001385260
