Instance,FV_avg_avg,FV_avg_sd,FV_sd_avg,FV_sd_sd,FV_r1_avg,FV_r1_sd,FV_kr_avg,FV_kr_sd,FV_sk_avg,FV_sk_sd,FD_avg_avg,FD_avg_sd,FD_sd_avg,FD_sd_sd,FD_r1_avg,FD_r1_sd,FD_kr_avg,FD_kr_sd,FD_sk_avg,FD_sk_sd,IN_avg_avg,IN_avg_sd,IN_sd_avg,IN_sd_sd,IN_r1_avg,IN_r1_sd,IN_kr_avg,IN_kr_sd,IN_sk_avg,IN_sk_sd
18,0.4985116523,0.3028609407,0.0002205169,0.0001578041,0.1318888716,0.4242807167,1.8152617236,0.4246789561,-0.0977159551,0.4708435275,-0.0000100888,0.0000298713,0.0000465968,0.0000323562,-0.3340668122,0.3126246124,1.9305004337,0.5306807121,-0.1636563428,0.5607272807,0.4955000000,0.0546328656,0.0998260046,0.0324772045,-0.3114085607,0.4495712739,1.8957161557,0.4983955216,-0.1981022605,0.4865221393
