Instance,FV_avg_avg,FV_avg_sd,FV_sd_avg,FV_sd_sd,FV_r1_avg,FV_r1_sd,FV_kr_avg,FV_kr_sd,FV_sk_avg,FV_sk_sd,FD_avg_avg,FD_avg_sd,FD_sd_avg,FD_sd_sd,FD_r1_avg,FD_r1_sd,FD_kr_avg,FD_kr_sd,FD_sk_avg,FD_sk_sd,IN_avg_avg,IN_avg_sd,IN_sd_avg,IN_sd_sd,IN_r1_avg,IN_r1_sd,IN_kr_avg,IN_kr_sd,IN_sk_avg,IN_sk_sd
336,0.4996001315,0.3033956987,0.0007564617,0.0005736387,0.1787244327,0.3905913853,1.7682461249,0.3865141420,-0.0824961552,0.3911780856,0.0000157996,0.0000998285,0.0000446761,0.0000381792,-0.2266511525,0.3265894247,2.0269001596,0.4806519401,0.1570552802,0.6762289513,0.5063000000,0.0412796560,0.0290764976,0.0098161749,-0.2355689418,0.4772506400,1.9099241312,0.5264322997,0.0511280972,0.5672663997
