Instance,FV_avg_avg,FV_avg_sd,FV_sd_avg,FV_sd_sd,FV_r1_avg,FV_r1_sd,FV_kr_avg,FV_kr_sd,FV_sk_avg,FV_sk_sd,FD_avg_avg,FD_avg_sd,FD_sd_avg,FD_sd_sd,FD_r1_avg,FD_r1_sd,FD_kr_avg,FD_kr_sd,FD_sk_avg,FD_sk_sd,IN_avg_avg,IN_avg_sd,IN_sd_avg,IN_sd_sd,IN_r1_avg,IN_r1_sd,IN_kr_avg,IN_kr_sd,IN_sk_avg,IN_sk_sd
343,0.4962748411,0.3014896767,0.0005839367,0.0005281080,0.5894258994,0.2728180136,2.3282099809,1.0363684819,0.0297629572,0.5918252629,-0.0000044239,0.0000238195,0.0000302022,0.0000204371,-0.0804264573,0.3159672500,2.8368765916,1.2232696926,0.0005921676,0.8444527991,0.4948750000,0.0286469348,0.0323116600,0.0083916107,-0.0854546018,0.2016257768,2.4069218289,0.6285542867,-0.2063325934,0.4695574169
