Instance,FV_avg_avg,FV_avg_sd,FV_sd_avg,FV_sd_sd,FV_r1_avg,FV_r1_sd,FV_kr_avg,FV_kr_sd,FV_sk_avg,FV_sk_sd,FD_avg_avg,FD_avg_sd,FD_sd_avg,FD_sd_sd,FD_r1_avg,FD_r1_sd,FD_kr_avg,FD_kr_sd,FD_sk_avg,FD_sk_sd,IN_avg_avg,IN_avg_sd,IN_sd_avg,IN_sd_sd,IN_r1_avg,IN_r1_sd,IN_kr_avg,IN_kr_sd,IN_sk_avg,IN_sk_sd
193,0.4666960627,0.3025951515,0.0145869411,0.0088914819,0.9918321561,0.0037191300,2.2502814245,0.1965369599,0.6558937159,0.1957920281,-0.0001423781,0.0000900146,0.0000643139,0.0000385689,0.9667382433,0.0163511940,2.2566526169,0.2018616854,0.6273467264,0.2195596027,0.1782625884,0.0664123440,0.1384785426,0.0211748351,0.9539014719,0.0312635962,2.5523742334,0.2851435638,0.8165473716,0.2923405509
