Instance,INF_avg,INF_sd,INF_r1,INF_kr,INF_sk,SUP_avg,SUP_sd,SUP_r1,SUP_kr,SUP_sk,INC_avg,INC_sd,INC_r1,INC_kr,INC_sk,IND_avg,IND_sd,IND_r1,IND_kr,IND_sk
275,0.2896226415,0.1078776782,-0.1476597885,2.4290778685,-0.2158723108,0.2198113208,0.0865151435,0.1487580504,3.1097490531,-0.0761778413,0.4905660377,0.1014315476,-0.2800047970,2.8314135068,-0.0953365889,0.2226415094,0.0710872688,-0.0567792324,2.4547759835,0.2333379563
