Instance,INF_avg,INF_sd,INF_r1,INF_kr,INF_sk,SUP_avg,SUP_sd,SUP_r1,SUP_kr,SUP_sk,INC_avg,INC_sd,INC_r1,INC_kr,INC_sk,IND_avg,IND_sd,IND_r1,IND_kr,IND_sk
37,0.2398000000,0.0486000000,0.1203027475,2.6648419370,0.2693339639,0.2420000000,0.0440000000,0.1770321088,2.3883785261,0.1532682194,0.5182000000,0.0539885173,-0.0645695059,3.4907229649,-0.8283649350,0.0770000000,0.0165227116,0.4117206796,2.6951253874,0.2713547619
