Instance,INF_avg,INF_sd,INF_r1,INF_kr,INF_sk,SUP_avg,SUP_sd,SUP_r1,SUP_kr,SUP_sk,INC_avg,INC_sd,INC_r1,INC_kr,INC_sk,IND_avg,IND_sd,IND_r1,IND_kr,IND_sk
224,0.2650000000,0.0960468636,0.2037936889,2.7048053407,0.2810281244,0.2630000000,0.0963379468,-0.0127296957,2.2999606058,-0.0521813539,0.4720000000,0.1132077736,-0.2193979223,2.1320592939,0.2436440196,0.2300000000,0.0734846923,-0.0248316498,2.9403292181,0.1058421494
