Instance,FV_avg_avg,FV_avg_sd,FV_sd_avg,FV_sd_sd,FV_r1_avg,FV_r1_sd,FV_kr_avg,FV_kr_sd,FV_sk_avg,FV_sk_sd,FD_avg_avg,FD_avg_sd,FD_sd_avg,FD_sd_sd,FD_r1_avg,FD_r1_sd,FD_kr_avg,FD_kr_sd,FD_sk_avg,FD_sk_sd,IN_avg_avg,IN_avg_sd,IN_sd_avg,IN_sd_sd,IN_r1_avg,IN_r1_sd,IN_kr_avg,IN_kr_sd,IN_sk_avg,IN_sk_sd
322,0.4570409488,0.3192660798,0.0193376827,0.0116535400,0.9959142609,0.0022763500,2.0521184395,0.1071869756,0.5023810497,0.1459843449,-0.0001030047,0.0000637540,0.0000437135,0.0000267485,0.9635637644,0.0180209252,2.4554228538,0.2378158304,0.6644145313,0.1833247044,0.1786016684,0.0513583438,0.1331475409,0.0154500967,0.9520802840,0.0256674929,2.7868663260,0.2742409723,0.8633912350,0.2200630240
