Instance,INF_avg,INF_sd,INF_r1,INF_kr,INF_sk,SUP_avg,SUP_sd,SUP_r1,SUP_kr,SUP_sk,INC_avg,INC_sd,INC_r1,INC_kr,INC_sk,IND_avg,IND_sd,IND_r1,IND_kr,IND_sk
186,0.2498000000,0.0326183997,0.1289133081,2.5601744668,-0.0738118475,0.2434000000,0.0356432322,0.2511583855,4.2066863489,0.3107642177,0.5068000000,0.0353943498,0.0619495253,2.3409387759,0.1876217097,0.0408000000,0.0103614671,0.3500259370,2.2551716747,0.0825453196
