Instance,FV_avg_avg,FV_avg_sd,FV_sd_avg,FV_sd_sd,FV_r1_avg,FV_r1_sd,FV_kr_avg,FV_kr_sd,FV_sk_avg,FV_sk_sd,FD_avg_avg,FD_avg_sd,FD_sd_avg,FD_sd_sd,FD_r1_avg,FD_r1_sd,FD_kr_avg,FD_kr_sd,FD_sk_avg,FD_sk_sd,IN_avg_avg,IN_avg_sd,IN_sd_avg,IN_sd_sd,IN_r1_avg,IN_r1_sd,IN_kr_avg,IN_kr_sd,IN_sk_avg,IN_sk_sd
412,0.4963104090,0.3019914476,0.0002087922,0.0001281819,0.4594338157,0.3761074877,2.5015922251,1.0063752689,-0.0957496562,0.6532024366,-0.0000036626,0.0000199539,0.0000665983,0.0000447761,-0.0344233649,0.2595193330,2.6165122191,1.1065150922,0.0329357897,0.6543393085,0.4995000000,0.0512323140,0.1541097636,0.0259842409,-0.1469817882,0.3238682485,2.1243219641,0.4425836336,-0.1292347999,0.4041660499
