Instance,INF_avg,INF_sd,INF_r1,INF_kr,INF_sk,SUP_avg,SUP_sd,SUP_r1,SUP_kr,SUP_sk,INC_avg,INC_sd,INC_r1,INC_kr,INC_sk,IND_avg,IND_sd,IND_r1,IND_kr,IND_sk
418,0.2388000000,0.0361601991,0.1597548807,3.0786465719,0.2477483118,0.2728500000,0.0414442698,0.3805076633,2.5925423145,0.1536455733,0.4883500000,0.0415935993,0.1190778037,3.6531030571,-0.3173809633,0.0366000000,0.0090244113,0.0329722283,3.0292739047,0.0374067251
