Instance,FV_avg_avg,FV_avg_sd,FV_sd_avg,FV_sd_sd,FV_r1_avg,FV_r1_sd,FV_kr_avg,FV_kr_sd,FV_sk_avg,FV_sk_sd,FD_avg_avg,FD_avg_sd,FD_sd_avg,FD_sd_sd,FD_r1_avg,FD_r1_sd,FD_kr_avg,FD_kr_sd,FD_sk_avg,FD_sk_sd,IN_avg_avg,IN_avg_sd,IN_sd_avg,IN_sd_sd,IN_r1_avg,IN_r1_sd,IN_kr_avg,IN_kr_sd,IN_sk_avg,IN_sk_sd
79,0.4940401287,0.2999350954,0.0038846156,0.0022878396,0.8845696026,0.0537728218,2.6677998460,0.6952746131,-0.0378510443,0.6952873596,-0.0000197848,0.0001629753,0.0001420964,0.0000826765,0.3734348988,0.1734645017,2.6117928027,0.5368836760,0.0044113086,0.3662980253,0.4965850000,0.0374031453,0.0449091827,0.0097740886,0.3193396561,0.1772866234,2.6729126078,0.3836027473,-0.0161573342,0.3396724470
