Instance,FV_avg_avg,FV_avg_sd,FV_sd_avg,FV_sd_sd,FV_r1_avg,FV_r1_sd,FV_kr_avg,FV_kr_sd,FV_sk_avg,FV_sk_sd,FD_avg_avg,FD_avg_sd,FD_sd_avg,FD_sd_sd,FD_r1_avg,FD_r1_sd,FD_kr_avg,FD_kr_sd,FD_sk_avg,FD_sk_sd,IN_avg_avg,IN_avg_sd,IN_sd_avg,IN_sd_sd,IN_r1_avg,IN_r1_sd,IN_kr_avg,IN_kr_sd,IN_sk_avg,IN_sk_sd
409,0.4532670778,0.2751167408,0.0213481554,0.0133479338,0.9820723051,0.0074699850,2.0893444682,0.1454995461,0.5443347760,0.0997081988,-0.0005728834,0.0003504109,0.0002690757,0.0001680047,0.9413616603,0.0182991409,2.1548342161,0.1447583948,0.5222214736,0.1041170586,0.1753206857,0.0172498920,0.1448643154,0.0128521515,0.9217151172,0.0152571593,2.4812446882,0.2061952894,0.7929947489,0.1119014239
