Instance,FV_avg_avg,FV_avg_sd,FV_sd_avg,FV_sd_sd,FV_r1_avg,FV_r1_sd,FV_kr_avg,FV_kr_sd,FV_sk_avg,FV_sk_sd,FD_avg_avg,FD_avg_sd,FD_sd_avg,FD_sd_sd,FD_r1_avg,FD_r1_sd,FD_kr_avg,FD_kr_sd,FD_sk_avg,FD_sk_sd,IN_avg_avg,IN_avg_sd,IN_sd_avg,IN_sd_sd,IN_r1_avg,IN_r1_sd,IN_kr_avg,IN_kr_sd,IN_sk_avg,IN_sk_sd
431,0.4833791336,0.2929076001,0.0105752571,0.0071799423,0.9566659511,0.0233773564,1.8809237093,0.1342460937,0.2870105453,0.1570757565,-0.0004659616,0.0003435500,0.0004852712,0.0003292921,0.3648936553,0.1670280425,2.6355353044,0.6671843137,-0.0767952350,0.4365541338,0.3352512729,0.0563555192,0.1734762396,0.0216018494,0.2972492411,0.1520423483,2.4726693168,0.5516952177,0.0865696373,0.4665102510
