Instance,INF_avg,INF_sd,INF_r1,INF_kr,INF_sk,SUP_avg,SUP_sd,SUP_r1,SUP_kr,SUP_sk,INC_avg,INC_sd,INC_r1,INC_kr,INC_sk,IND_avg,IND_sd,IND_r1,IND_kr,IND_sk
356,0.2600000000,0.1496662955,0.1130239521,2.4017857143,0.4152094294,0.2560000000,0.1416474497,-0.0955280495,2.4490701525,0.4692558862,0.4840000000,0.2148115453,0.2168858554,2.5206183237,-0.1796756028,0.3520000000,0.1268700122,-0.2746940734,2.4605270959,-0.2211370955
