Instance,INF_avg,INF_sd,INF_r1,INF_kr,INF_sk,SUP_avg,SUP_sd,SUP_r1,SUP_kr,SUP_sk,INC_avg,INC_sd,INC_r1,INC_kr,INC_sk,IND_avg,IND_sd,IND_r1,IND_kr,IND_sk
359,0.2690000000,0.0979234395,-0.1499713782,2.6030293167,-0.1873634445,0.2850000000,0.0917877988,-0.0472635158,3.4953288309,0.6013095323,0.4460000000,0.0817557337,-0.2561941924,2.9441502363,-0.0086521254,0.2090000000,0.0683300812,-0.0179632907,2.6052734273,0.3313386093
