Instance,FV_avg_avg,FV_avg_sd,FV_sd_avg,FV_sd_sd,FV_r1_avg,FV_r1_sd,FV_kr_avg,FV_kr_sd,FV_sk_avg,FV_sk_sd,FD_avg_avg,FD_avg_sd,FD_sd_avg,FD_sd_sd,FD_r1_avg,FD_r1_sd,FD_kr_avg,FD_kr_sd,FD_sk_avg,FD_sk_sd,IN_avg_avg,IN_avg_sd,IN_sd_avg,IN_sd_sd,IN_r1_avg,IN_r1_sd,IN_kr_avg,IN_kr_sd,IN_sk_avg,IN_sk_sd
244,0.4980998694,0.3026688532,0.0006954889,0.0004807053,0.8301856641,0.1235780864,2.5460910202,0.7879655599,-0.1730359288,0.4339987190,-0.0000005169,0.0000244546,0.0000353286,0.0000228659,0.0459887487,0.0920259551,2.9675906426,0.6455223954,-0.0143089885,0.3756833899,0.5063200000,0.0226104754,0.0497911014,0.0038039745,-0.0187289982,0.1408631598,3.0525380784,0.8171551573,0.0029622784,0.4250372823
