Instance,INF_avg,INF_sd,INF_r1,INF_kr,INF_sk,SUP_avg,SUP_sd,SUP_r1,SUP_kr,SUP_sk,INC_avg,INC_sd,INC_r1,INC_kr,INC_sk,IND_avg,IND_sd,IND_r1,IND_kr,IND_sk
121,0.2414000000,0.0281254333,0.0190073270,2.4015883155,0.0506728978,0.2510000000,0.0311448230,0.0168222109,2.5422818578,-0.1767102111,0.5076000000,0.0367388078,0.0142911378,3.3151731548,0.1487653471,0.0375000000,0.0090415707,-0.0084162204,2.3503913812,0.2283032740
