Instance,INF_avg,INF_sd,INF_r1,INF_kr,INF_sk,SUP_avg,SUP_sd,SUP_r1,SUP_kr,SUP_sk,INC_avg,INC_sd,INC_r1,INC_kr,INC_sk,IND_avg,IND_sd,IND_r1,IND_kr,IND_sk
120,0.3600000000,0.0800000000,-0.3380281690,2.0781250000,0.8437500000,0.2600000000,0.0489897949,-0.5384615385,1.1666666667,-0.4082482905,0.3800000000,0.0400000000,-0.0526315789,3.2500000000,-1.5000000000,0.3400000000,0.0800000000,-0.3157894737,3.2500000000,1.5000000000
