Instance,FV_avg_avg,FV_avg_sd,FV_sd_avg,FV_sd_sd,FV_r1_avg,FV_r1_sd,FV_kr_avg,FV_kr_sd,FV_sk_avg,FV_sk_sd,FD_avg_avg,FD_avg_sd,FD_sd_avg,FD_sd_sd,FD_r1_avg,FD_r1_sd,FD_kr_avg,FD_kr_sd,FD_sk_avg,FD_sk_sd,IN_avg_avg,IN_avg_sd,IN_sd_avg,IN_sd_sd,IN_r1_avg,IN_r1_sd,IN_kr_avg,IN_kr_sd,IN_sk_avg,IN_sk_sd
186,0.4985573605,0.3031383647,0.0003786748,0.0002263347,0.6426435019,0.2546001520,2.2866774657,0.5564444459,-0.0020700451,0.5560064800,0.0000002194,0.0000250925,0.0000412043,0.0000314597,-0.1621155393,0.3219414796,2.5363782830,0.6562507990,0.1126886332,0.5168281188,0.4935000000,0.0325261433,0.0678467866,0.0157039341,-0.1359783372,0.2968211843,2.3632463187,0.5738370887,0.1726460724,0.5383874405
