Instance,FV_avg_avg,FV_avg_sd,FV_sd_avg,FV_sd_sd,FV_r1_avg,FV_r1_sd,FV_kr_avg,FV_kr_sd,FV_sk_avg,FV_sk_sd,FD_avg_avg,FD_avg_sd,FD_sd_avg,FD_sd_sd,FD_r1_avg,FD_r1_sd,FD_kr_avg,FD_kr_sd,FD_sk_avg,FD_sk_sd,IN_avg_avg,IN_avg_sd,IN_sd_avg,IN_sd_sd,IN_r1_avg,IN_r1_sd,IN_kr_avg,IN_kr_sd,IN_sk_avg,IN_sk_sd
255,0.4480687261,0.2712495652,0.0266580771,0.0158437639,0.9930298031,0.0024110244,2.0518092149,0.0847871975,0.5189701136,0.0709783560,-0.0002626463,0.0001643269,0.0001222352,0.0000728134,0.9456086527,0.0111213138,2.1775244369,0.1609372638,0.5024100600,0.0986039332,0.1923337222,0.0182509643,0.1421878611,0.0081293702,0.9252669562,0.0105912094,2.4346019787,0.1983114929,0.7000202944,0.1255798378
