Instance,INF_avg,INF_sd,INF_r1,INF_kr,INF_sk,SUP_avg,SUP_sd,SUP_r1,SUP_kr,SUP_sk,INC_avg,INC_sd,INC_r1,INC_kr,INC_sk,IND_avg,IND_sd,IND_r1,IND_kr,IND_sk
153,0.2520000000,0.1345213738,-0.0302459180,3.0830888371,0.5243464815,0.1920000000,0.1368795091,-0.1095120732,3.4941173725,0.7526301200,0.5560000000,0.1525254077,-0.0268398985,2.6447943254,0.0214274175,0.3620000000,0.1369525465,-0.3062713875,2.5925801760,0.5189649865
