Instance,FV_avg_avg,FV_avg_sd,FV_sd_avg,FV_sd_sd,FV_r1_avg,FV_r1_sd,FV_kr_avg,FV_kr_sd,FV_sk_avg,FV_sk_sd,FD_avg_avg,FD_avg_sd,FD_sd_avg,FD_sd_sd,FD_r1_avg,FD_r1_sd,FD_kr_avg,FD_kr_sd,FD_sk_avg,FD_sk_sd,IN_avg_avg,IN_avg_sd,IN_sd_avg,IN_sd_sd,IN_r1_avg,IN_r1_sd,IN_kr_avg,IN_kr_sd,IN_sk_avg,IN_sk_sd
323,0.4996846161,0.3038906564,0.0003752709,0.0002664733,0.7590426623,0.1254948723,2.4000579265,0.5033250732,0.0128144113,0.4850723772,0.0000015991,0.0000129611,0.0000474435,0.0000302186,-0.0512517990,0.1930294199,2.8373143218,0.8430887621,-0.2425604706,0.4434849278,0.5014000000,0.0249807926,0.1134101698,0.0152359238,0.0025634615,0.1880872256,2.7212368284,0.7659672489,-0.0979182842,0.4588775216
