Instance,INF_avg,INF_sd,INF_r1,INF_kr,INF_sk,SUP_avg,SUP_sd,SUP_r1,SUP_kr,SUP_sk,INC_avg,INC_sd,INC_r1,INC_kr,INC_sk,IND_avg,IND_sd,IND_r1,IND_kr,IND_sk
369,0.2270000000,0.0303479818,-0.3648865460,2.8665520766,-0.4081860279,0.3080000000,0.0275862284,-0.0380142336,2.1772427524,-0.1381881312,0.4650000000,0.0357071421,-0.6363636364,3.2279123414,-0.4283209669,0.0340000000,0.0080000000,-0.0798122066,2.7739257812,0.1816406250
