Instance,FV_avg_avg,FV_avg_sd,FV_sd_avg,FV_sd_sd,FV_r1_avg,FV_r1_sd,FV_kr_avg,FV_kr_sd,FV_sk_avg,FV_sk_sd,FD_avg_avg,FD_avg_sd,FD_sd_avg,FD_sd_sd,FD_r1_avg,FD_r1_sd,FD_kr_avg,FD_kr_sd,FD_sk_avg,FD_sk_sd,IN_avg_avg,IN_avg_sd,IN_sd_avg,IN_sd_sd,IN_r1_avg,IN_r1_sd,IN_kr_avg,IN_kr_sd,IN_sk_avg,IN_sk_sd
43,0.4952716076,0.3021779091,0.0004381334,0.0003546470,0.8987625223,0.0686939637,2.4573730744,0.6207445360,0.0404028079,0.5816379467,0.0000006756,0.0000081796,0.0000231296,0.0000134764,-0.0162768577,0.1548025860,3.0631538633,0.6300382892,0.1088017393,0.3508151370,0.4980600000,0.0168182163,0.0701679915,0.0057128773,-0.0249451961,0.1512270842,2.9403752179,0.8855167614,0.0935420700,0.3443425791
