Instance,FV_avg_avg,FV_avg_sd,FV_sd_avg,FV_sd_sd,FV_r1_avg,FV_r1_sd,FV_kr_avg,FV_kr_sd,FV_sk_avg,FV_sk_sd,FD_avg_avg,FD_avg_sd,FD_sd_avg,FD_sd_sd,FD_r1_avg,FD_r1_sd,FD_kr_avg,FD_kr_sd,FD_sk_avg,FD_sk_sd,IN_avg_avg,IN_avg_sd,IN_sd_avg,IN_sd_sd,IN_r1_avg,IN_r1_sd,IN_kr_avg,IN_kr_sd,IN_sk_avg,IN_sk_sd
386,0.4973660050,0.3030378722,0.0001789981,0.0001314502,0.4983245085,0.2250672183,2.2184502105,0.5546217414,0.2473558404,0.4632265274,0.0000009936,0.0000104773,0.0000107622,0.0000071408,0.0390666765,0.2348786931,2.4933440131,0.9410916450,-0.0319656133,0.6905914128,0.4987500000,0.0202722100,0.0317637521,0.0075524203,-0.1199334614,0.2983073367,2.3664908678,0.6865794420,-0.1521118054,0.5551586472
