Instance,FV_avg_avg,FV_avg_sd,FV_sd_avg,FV_sd_sd,FV_r1_avg,FV_r1_sd,FV_kr_avg,FV_kr_sd,FV_sk_avg,FV_sk_sd,FD_avg_avg,FD_avg_sd,FD_sd_avg,FD_sd_sd,FD_r1_avg,FD_r1_sd,FD_kr_avg,FD_kr_sd,FD_sk_avg,FD_sk_sd,IN_avg_avg,IN_avg_sd,IN_sd_avg,IN_sd_sd,IN_r1_avg,IN_r1_sd,IN_kr_avg,IN_kr_sd,IN_sk_avg,IN_sk_sd
86,0.4985984088,0.3029430928,0.0001864617,0.0001202371,0.5543193395,0.2667613483,2.4176756425,0.6618404854,-0.0113746733,0.4694758539,-0.0000037070,0.0000203521,0.0000411841,0.0000309189,-0.1812536212,0.1678132844,2.6747677385,1.0433201396,-0.3687828157,0.6415465383,0.5035000000,0.0694460222,0.1327807115,0.0329284473,-0.2169736487,0.1795956226,2.0321565705,0.3034916592,0.0883732215,0.3021809152
