Instance,FV_avg_avg,FV_avg_sd,FV_sd_avg,FV_sd_sd,FV_r1_avg,FV_r1_sd,FV_kr_avg,FV_kr_sd,FV_sk_avg,FV_sk_sd,FD_avg_avg,FD_avg_sd,FD_sd_avg,FD_sd_sd,FD_r1_avg,FD_r1_sd,FD_kr_avg,FD_kr_sd,FD_sk_avg,FD_sk_sd,IN_avg_avg,IN_avg_sd,IN_sd_avg,IN_sd_sd,IN_r1_avg,IN_r1_sd,IN_kr_avg,IN_kr_sd,IN_sk_avg,IN_sk_sd
377,0.4972801825,0.3030756895,0.0004025215,0.0003136871,0.6016908003,0.2837744776,2.1163001025,0.6079821749,-0.0527065072,0.4432617879,-0.0000014447,0.0000255805,0.0000687375,0.0000418639,-0.2224781460,0.2808304556,2.2514242609,0.6028422672,0.1408203968,0.5503832420,0.4952500000,0.0406962836,0.1107002902,0.0245803935,-0.1051166691,0.2312880376,2.2499565613,0.6284939591,-0.0942012821,0.5849626425
