Instance,INF_avg,INF_sd,INF_r1,INF_kr,INF_sk,SUP_avg,SUP_sd,SUP_r1,SUP_kr,SUP_sk,INC_avg,INC_sd,INC_r1,INC_kr,INC_sk,IND_avg,IND_sd,IND_r1,IND_kr,IND_sk
217,0.2280000000,0.0813387976,0.2790268985,2.6388345866,0.0042814338,0.2580000000,0.1110675470,-0.0040994240,2.2714966666,0.1046791746,0.5140000000,0.1228983320,0.1057328486,3.5071436907,0.5806784001,0.2120000000,0.0570613705,-0.0079255686,2.3633737602,-0.1557872658
