Instance,FV_avg_avg,FV_avg_sd,FV_sd_avg,FV_sd_sd,FV_r1_avg,FV_r1_sd,FV_kr_avg,FV_kr_sd,FV_sk_avg,FV_sk_sd,FD_avg_avg,FD_avg_sd,FD_sd_avg,FD_sd_sd,FD_r1_avg,FD_r1_sd,FD_kr_avg,FD_kr_sd,FD_sk_avg,FD_sk_sd,IN_avg_avg,IN_avg_sd,IN_sd_avg,IN_sd_sd,IN_r1_avg,IN_r1_sd,IN_kr_avg,IN_kr_sd,IN_sk_avg,IN_sk_sd
H,0.5006586006,0.3044116224,0.0007351479,0.0006603589,0.1415609505,0.4282056995,1.8905452473,0.4076364993,-0.0638249442,0.5677056323,-0.0000136156,0.0000633280,0.0000504282,0.0000505392,-0.3383298876,0.3875386807,1.8061479205,0.4720260368,0.0786819797,0.5200718996,0.4861000000,0.0293221759,0.0366755515,0.0155853752,-0.2149751473,0.4172815276,2.0533450816,0.5217775559,0.1310719359,0.6714228098
