Instance,FV_avg_avg,FV_avg_sd,FV_sd_avg,FV_sd_sd,FV_r1_avg,FV_r1_sd,FV_kr_avg,FV_kr_sd,FV_sk_avg,FV_sk_sd,FD_avg_avg,FD_avg_sd,FD_sd_avg,FD_sd_sd,FD_r1_avg,FD_r1_sd,FD_kr_avg,FD_kr_sd,FD_sk_avg,FD_sk_sd,IN_avg_avg,IN_avg_sd,IN_sd_avg,IN_sd_sd,IN_r1_avg,IN_r1_sd,IN_kr_avg,IN_kr_sd,IN_sk_avg,IN_sk_sd
381,0.4940675190,0.3003835306,0.0013419817,0.0009724790,0.9247141420,0.0453739442,2.5944256653,0.6480112532,0.1233947228,0.5391804592,0.0000032424,0.0000308322,0.0000465548,0.0000271032,0.0650982334,0.0939808517,2.9381443618,0.4036639174,0.0273012895,0.1774098058,0.5026250000,0.0262908706,0.0518634265,0.0029213856,0.0477118960,0.0995848949,2.9010720608,0.3379225882,0.0193422898,0.1922692500
