Instance,INF_avg,INF_sd,INF_r1,INF_kr,INF_sk,SUP_avg,SUP_sd,SUP_r1,SUP_kr,SUP_sk,INC_avg,INC_sd,INC_r1,INC_kr,INC_sk,IND_avg,IND_sd,IND_r1,IND_kr,IND_sk
299,0.2520000000,0.0297993289,-0.0765778020,2.6374178232,0.3228804806,0.2772000000,0.0306946249,-0.4609504764,2.4990153263,-0.5112132960,0.4708000000,0.0435816475,-0.2680035139,2.9141963721,0.8178700524,0.0342000000,0.0100677704,0.0382934079,3.1930048110,0.7484557077
