Instance,FV_avg_avg,FV_avg_sd,FV_sd_avg,FV_sd_sd,FV_r1_avg,FV_r1_sd,FV_kr_avg,FV_kr_sd,FV_sk_avg,FV_sk_sd,FD_avg_avg,FD_avg_sd,FD_sd_avg,FD_sd_sd,FD_r1_avg,FD_r1_sd,FD_kr_avg,FD_kr_sd,FD_sk_avg,FD_sk_sd,IN_avg_avg,IN_avg_sd,IN_sd_avg,IN_sd_sd,IN_r1_avg,IN_r1_sd,IN_kr_avg,IN_kr_sd,IN_sk_avg,IN_sk_sd
400,0.4980615520,0.3019146394,0.0017120558,0.0014646721,0.9114762827,0.0560505075,2.6371128925,0.8834260998,-0.1504546494,0.3836570350,0.0000009609,0.0000456409,0.0001333131,0.0000839442,0.0583470622,0.1095105122,3.0030847185,0.5116609913,0.0979549889,0.2201335595,0.5022500000,0.0306628847,0.1169507536,0.0072281563,0.0434512396,0.1035971221,2.9696034232,0.4360168092,0.1036142723,0.2097722604
