Instance,INF_avg,INF_sd,INF_r1,INF_kr,INF_sk,SUP_avg,SUP_sd,SUP_r1,SUP_kr,SUP_sk,INC_avg,INC_sd,INC_r1,INC_kr,INC_sk,IND_avg,IND_sd,IND_r1,IND_kr,IND_sk
193,0.2600000000,0.1200000000,-0.0289389068,2.9027777778,-0.9305555556,0.2700000000,0.1004987562,-0.0540915395,2.2249779433,-0.5556445300,0.4700000000,0.0900000000,-0.4107365793,1.5267489712,0.6255144033,0.3000000000,0.1000000000,0.0000000000,2.2000000000,0.6000000000
