Instance,FV_avg_avg,FV_avg_sd,FV_sd_avg,FV_sd_sd,FV_r1_avg,FV_r1_sd,FV_kr_avg,FV_kr_sd,FV_sk_avg,FV_sk_sd,FD_avg_avg,FD_avg_sd,FD_sd_avg,FD_sd_sd,FD_r1_avg,FD_r1_sd,FD_kr_avg,FD_kr_sd,FD_sk_avg,FD_sk_sd,IN_avg_avg,IN_avg_sd,IN_sd_avg,IN_sd_sd,IN_r1_avg,IN_r1_sd,IN_kr_avg,IN_kr_sd,IN_sk_avg,IN_sk_sd
234,0.5014077198,0.3049327729,0.0003451503,0.0002569316,0.7421609229,0.1463596038,2.2897468451,0.5359736953,0.0401770708,0.4584715050,0.0000011818,0.0000077640,0.0000190136,0.0000113279,-0.0184320816,0.2030829808,2.7447433288,0.5797703262,0.0358056577,0.4277797414,0.5035800000,0.0143930400,0.0466240358,0.0060351707,-0.0430978288,0.2044704211,2.8860006940,0.7068102438,-0.1213622476,0.4743409410
