Instance,INF_avg,INF_sd,INF_r1,INF_kr,INF_sk,SUP_avg,SUP_sd,SUP_r1,SUP_kr,SUP_sk,INC_avg,INC_sd,INC_r1,INC_kr,INC_sk,IND_avg,IND_sd,IND_r1,IND_kr,IND_sk
277,0.3692857143,0.0889594037,0.2020400203,2.7426241594,0.1073875026,0.1350000000,0.0661437828,0.2754933304,2.7009632653,0.4779939278,0.4957142857,0.0619578527,-0.0588998267,2.8523114126,-0.1489337362,0.1196428571,0.0289065172,-0.0428970574,2.9013556399,0.3505332399
