Instance,FV_avg_avg,FV_avg_sd,FV_sd_avg,FV_sd_sd,FV_r1_avg,FV_r1_sd,FV_kr_avg,FV_kr_sd,FV_sk_avg,FV_sk_sd,FD_avg_avg,FD_avg_sd,FD_sd_avg,FD_sd_sd,FD_r1_avg,FD_r1_sd,FD_kr_avg,FD_kr_sd,FD_sk_avg,FD_sk_sd,IN_avg_avg,IN_avg_sd,IN_sd_avg,IN_sd_sd,IN_r1_avg,IN_r1_sd,IN_kr_avg,IN_kr_sd,IN_sk_avg,IN_sk_sd
384,0.4963151761,0.3016493258,0.0007166152,0.0004631305,0.9544037647,0.0353324906,2.4678849519,0.5144567054,0.0283637264,0.4622535738,0.0000039008,0.0000121424,0.0000664010,0.0000389334,-0.0220601347,0.0757792557,2.8527067952,0.4954400816,-0.0346967554,0.2580832126,0.5066000000,0.0285629130,0.1588695355,0.0095430957,-0.0186759478,0.0675371359,2.7930960010,0.3116616861,-0.0128318335,0.2206282556
