Instance,FV_avg_avg,FV_avg_sd,FV_sd_avg,FV_sd_sd,FV_r1_avg,FV_r1_sd,FV_kr_avg,FV_kr_sd,FV_sk_avg,FV_sk_sd,FD_avg_avg,FD_avg_sd,FD_sd_avg,FD_sd_sd,FD_r1_avg,FD_r1_sd,FD_kr_avg,FD_kr_sd,FD_sk_avg,FD_sk_sd,IN_avg_avg,IN_avg_sd,IN_sd_avg,IN_sd_sd,IN_r1_avg,IN_r1_sd,IN_kr_avg,IN_kr_sd,IN_sk_avg,IN_sk_sd
49,0.4972752252,0.3033471239,0.0009776048,0.0008004303,0.8581535623,0.1251911237,2.7637256746,0.8768580042,0.1191619610,0.6093171568,-0.0000018776,0.0000274149,0.0000300459,0.0000191461,0.0245309615,0.1427645357,2.7468813578,0.3894956309,0.0137682776,0.2930719801,0.4970900000,0.0219801934,0.0370306052,0.0044763021,0.0393950615,0.1342517149,2.6428203043,0.4283918759,-0.0793285641,0.2644660599
