Instance,INF_avg,INF_sd,INF_r1,INF_kr,INF_sk,SUP_avg,SUP_sd,SUP_r1,SUP_kr,SUP_sk,INC_avg,INC_sd,INC_r1,INC_kr,INC_sk,IND_avg,IND_sd,IND_r1,IND_kr,IND_sk
331,0.2941176471,0.1151499699,0.0426339850,2.3347869796,0.2131022201,0.1747058824,0.0935016607,0.0175517056,2.8930587196,0.6136786320,0.5311764706,0.1059901412,-0.1949028047,2.7241563251,0.0394206390,0.2517647059,0.0648287603,-0.1205037409,2.7930148748,0.4202787786
