Instance,INF_avg,INF_sd,INF_r1,INF_kr,INF_sk,SUP_avg,SUP_sd,SUP_r1,SUP_kr,SUP_sk,INC_avg,INC_sd,INC_r1,INC_kr,INC_sk,IND_avg,IND_sd,IND_r1,IND_kr,IND_sk
431,0.2408000000,0.0509446759,0.0015311328,3.2079603569,0.2466395382,0.3260000000,0.0533291665,0.0126877848,3.1863305382,-0.6388157322,0.4332000000,0.0553331727,0.0674052405,2.8067986483,0.6477177859,0.0696000000,0.0202938414,0.0778464612,2.2654707375,0.1979311423
