Instance,INF_avg,INF_sd,INF_r1,INF_kr,INF_sk,SUP_avg,SUP_sd,SUP_r1,SUP_kr,SUP_sk,INC_avg,INC_sd,INC_r1,INC_kr,INC_sk,IND_avg,IND_sd,IND_r1,IND_kr,IND_sk
310,0.2700000000,0.1565247584,-0.0867112230,2.7947188671,0.4099240654,0.1980000000,0.1122319028,0.0642496884,4.6311986818,0.8032861645,0.5320000000,0.1554863338,-0.1574011330,2.6129307207,-0.3175451073,0.3900000000,0.1024695077,-0.0659702070,2.5499319728,0.3122880233
