Instance,INF_avg,INF_sd,INF_r1,INF_kr,INF_sk,SUP_avg,SUP_sd,SUP_r1,SUP_kr,SUP_sk,INC_avg,INC_sd,INC_r1,INC_kr,INC_sk,IND_avg,IND_sd,IND_r1,IND_kr,IND_sk
284,0.3182000000,0.0666615331,0.3665852845,2.7085024171,-0.1828419009,0.1782000000,0.0424235783,0.3408445563,4.7602044351,0.9538622249,0.5036000000,0.0574372701,0.2795070416,4.8650547051,0.9779186918,0.0504000000,0.0112178429,0.4170552965,2.6274094916,0.4526096992
