Instance,INF_avg,INF_sd,INF_r1,INF_kr,INF_sk,SUP_avg,SUP_sd,SUP_r1,SUP_kr,SUP_sk,INC_avg,INC_sd,INC_r1,INC_kr,INC_sk,IND_avg,IND_sd,IND_r1,IND_kr,IND_sk
314,0.2158000000,0.0460473669,0.1641127854,2.8977912173,0.4052831003,0.2642000000,0.0681495415,0.2772027560,2.8224201815,0.3329646507,0.5200000000,0.0614166101,0.4297082228,3.7268807724,0.0450653733,0.0614000000,0.0217264815,0.1574504710,2.8967490005,0.2295964496
