Instance,INF_avg,INF_sd,INF_r1,INF_kr,INF_sk,SUP_avg,SUP_sd,SUP_r1,SUP_kr,SUP_sk,INC_avg,INC_sd,INC_r1,INC_kr,INC_sk,IND_avg,IND_sd,IND_r1,IND_kr,IND_sk
149,0.2612000000,0.0705872510,-0.0226336403,2.3216697842,0.1550760522,0.2784000000,0.0627171428,0.0562296970,3.0178725108,0.2802037135,0.4604000000,0.0671106549,0.1797439093,2.8525874705,-0.0840502794,0.0948000000,0.0331807173,-0.0781163823,2.5436683169,0.3645045114
