Instance,FV_avg_avg,FV_avg_sd,FV_sd_avg,FV_sd_sd,FV_r1_avg,FV_r1_sd,FV_kr_avg,FV_kr_sd,FV_sk_avg,FV_sk_sd,FD_avg_avg,FD_avg_sd,FD_sd_avg,FD_sd_sd,FD_r1_avg,FD_r1_sd,FD_kr_avg,FD_kr_sd,FD_sk_avg,FD_sk_sd,IN_avg_avg,IN_avg_sd,IN_sd_avg,IN_sd_sd,IN_r1_avg,IN_r1_sd,IN_kr_avg,IN_kr_sd,IN_sk_avg,IN_sk_sd
154,0.4976632917,0.3024322212,0.0004653319,0.0002723060,0.9523805811,0.0208452243,2.1838753150,0.3287259984,0.0761723992,0.3444489522,0.0000022485,0.0000057469,0.0000422802,0.0000258086,-0.0171454734,0.0831799263,2.9626666682,0.4555841140,-0.0039312514,0.2637436746,0.5069000000,0.0167299133,0.1565279660,0.0071760616,-0.0152439564,0.0985246898,2.7996654042,0.2575146200,-0.0102732749,0.1698550912
