Instance,INF_avg,INF_sd,INF_r1,INF_kr,INF_sk,SUP_avg,SUP_sd,SUP_r1,SUP_kr,SUP_sk,INC_avg,INC_sd,INC_r1,INC_kr,INC_sk,IND_avg,IND_sd,IND_r1,IND_kr,IND_sk
147,0.3660000000,0.0700285656,-0.0218739798,2.4550468506,0.1668859871,0.2200000000,0.0589915248,0.0636363636,1.3902100674,0.0759898754,0.4140000000,0.0640624695,0.0210932858,1.4584943515,0.0467380054,0.0520000000,0.0183303028,0.2482100239,2.2295918367,-0.6858276550
