Instance,INF_avg,INF_sd,INF_r1,INF_kr,INF_sk,SUP_avg,SUP_sd,SUP_r1,SUP_kr,SUP_sk,INC_avg,INC_sd,INC_r1,INC_kr,INC_sk,IND_avg,IND_sd,IND_r1,IND_kr,IND_sk
41,0.4751401869,0.1147639958,0.8406906946,1.9624112031,-0.0157376524,0.0807476636,0.0586084893,0.8086522256,2.5627675241,0.7375509230,0.4441121495,0.0719547271,0.5215731293,2.6582456810,-0.1095702810,0.0744859813,0.0188567470,0.0398861433,3.7511283162,0.2513246255
