Instance,FV_avg_avg,FV_avg_sd,FV_sd_avg,FV_sd_sd,FV_r1_avg,FV_r1_sd,FV_kr_avg,FV_kr_sd,FV_sk_avg,FV_sk_sd,FD_avg_avg,FD_avg_sd,FD_sd_avg,FD_sd_sd,FD_r1_avg,FD_r1_sd,FD_kr_avg,FD_kr_sd,FD_sk_avg,FD_sk_sd,IN_avg_avg,IN_avg_sd,IN_sd_avg,IN_sd_sd,IN_r1_avg,IN_r1_sd,IN_kr_avg,IN_kr_sd,IN_sk_avg,IN_sk_sd
286,0.4762210645,0.2897969450,0.0113049854,0.0066811356,0.9913162026,0.0048911142,1.9011995165,0.0697145997,0.2505488332,0.0996006217,-0.0001594239,0.0000920308,0.0001007517,0.0000605605,0.5536294069,0.0883088373,2.6166058649,0.2461232561,0.2307260486,0.2051616126,0.2966436314,0.0291138135,0.1374426368,0.0088656371,0.4640692545,0.1116209570,2.9319482009,0.4063365520,0.4181805426,0.2093747739
