Instance,INF_avg,INF_sd,INF_r1,INF_kr,INF_sk,SUP_avg,SUP_sd,SUP_r1,SUP_kr,SUP_sk,INC_avg,INC_sd,INC_r1,INC_kr,INC_sk,IND_avg,IND_sd,IND_r1,IND_kr,IND_sk
20,0.2250000000,0.1006230590,-0.5652173913,2.1925011431,0.1104231100,0.3350000000,0.1162970335,-0.2175204157,3.5398847209,0.6513374538,0.4400000000,0.1240967365,-0.4252336449,2.0577669084,-0.4772146384,0.2250000000,0.0642261629,0.0175438596,1.3085399449,0.1415452626
