Instance,INF_avg,INF_sd,INF_r1,INF_kr,INF_sk,SUP_avg,SUP_sd,SUP_r1,SUP_kr,SUP_sk,INC_avg,INC_sd,INC_r1,INC_kr,INC_sk,IND_avg,IND_sd,IND_r1,IND_kr,IND_sk
349,0.2409000000,0.0317756196,-0.1658882595,2.6777640626,0.1237584697,0.2529000000,0.0299514607,0.0679868735,2.3631879164,-0.3735350688,0.5062000000,0.0321490280,0.2325417392,2.8754709987,0.2716826098,0.0440000000,0.0100000000,0.0910914928,2.4178000000,0.0510000000
