Instance,INF_avg,INF_sd,INF_r1,INF_kr,INF_sk,SUP_avg,SUP_sd,SUP_r1,SUP_kr,SUP_sk,INC_avg,INC_sd,INC_r1,INC_kr,INC_sk,IND_avg,IND_sd,IND_r1,IND_kr,IND_sk
441,0.2245000000,0.0936736356,-0.0551942699,2.7640722333,0.6132878406,0.2375000000,0.0988369870,0.1778171852,2.4781014413,0.0694254695,0.5380000000,0.1273027887,-0.1035803798,2.8513747222,0.1491195888,0.2460000000,0.0695269732,-0.0029293481,2.4884858305,0.2769230316
