Instance,INF_avg,INF_sd,INF_r1,INF_kr,INF_sk,SUP_avg,SUP_sd,SUP_r1,SUP_kr,SUP_sk,INC_avg,INC_sd,INC_r1,INC_kr,INC_sk,IND_avg,IND_sd,IND_r1,IND_kr,IND_sk
276,0.2620000000,0.0493558507,-0.4144096300,2.1922314705,0.6036387382,0.2080000000,0.0682348884,-0.5864371047,2.0643001382,0.4423773190,0.5300000000,0.0458257569,-0.4641148325,1.9360544218,-0.1246959373,0.1120000000,0.0222710575,0.1463414634,1.6305931322,-0.0347623165
