Instance,FV_avg_avg,FV_avg_sd,FV_sd_avg,FV_sd_sd,FV_r1_avg,FV_r1_sd,FV_kr_avg,FV_kr_sd,FV_sk_avg,FV_sk_sd,FD_avg_avg,FD_avg_sd,FD_sd_avg,FD_sd_sd,FD_r1_avg,FD_r1_sd,FD_kr_avg,FD_kr_sd,FD_sk_avg,FD_sk_sd,IN_avg_avg,IN_avg_sd,IN_sd_avg,IN_sd_sd,IN_r1_avg,IN_r1_sd,IN_kr_avg,IN_kr_sd,IN_sk_avg,IN_sk_sd
93,0.4976545731,0.3026961536,0.0002151404,0.0001603458,0.6125794169,0.2952489102,2.1030016290,0.5351814107,-0.0640834716,0.5348653221,-0.0000017121,0.0000070466,0.0000196590,0.0000123963,-0.1986536530,0.3589209309,2.6631060844,0.6347408630,0.1469962770,0.7043304470,0.4921000000,0.0193543277,0.0643095197,0.0152736924,-0.1836998825,0.3245779664,2.6929114115,1.0563469828,0.4072517733,0.6137446978
