Instance,INF_avg,INF_sd,INF_r1,INF_kr,INF_sk,SUP_avg,SUP_sd,SUP_r1,SUP_kr,SUP_sk,INC_avg,INC_sd,INC_r1,INC_kr,INC_sk,IND_avg,IND_sd,IND_r1,IND_kr,IND_sk
230,0.3060000000,0.0681469001,-0.0930092233,2.7624296973,-0.6515791720,0.2360000000,0.0591945943,0.0250696379,1.7288421843,-0.1749511843,0.4580000000,0.0677938050,-0.5566657902,1.5972545090,0.2092044785,0.1140000000,0.0237486842,-0.4528944381,2.4172325336,0.2365192629
