Instance,INF_avg,INF_sd,INF_r1,INF_kr,INF_sk,SUP_avg,SUP_sd,SUP_r1,SUP_kr,SUP_sk,INC_avg,INC_sd,INC_r1,INC_kr,INC_sk,IND_avg,IND_sd,IND_r1,IND_kr,IND_sk
4,0.2845000000,0.0960976066,-0.1365886161,3.0631237251,-0.0880177603,0.2270000000,0.0952417975,-0.0151964552,2.7604822846,0.4115640912,0.4885000000,0.1191333287,-0.1131517732,2.6457500406,-0.1168534403,0.2220000000,0.0649307323,-0.1023820387,3.4445691663,0.3236407591
