Instance,FV_avg_avg,FV_avg_sd,FV_sd_avg,FV_sd_sd,FV_r1_avg,FV_r1_sd,FV_kr_avg,FV_kr_sd,FV_sk_avg,FV_sk_sd,FD_avg_avg,FD_avg_sd,FD_sd_avg,FD_sd_sd,FD_r1_avg,FD_r1_sd,FD_kr_avg,FD_kr_sd,FD_sk_avg,FD_sk_sd,IN_avg_avg,IN_avg_sd,IN_sd_avg,IN_sd_sd,IN_r1_avg,IN_r1_sd,IN_kr_avg,IN_kr_sd,IN_sk_avg,IN_sk_sd
28,0.4993517220,0.3028160849,0.0002972462,0.0002036558,0.1265299579,0.4139152157,1.7906223532,0.3660097939,-0.0042135975,0.4815022206,0.0000150477,0.0000534705,0.0000536719,0.0000326633,-0.1733893475,0.3836772651,1.9874529304,0.4954709307,-0.0369498573,0.5938700249,0.5038000000,0.0489158461,0.0598906240,0.0152942198,-0.2304376004,0.4178709292,1.8857527983,0.4126591503,0.0422217418,0.4649236865
