Instance,FV_avg_avg,FV_avg_sd,FV_sd_avg,FV_sd_sd,FV_r1_avg,FV_r1_sd,FV_kr_avg,FV_kr_sd,FV_sk_avg,FV_sk_sd,FD_avg_avg,FD_avg_sd,FD_sd_avg,FD_sd_sd,FD_r1_avg,FD_r1_sd,FD_kr_avg,FD_kr_sd,FD_sk_avg,FD_sk_sd,IN_avg_avg,IN_avg_sd,IN_sd_avg,IN_sd_sd,IN_r1_avg,IN_r1_sd,IN_kr_avg,IN_kr_sd,IN_sk_avg,IN_sk_sd
96,0.4906751751,0.2991314243,0.0014205749,0.0009772635,0.9286869853,0.0579307518,2.5349449305,0.7981116932,-0.0060092017,0.4064765472,-0.0000137517,0.0000284881,0.0000675553,0.0000415339,0.2044961441,0.1458737861,2.8098119053,0.2979742213,0.0218528612,0.2399241284,0.4909600000,0.0281642752,0.0766849044,0.0068758594,0.1568309585,0.1369770908,2.9344739297,0.2748925709,0.0351389497,0.2567171707
