Instance,FV_avg_avg,FV_avg_sd,FV_sd_avg,FV_sd_sd,FV_r1_avg,FV_r1_sd,FV_kr_avg,FV_kr_sd,FV_sk_avg,FV_sk_sd,FD_avg_avg,FD_avg_sd,FD_sd_avg,FD_sd_sd,FD_r1_avg,FD_r1_sd,FD_kr_avg,FD_kr_sd,FD_sk_avg,FD_sk_sd,IN_avg_avg,IN_avg_sd,IN_sd_avg,IN_sd_sd,IN_r1_avg,IN_r1_sd,IN_kr_avg,IN_kr_sd,IN_sk_avg,IN_sk_sd
71,0.4887890234,0.2978787697,0.0021765976,0.0020556012,0.9427472758,0.0421945481,2.6026165361,0.7514435178,0.0665844532,0.5172160927,-0.0000005137,0.0000448111,0.0000661303,0.0000433142,0.2137779026,0.1868941874,2.8850603170,0.5399973548,0.0323847539,0.3015104803,0.4976650000,0.0291802720,0.0559838939,0.0082287983,0.1529345374,0.1548837439,2.8753620173,0.4771254153,-0.0828618307,0.2840305111
