Instance,INF_avg,INF_sd,INF_r1,INF_kr,INF_sk,SUP_avg,SUP_sd,SUP_r1,SUP_kr,SUP_sk,INC_avg,INC_sd,INC_r1,INC_kr,INC_sk,IND_avg,IND_sd,IND_r1,IND_kr,IND_sk
24,0.3040000000,0.1509436981,-0.0753335944,2.5763062587,-0.1376731797,0.1960000000,0.1215894732,0.0822113511,2.2004272783,-0.0570367216,0.5000000000,0.1574801575,-0.3103448276,2.2762747138,0.1229033487,0.3760000000,0.1105621997,-0.2287557700,3.2532551191,0.1287091477
