Instance,FV_avg_avg,FV_avg_sd,FV_sd_avg,FV_sd_sd,FV_r1_avg,FV_r1_sd,FV_kr_avg,FV_kr_sd,FV_sk_avg,FV_sk_sd,FD_avg_avg,FD_avg_sd,FD_sd_avg,FD_sd_sd,FD_r1_avg,FD_r1_sd,FD_kr_avg,FD_kr_sd,FD_sk_avg,FD_sk_sd,IN_avg_avg,IN_avg_sd,IN_sd_avg,IN_sd_sd,IN_r1_avg,IN_r1_sd,IN_kr_avg,IN_kr_sd,IN_sk_avg,IN_sk_sd
27,0.4983889260,0.3026607263,0.0005988444,0.0003709005,0.9261897477,0.0309466017,2.3846845015,0.4872042384,-0.0072635538,0.4694289760,0.0000074666,0.0000126487,0.0000229117,0.0000136813,0.4616491499,0.1416836874,2.8192810758,0.4630472744,-0.1031902578,0.2479683507,0.5008800000,0.0393195829,0.0487029526,0.0097912414,0.3576556134,0.1424813575,2.8125232355,0.3269414174,-0.0617906893,0.2630097244
