Instance,FV_avg_avg,FV_avg_sd,FV_sd_avg,FV_sd_sd,FV_r1_avg,FV_r1_sd,FV_kr_avg,FV_kr_sd,FV_sk_avg,FV_sk_sd,FD_avg_avg,FD_avg_sd,FD_sd_avg,FD_sd_sd,FD_r1_avg,FD_r1_sd,FD_kr_avg,FD_kr_sd,FD_sk_avg,FD_sk_sd,IN_avg_avg,IN_avg_sd,IN_sd_avg,IN_sd_sd,IN_r1_avg,IN_r1_sd,IN_kr_avg,IN_kr_sd,IN_sk_avg,IN_sk_sd
439,0.4957856945,0.3014464445,0.0004869089,0.0004258766,0.5009307523,0.3580076769,2.2301231374,0.5696553549,-0.0992302656,0.5278116083,0.0000033876,0.0000162126,0.0000222716,0.0000158294,-0.0357565457,0.3575946895,2.3734656470,0.6868651687,-0.0888752010,0.5182531617,0.4994000000,0.0289670502,0.0321817378,0.0091315801,-0.0210904099,0.3009879832,2.5245008481,0.8285008620,-0.1267035539,0.6560262186
