Instance,INF_avg,INF_sd,INF_r1,INF_kr,INF_sk,SUP_avg,SUP_sd,SUP_r1,SUP_kr,SUP_sk,INC_avg,INC_sd,INC_r1,INC_kr,INC_sk,IND_avg,IND_sd,IND_r1,IND_kr,IND_sk
415,0.2560000000,0.0691664659,0.1441111924,3.4652520665,0.1978649416,0.2280000000,0.0607947366,-0.0350492881,1.6663293417,0.2366917136,0.5160000000,0.0549909083,-0.2971952535,1.9214747627,-0.1662612497,0.1140000000,0.0380000000,-0.3246320467,1.8810245471,0.4338824902
