Instance,INF_avg,INF_sd,INF_r1,INF_kr,INF_sk,SUP_avg,SUP_sd,SUP_r1,SUP_kr,SUP_sk,INC_avg,INC_sd,INC_r1,INC_kr,INC_sk,IND_avg,IND_sd,IND_r1,IND_kr,IND_sk
399,0.2790000000,0.0532353266,0.2385973516,1.4536015188,0.5125509100,0.2110000000,0.0316859590,0.3874132568,2.2361272043,-0.8011893897,0.5100000000,0.0370135110,-0.4867924528,2.8377910384,-1.0826585095,0.0220000000,0.0067823300,-0.3053097345,2.3638941399,-0.7500308204
