Instance,INF_avg,INF_sd,INF_r1,INF_kr,INF_sk,SUP_avg,SUP_sd,SUP_r1,SUP_kr,SUP_sk,INC_avg,INC_sd,INC_r1,INC_kr,INC_sk,IND_avg,IND_sd,IND_r1,IND_kr,IND_sk
186,0.2160000000,0.0557135531,0.3349753695,1.3296312042,-0.2931045678,0.2320000000,0.0515363949,-0.0691421255,1.2876324575,-0.3955562318,0.5520000000,0.0515363949,-0.4285714286,2.3327768907,-0.8163607337,0.1320000000,0.0299332591,0.1441441441,2.1339285714,-0.7301958931
