Instance,FV_avg_avg,FV_avg_sd,FV_sd_avg,FV_sd_sd,FV_r1_avg,FV_r1_sd,FV_kr_avg,FV_kr_sd,FV_sk_avg,FV_sk_sd,FD_avg_avg,FD_avg_sd,FD_sd_avg,FD_sd_sd,FD_r1_avg,FD_r1_sd,FD_kr_avg,FD_kr_sd,FD_sk_avg,FD_sk_sd,IN_avg_avg,IN_avg_sd,IN_sd_avg,IN_sd_sd,IN_r1_avg,IN_r1_sd,IN_kr_avg,IN_kr_sd,IN_sk_avg,IN_sk_sd
198,0.4962750734,0.3019753012,0.0008668652,0.0005891754,0.9253759419,0.0468843407,2.6065967922,0.9080761133,0.1811441805,0.4966609318,-0.0000080585,0.0000164429,0.0000299510,0.0000183707,0.0179435798,0.1090130708,2.9994090793,0.4477080780,0.0142573457,0.1842517478,0.4881800000,0.0207311987,0.0497362396,0.0038744643,0.0059571560,0.1106285281,2.9911437750,0.2728711183,-0.0356946470,0.2359452653
