Instance,FV_avg_avg,FV_avg_sd,FV_sd_avg,FV_sd_sd,FV_r1_avg,FV_r1_sd,FV_kr_avg,FV_kr_sd,FV_sk_avg,FV_sk_sd,FD_avg_avg,FD_avg_sd,FD_sd_avg,FD_sd_sd,FD_r1_avg,FD_r1_sd,FD_kr_avg,FD_kr_sd,FD_sk_avg,FD_sk_sd,IN_avg_avg,IN_avg_sd,IN_sd_avg,IN_sd_sd,IN_r1_avg,IN_r1_sd,IN_kr_avg,IN_kr_sd,IN_sk_avg,IN_sk_sd
108,0.4870659172,0.2968347911,0.0008766132,0.0005855627,0.4455973700,0.3359631955,2.3749521694,0.8159864666,-0.1111841762,0.5562754159,0.0000214519,0.0001090193,0.0002273967,0.0001500641,-0.1369631734,0.2839951789,2.2767559570,0.6085951016,-0.1271489848,0.4219631194,0.5005000000,0.0680055145,0.1319540756,0.0267043428,-0.1165504358,0.2796918562,2.2697503382,0.7082021378,0.0821018795,0.4463023136
