Instance,FV_avg_avg,FV_avg_sd,FV_sd_avg,FV_sd_sd,FV_r1_avg,FV_r1_sd,FV_kr_avg,FV_kr_sd,FV_sk_avg,FV_sk_sd,FD_avg_avg,FD_avg_sd,FD_sd_avg,FD_sd_sd,FD_r1_avg,FD_r1_sd,FD_kr_avg,FD_kr_sd,FD_sk_avg,FD_sk_sd,IN_avg_avg,IN_avg_sd,IN_sd_avg,IN_sd_sd,IN_r1_avg,IN_r1_sd,IN_kr_avg,IN_kr_sd,IN_sk_avg,IN_sk_sd
445,0.4546287278,0.2924556524,0.0213654156,0.0131412316,0.9923128506,0.0035576769,2.1440671994,0.1318955167,0.5969681936,0.1273289993,-0.0001946551,0.0001170827,0.0000900920,0.0000549705,0.9674646308,0.0100834824,2.1836364452,0.1517901632,0.5837005096,0.1229221446,0.1774760829,0.0240978617,0.1427262714,0.0106140530,0.9586855486,0.0101929988,2.3454203915,0.2089832227,0.7334997818,0.1716799272
