Instance,FV_avg_avg,FV_avg_sd,FV_sd_avg,FV_sd_sd,FV_r1_avg,FV_r1_sd,FV_kr_avg,FV_kr_sd,FV_sk_avg,FV_sk_sd,FD_avg_avg,FD_avg_sd,FD_sd_avg,FD_sd_sd,FD_r1_avg,FD_r1_sd,FD_kr_avg,FD_kr_sd,FD_sk_avg,FD_sk_sd,IN_avg_avg,IN_avg_sd,IN_sd_avg,IN_sd_sd,IN_r1_avg,IN_r1_sd,IN_kr_avg,IN_kr_sd,IN_sk_avg,IN_sk_sd
313,0.5018683556,0.3047836128,0.0005313337,0.0004184960,0.9464766560,0.0486301427,2.2635982535,0.5476851357,0.0854078882,0.4455536115,-0.0000001681,0.0000070222,0.0000178268,0.0000110245,0.0070102081,0.0868628510,2.8287401717,0.3052951695,-0.0344826285,0.1570203480,0.5003000000,0.0182769253,0.0701001048,0.0057130824,0.0225245833,0.0900614495,2.7766702009,0.3438179493,0.0122320400,0.2205804962
