Instance,INF_avg,INF_sd,INF_r1,INF_kr,INF_sk,SUP_avg,SUP_sd,SUP_r1,SUP_kr,SUP_sk,INC_avg,INC_sd,INC_r1,INC_kr,INC_sk,IND_avg,IND_sd,IND_r1,IND_kr,IND_sk
158,0.2400000000,0.0527636238,0.1586608443,2.2988505747,0.1045652474,0.2834000000,0.0637529607,0.0443964578,2.7212436822,-0.1641578352,0.4766000000,0.0748360876,0.1154371313,2.5699629510,0.0289271238,0.1118000000,0.0329963634,0.0592829318,2.3884873948,0.2687496611
