Instance,INF_avg,INF_sd,INF_r1,INF_kr,INF_sk,SUP_avg,SUP_sd,SUP_r1,SUP_kr,SUP_sk,INC_avg,INC_sd,INC_r1,INC_kr,INC_sk,IND_avg,IND_sd,IND_r1,IND_kr,IND_sk
338,0.2128000000,0.0539273585,-0.2963832082,2.0477200239,0.0662471760,0.2384000000,0.0622048230,0.0764899981,2.2930769821,0.2819194837,0.5488000000,0.0744215023,-0.3765740069,3.2636600555,0.2809896369,0.1144000000,0.0262419511,0.0956871232,1.8951610674,0.3134683949
