Instance,FV_avg_avg,FV_avg_sd,FV_sd_avg,FV_sd_sd,FV_r1_avg,FV_r1_sd,FV_kr_avg,FV_kr_sd,FV_sk_avg,FV_sk_sd,FD_avg_avg,FD_avg_sd,FD_sd_avg,FD_sd_sd,FD_r1_avg,FD_r1_sd,FD_kr_avg,FD_kr_sd,FD_sk_avg,FD_sk_sd,IN_avg_avg,IN_avg_sd,IN_sd_avg,IN_sd_sd,IN_r1_avg,IN_r1_sd,IN_kr_avg,IN_kr_sd,IN_sk_avg,IN_sk_sd
364,0.4848963614,0.2944251173,0.0053156470,0.0044884111,0.9281425492,0.2241502699,1.8297484094,0.1072022712,0.1208533554,0.1208888644,-0.0000489014,0.0000324406,0.0000778431,0.0000511407,0.1243669938,0.1736233990,2.6878460434,0.4916895101,-0.1817046388,0.2640161981,0.3961038203,0.0235850561,0.1716221052,0.0314943304,0.0857506583,0.2320591045,2.6818429738,0.5039633980,-0.0815241083,0.3558899403
