Instance,FV_avg_avg,FV_avg_sd,FV_sd_avg,FV_sd_sd,FV_r1_avg,FV_r1_sd,FV_kr_avg,FV_kr_sd,FV_sk_avg,FV_sk_sd,FD_avg_avg,FD_avg_sd,FD_sd_avg,FD_sd_sd,FD_r1_avg,FD_r1_sd,FD_kr_avg,FD_kr_sd,FD_sk_avg,FD_sk_sd,IN_avg_avg,IN_avg_sd,IN_sd_avg,IN_sd_sd,IN_r1_avg,IN_r1_sd,IN_kr_avg,IN_kr_sd,IN_sk_avg,IN_sk_sd
43,0.5036662192,0.3056428712,0.0001024772,0.0000756493,-0.0114234466,0.4946135255,1.8953392753,0.4491594914,0.0334527756,0.4650670821,-0.0000078322,0.0000199527,0.0000334580,0.0000241101,-0.4371502101,0.3465844797,2.1474168441,0.4455514404,0.1670901621,0.6693357994,0.4815000000,0.0546145585,0.0966058354,0.0395892985,-0.3705660958,0.4028787563,1.9026953969,0.5103338744,0.1796030989,0.5089912412
