Instance,INF_avg,INF_sd,INF_r1,INF_kr,INF_sk,SUP_avg,SUP_sd,SUP_r1,SUP_kr,SUP_sk,INC_avg,INC_sd,INC_r1,INC_kr,INC_sk,IND_avg,IND_sd,IND_r1,IND_kr,IND_sk
231,0.2720000000,0.0670969448,0.4924230310,2.4518199227,0.1088487818,0.2517000000,0.0508538101,0.1828428513,2.8858064299,0.3594757130,0.4763000000,0.0603266939,0.3440315667,2.4304152938,-0.1363850669,0.0557000000,0.0171029237,-0.0008381673,2.7591269899,0.4203438067
