Instance,FV_avg_avg,FV_avg_sd,FV_sd_avg,FV_sd_sd,FV_r1_avg,FV_r1_sd,FV_kr_avg,FV_kr_sd,FV_sk_avg,FV_sk_sd,FD_avg_avg,FD_avg_sd,FD_sd_avg,FD_sd_sd,FD_r1_avg,FD_r1_sd,FD_kr_avg,FD_kr_sd,FD_sk_avg,FD_sk_sd,IN_avg_avg,IN_avg_sd,IN_sd_avg,IN_sd_sd,IN_r1_avg,IN_r1_sd,IN_kr_avg,IN_kr_sd,IN_sk_avg,IN_sk_sd
111,0.4973741192,0.3025650418,0.0002543467,0.0001660592,0.1027723923,0.4653520631,2.0005934180,0.4636710862,-0.0427959454,0.6114957006,-0.0000051987,0.0000469566,0.0000459563,0.0000340604,-0.4393351633,0.4079449611,1.9594661056,0.5274889934,0.0322807350,0.6151287862,0.4972000000,0.0430274331,0.0584222675,0.0178784413,-0.3779460315,0.4780700903,1.9814886860,0.5095281529,0.0206012741,0.6049635218
