Instance,INF_avg,INF_sd,INF_r1,INF_kr,INF_sk,SUP_avg,SUP_sd,SUP_r1,SUP_kr,SUP_sk,INC_avg,INC_sd,INC_r1,INC_kr,INC_sk,IND_avg,IND_sd,IND_r1,IND_kr,IND_sk
443,0.2665000000,0.1095570628,0.1570607184,2.8097804552,0.1464819739,0.2925000000,0.1186117616,0.2335438540,3.8971290908,0.8349030394,0.4410000000,0.1204948132,0.0868137923,2.3424228129,-0.2127840065,0.2155000000,0.0726962860,-0.1860799079,3.7118291657,0.4081018201
