Instance,FV_avg_avg,FV_avg_sd,FV_sd_avg,FV_sd_sd,FV_r1_avg,FV_r1_sd,FV_kr_avg,FV_kr_sd,FV_sk_avg,FV_sk_sd,FD_avg_avg,FD_avg_sd,FD_sd_avg,FD_sd_sd,FD_r1_avg,FD_r1_sd,FD_kr_avg,FD_kr_sd,FD_sk_avg,FD_sk_sd,IN_avg_avg,IN_avg_sd,IN_sd_avg,IN_sd_sd,IN_r1_avg,IN_r1_sd,IN_kr_avg,IN_kr_sd,IN_sk_avg,IN_sk_sd
306,0.4936304434,0.3002981887,0.0010307278,0.0007143268,0.8306051952,0.1445566786,2.3416225099,0.5864632289,-0.0207099870,0.5121694530,0.0000058872,0.0000396592,0.0001636345,0.0000974640,-0.0610104093,0.1973143733,2.8807027669,0.8127734340,0.0154286236,0.4689119441,0.4974000000,0.0369491543,0.1525647312,0.0202978518,-0.0002835244,0.1598856258,2.8881215824,0.6554845910,0.0291374111,0.4039398013
