Instance,FV_avg_avg,FV_avg_sd,FV_sd_avg,FV_sd_sd,FV_r1_avg,FV_r1_sd,FV_kr_avg,FV_kr_sd,FV_sk_avg,FV_sk_sd,FD_avg_avg,FD_avg_sd,FD_sd_avg,FD_sd_sd,FD_r1_avg,FD_r1_sd,FD_kr_avg,FD_kr_sd,FD_sk_avg,FD_sk_sd,IN_avg_avg,IN_avg_sd,IN_sd_avg,IN_sd_sd,IN_r1_avg,IN_r1_sd,IN_kr_avg,IN_kr_sd,IN_sk_avg,IN_sk_sd
392,0.4965683781,0.3020441605,0.0003777641,0.0002661729,0.7488000946,0.1421827899,2.5088566320,0.5220978931,0.0110618976,0.4914077489,-0.0000001535,0.0000250137,0.0000797482,0.0000487205,-0.0435619938,0.1506975906,2.7221007674,0.7537958920,0.0676713277,0.5055136358,0.4976000000,0.0540577469,0.1639667023,0.0265879775,-0.0508282028,0.1686953645,2.6249326692,0.7215992075,0.0670993668,0.4772457584
