Instance,INF_avg,INF_sd,INF_r1,INF_kr,INF_sk,SUP_avg,SUP_sd,SUP_r1,SUP_kr,SUP_sk,INC_avg,INC_sd,INC_r1,INC_kr,INC_sk,IND_avg,IND_sd,IND_r1,IND_kr,IND_sk
97,0.2710000000,0.0297321375,-0.6259506799,2.7330163183,-1.0930171960,0.2150000000,0.0339116499,-0.7093023256,2.1733459357,-0.8654201774,0.5140000000,0.0518073354,-0.6882336630,1.3374131854,0.2777975783,0.0300000000,0.0070710678,-0.2000000000,1.7000000000,0.0000000000
