Instance,INF_avg,INF_sd,INF_r1,INF_kr,INF_sk,SUP_avg,SUP_sd,SUP_r1,SUP_kr,SUP_sk,INC_avg,INC_sd,INC_r1,INC_kr,INC_sk,IND_avg,IND_sd,IND_r1,IND_kr,IND_sk
14,0.2640000000,0.0351283361,0.2890883325,1.8539293229,0.3928175675,0.2790000000,0.0213072758,-0.1157941437,2.3239437986,0.4484414709,0.4570000000,0.0335559235,0.5715574263,1.7081496929,-0.0347766528,0.0420000000,0.0040000000,-0.0563380282,2.0781250000,-0.8437500000
