Instance,INF_avg,INF_sd,INF_r1,INF_kr,INF_sk,SUP_avg,SUP_sd,SUP_r1,SUP_kr,SUP_sk,INC_avg,INC_sd,INC_r1,INC_kr,INC_sk,IND_avg,IND_sd,IND_r1,IND_kr,IND_sk
36,0.2700000000,0.1187434209,0.6454472200,1.4514863437,-0.1218432567,0.2200000000,0.1166190379,0.2465753425,2.5363321799,-0.0151322281,0.5100000000,0.1300000000,-0.1808576756,1.7932495361,0.0873918980,0.3700000000,0.1100000000,-0.2316968131,2.7441431596,0.6130728775
