Instance,FV_avg_avg,FV_avg_sd,FV_sd_avg,FV_sd_sd,FV_r1_avg,FV_r1_sd,FV_kr_avg,FV_kr_sd,FV_sk_avg,FV_sk_sd,FD_avg_avg,FD_avg_sd,FD_sd_avg,FD_sd_sd,FD_r1_avg,FD_r1_sd,FD_kr_avg,FD_kr_sd,FD_sk_avg,FD_sk_sd,IN_avg_avg,IN_avg_sd,IN_sd_avg,IN_sd_sd,IN_r1_avg,IN_r1_sd,IN_kr_avg,IN_kr_sd,IN_sk_avg,IN_sk_sd
348,0.4921966296,0.2995083957,0.0019085139,0.0013887525,0.7931512539,0.1470498792,2.3175853692,0.6829776132,-0.0921216543,0.4527834156,-0.0000093455,0.0000967580,0.0003115054,0.0002056358,-0.0454643533,0.1955289971,2.7374798034,0.7148956174,-0.0301079848,0.4033673297,0.4922000000,0.0366709694,0.1475591249,0.0245092773,-0.0518389157,0.1903742370,2.7299281578,0.8748221471,-0.1524611689,0.4991788889
