Instance,INF_avg,INF_sd,INF_r1,INF_kr,INF_sk,SUP_avg,SUP_sd,SUP_r1,SUP_kr,SUP_sk,INC_avg,INC_sd,INC_r1,INC_kr,INC_sk,IND_avg,IND_sd,IND_r1,IND_kr,IND_sk
475,0.2760000000,0.1233855745,0.2285234341,4.1215375010,0.8384441895,0.1950000000,0.1001249220,0.2924983493,3.6117250515,0.5409700948,0.5290000000,0.1277066952,0.1007801891,2.4776052051,-0.2116279374,0.2450000000,0.0672681202,-0.0188971157,2.2175452520,0.2808912685
