Instance,INF_avg,INF_sd,INF_r1,INF_kr,INF_sk,SUP_avg,SUP_sd,SUP_r1,SUP_kr,SUP_sk,INC_avg,INC_sd,INC_r1,INC_kr,INC_sk,IND_avg,IND_sd,IND_r1,IND_kr,IND_sk
85,0.3300000000,0.0871779789,-0.1525974026,2.4449445983,-0.6203280699,0.2100000000,0.1135781669,-0.0167464115,2.7328285560,0.7248363275,0.4600000000,0.1067707825,0.1123188406,1.9976915974,0.3549167286,0.2800000000,0.0748331477,-0.2622309198,1.7991071429,0.5225911784
