Instance,FV_avg_avg,FV_avg_sd,FV_sd_avg,FV_sd_sd,FV_r1_avg,FV_r1_sd,FV_kr_avg,FV_kr_sd,FV_sk_avg,FV_sk_sd,FD_avg_avg,FD_avg_sd,FD_sd_avg,FD_sd_sd,FD_r1_avg,FD_r1_sd,FD_kr_avg,FD_kr_sd,FD_sk_avg,FD_sk_sd,IN_avg_avg,IN_avg_sd,IN_sd_avg,IN_sd_sd,IN_r1_avg,IN_r1_sd,IN_kr_avg,IN_kr_sd,IN_sk_avg,IN_sk_sd
462,0.4923473102,0.2991556486,0.0014338863,0.0009358050,0.8795526062,0.0843885238,2.4250931836,0.7542782705,0.0545701776,0.3450486228,0.0000001290,0.0000610260,0.0000638811,0.0000391379,0.0205652744,0.1818477521,2.9449636907,0.6260955286,-0.0887561657,0.3883828943,0.4986800000,0.0263502865,0.0513318782,0.0057234848,0.0128875700,0.1781778329,2.8375260800,0.4050032520,-0.0888853207,0.3227900459
