Instance,FV_avg_avg,FV_avg_sd,FV_sd_avg,FV_sd_sd,FV_r1_avg,FV_r1_sd,FV_kr_avg,FV_kr_sd,FV_sk_avg,FV_sk_sd,FD_avg_avg,FD_avg_sd,FD_sd_avg,FD_sd_sd,FD_r1_avg,FD_r1_sd,FD_kr_avg,FD_kr_sd,FD_sk_avg,FD_sk_sd,IN_avg_avg,IN_avg_sd,IN_sd_avg,IN_sd_sd,IN_r1_avg,IN_r1_sd,IN_kr_avg,IN_kr_sd,IN_sk_avg,IN_sk_sd
382,0.4950298824,0.3009227251,0.0011095092,0.0007785752,0.7763872410,0.1726003648,2.5746669003,0.8370123145,-0.3021872226,0.4919750345,-0.0000367304,0.0000720059,0.0001912390,0.0001145051,-0.0656005796,0.1839796534,2.6915784597,0.5886281133,0.1812781766,0.4455887410,0.4810000000,0.0500699511,0.1568430670,0.0165000706,-0.0392958259,0.1696519461,2.8297707877,0.7148007243,0.0850084014,0.4333677411
