Instance,FV_avg_avg,FV_avg_sd,FV_sd_avg,FV_sd_sd,FV_r1_avg,FV_r1_sd,FV_kr_avg,FV_kr_sd,FV_sk_avg,FV_sk_sd,FD_avg_avg,FD_avg_sd,FD_sd_avg,FD_sd_sd,FD_r1_avg,FD_r1_sd,FD_kr_avg,FD_kr_sd,FD_sk_avg,FD_sk_sd,IN_avg_avg,IN_avg_sd,IN_sd_avg,IN_sd_sd,IN_r1_avg,IN_r1_sd,IN_kr_avg,IN_kr_sd,IN_sk_avg,IN_sk_sd
423,0.4853296494,0.2954819915,0.0014233784,0.0012832922,0.7103950102,0.1908164580,2.4081762396,0.5809024834,0.0177919070,0.4275339318,-0.0000077558,0.0001161948,0.0001153816,0.0000776674,0.0413042758,0.1939588575,2.7042886986,0.7433629617,0.0521928412,0.3604750325,0.4884400000,0.0482536465,0.0710029392,0.0084696296,0.0597624681,0.2031507927,2.5165215505,0.4291959378,-0.1272964502,0.3402447299
