Instance,INF_avg,INF_sd,INF_r1,INF_kr,INF_sk,SUP_avg,SUP_sd,SUP_r1,SUP_kr,SUP_sk,INC_avg,INC_sd,INC_r1,INC_kr,INC_sk,IND_avg,IND_sd,IND_r1,IND_kr,IND_sk
457,0.3160000000,0.0649923072,-0.5109034268,2.2685950413,0.1790421687,0.2120000000,0.0699714227,-0.0519395135,2.4482250417,-0.0851888397,0.4720000000,0.0951630180,-0.6908897554,1.3593689520,0.1376845099,0.1080000000,0.0370944740,-0.3145539906,2.9694429421,1.2864700617
