Instance,INF_avg,INF_sd,INF_r1,INF_kr,INF_sk,SUP_avg,SUP_sd,SUP_r1,SUP_kr,SUP_sk,INC_avg,INC_sd,INC_r1,INC_kr,INC_sk,IND_avg,IND_sd,IND_r1,IND_kr,IND_sk
431,0.2600000000,0.1280624847,-0.0899315738,3.7578822130,0.6627862090,0.1960000000,0.1280000000,-0.2004196026,3.3538551331,0.5324707031,0.5440000000,0.1430524379,-0.1228333387,2.9961512152,-0.1866596013,0.4260000000,0.1145600279,0.0292898646,2.8785628671,0.4381497964
