Instance,INF_avg,INF_sd,INF_r1,INF_kr,INF_sk,SUP_avg,SUP_sd,SUP_r1,SUP_kr,SUP_sk,INC_avg,INC_sd,INC_r1,INC_kr,INC_sk,IND_avg,IND_sd,IND_r1,IND_kr,IND_sk
147,0.3205000000,0.1113766133,0.0179108414,2.7668600986,0.2060965163,0.2720000000,0.0920108689,-0.0751480884,2.5664145723,0.4757549672,0.4075000000,0.1129988938,0.1276481933,2.8104526541,0.1046753064,0.2120000000,0.0604648658,0.0772786077,2.6328076744,0.1771287424
