Instance,INF_avg,INF_sd,INF_r1,INF_kr,INF_sk,SUP_avg,SUP_sd,SUP_r1,SUP_kr,SUP_sk,INC_avg,INC_sd,INC_r1,INC_kr,INC_sk,IND_avg,IND_sd,IND_r1,IND_kr,IND_sk
431,0.4950000000,0.1329473580,0.8013083581,2.2318200096,-0.3607685449,0.0922222222,0.0662952617,0.7750575158,3.1942157714,0.9131890354,0.4127777778,0.0796035702,0.6908084061,2.3245176851,0.1115794684,0.0730555556,0.0154235470,-0.1756458184,2.2537358406,-0.0645742206
