Instance,INF_avg,INF_sd,INF_r1,INF_kr,INF_sk,SUP_avg,SUP_sd,SUP_r1,SUP_kr,SUP_sk,INC_avg,INC_sd,INC_r1,INC_kr,INC_sk,IND_avg,IND_sd,IND_r1,IND_kr,IND_sk
187,0.2500000000,0.0366060104,-0.2686567164,2.4069948764,0.0856233258,0.2510000000,0.0415812458,-0.2303400795,1.6010274162,0.3632015115,0.4990000000,0.0347706773,-0.2129796549,2.4026152081,-0.4156264423,0.0520000000,0.0146969385,-0.1706349206,4.6646090535,1.5422713195
