Instance,FV_avg_avg,FV_avg_sd,FV_sd_avg,FV_sd_sd,FV_r1_avg,FV_r1_sd,FV_kr_avg,FV_kr_sd,FV_sk_avg,FV_sk_sd,FD_avg_avg,FD_avg_sd,FD_sd_avg,FD_sd_sd,FD_r1_avg,FD_r1_sd,FD_kr_avg,FD_kr_sd,FD_sk_avg,FD_sk_sd,IN_avg_avg,IN_avg_sd,IN_sd_avg,IN_sd_sd,IN_r1_avg,IN_r1_sd,IN_kr_avg,IN_kr_sd,IN_sk_avg,IN_sk_sd
76,0.4657549845,0.2831756210,0.0118399273,0.0071278204,0.9700910716,0.0035502506,2.7543773161,0.2647460011,0.9235193979,0.1366996385,-0.0005988114,0.0003561103,0.0001733473,0.0001067328,0.8907613704,0.0272008199,4.8809232746,1.3867878197,1.4729907360,0.3258973596,0.1229636049,0.0262221420,0.1228450095,0.0216461412,0.9154501071,0.0201158626,4.3303918475,1.1716574009,1.3804481500,0.2730144353
