Instance,INF_avg,INF_sd,INF_r1,INF_kr,INF_sk,SUP_avg,SUP_sd,SUP_r1,SUP_kr,SUP_sk,INC_avg,INC_sd,INC_r1,INC_kr,INC_sk,IND_avg,IND_sd,IND_r1,IND_kr,IND_sk
455,0.2400000000,0.0916515139,0.4029850746,2.1020408163,-0.0935219530,0.1900000000,0.1220655562,-0.2065294535,1.5628575289,-0.4684467089,0.5700000000,0.1187434209,0.2433975732,2.4172325336,0.2365192629,0.5400000000,0.1113552873,-0.5196078431,3.5036420395,0.9038202296
