Instance,FV_avg_avg,FV_avg_sd,FV_sd_avg,FV_sd_sd,FV_r1_avg,FV_r1_sd,FV_kr_avg,FV_kr_sd,FV_sk_avg,FV_sk_sd,FD_avg_avg,FD_avg_sd,FD_sd_avg,FD_sd_sd,FD_r1_avg,FD_r1_sd,FD_kr_avg,FD_kr_sd,FD_sk_avg,FD_sk_sd,IN_avg_avg,IN_avg_sd,IN_sd_avg,IN_sd_sd,IN_r1_avg,IN_r1_sd,IN_kr_avg,IN_kr_sd,IN_sk_avg,IN_sk_sd
322,0.4651563862,0.2968855323,0.0167096743,0.0117999156,0.9690026862,0.0956657809,1.9644155537,0.0710168009,0.4023103788,0.1093847839,-0.0000861276,0.0000645308,0.0000406019,0.0000244209,0.8825758262,0.1970857386,2.5584948666,0.5614568464,0.6760346392,0.2008212330,0.2157278597,0.1094794617,0.1319516989,0.0059241738,0.8539510432,0.2087340133,2.9025760228,0.4678195086,0.8919389523,0.2053943217
