Instance,FV_avg_avg,FV_avg_sd,FV_sd_avg,FV_sd_sd,FV_r1_avg,FV_r1_sd,FV_kr_avg,FV_kr_sd,FV_sk_avg,FV_sk_sd,FD_avg_avg,FD_avg_sd,FD_sd_avg,FD_sd_sd,FD_r1_avg,FD_r1_sd,FD_kr_avg,FD_kr_sd,FD_sk_avg,FD_sk_sd,IN_avg_avg,IN_avg_sd,IN_sd_avg,IN_sd_sd,IN_r1_avg,IN_r1_sd,IN_kr_avg,IN_kr_sd,IN_sk_avg,IN_sk_sd
225,0.4660470665,0.2829814115,0.0199633858,0.0126222072,0.9927332814,0.0043663920,1.8820785256,0.0660676441,0.2830500106,0.0750151969,-0.0002300139,0.0001451875,0.0001516680,0.0000947174,0.6157820393,0.0848522026,2.4929191733,0.1757677227,0.1995591564,0.1401557724,0.2957650017,0.0226977288,0.1446740846,0.0094392094,0.5065264395,0.1040844157,2.7896200892,0.2799077003,0.4392636340,0.1524225588
