Instance,FV_avg_avg,FV_avg_sd,FV_sd_avg,FV_sd_sd,FV_r1_avg,FV_r1_sd,FV_kr_avg,FV_kr_sd,FV_sk_avg,FV_sk_sd,FD_avg_avg,FD_avg_sd,FD_sd_avg,FD_sd_sd,FD_r1_avg,FD_r1_sd,FD_kr_avg,FD_kr_sd,FD_sk_avg,FD_sk_sd,IN_avg_avg,IN_avg_sd,IN_sd_avg,IN_sd_sd,IN_r1_avg,IN_r1_sd,IN_kr_avg,IN_kr_sd,IN_sk_avg,IN_sk_sd
423,0.4914134506,0.2987464296,0.0022726661,0.0024926724,0.8602144169,0.0916430656,2.4398466445,0.7098634407,-0.0993392116,0.4149583084,0.0000126228,0.0000820145,0.0001005437,0.0000736797,0.1054881521,0.2547897243,2.8348879519,0.4466056084,-0.0578825109,0.3479189384,0.5081100000,0.0355631537,0.0562885775,0.0104492124,0.1108670739,0.2361160092,2.7552378472,0.5549394451,-0.1010676741,0.2760410671
