Instance,INF_avg,INF_sd,INF_r1,INF_kr,INF_sk,SUP_avg,SUP_sd,SUP_r1,SUP_kr,SUP_sk,INC_avg,INC_sd,INC_r1,INC_kr,INC_sk,IND_avg,IND_sd,IND_r1,IND_kr,IND_sk
241,0.2316000000,0.0676567809,0.3644390823,2.1301055139,0.4224293360,0.2702000000,0.0799247146,0.2188485421,2.9645498064,0.3450889961,0.4982000000,0.0662175203,-0.0076916784,2.3355505232,-0.2135247289,0.1174000000,0.0343691722,0.1071219417,3.3050525707,0.4973429266
