Instance,INF_avg,INF_sd,INF_r1,INF_kr,INF_sk,SUP_avg,SUP_sd,SUP_r1,SUP_kr,SUP_sk,INC_avg,INC_sd,INC_r1,INC_kr,INC_sk,IND_avg,IND_sd,IND_r1,IND_kr,IND_sk
31,0.2300000000,0.1374772708,-0.0274335346,2.4929033342,0.3740878118,0.2800000000,0.1400000000,-0.1208656595,2.4643898376,0.2274052478,0.4900000000,0.1590597372,-0.1708435449,2.9039822525,-0.3727438420,0.3800000000,0.1058300524,-0.0917361638,2.0867346939,-0.2024809677
