Instance,INF_avg,INF_sd,INF_r1,INF_kr,INF_sk,SUP_avg,SUP_sd,SUP_r1,SUP_kr,SUP_sk,INC_avg,INC_sd,INC_r1,INC_kr,INC_sk,IND_avg,IND_sd,IND_r1,IND_kr,IND_sk
56,0.2940000000,0.1391545903,-0.0529207861,2.5268165976,-0.1600362512,0.2120000000,0.1107068200,0.0206575958,2.7434436120,0.2041946839,0.4940000000,0.1332816567,-0.0702978279,3.0602162578,0.4139050714,0.3380000000,0.0977547953,0.2232699914,2.0518448148,0.2095435258
