Instance,INF_avg,INF_sd,INF_r1,INF_kr,INF_sk,SUP_avg,SUP_sd,SUP_r1,SUP_kr,SUP_sk,INC_avg,INC_sd,INC_r1,INC_kr,INC_sk,IND_avg,IND_sd,IND_r1,IND_kr,IND_sk
158,0.2406000000,0.0325981595,0.1985980321,2.9711977426,0.6335006777,0.2424000000,0.0340402703,-0.0200291420,3.5677248785,0.4694207280,0.5170000000,0.0392045916,-0.0274908722,3.3200575355,-0.3046925782,0.0403000000,0.0114634201,-0.0216595347,3.2282596225,0.5637277426
