Instance,INF_avg,INF_sd,INF_r1,INF_kr,INF_sk,SUP_avg,SUP_sd,SUP_r1,SUP_kr,SUP_sk,INC_avg,INC_sd,INC_r1,INC_kr,INC_sk,IND_avg,IND_sd,IND_r1,IND_kr,IND_sk
352,0.3953846154,0.1070309362,0.7357036863,2.1967269141,-0.2921513338,0.1107692308,0.1036608032,0.5448802013,4.9657349260,1.5788434635,0.4938461538,0.0741659741,0.0981886880,4.5580665420,1.0037209716,0.1423076923,0.0468473538,0.2614570910,2.8608500117,0.4177190405
