Instance,FV_avg_avg,FV_avg_sd,FV_sd_avg,FV_sd_sd,FV_r1_avg,FV_r1_sd,FV_kr_avg,FV_kr_sd,FV_sk_avg,FV_sk_sd,FD_avg_avg,FD_avg_sd,FD_sd_avg,FD_sd_sd,FD_r1_avg,FD_r1_sd,FD_kr_avg,FD_kr_sd,FD_sk_avg,FD_sk_sd,IN_avg_avg,IN_avg_sd,IN_sd_avg,IN_sd_sd,IN_r1_avg,IN_r1_sd,IN_kr_avg,IN_kr_sd,IN_sk_avg,IN_sk_sd
326,0.4993405787,0.3030857846,0.0012388202,0.0009378235,0.8874294767,0.0963064628,2.3433150449,0.5007167828,-0.0818007076,0.3493329846,-0.0000038497,0.0000455393,0.0001602412,0.0001024493,0.0178179963,0.1519371037,2.9836637822,0.7948327966,0.0275147722,0.3580092472,0.4907000000,0.0379698565,0.1525108292,0.0119267341,0.0171173134,0.1434579690,2.9208326401,0.4767753405,0.0451131770,0.2663775359
