Instance,INF_avg,INF_sd,INF_r1,INF_kr,INF_sk,SUP_avg,SUP_sd,SUP_r1,SUP_kr,SUP_sk,INC_avg,INC_sd,INC_r1,INC_kr,INC_sk,IND_avg,IND_sd,IND_r1,IND_kr,IND_sk
26,0.2560000000,0.1070700705,-0.0611408899,3.5201530176,0.8704475771,0.2840000000,0.0868562030,0.0680836282,3.0286123459,-1.0130467659,0.4600000000,0.0938083152,0.0041208791,2.7680785124,0.1090230936,0.2120000000,0.0738647413,-0.0754424493,1.8522007035,-0.0450216591
