Instance,INF_avg,INF_sd,INF_r1,INF_kr,INF_sk,SUP_avg,SUP_sd,SUP_r1,SUP_kr,SUP_sk,INC_avg,INC_sd,INC_r1,INC_kr,INC_sk,IND_avg,IND_sd,IND_r1,IND_kr,IND_sk
214,0.2520000000,0.1417603612,-0.0063159105,2.5787157948,0.1911025346,0.3050000000,0.1499166435,0.1723582870,2.5407008900,-0.0852531602,0.4430000000,0.1531371934,-0.0121089144,3.0259180099,-0.3605142219,0.3530000000,0.1043599540,-0.1097985838,3.3974805782,0.3426529946
