Instance,INF_avg,INF_sd,INF_r1,INF_kr,INF_sk,SUP_avg,SUP_sd,SUP_r1,SUP_kr,SUP_sk,INC_avg,INC_sd,INC_r1,INC_kr,INC_sk,IND_avg,IND_sd,IND_r1,IND_kr,IND_sk
192,0.2816000000,0.0634148248,0.4217178131,2.9628825874,0.4030014513,0.2598000000,0.0659542266,0.5075373155,2.3046458982,0.1729881045,0.4586000000,0.0584640060,0.3446356302,3.0673018508,0.3026463121,0.0627000000,0.0195374000,0.4063914123,4.0085470812,0.0856125570
