Instance,FV_avg_avg,FV_avg_sd,FV_sd_avg,FV_sd_sd,FV_r1_avg,FV_r1_sd,FV_kr_avg,FV_kr_sd,FV_sk_avg,FV_sk_sd,FD_avg_avg,FD_avg_sd,FD_sd_avg,FD_sd_sd,FD_r1_avg,FD_r1_sd,FD_kr_avg,FD_kr_sd,FD_sk_avg,FD_sk_sd,IN_avg_avg,IN_avg_sd,IN_sd_avg,IN_sd_sd,IN_r1_avg,IN_r1_sd,IN_kr_avg,IN_kr_sd,IN_sk_avg,IN_sk_sd
345,0.4940588945,0.3000715542,0.0019189148,0.0014177805,0.9234551564,0.0560140679,2.3935057991,0.6094277224,0.0745969972,0.4478812379,-0.0000100526,0.0000655968,0.0000950642,0.0000582435,0.2204944880,0.1265890317,2.9918287232,0.4514557739,-0.0351088161,0.2362603526,0.4919300000,0.0365266629,0.0767812649,0.0043261260,0.1654583666,0.0900972089,2.8657067837,0.3479322661,0.0408526671,0.1272277061
