Instance,INF_avg,INF_sd,INF_r1,INF_kr,INF_sk,SUP_avg,SUP_sd,SUP_r1,SUP_kr,SUP_sk,INC_avg,INC_sd,INC_r1,INC_kr,INC_sk,IND_avg,IND_sd,IND_r1,IND_kr,IND_sk
67,0.2909090909,0.1083306844,-0.0922485586,2.4607220790,0.1808376730,0.1818181818,0.1192261550,-0.1501340483,2.6115467820,0.6756041314,0.5272727273,0.1656442469,-0.0495290185,1.6984322834,0.1616708528,0.3818181818,0.0715818898,-0.1364522417,1.9734651405,0.2826777020
