Instance,INF_avg,INF_sd,INF_r1,INF_kr,INF_sk,SUP_avg,SUP_sd,SUP_r1,SUP_kr,SUP_sk,INC_avg,INC_sd,INC_r1,INC_kr,INC_sk,IND_avg,IND_sd,IND_r1,IND_kr,IND_sk
172,0.3666666667,0.0725936724,0.5071691930,2.9846276673,0.2086765124,0.1114285714,0.0484311700,0.5827609129,2.4558895570,-0.4796161756,0.5219047619,0.0708868345,0.2222923049,3.6943442505,-0.1169932100,0.1409523810,0.0451352214,-0.3475793412,3.5798792193,0.8605969651
