Instance,FV_avg_avg,FV_avg_sd,FV_sd_avg,FV_sd_sd,FV_r1_avg,FV_r1_sd,FV_kr_avg,FV_kr_sd,FV_sk_avg,FV_sk_sd,FD_avg_avg,FD_avg_sd,FD_sd_avg,FD_sd_sd,FD_r1_avg,FD_r1_sd,FD_kr_avg,FD_kr_sd,FD_sk_avg,FD_sk_sd,IN_avg_avg,IN_avg_sd,IN_sd_avg,IN_sd_sd,IN_r1_avg,IN_r1_sd,IN_kr_avg,IN_kr_sd,IN_sk_avg,IN_sk_sd
369,0.4608891363,0.2942473250,0.0171663034,0.0103021696,0.9902897267,0.0031716692,2.2856912092,0.1484394861,0.6815598865,0.1395425106,-0.0002282705,0.0001357678,0.0000857008,0.0000513997,0.9510363573,0.0080228360,2.7895616066,0.2361394561,0.8197581072,0.0920260084,0.1622431101,0.0302358574,0.1336914969,0.0077927473,0.9544677474,0.0108727811,2.7432895786,0.2245514252,0.8885943353,0.1386583013
