Instance,FV_avg_avg,FV_avg_sd,FV_sd_avg,FV_sd_sd,FV_r1_avg,FV_r1_sd,FV_kr_avg,FV_kr_sd,FV_sk_avg,FV_sk_sd,FD_avg_avg,FD_avg_sd,FD_sd_avg,FD_sd_sd,FD_r1_avg,FD_r1_sd,FD_kr_avg,FD_kr_sd,FD_sk_avg,FD_sk_sd,IN_avg_avg,IN_avg_sd,IN_sd_avg,IN_sd_sd,IN_r1_avg,IN_r1_sd,IN_kr_avg,IN_kr_sd,IN_sk_avg,IN_sk_sd
434,0.4970173094,0.3025609172,0.0002068430,0.0001735351,0.4011512651,0.4032746064,2.2947560936,0.8353740662,-0.1438565763,0.6026822115,-0.0000015341,0.0000160072,0.0000152737,0.0000101549,-0.1286371197,0.3096706722,2.3278134758,0.7440080492,-0.0879886618,0.4916890470,0.5024000000,0.0318220050,0.0481412880,0.0097987954,-0.2746118825,0.3578161872,2.1532161830,0.5904679387,0.1059006251,0.4825605910
