Instance,INF_avg,INF_sd,INF_r1,INF_kr,INF_sk,SUP_avg,SUP_sd,SUP_r1,SUP_kr,SUP_sk,INC_avg,INC_sd,INC_r1,INC_kr,INC_sk,IND_avg,IND_sd,IND_r1,IND_kr,IND_sk
38,0.1800000000,0.0748331477,-0.7391304348,1.8469387755,0.3436215967,0.2400000000,0.1392838828,-0.4004499438,2.6687745775,1.0391889224,0.5800000000,0.1805547009,-0.6160657812,1.6948511423,-0.3883737120,0.2600000000,0.0489897949,-0.0504201681,2.7291666667,0.8675276172
