Instance,INF_avg,INF_sd,INF_r1,INF_kr,INF_sk,SUP_avg,SUP_sd,SUP_r1,SUP_kr,SUP_sk,INC_avg,INC_sd,INC_r1,INC_kr,INC_sk,IND_avg,IND_sd,IND_r1,IND_kr,IND_sk
169,0.2736500000,0.0311917858,0.2758343269,2.6009749058,0.2948879518,0.2183000000,0.0346498196,0.1364410179,2.8277050842,0.0640736792,0.5080500000,0.0377550990,0.0137968443,2.6303855744,0.0142616599,0.0369500000,0.0119978123,0.0201163736,2.8356436317,-0.0120191592
