Instance,INF_avg,INF_sd,INF_r1,INF_kr,INF_sk,SUP_avg,SUP_sd,SUP_r1,SUP_kr,SUP_sk,INC_avg,INC_sd,INC_r1,INC_kr,INC_sk,IND_avg,IND_sd,IND_r1,IND_kr,IND_sk
84,0.2490000000,0.1276675370,0.0511474402,2.2281999100,0.0943834007,0.2620000000,0.1222947260,0.1398953011,2.4126856270,0.0983335562,0.4890000000,0.1448412925,0.0942801887,2.7852381605,-0.1041135219,0.3450000000,0.1125833025,0.0430811206,3.2162155854,0.6080967332
