Instance,FV_avg_avg,FV_avg_sd,FV_sd_avg,FV_sd_sd,FV_r1_avg,FV_r1_sd,FV_kr_avg,FV_kr_sd,FV_sk_avg,FV_sk_sd,FD_avg_avg,FD_avg_sd,FD_sd_avg,FD_sd_sd,FD_r1_avg,FD_r1_sd,FD_kr_avg,FD_kr_sd,FD_sk_avg,FD_sk_sd,IN_avg_avg,IN_avg_sd,IN_sd_avg,IN_sd_sd,IN_r1_avg,IN_r1_sd,IN_kr_avg,IN_kr_sd,IN_sk_avg,IN_sk_sd
187,0.4993765363,0.3031389649,0.0003604595,0.0003025279,0.9167870948,0.0648635047,2.3794856922,0.5661250326,-0.1005398231,0.4328495531,0.0000012554,0.0000054169,0.0000353914,0.0000212250,0.0052605896,0.0998808259,2.9911348173,0.3978681224,-0.0338968740,0.1853122453,0.5068000000,0.0226728913,0.1580813861,0.0089428943,-0.0077360585,0.0971230372,2.7708968370,0.3787397426,0.0062541843,0.1703517559
