Instance,INF_avg,INF_sd,INF_r1,INF_kr,INF_sk,SUP_avg,SUP_sd,SUP_r1,SUP_kr,SUP_sk,INC_avg,INC_sd,INC_r1,INC_kr,INC_sk,IND_avg,IND_sd,IND_r1,IND_kr,IND_sk
365,0.2600000000,0.0800000000,0.3661971831,2.0781250000,0.8437500000,0.3000000000,0.1264911064,0.0000000000,2.5000000000,-0.0000000000,0.4400000000,0.1743559577,0.3396226415,1.7957063712,0.0543353054,0.3600000000,0.1019803903,0.1269841270,1.9556213018,-0.2715454179
