Instance,INF_avg,INF_sd,INF_r1,INF_kr,INF_sk,SUP_avg,SUP_sd,SUP_r1,SUP_kr,SUP_sk,INC_avg,INC_sd,INC_r1,INC_kr,INC_sk,IND_avg,IND_sd,IND_r1,IND_kr,IND_sk
190,0.2392500000,0.0315228092,0.2281110186,2.7701954766,-0.1952198347,0.2477000000,0.0341937129,-0.0157405834,3.0787505548,-0.1255710438,0.5130500000,0.0357553842,-0.0301903802,2.5615029420,0.3317025702,0.0368500000,0.0103115227,0.0494805314,4.0400623779,0.7978858121
