Instance,INF_avg,INF_sd,INF_r1,INF_kr,INF_sk,SUP_avg,SUP_sd,SUP_r1,SUP_kr,SUP_sk,INC_avg,INC_sd,INC_r1,INC_kr,INC_sk,IND_avg,IND_sd,IND_r1,IND_kr,IND_sk
189,0.2400000000,0.1113552873,-0.6666666667,3.0353798127,-0.3997666400,0.2300000000,0.1268857754,-0.2491325468,2.7135141391,0.8928654540,0.5300000000,0.1486606875,-0.4856883235,2.3172539465,-0.1570584442,0.3000000000,0.0894427191,0.5000000000,3.1250000000,-0.8385254916
