Instance,FV_avg_avg,FV_avg_sd,FV_sd_avg,FV_sd_sd,FV_r1_avg,FV_r1_sd,FV_kr_avg,FV_kr_sd,FV_sk_avg,FV_sk_sd,FD_avg_avg,FD_avg_sd,FD_sd_avg,FD_sd_sd,FD_r1_avg,FD_r1_sd,FD_kr_avg,FD_kr_sd,FD_sk_avg,FD_sk_sd,IN_avg_avg,IN_avg_sd,IN_sd_avg,IN_sd_sd,IN_r1_avg,IN_r1_sd,IN_kr_avg,IN_kr_sd,IN_sk_avg,IN_sk_sd
132,0.4864337127,0.2963855867,0.0069207702,0.0046034440,0.9927883497,0.0050630549,1.8694258234,0.0802209208,0.1722014281,0.0962909006,-0.0000476434,0.0000314483,0.0000782313,0.0000511092,0.1097273613,0.1631517446,2.8999771088,0.4388313632,0.0032149886,0.2731227213,0.4107181184,0.0283228621,0.1644891560,0.0127335669,0.1341020380,0.1347471290,2.9381040706,0.9556587041,0.0059448589,0.3621790329
