Instance,FV_avg_avg,FV_avg_sd,FV_sd_avg,FV_sd_sd,FV_r1_avg,FV_r1_sd,FV_kr_avg,FV_kr_sd,FV_sk_avg,FV_sk_sd,FD_avg_avg,FD_avg_sd,FD_sd_avg,FD_sd_sd,FD_r1_avg,FD_r1_sd,FD_kr_avg,FD_kr_sd,FD_sk_avg,FD_sk_sd,IN_avg_avg,IN_avg_sd,IN_sd_avg,IN_sd_sd,IN_r1_avg,IN_r1_sd,IN_kr_avg,IN_kr_sd,IN_sk_avg,IN_sk_sd
428,0.5039949945,0.3054028830,0.0001447248,0.0001176099,0.5562642114,0.2930974151,2.3239637180,0.6384944660,0.2561897916,0.5711042580,-0.0000007752,0.0000173756,0.0000193180,0.0000129210,-0.1681045099,0.2877616593,2.6114005694,0.7326891917,-0.1189025588,0.6005444521,0.4951000000,0.0481974066,0.0704824692,0.0133873645,-0.1850064962,0.3627915804,2.3674806372,0.7616046839,-0.0501459990,0.6621396574
