Instance,FV_avg_avg,FV_avg_sd,FV_sd_avg,FV_sd_sd,FV_r1_avg,FV_r1_sd,FV_kr_avg,FV_kr_sd,FV_sk_avg,FV_sk_sd,FD_avg_avg,FD_avg_sd,FD_sd_avg,FD_sd_sd,FD_r1_avg,FD_r1_sd,FD_kr_avg,FD_kr_sd,FD_sk_avg,FD_sk_sd,IN_avg_avg,IN_avg_sd,IN_sd_avg,IN_sd_sd,IN_r1_avg,IN_r1_sd,IN_kr_avg,IN_kr_sd,IN_sk_avg,IN_sk_sd
472,0.4984042597,0.3029542682,0.0001082020,0.0000774718,-0.0038269297,0.3451983664,2.1780955357,0.5967801762,-0.1046027970,0.7872654680,0.0000015558,0.0000212906,0.0000292370,0.0000213629,-0.1926609728,0.3783061659,2.1252345685,0.5070704664,-0.0856591626,0.6990823613,0.5035000000,0.0478826691,0.0904001352,0.0223117806,-0.1067062453,0.4420400821,2.0426483255,0.4383688889,-0.2734887325,0.5716020902
