Instance,FV_avg_avg,FV_avg_sd,FV_sd_avg,FV_sd_sd,FV_r1_avg,FV_r1_sd,FV_kr_avg,FV_kr_sd,FV_sk_avg,FV_sk_sd,FD_avg_avg,FD_avg_sd,FD_sd_avg,FD_sd_sd,FD_r1_avg,FD_r1_sd,FD_kr_avg,FD_kr_sd,FD_sk_avg,FD_sk_sd,IN_avg_avg,IN_avg_sd,IN_sd_avg,IN_sd_sd,IN_r1_avg,IN_r1_sd,IN_kr_avg,IN_kr_sd,IN_sk_avg,IN_sk_sd
321,0.5007251827,0.3042245954,0.0001673615,0.0001088547,0.0587816791,0.4637121260,2.0159265874,0.4566557146,-0.2289852668,0.5871019385,-0.0000058471,0.0000231111,0.0000381445,0.0000282905,-0.2092456839,0.3507442443,2.0413030581,0.4619483929,-0.0372305287,0.5815190728,0.5000000000,0.0359165700,0.0861017134,0.0345903881,-0.1051999962,0.4068272688,1.8021162517,0.4853593693,0.0053376543,0.5360416337
