Instance,FV_avg_avg,FV_avg_sd,FV_sd_avg,FV_sd_sd,FV_r1_avg,FV_r1_sd,FV_kr_avg,FV_kr_sd,FV_sk_avg,FV_sk_sd,FD_avg_avg,FD_avg_sd,FD_sd_avg,FD_sd_sd,FD_r1_avg,FD_r1_sd,FD_kr_avg,FD_kr_sd,FD_sk_avg,FD_sk_sd,IN_avg_avg,IN_avg_sd,IN_sd_avg,IN_sd_sd,IN_r1_avg,IN_r1_sd,IN_kr_avg,IN_kr_sd,IN_sk_avg,IN_sk_sd
368,0.4971344883,0.3011591572,0.0007418162,0.0005766875,0.5383012134,0.3793588299,2.2487515753,0.5891702170,0.0370991595,0.6189344213,-0.0000051573,0.0000532746,0.0000583654,0.0000360414,-0.0687258975,0.2368166183,2.7341369321,1.0950683461,-0.1790370126,0.7179333694,0.4979000000,0.0368210538,0.0431934558,0.0100561114,-0.1231057680,0.2306844800,2.3499794827,0.6666825340,0.0589971315,0.5196813792
