Instance,INF_avg,INF_sd,INF_r1,INF_kr,INF_sk,SUP_avg,SUP_sd,SUP_r1,SUP_kr,SUP_sk,INC_avg,INC_sd,INC_r1,INC_kr,INC_sk,IND_avg,IND_sd,IND_r1,IND_kr,IND_sk
180,0.3974444444,0.1046004155,0.8238983639,2.0205745157,0.0825228599,0.1196666667,0.0825489754,0.8190448824,2.6833641645,0.6757393780,0.4828888889,0.0560207193,0.1260210698,2.8971406489,-0.1145207231,0.0766666667,0.0217562252,0.1194886512,3.3819348013,0.7545553196
