Instance,INF_avg,INF_sd,INF_r1,INF_kr,INF_sk,SUP_avg,SUP_sd,SUP_r1,SUP_kr,SUP_sk,INC_avg,INC_sd,INC_r1,INC_kr,INC_sk,IND_avg,IND_sd,IND_r1,IND_kr,IND_sk
276,0.2510000000,0.0571576766,0.1919911340,3.4371640269,0.0457227611,0.2906000000,0.0744824812,-0.0583794566,2.6071445347,0.0497433033,0.4584000000,0.0733037516,-0.1100874706,2.8447356536,0.0407130752,0.1058000000,0.0315334743,0.0861633007,2.8887497787,0.3732352272
