Instance,INF_avg,INF_sd,INF_r1,INF_kr,INF_sk,SUP_avg,SUP_sd,SUP_r1,SUP_kr,SUP_sk,INC_avg,INC_sd,INC_r1,INC_kr,INC_sk,IND_avg,IND_sd,IND_r1,IND_kr,IND_sk
235,0.2420000000,0.0976524449,0.2125476342,2.4575068409,-0.1295341747,0.2120000000,0.0752063827,-0.1949934870,2.0784086794,0.1520004004,0.5460000000,0.1148216008,-0.0556142008,3.4948448104,0.7321087030,0.2620000000,0.0495580468,0.2390020154,2.2354666893,0.4917735280
