Instance,FV_avg_avg,FV_avg_sd,FV_sd_avg,FV_sd_sd,FV_r1_avg,FV_r1_sd,FV_kr_avg,FV_kr_sd,FV_sk_avg,FV_sk_sd,FD_avg_avg,FD_avg_sd,FD_sd_avg,FD_sd_sd,FD_r1_avg,FD_r1_sd,FD_kr_avg,FD_kr_sd,FD_sk_avg,FD_sk_sd,IN_avg_avg,IN_avg_sd,IN_sd_avg,IN_sd_sd,IN_r1_avg,IN_r1_sd,IN_kr_avg,IN_kr_sd,IN_sk_avg,IN_sk_sd
266,0.4944600010,0.3001238839,0.0012928645,0.0007954878,0.8814311582,0.0749296478,2.4164814035,0.4848923976,-0.0259236709,0.4046922431,0.0000009563,0.0000393841,0.0000900317,0.0000520684,0.0471546166,0.1737616533,2.7747429571,0.4522997831,-0.0484675038,0.2916918334,0.5042800000,0.0304355319,0.0731351023,0.0079634669,0.0511419192,0.1698479126,2.6867074246,0.4112508093,0.0346374911,0.1949929479
