Instance,INF_avg,INF_sd,INF_r1,INF_kr,INF_sk,SUP_avg,SUP_sd,SUP_r1,SUP_kr,SUP_sk,INC_avg,INC_sd,INC_r1,INC_kr,INC_sk,IND_avg,IND_sd,IND_r1,IND_kr,IND_sk
447,0.2400000000,0.0800000000,-0.5492957746,2.0781250000,-0.8437500000,0.2400000000,0.1496662955,-0.1254612546,2.1339285714,0.7301958931,0.5200000000,0.1469693846,-0.1965811966,1.5781893004,-0.3477670622,0.3200000000,0.1166190379,0.2910447761,1.6280276817,0.3631734744
