Instance,INF_avg,INF_sd,INF_r1,INF_kr,INF_sk,SUP_avg,SUP_sd,SUP_r1,SUP_kr,SUP_sk,INC_avg,INC_sd,INC_r1,INC_kr,INC_sk,IND_avg,IND_sd,IND_r1,IND_kr,IND_sk
291,0.2560000000,0.0527636238,-0.1709601874,2.1575505351,0.2169728883,0.2440000000,0.0674091982,-0.3424947146,2.6300833168,-0.9251882364,0.5000000000,0.0419523539,-0.0952380952,1.3429752066,-0.3900528774,0.1320000000,0.0348711915,0.3806646526,1.7957063712,-0.0543353054
