Instance,FV_avg_avg,FV_avg_sd,FV_sd_avg,FV_sd_sd,FV_r1_avg,FV_r1_sd,FV_kr_avg,FV_kr_sd,FV_sk_avg,FV_sk_sd,FD_avg_avg,FD_avg_sd,FD_sd_avg,FD_sd_sd,FD_r1_avg,FD_r1_sd,FD_kr_avg,FD_kr_sd,FD_sk_avg,FD_sk_sd,IN_avg_avg,IN_avg_sd,IN_sd_avg,IN_sd_sd,IN_r1_avg,IN_r1_sd,IN_kr_avg,IN_kr_sd,IN_sk_avg,IN_sk_sd
225,0.4990442718,0.3029602486,0.0015732934,0.0012712817,0.9455438581,0.0402924339,2.5045156051,0.8289436708,0.0081361336,0.4988002568,-0.0000037879,0.0000186538,0.0000575463,0.0000344591,0.0060233859,0.1220415729,3.0145333763,0.6089328923,0.0163354604,0.2947462965,0.4931300000,0.0223705409,0.0723957035,0.0049622686,0.0011386167,0.1149922129,2.9282890780,0.3182110169,0.0004747689,0.2371942996
