Instance,FV_avg_avg,FV_avg_sd,FV_sd_avg,FV_sd_sd,FV_r1_avg,FV_r1_sd,FV_kr_avg,FV_kr_sd,FV_sk_avg,FV_sk_sd,FD_avg_avg,FD_avg_sd,FD_sd_avg,FD_sd_sd,FD_r1_avg,FD_r1_sd,FD_kr_avg,FD_kr_sd,FD_sk_avg,FD_sk_sd,IN_avg_avg,IN_avg_sd,IN_sd_avg,IN_sd_sd,IN_r1_avg,IN_r1_sd,IN_kr_avg,IN_kr_sd,IN_sk_avg,IN_sk_sd
179,0.5010860289,0.3041529666,0.0003934477,0.0002569530,0.9238870726,0.0527653133,2.4384666703,0.7231540102,0.0379588560,0.5647115834,0.0000016478,0.0000067046,0.0000124033,0.0000079518,0.0359497679,0.0835870215,2.8686129237,0.3027491399,0.1023426610,0.2743702275,0.5081300000,0.0160344972,0.0485506884,0.0045965918,0.0445534410,0.1204031328,2.8224832700,0.3974775697,-0.0121994783,0.2800030237
