Instance,INF_avg,INF_sd,INF_r1,INF_kr,INF_sk,SUP_avg,SUP_sd,SUP_r1,SUP_kr,SUP_sk,INC_avg,INC_sd,INC_r1,INC_kr,INC_sk,IND_avg,IND_sd,IND_r1,IND_kr,IND_sk
434,0.4520720721,0.0944316056,0.6395014941,3.0909383673,-0.5806631724,0.0996396396,0.0573895795,0.6016210106,5.0572096935,1.1734170911,0.4482882883,0.0699275542,0.2447834076,2.3768224038,0.0065545799,0.1117117117,0.0343242061,-0.0489954040,2.7314887672,0.2929323314
