Instance,FV_avg_avg,FV_avg_sd,FV_sd_avg,FV_sd_sd,FV_r1_avg,FV_r1_sd,FV_kr_avg,FV_kr_sd,FV_sk_avg,FV_sk_sd,FD_avg_avg,FD_avg_sd,FD_sd_avg,FD_sd_sd,FD_r1_avg,FD_r1_sd,FD_kr_avg,FD_kr_sd,FD_sk_avg,FD_sk_sd,IN_avg_avg,IN_avg_sd,IN_sd_avg,IN_sd_sd,IN_r1_avg,IN_r1_sd,IN_kr_avg,IN_kr_sd,IN_sk_avg,IN_sk_sd
123,0.5006526578,0.3028972164,0.0003443182,0.0002198665,0.7790202384,0.1472711084,2.3017381160,0.4202206719,0.1294834361,0.5160274274,-0.0000058629,0.0000191823,0.0000526134,0.0000355371,-0.0597615398,0.2425946594,2.6925313733,0.5427809293,-0.1754548924,0.3725492675,0.5069000000,0.0244579231,0.1092766770,0.0166675692,-0.0511449607,0.1650348983,2.7143558812,0.5626944907,-0.0212198621,0.4784346450
