Instance,FV_avg_avg,FV_avg_sd,FV_sd_avg,FV_sd_sd,FV_r1_avg,FV_r1_sd,FV_kr_avg,FV_kr_sd,FV_sk_avg,FV_sk_sd,FD_avg_avg,FD_avg_sd,FD_sd_avg,FD_sd_sd,FD_r1_avg,FD_r1_sd,FD_kr_avg,FD_kr_sd,FD_sk_avg,FD_sk_sd,IN_avg_avg,IN_avg_sd,IN_sd_avg,IN_sd_sd,IN_r1_avg,IN_r1_sd,IN_kr_avg,IN_kr_sd,IN_sk_avg,IN_sk_sd
126,0.4941380524,0.3002529623,0.0011168017,0.0007600082,0.8797277606,0.0875298774,2.3516518389,0.7456142703,0.0018041382,0.3911921104,-0.0000198609,0.0000657091,0.0000631995,0.0000429403,0.5341097919,0.2061292771,2.7864390587,0.6071106314,-0.0263287392,0.4037923047,0.4798400000,0.0453890780,0.0586812953,0.0159518519,0.4614037293,0.1951777306,2.7622108247,0.5241914719,0.0743624952,0.3863893477
