Instance,INF_avg,INF_sd,INF_r1,INF_kr,INF_sk,SUP_avg,SUP_sd,SUP_r1,SUP_kr,SUP_sk,INC_avg,INC_sd,INC_r1,INC_kr,INC_sk,IND_avg,IND_sd,IND_r1,IND_kr,IND_sk
232,0.1300000000,0.0678232998,0.0271493213,2.3638941399,0.7500308204,0.2600000000,0.0734846923,0.1338582677,1.5781893004,-0.3477670622,0.6100000000,0.0489897949,-0.4705882353,2.7291666667,0.8675276172,0.2000000000,0.0707106781,-0.5000000000,1.7000000000,-0.0000000000
