Instance,FV_avg_avg,FV_avg_sd,FV_sd_avg,FV_sd_sd,FV_r1_avg,FV_r1_sd,FV_kr_avg,FV_kr_sd,FV_sk_avg,FV_sk_sd,FD_avg_avg,FD_avg_sd,FD_sd_avg,FD_sd_sd,FD_r1_avg,FD_r1_sd,FD_kr_avg,FD_kr_sd,FD_sk_avg,FD_sk_sd,IN_avg_avg,IN_avg_sd,IN_sd_avg,IN_sd_sd,IN_r1_avg,IN_r1_sd,IN_kr_avg,IN_kr_sd,IN_sk_avg,IN_sk_sd
412,0.5056960166,0.3063408522,0.0006292101,0.0005393216,0.8626224823,0.1417660111,2.4262239071,0.5668236456,-0.0443273609,0.5244871502,0.0000006868,0.0000139714,0.0000689180,0.0000427354,-0.0057509374,0.1141874411,2.8250514327,0.4342116033,0.0010554664,0.3611603904,0.5020000000,0.0215592208,0.1500054231,0.0122300059,-0.0093312209,0.1490091826,2.7298352433,0.4388916893,-0.0049308925,0.3143338808
