Instance,INF_avg,INF_sd,INF_r1,INF_kr,INF_sk,SUP_avg,SUP_sd,SUP_r1,SUP_kr,SUP_sk,INC_avg,INC_sd,INC_r1,INC_kr,INC_sk,IND_avg,IND_sd,IND_r1,IND_kr,IND_sk
265,0.2440000000,0.1022936948,0.0007380473,2.7876458912,0.2041925919,0.2355000000,0.1018074162,-0.0242321107,3.0378729755,0.5806106546,0.5205000000,0.1271013375,0.0645007091,2.9341364193,-0.0101701399,0.2135000000,0.0710123229,0.0514146454,3.6003269095,0.7736952484
