Instance,INF_avg,INF_sd,INF_r1,INF_kr,INF_sk,SUP_avg,SUP_sd,SUP_r1,SUP_kr,SUP_sk,INC_avg,INC_sd,INC_r1,INC_kr,INC_sk,IND_avg,IND_sd,IND_r1,IND_kr,IND_sk
56,0.2280000000,0.1096175168,0.0274217665,2.1881002871,0.0673446848,0.2380000000,0.1168588893,0.1683662705,6.9124688685,1.4934870755,0.5340000000,0.0997196069,-0.0364655478,2.9247716415,0.1426041967,0.2580000000,0.0560000000,0.1390799083,3.7151382237,-0.4884293003
