Instance,INF_avg,INF_sd,INF_r1,INF_kr,INF_sk,SUP_avg,SUP_sd,SUP_r1,SUP_kr,SUP_sk,INC_avg,INC_sd,INC_r1,INC_kr,INC_sk,IND_avg,IND_sd,IND_r1,IND_kr,IND_sk
423,0.4279000000,0.0979596345,0.8705233023,2.6787500494,-0.4040063470,0.0777000000,0.0719806224,0.8435993283,5.0922377181,1.5884709085,0.4944000000,0.0461805154,0.6672070147,2.7247475809,-0.6147145515,0.0453000000,0.0124663547,0.2632873833,5.1534060977,1.2633471752
