Instance,INF_avg,INF_sd,INF_r1,INF_kr,INF_sk,SUP_avg,SUP_sd,SUP_r1,SUP_kr,SUP_sk,INC_avg,INC_sd,INC_r1,INC_kr,INC_sk,IND_avg,IND_sd,IND_r1,IND_kr,IND_sk
306,0.2960000000,0.1066958293,-0.1799130807,3.0957384185,0.4006766461,0.2020000000,0.1228657804,0.0488179375,2.2464966135,0.1641249642,0.5020000000,0.1090687856,0.2276786926,2.3132245884,-0.3748675491,0.2380000000,0.0941063228,0.1166415101,3.3412981691,0.7805851122
