Instance,INF_avg,INF_sd,INF_r1,INF_kr,INF_sk,SUP_avg,SUP_sd,SUP_r1,SUP_kr,SUP_sk,INC_avg,INC_sd,INC_r1,INC_kr,INC_sk,IND_avg,IND_sd,IND_r1,IND_kr,IND_sk
11,0.2480000000,0.1187265766,0.0530906938,1.9925208816,0.2985139865,0.2240000000,0.1273734666,-0.1716158347,3.2548872005,0.3571475714,0.5280000000,0.1549709650,-0.2465676698,4.3280038491,-0.3114894379,0.3760000000,0.1289340917,-0.1031791171,2.7583409679,0.1169879445
