Instance,FV_avg_avg,FV_avg_sd,FV_sd_avg,FV_sd_sd,FV_r1_avg,FV_r1_sd,FV_kr_avg,FV_kr_sd,FV_sk_avg,FV_sk_sd,FD_avg_avg,FD_avg_sd,FD_sd_avg,FD_sd_sd,FD_r1_avg,FD_r1_sd,FD_kr_avg,FD_kr_sd,FD_sk_avg,FD_sk_sd,IN_avg_avg,IN_avg_sd,IN_sd_avg,IN_sd_sd,IN_r1_avg,IN_r1_sd,IN_kr_avg,IN_kr_sd,IN_sk_avg,IN_sk_sd
454,0.4977827521,0.3023842097,0.0002282303,0.0001797453,0.7939175143,0.1942318381,2.1193502303,0.4619270307,-0.0260788774,0.3672847677,0.0000011707,0.0000054767,0.0000075074,0.0000046136,0.1168984850,0.1553909389,2.7602955257,1.0874148381,-0.0216188719,0.4560121843,0.5009200000,0.0176837100,0.0352780259,0.0044722351,0.0425553445,0.1354421929,2.6558853727,0.5920590650,-0.1255735432,0.3751169153
