Instance,FV_avg_avg,FV_avg_sd,FV_sd_avg,FV_sd_sd,FV_r1_avg,FV_r1_sd,FV_kr_avg,FV_kr_sd,FV_sk_avg,FV_sk_sd,FD_avg_avg,FD_avg_sd,FD_sd_avg,FD_sd_sd,FD_r1_avg,FD_r1_sd,FD_kr_avg,FD_kr_sd,FD_sk_avg,FD_sk_sd,IN_avg_avg,IN_avg_sd,IN_sd_avg,IN_sd_sd,IN_r1_avg,IN_r1_sd,IN_kr_avg,IN_kr_sd,IN_sk_avg,IN_sk_sd
318,0.5017455213,0.3038544158,0.0003031248,0.0002902512,0.5031124737,0.2771131469,2.3344158250,0.9739518382,0.0658288974,0.6018364984,-0.0000017453,0.0000089969,0.0000272781,0.0000176505,-0.0871184136,0.2990275482,2.2559371248,0.7406113053,0.1712932448,0.5512537954,0.4958000000,0.0213625841,0.0609643840,0.0160419415,-0.1020500972,0.2687471764,2.3883789851,0.5945591257,0.1401128581,0.5417767510
