Instance,INF_avg,INF_sd,INF_r1,INF_kr,INF_sk,SUP_avg,SUP_sd,SUP_r1,SUP_kr,SUP_sk,INC_avg,INC_sd,INC_r1,INC_kr,INC_sk,IND_avg,IND_sd,IND_r1,IND_kr,IND_sk
502,0.3485000000,0.1536969421,0.2075002303,2.2907801224,0.2451441475,0.2690000000,0.1124233072,0.2711805444,2.9166422573,0.3502791414,0.3825000000,0.1446331566,0.0577255919,2.8474894105,0.0106902233,0.2070000000,0.0632534584,0.0503476451,2.4261928145,0.1210540249
