Instance,FV_avg_avg,FV_avg_sd,FV_sd_avg,FV_sd_sd,FV_r1_avg,FV_r1_sd,FV_kr_avg,FV_kr_sd,FV_sk_avg,FV_sk_sd,FD_avg_avg,FD_avg_sd,FD_sd_avg,FD_sd_sd,FD_r1_avg,FD_r1_sd,FD_kr_avg,FD_kr_sd,FD_sk_avg,FD_sk_sd,IN_avg_avg,IN_avg_sd,IN_sd_avg,IN_sd_sd,IN_r1_avg,IN_r1_sd,IN_kr_avg,IN_kr_sd,IN_sk_avg,IN_sk_sd
219,0.5011739606,0.3039745283,0.0002026387,0.0001308913,0.7994225105,0.1098232844,2.3288550884,0.5431980142,0.0643713858,0.4200131743,0.0000014296,0.0000066535,0.0000391831,0.0000242672,-0.1048172522,0.1561946637,2.7631134559,0.5868551282,-0.0147937905,0.3402316426,0.5086000000,0.0284330793,0.1559427594,0.0194796250,-0.1133241571,0.1581657481,2.8869888416,0.7421256388,-0.0647274993,0.4742862916
