Instance,INF_avg,INF_sd,INF_r1,INF_kr,INF_sk,SUP_avg,SUP_sd,SUP_r1,SUP_kr,SUP_sk,INC_avg,INC_sd,INC_r1,INC_kr,INC_sk,IND_avg,IND_sd,IND_r1,IND_kr,IND_sk
386,0.2020000000,0.0224944438,-0.4812575574,2.0280038745,-0.4080058930,0.2820000000,0.0267581763,-0.6559614613,1.4671280547,0.0206692945,0.5160000000,0.0259615100,-0.3548626578,2.0554068452,0.5801786782,0.0420000000,0.0081240384,-0.5836298932,1.4421487603,-0.3804646085
