Instance,FV_avg_avg,FV_avg_sd,FV_sd_avg,FV_sd_sd,FV_r1_avg,FV_r1_sd,FV_kr_avg,FV_kr_sd,FV_sk_avg,FV_sk_sd,FD_avg_avg,FD_avg_sd,FD_sd_avg,FD_sd_sd,FD_r1_avg,FD_r1_sd,FD_kr_avg,FD_kr_sd,FD_sk_avg,FD_sk_sd,IN_avg_avg,IN_avg_sd,IN_sd_avg,IN_sd_sd,IN_r1_avg,IN_r1_sd,IN_kr_avg,IN_kr_sd,IN_sk_avg,IN_sk_sd
112,0.4918170093,0.2993556852,0.0020307167,0.0012775711,0.9023420417,0.0774896735,2.2711850773,0.7205608208,-0.0324474482,0.4646124321,-0.0000076253,0.0000575249,0.0002554918,0.0001525917,-0.0097389897,0.1161923046,2.7414770386,0.4811063582,-0.0684274497,0.3075110418,0.5041000000,0.0286878023,0.1590876107,0.0184751755,-0.0054530832,0.1537452041,2.7139162575,0.5026801138,0.0178420324,0.2121094380
