Instance,FV_avg_avg,FV_avg_sd,FV_sd_avg,FV_sd_sd,FV_r1_avg,FV_r1_sd,FV_kr_avg,FV_kr_sd,FV_sk_avg,FV_sk_sd,FD_avg_avg,FD_avg_sd,FD_sd_avg,FD_sd_sd,FD_r1_avg,FD_r1_sd,FD_kr_avg,FD_kr_sd,FD_sk_avg,FD_sk_sd,IN_avg_avg,IN_avg_sd,IN_sd_avg,IN_sd_sd,IN_r1_avg,IN_r1_sd,IN_kr_avg,IN_kr_sd,IN_sk_avg,IN_sk_sd
90,0.4964963506,0.3011412386,0.0006615762,0.0006196267,0.8057137475,0.1504231152,2.3628097719,0.8285605636,-0.0488996777,0.4945693397,0.0000056913,0.0000256645,0.0000891261,0.0000611399,0.0204013957,0.2700219420,2.8549985941,0.6975595041,0.2792384260,0.4338496398,0.5004000000,0.0351203645,0.1491489430,0.0209998288,0.0416511126,0.2326695057,2.5894345912,0.5773764715,0.0396219969,0.3073899752
