Instance,INF_avg,INF_sd,INF_r1,INF_kr,INF_sk,SUP_avg,SUP_sd,SUP_r1,SUP_kr,SUP_sk,INC_avg,INC_sd,INC_r1,INC_kr,INC_sk,IND_avg,IND_sd,IND_r1,IND_kr,IND_sk
441,0.3206250000,0.0597357462,0.4754324275,2.7866096493,-0.5632703177,0.1040625000,0.0603562018,0.7794177540,2.8029213449,0.6762714522,0.5753125000,0.0435878692,-0.3585480489,3.3895910833,0.2231134195,0.0925000000,0.0195256242,0.0117888262,1.9352324644,-0.0755627488
