Instance,FV_avg_avg,FV_avg_sd,FV_sd_avg,FV_sd_sd,FV_r1_avg,FV_r1_sd,FV_kr_avg,FV_kr_sd,FV_sk_avg,FV_sk_sd,FD_avg_avg,FD_avg_sd,FD_sd_avg,FD_sd_sd,FD_r1_avg,FD_r1_sd,FD_kr_avg,FD_kr_sd,FD_sk_avg,FD_sk_sd,IN_avg_avg,IN_avg_sd,IN_sd_avg,IN_sd_sd,IN_r1_avg,IN_r1_sd,IN_kr_avg,IN_kr_sd,IN_sk_avg,IN_sk_sd
136,0.4951560690,0.3008104792,0.0004801897,0.0003251197,0.4712022019,0.3830248268,2.3881613945,0.5016797423,-0.0525893881,0.5728434883,-0.0000264909,0.0000641884,0.0000336227,0.0000250378,0.0587894467,0.2770579329,2.3521401354,0.5423278836,0.2197134654,0.4440464730,0.4864750000,0.0468650923,0.0360243313,0.0097780395,-0.0464998097,0.3557521905,2.4834262863,0.7969974637,-0.0268110443,0.6658101284
