Instance,INF_avg,INF_sd,INF_r1,INF_kr,INF_sk,SUP_avg,SUP_sd,SUP_r1,SUP_kr,SUP_sk,INC_avg,INC_sd,INC_r1,INC_kr,INC_sk,IND_avg,IND_sd,IND_r1,IND_kr,IND_sk
168,0.2385000000,0.0277713882,0.1997427838,2.1512818075,-0.0496529126,0.2886000000,0.0364148321,0.1613236401,3.1251488585,0.2681254064,0.4729000000,0.0407196513,0.3332853840,3.0696978062,0.3378079569,0.0378000000,0.0103518114,0.0177764162,2.6941990439,0.1919264205
