Instance,INF_avg,INF_sd,INF_r1,INF_kr,INF_sk,SUP_avg,SUP_sd,SUP_r1,SUP_kr,SUP_sk,INC_avg,INC_sd,INC_r1,INC_kr,INC_sk,IND_avg,IND_sd,IND_r1,IND_kr,IND_sk
354,0.4000000000,0.1224744871,-0.0666666667,1.9666666667,0.4082482905,0.1800000000,0.0678232998,-0.6022099448,2.9310018904,-1.1731251294,0.4200000000,0.1600000000,0.0048740861,1.6707153320,0.1479492187,0.2000000000,0.0547722558,-0.4000000000,2.5000000000,0.9128709292
