Instance,FV_avg_avg,FV_avg_sd,FV_sd_avg,FV_sd_sd,FV_r1_avg,FV_r1_sd,FV_kr_avg,FV_kr_sd,FV_sk_avg,FV_sk_sd,FD_avg_avg,FD_avg_sd,FD_sd_avg,FD_sd_sd,FD_r1_avg,FD_r1_sd,FD_kr_avg,FD_kr_sd,FD_sk_avg,FD_sk_sd,IN_avg_avg,IN_avg_sd,IN_sd_avg,IN_sd_sd,IN_r1_avg,IN_r1_sd,IN_kr_avg,IN_kr_sd,IN_sk_avg,IN_sk_sd
503,0.4918708979,0.2974313782,0.0064482852,0.0047157882,0.7637419324,0.1282179865,2.3347788555,0.3897740437,0.0094377577,0.3368462645,-0.0001106395,0.0004192651,0.0012482636,0.0007545471,0.0467632782,0.2483192709,2.9578536003,1.1292658490,-0.0759645955,0.4909839062,0.4852000000,0.0694100857,0.1638089022,0.0230183307,0.0157136549,0.2588130241,2.6618774852,0.9063636278,0.0105569630,0.4866968183
