Instance,FV_avg_avg,FV_avg_sd,FV_sd_avg,FV_sd_sd,FV_r1_avg,FV_r1_sd,FV_kr_avg,FV_kr_sd,FV_sk_avg,FV_sk_sd,FD_avg_avg,FD_avg_sd,FD_sd_avg,FD_sd_sd,FD_r1_avg,FD_r1_sd,FD_kr_avg,FD_kr_sd,FD_sk_avg,FD_sk_sd,IN_avg_avg,IN_avg_sd,IN_sd_avg,IN_sd_sd,IN_r1_avg,IN_r1_sd,IN_kr_avg,IN_kr_sd,IN_sk_avg,IN_sk_sd
437,0.4986460457,0.3027468737,0.0012551946,0.0008153189,0.8846517241,0.0591529975,2.3255376994,0.5195860206,0.1479435757,0.3863104885,0.0000026990,0.0000258137,0.0000373647,0.0000229596,0.1185485596,0.1973512922,2.8529613936,0.5110408843,-0.0076031016,0.3286342602,0.5044150000,0.0180864113,0.0372901791,0.0047230336,0.1117693736,0.1722019486,2.6639744599,0.3355750969,-0.0334278458,0.2290065063
