Instance,INF_avg,INF_sd,INF_r1,INF_kr,INF_sk,SUP_avg,SUP_sd,SUP_r1,SUP_kr,SUP_sk,INC_avg,INC_sd,INC_r1,INC_kr,INC_sk,IND_avg,IND_sd,IND_r1,IND_kr,IND_sk
218,0.2600000000,0.1113552873,-0.2745098039,1.6305931322,-0.0347623165,0.2500000000,0.1024695077,-0.7073170732,1.8707482993,-0.0000000000,0.4900000000,0.1445683229,-0.2924844423,2.8080172157,-0.4209860278,0.3400000000,0.0916515139,-0.3432835821,2.1020408163,-0.0935219530
