Instance,INF_avg,INF_sd,INF_r1,INF_kr,INF_sk,SUP_avg,SUP_sd,SUP_r1,SUP_kr,SUP_sk,INC_avg,INC_sd,INC_r1,INC_kr,INC_sk,IND_avg,IND_sd,IND_r1,IND_kr,IND_sk
505,0.2540000000,0.1395850995,-0.0351007356,3.6022830623,0.5023127610,0.2140000000,0.1280781012,0.2257607822,2.9716553512,0.3656784850,0.5320000000,0.1541946821,-0.2402991012,3.2259532215,-0.1678237096,0.3980000000,0.1208139065,-0.0961937413,3.0383992701,0.6848044410
