Instance,INF_avg,INF_sd,INF_r1,INF_kr,INF_sk,SUP_avg,SUP_sd,SUP_r1,SUP_kr,SUP_sk,INC_avg,INC_sd,INC_r1,INC_kr,INC_sk,IND_avg,IND_sd,IND_r1,IND_kr,IND_sk
49,0.2133333333,0.1024152766,-0.0722060958,2.0739729963,0.4760721618,0.2600000000,0.1019803903,0.7058823529,3.5828402367,-0.6486918316,0.5266666667,0.1236482466,0.3838063108,1.8522850189,-0.0927863397,0.3933333333,0.1123486636,0.1089457619,2.2444951399,-0.1508549925
