Instance,INF_avg,INF_sd,INF_r1,INF_kr,INF_sk,SUP_avg,SUP_sd,SUP_r1,SUP_kr,SUP_sk,INC_avg,INC_sd,INC_r1,INC_kr,INC_sk,IND_avg,IND_sd,IND_r1,IND_kr,IND_sk
89,0.2256000000,0.0604039734,0.1787718719,2.1140487759,0.2452318838,0.2804000000,0.0608591817,-0.0108965011,3.3037554079,0.0235804312,0.4940000000,0.0622575297,0.1493548187,3.4576611808,-0.2530187443,0.1248000000,0.0331203865,-0.4087374172,3.7725090510,0.3020274905
