Instance,INF_avg,INF_sd,INF_r1,INF_kr,INF_sk,SUP_avg,SUP_sd,SUP_r1,SUP_kr,SUP_sk,INC_avg,INC_sd,INC_r1,INC_kr,INC_sk,IND_avg,IND_sd,IND_r1,IND_kr,IND_sk
299,0.2624000000,0.0625638873,-0.1618942545,2.5649635711,-0.0014551509,0.2192000000,0.0587823103,-0.0540358988,2.4018633307,-0.1687063257,0.5184000000,0.0665540382,-0.0687373023,2.6199612858,0.4933067478,0.1132000000,0.0281737466,-0.1569617494,2.7014964658,0.4018717696
