Instance,INF_avg,INF_sd,INF_r1,INF_kr,INF_sk,SUP_avg,SUP_sd,SUP_r1,SUP_kr,SUP_sk,INC_avg,INC_sd,INC_r1,INC_kr,INC_sk,IND_avg,IND_sd,IND_r1,IND_kr,IND_sk
287,0.3165000000,0.0527043641,0.6585476506,2.7852776170,-0.3831005693,0.3100000000,0.0418449519,0.3025482625,3.6069378320,0.2176182454,0.3735000000,0.0516502662,0.3860528882,3.4831456710,0.8300185203,0.0350000000,0.0078102497,0.0658436214,3.9774254233,0.3620715047
