Instance,INF_avg,INF_sd,INF_r1,INF_kr,INF_sk,SUP_avg,SUP_sd,SUP_r1,SUP_kr,SUP_sk,INC_avg,INC_sd,INC_r1,INC_kr,INC_sk,IND_avg,IND_sd,IND_r1,IND_kr,IND_sk
94,0.2250000000,0.0981070844,0.0852713178,1.9067296340,0.3177021453,0.2350000000,0.1050000000,-0.4252245217,2.7306369260,0.9173955296,0.5400000000,0.1044030651,-0.1744301288,2.6266307550,0.7935019592,0.2400000000,0.0734846923,-0.0912698413,2.1954732510,-0.4082482905
