Instance,INF_avg,INF_sd,INF_r1,INF_kr,INF_sk,SUP_avg,SUP_sd,SUP_r1,SUP_kr,SUP_sk,INC_avg,INC_sd,INC_r1,INC_kr,INC_sk,IND_avg,IND_sd,IND_r1,IND_kr,IND_sk
49,0.2080000000,0.0271293199,-0.3800904977,2.3638941399,-0.7500308204,0.3000000000,0.0473286383,-0.1851851852,2.1683673469,0.5433134495,0.4920000000,0.0271293199,-0.2389380531,2.3638941399,0.7500308204,0.1160000000,0.0387814389,0.4126074499,1.4081032141,-0.3752617726
