Instance,FV_avg_avg,FV_avg_sd,FV_sd_avg,FV_sd_sd,FV_r1_avg,FV_r1_sd,FV_kr_avg,FV_kr_sd,FV_sk_avg,FV_sk_sd,FD_avg_avg,FD_avg_sd,FD_sd_avg,FD_sd_sd,FD_r1_avg,FD_r1_sd,FD_kr_avg,FD_kr_sd,FD_sk_avg,FD_sk_sd,IN_avg_avg,IN_avg_sd,IN_sd_avg,IN_sd_sd,IN_r1_avg,IN_r1_sd,IN_kr_avg,IN_kr_sd,IN_sk_avg,IN_sk_sd
33,0.4971276717,0.3016583802,0.0004148255,0.0002766459,0.9053521095,0.0747364438,2.5221447723,1.0075861841,0.1386645519,0.5276580331,-0.0000016337,0.0000068115,0.0000215965,0.0000134158,-0.0423725322,0.1234189521,2.7599931577,0.3726705365,0.0234395211,0.3307977121,0.4996600000,0.0222557049,0.0708421172,0.0057238480,-0.0040438662,0.0882355038,2.8074321709,0.5077771355,-0.0301397849,0.3253568584
