Instance,INF_avg,INF_sd,INF_r1,INF_kr,INF_sk,SUP_avg,SUP_sd,SUP_r1,SUP_kr,SUP_sk,INC_avg,INC_sd,INC_r1,INC_kr,INC_sk,IND_avg,IND_sd,IND_r1,IND_kr,IND_sk
260,0.2560000000,0.0972830921,0.0700376565,2.6242626773,0.0183906112,0.2725000000,0.0881405128,-0.1098533444,2.6770031242,0.1868861894,0.4715000000,0.1210898427,-0.1118917144,3.1827448241,0.0664959611,0.2060000000,0.0697423831,0.1624159275,2.3363493605,0.2055614972
