Instance,INF_avg,INF_sd,INF_r1,INF_kr,INF_sk,SUP_avg,SUP_sd,SUP_r1,SUP_kr,SUP_sk,INC_avg,INC_sd,INC_r1,INC_kr,INC_sk,IND_avg,IND_sd,IND_r1,IND_kr,IND_sk
223,0.2160000000,0.0397994975,-0.0973597360,1.4985843281,0.1153509311,0.3230000000,0.0173493516,-0.1347517730,1.7030385978,0.4526866935,0.4610000000,0.0287923601,-0.0229561015,1.9014828859,0.0759147904,0.0630000000,0.0126885775,0.1223574632,1.9728019752,-0.2819575118
