Instance,FV_avg_avg,FV_avg_sd,FV_sd_avg,FV_sd_sd,FV_r1_avg,FV_r1_sd,FV_kr_avg,FV_kr_sd,FV_sk_avg,FV_sk_sd,FD_avg_avg,FD_avg_sd,FD_sd_avg,FD_sd_sd,FD_r1_avg,FD_r1_sd,FD_kr_avg,FD_kr_sd,FD_sk_avg,FD_sk_sd,IN_avg_avg,IN_avg_sd,IN_sd_avg,IN_sd_sd,IN_r1_avg,IN_r1_sd,IN_kr_avg,IN_kr_sd,IN_sk_avg,IN_sk_sd
53,0.5014106156,0.3038666487,0.0001754155,0.0001286079,0.6845173867,0.2747735948,2.3370084458,0.9010924336,0.0948031766,0.6730412162,0.0000016407,0.0000071730,0.0000082203,0.0000050088,-0.0940871125,0.2847755189,2.5217718247,0.7005701397,-0.1831177222,0.5150278495,0.5098500000,0.0282794537,0.0323298925,0.0061260143,-0.1167768350,0.3692628010,2.6633476122,0.6802447554,-0.2455414067,0.6824210737
