Instance,INF_avg,INF_sd,INF_r1,INF_kr,INF_sk,SUP_avg,SUP_sd,SUP_r1,SUP_kr,SUP_sk,INC_avg,INC_sd,INC_r1,INC_kr,INC_sk,IND_avg,IND_sd,IND_r1,IND_kr,IND_sk
370,0.2020000000,0.0231516738,0.4444444444,1.3968589886,-0.2436882574,0.2700000000,0.0260768096,-0.2352941176,2.2231833910,-0.0000000000,0.5280000000,0.0354400903,-0.3584474886,2.8759990263,-1.2099004415,0.0820000000,0.0248193473,-0.4980544747,1.7794737730,0.1632576395
