Instance,FV_avg_avg,FV_avg_sd,FV_sd_avg,FV_sd_sd,FV_r1_avg,FV_r1_sd,FV_kr_avg,FV_kr_sd,FV_sk_avg,FV_sk_sd,FD_avg_avg,FD_avg_sd,FD_sd_avg,FD_sd_sd,FD_r1_avg,FD_r1_sd,FD_kr_avg,FD_kr_sd,FD_sk_avg,FD_sk_sd,IN_avg_avg,IN_avg_sd,IN_sd_avg,IN_sd_sd,IN_r1_avg,IN_r1_sd,IN_kr_avg,IN_kr_sd,IN_sk_avg,IN_sk_sd
379,0.4841309403,0.2941562547,0.0065991077,0.0052908961,0.9910039401,0.0121226334,1.8196437633,0.0478161175,0.1467144164,0.0720729975,-0.0000472446,0.0000305650,0.0000690338,0.0000437986,0.1146135015,0.1780778183,3.0607898403,0.4714016891,-0.0303760622,0.3455659235,0.4049665609,0.0300531581,0.1690319254,0.0110643020,0.1062036302,0.1751501606,2.9338698511,0.8572492626,-0.0116154399,0.4909331754
