Instance,FV_avg_avg,FV_avg_sd,FV_sd_avg,FV_sd_sd,FV_r1_avg,FV_r1_sd,FV_kr_avg,FV_kr_sd,FV_sk_avg,FV_sk_sd,FD_avg_avg,FD_avg_sd,FD_sd_avg,FD_sd_sd,FD_r1_avg,FD_r1_sd,FD_kr_avg,FD_kr_sd,FD_sk_avg,FD_sk_sd,IN_avg_avg,IN_avg_sd,IN_sd_avg,IN_sd_sd,IN_r1_avg,IN_r1_sd,IN_kr_avg,IN_kr_sd,IN_sk_avg,IN_sk_sd
338,0.5005758257,0.3033207330,0.0001883883,0.0001366005,0.2867484750,0.3350612572,1.8557489804,0.5170421198,0.0267553391,0.5182961420,0.0000054396,0.0000306335,0.0000414974,0.0000277459,-0.1980310323,0.4147980896,2.0642922458,0.5308193848,0.2779348881,0.5644297150,0.5170000000,0.0526402888,0.1205328756,0.0539613372,-0.2622671295,0.3601483678,2.0953295314,0.5502398288,0.3700540612,0.6843214255
