Instance,INF_avg,INF_sd,INF_r1,INF_kr,INF_sk,SUP_avg,SUP_sd,SUP_r1,SUP_kr,SUP_sk,INC_avg,INC_sd,INC_r1,INC_kr,INC_sk,IND_avg,IND_sd,IND_r1,IND_kr,IND_sk
248,0.4075000000,0.1029259443,0.6707551605,2.0915978803,0.0203772251,0.1087500000,0.0556636102,0.4708390248,2.7445381049,0.1014441452,0.4837500000,0.0822249202,0.3407737439,3.7817218129,-0.5713316360,0.1150000000,0.0364005494,-0.0232558140,3.3381986472,0.2488040404
