Instance,INF_avg,INF_sd,INF_r1,INF_kr,INF_sk,SUP_avg,SUP_sd,SUP_r1,SUP_kr,SUP_sk,INC_avg,INC_sd,INC_r1,INC_kr,INC_sk,IND_avg,IND_sd,IND_r1,IND_kr,IND_sk
356,0.2434000000,0.0297647442,0.1349584668,2.5073411466,-0.2030124068,0.2580000000,0.0304302481,0.2364837653,2.8226702555,-0.1157268997,0.4986000000,0.0351289055,0.1532120816,2.3731179238,-0.1133618041,0.0378000000,0.0108240473,0.0017652993,2.8696100182,0.0484203159
