Instance,INF_avg,INF_sd,INF_r1,INF_kr,INF_sk,SUP_avg,SUP_sd,SUP_r1,SUP_kr,SUP_sk,INC_avg,INC_sd,INC_r1,INC_kr,INC_sk,IND_avg,IND_sd,IND_r1,IND_kr,IND_sk
494,0.2440000000,0.0551361950,-0.0660957400,2.6193351801,0.2840812264,0.2856000000,0.0689393937,-0.0078070700,2.5078634193,-0.0557311024,0.4704000000,0.0699988571,-0.0169075553,2.6115964531,-0.2577381982,0.1040000000,0.0293938769,0.2316784870,2.4629629630,-0.2721655270
