Instance,INF_avg,INF_sd,INF_r1,INF_kr,INF_sk,SUP_avg,SUP_sd,SUP_r1,SUP_kr,SUP_sk,INC_avg,INC_sd,INC_r1,INC_kr,INC_sk,IND_avg,IND_sd,IND_r1,IND_kr,IND_sk
255,0.3785314685,0.0840326114,0.6615054709,1.9774201491,-0.1911228976,0.1127272727,0.0746851837,0.8364067284,2.4368404495,0.6225780747,0.5087412587,0.0463773988,-0.1670036024,3.3195324755,0.3544300231,0.0704195804,0.0210850468,0.0641187516,2.6595169129,-0.1581784951
