Instance,INF_avg,INF_sd,INF_r1,INF_kr,INF_sk,SUP_avg,SUP_sd,SUP_r1,SUP_kr,SUP_sk,INC_avg,INC_sd,INC_r1,INC_kr,INC_sk,IND_avg,IND_sd,IND_r1,IND_kr,IND_sk
308,0.2850000000,0.0274226184,-0.4654255319,2.9021899049,-0.0116381642,0.2324000000,0.0291931499,-0.2509836032,2.7762781312,-0.3834452114,0.4826000000,0.0229399215,-0.3299627963,3.4445073645,0.4193830460,0.0308000000,0.0099679486,0.2258794166,3.3267229107,-0.0393531855
