Instance,INF_avg,INF_sd,INF_r1,INF_kr,INF_sk,SUP_avg,SUP_sd,SUP_r1,SUP_kr,SUP_sk,INC_avg,INC_sd,INC_r1,INC_kr,INC_sk,IND_avg,IND_sd,IND_r1,IND_kr,IND_sk
356,0.3000000000,0.0894427191,-0.2580645161,1.6015625000,0.3144470593,0.2900000000,0.0538516481,-0.0629921260,2.0535077289,-0.5570860145,0.4100000000,0.1067707825,-0.1545215101,2.0784856879,0.2932992410,0.2300000000,0.0640312424,-0.1218836565,2.0267697799,0.4913759825
