Instance,FV_avg_avg,FV_avg_sd,FV_sd_avg,FV_sd_sd,FV_r1_avg,FV_r1_sd,FV_kr_avg,FV_kr_sd,FV_sk_avg,FV_sk_sd,FD_avg_avg,FD_avg_sd,FD_sd_avg,FD_sd_sd,FD_r1_avg,FD_r1_sd,FD_kr_avg,FD_kr_sd,FD_sk_avg,FD_sk_sd,IN_avg_avg,IN_avg_sd,IN_sd_avg,IN_sd_sd,IN_r1_avg,IN_r1_sd,IN_kr_avg,IN_kr_sd,IN_sk_avg,IN_sk_sd
54,0.4988781942,0.3020904557,0.0006854413,0.0005340097,0.9059608603,0.0537406598,2.2518593717,0.4375323611,-0.1109824886,0.4403259571,-0.0000083657,0.0000157254,0.0000563551,0.0000338061,-0.0062576901,0.1543521877,2.9200719129,0.4735347150,-0.0498838950,0.3448458682,0.4918500000,0.0243788330,0.1130366727,0.0126277723,-0.0366113031,0.1264253157,2.8357127129,0.5912149444,-0.0446689023,0.3332808392
