Instance,INF_avg,INF_sd,INF_r1,INF_kr,INF_sk,SUP_avg,SUP_sd,SUP_r1,SUP_kr,SUP_sk,INC_avg,INC_sd,INC_r1,INC_kr,INC_sk,IND_avg,IND_sd,IND_r1,IND_kr,IND_sk
168,0.2425000000,0.0289870661,-0.1389658011,3.8896402643,0.1244027116,0.2779000000,0.0286546680,0.0507798647,2.3515088261,0.1813633487,0.4796000000,0.0341883021,-0.1220677261,2.6276192836,0.1144293555,0.0341500000,0.0107716062,-0.0852844471,2.3534503893,0.0041880616
