Instance,FV_avg_avg,FV_avg_sd,FV_sd_avg,FV_sd_sd,FV_r1_avg,FV_r1_sd,FV_kr_avg,FV_kr_sd,FV_sk_avg,FV_sk_sd,FD_avg_avg,FD_avg_sd,FD_sd_avg,FD_sd_sd,FD_r1_avg,FD_r1_sd,FD_kr_avg,FD_kr_sd,FD_sk_avg,FD_sk_sd,IN_avg_avg,IN_avg_sd,IN_sd_avg,IN_sd_sd,IN_r1_avg,IN_r1_sd,IN_kr_avg,IN_kr_sd,IN_sk_avg,IN_sk_sd
154,0.4994776224,0.3023088323,0.0006121761,0.0004510948,0.9571255475,0.0282903474,2.2990881033,0.6458458013,0.1812932052,0.3812520952,-0.0000018872,0.0000082875,0.0000194670,0.0000119817,0.0648994276,0.1162038394,2.8667577180,0.4984298544,-0.0531994404,0.2117700735,0.4971000000,0.0173441056,0.0733517144,0.0058905005,0.0525278510,0.1020989209,2.6704560393,0.3350900430,0.0512291941,0.1296672918
