Instance,INF_avg,INF_sd,INF_r1,INF_kr,INF_sk,SUP_avg,SUP_sd,SUP_r1,SUP_kr,SUP_sk,INC_avg,INC_sd,INC_r1,INC_kr,INC_sk,IND_avg,IND_sd,IND_r1,IND_kr,IND_sk
433,0.2395000000,0.0858181216,0.0193367710,2.4144423261,-0.1354411720,0.2755000000,0.1052366381,0.0083796012,2.8625060062,0.4718701518,0.4850000000,0.1047616342,-0.1254116933,2.9059054281,0.4259588553,0.2280000000,0.0742697785,0.0269318614,3.5900319776,0.5057801126
