Instance,FV_avg_avg,FV_avg_sd,FV_sd_avg,FV_sd_sd,FV_r1_avg,FV_r1_sd,FV_kr_avg,FV_kr_sd,FV_sk_avg,FV_sk_sd,FD_avg_avg,FD_avg_sd,FD_sd_avg,FD_sd_sd,FD_r1_avg,FD_r1_sd,FD_kr_avg,FD_kr_sd,FD_sk_avg,FD_sk_sd,IN_avg_avg,IN_avg_sd,IN_sd_avg,IN_sd_sd,IN_r1_avg,IN_r1_sd,IN_kr_avg,IN_kr_sd,IN_sk_avg,IN_sk_sd
307,0.4797936562,0.2917312179,0.0086160000,0.0054405315,0.9860949024,0.0044698552,1.8390734013,0.0887599082,0.2023736594,0.1366512460,-0.0001313259,0.0000890922,0.0001539844,0.0000962505,0.2139938484,0.2357652350,2.8663190387,0.3456434096,0.0085598595,0.3482850468,0.3782323848,0.0428188908,0.1665792016,0.0174286851,0.1664602402,0.1584789348,2.7522310748,0.3577223590,0.1073250529,0.3088281038
