Instance,FV_avg_avg,FV_avg_sd,FV_sd_avg,FV_sd_sd,FV_r1_avg,FV_r1_sd,FV_kr_avg,FV_kr_sd,FV_sk_avg,FV_sk_sd,FD_avg_avg,FD_avg_sd,FD_sd_avg,FD_sd_sd,FD_r1_avg,FD_r1_sd,FD_kr_avg,FD_kr_sd,FD_sk_avg,FD_sk_sd,IN_avg_avg,IN_avg_sd,IN_sd_avg,IN_sd_sd,IN_r1_avg,IN_r1_sd,IN_kr_avg,IN_kr_sd,IN_sk_avg,IN_sk_sd
388,0.5021192466,0.3054241805,0.0000665908,0.0000558646,0.0770319676,0.4304018078,1.7990751730,0.4374371837,0.0955220893,0.5497706661,0.0000023652,0.0000153083,0.0000165191,0.0000102947,-0.1877111322,0.4952499183,1.8451522044,0.5104333443,0.0500733026,0.5767078409,0.4970000000,0.0594222181,0.0924347249,0.0258035197,-0.2415322701,0.3372610702,2.1364499690,0.4946550286,-0.0341810585,0.5636888716
