Instance,FV_avg_avg,FV_avg_sd,FV_sd_avg,FV_sd_sd,FV_r1_avg,FV_r1_sd,FV_kr_avg,FV_kr_sd,FV_sk_avg,FV_sk_sd,FD_avg_avg,FD_avg_sd,FD_sd_avg,FD_sd_sd,FD_r1_avg,FD_r1_sd,FD_kr_avg,FD_kr_sd,FD_sk_avg,FD_sk_sd,IN_avg_avg,IN_avg_sd,IN_sd_avg,IN_sd_sd,IN_r1_avg,IN_r1_sd,IN_kr_avg,IN_kr_sd,IN_sk_avg,IN_sk_sd
136,0.4926905878,0.2997459491,0.0005891783,0.0004378101,0.6408151030,0.2317155207,2.0412811693,0.4700044873,0.1279051830,0.3972500551,0.0000103611,0.0000556420,0.0000672561,0.0000439610,-0.0137040559,0.2334268799,2.2526497356,0.5552518681,-0.0410223842,0.5211693872,0.5053000000,0.0428591880,0.0704765708,0.0156860756,-0.0554482923,0.2601828596,2.2573932388,0.5607536500,0.0543666428,0.2776249524
