Instance,INF_avg,INF_sd,INF_r1,INF_kr,INF_sk,SUP_avg,SUP_sd,SUP_r1,SUP_kr,SUP_sk,INC_avg,INC_sd,INC_r1,INC_kr,INC_sk,IND_avg,IND_sd,IND_r1,IND_kr,IND_sk
13,0.4274752475,0.0988000375,0.6973675811,2.5947883991,-0.5184542446,0.1100000000,0.0763719403,0.8284881228,3.9093775420,1.2035151246,0.4625247525,0.0532885094,0.0467144912,2.4014354746,-0.0814912465,0.0727227723,0.0210377402,-0.0411609445,2.8494939078,0.4331367275
