Instance,INF_avg,INF_sd,INF_r1,INF_kr,INF_sk,SUP_avg,SUP_sd,SUP_r1,SUP_kr,SUP_sk,INC_avg,INC_sd,INC_r1,INC_kr,INC_sk,IND_avg,IND_sd,IND_r1,IND_kr,IND_sk
181,0.3115384615,0.1024297999,0.0975182523,2.9127130550,0.1102254063,0.1807692308,0.0938768865,0.1714673049,2.5463546252,0.4953043198,0.5076923077,0.1161831344,-0.0710040465,2.7454799024,-0.0349090966,0.2423076923,0.0733043021,0.0878225441,2.6757085632,0.4136078312
