Instance,INF_avg,INF_sd,INF_r1,INF_kr,INF_sk,SUP_avg,SUP_sd,SUP_r1,SUP_kr,SUP_sk,INC_avg,INC_sd,INC_r1,INC_kr,INC_sk,IND_avg,IND_sd,IND_r1,IND_kr,IND_sk
84,0.2470000000,0.1146342008,-0.1040066951,3.6726503251,0.6112527149,0.2520000000,0.0899777750,0.0071007341,3.1728379993,0.1872662706,0.5010000000,0.1181058847,0.1018539132,3.2996531598,-0.1877728081,0.2140000000,0.0520000000,0.0055084348,2.5856325059,-0.3649294492
