Instance,INF_avg,INF_sd,INF_r1,INF_kr,INF_sk,SUP_avg,SUP_sd,SUP_r1,SUP_kr,SUP_sk,INC_avg,INC_sd,INC_r1,INC_kr,INC_sk,IND_avg,IND_sd,IND_r1,IND_kr,IND_sk
34,0.2192000000,0.0632404934,0.0662306671,3.0250638662,0.2264693832,0.2940000000,0.0647765390,0.2507776569,3.8017131936,-0.0197790779,0.4868000000,0.0795597888,0.1948218212,3.5341899854,0.3984128425,0.1232000000,0.0323382127,0.0143335930,3.0061851207,-0.2032072302
