Instance,INF_avg,INF_sd,INF_r1,INF_kr,INF_sk,SUP_avg,SUP_sd,SUP_r1,SUP_kr,SUP_sk,INC_avg,INC_sd,INC_r1,INC_kr,INC_sk,IND_avg,IND_sd,IND_r1,IND_kr,IND_sk
51,0.3338562092,0.0868408821,0.3873757121,3.5466246931,0.4349542846,0.1449673203,0.0653709794,0.3476542629,2.6345962051,0.2998040415,0.5211764706,0.0700041192,0.0145606729,3.7471414526,-0.5447038603,0.1313725490,0.0362103301,0.0362748743,3.0446364913,0.3450551546
