Instance,FV_avg_avg,FV_avg_sd,FV_sd_avg,FV_sd_sd,FV_r1_avg,FV_r1_sd,FV_kr_avg,FV_kr_sd,FV_sk_avg,FV_sk_sd,FD_avg_avg,FD_avg_sd,FD_sd_avg,FD_sd_sd,FD_r1_avg,FD_r1_sd,FD_kr_avg,FD_kr_sd,FD_sk_avg,FD_sk_sd,IN_avg_avg,IN_avg_sd,IN_sd_avg,IN_sd_sd,IN_r1_avg,IN_r1_sd,IN_kr_avg,IN_kr_sd,IN_sk_avg,IN_sk_sd
223,0.4769714839,0.2891318446,0.0127440672,0.0083799182,0.9896454318,0.0063276713,1.9179010157,0.1100107422,0.3303890995,0.1206864315,-0.0001645250,0.0001070846,0.0001082232,0.0000667233,0.5667553571,0.1394125317,2.6584845241,0.2645458799,0.3198645297,0.1556633575,0.3037315003,0.0363094885,0.1436218862,0.0122784168,0.4852221792,0.1443412361,2.8315831824,0.4657400463,0.3972925447,0.3017687850
