Instance,FV_avg_avg,FV_avg_sd,FV_sd_avg,FV_sd_sd,FV_r1_avg,FV_r1_sd,FV_kr_avg,FV_kr_sd,FV_sk_avg,FV_sk_sd,FD_avg_avg,FD_avg_sd,FD_sd_avg,FD_sd_sd,FD_r1_avg,FD_r1_sd,FD_kr_avg,FD_kr_sd,FD_sk_avg,FD_sk_sd,IN_avg_avg,IN_avg_sd,IN_sd_avg,IN_sd_sd,IN_r1_avg,IN_r1_sd,IN_kr_avg,IN_kr_sd,IN_sk_avg,IN_sk_sd
169,0.4952292621,0.3020173007,0.0001936112,0.0001575293,0.0493445936,0.4471711123,1.9810351494,0.4925791287,0.0486988240,0.5994477688,-0.0000016479,0.0000167872,0.0000189020,0.0000122783,-0.1654098245,0.5049531127,2.1058076957,0.5101416971,0.2119128485,0.6162911307,0.4909000000,0.0331932222,0.0469561907,0.0161714612,-0.1302579179,0.4193160666,1.9978833678,0.5468246522,0.1304308182,0.6922045261
