Instance,FV_avg_avg,FV_avg_sd,FV_sd_avg,FV_sd_sd,FV_r1_avg,FV_r1_sd,FV_kr_avg,FV_kr_sd,FV_sk_avg,FV_sk_sd,FD_avg_avg,FD_avg_sd,FD_sd_avg,FD_sd_sd,FD_r1_avg,FD_r1_sd,FD_kr_avg,FD_kr_sd,FD_sk_avg,FD_sk_sd,IN_avg_avg,IN_avg_sd,IN_sd_avg,IN_sd_sd,IN_r1_avg,IN_r1_sd,IN_kr_avg,IN_kr_sd,IN_sk_avg,IN_sk_sd
80,0.4569003715,0.2770160475,0.0185406096,0.0112315910,0.9783788201,0.0067253885,2.4146119153,0.1853837480,0.7849929839,0.1117969185,-0.0005205637,0.0003205155,0.0002145762,0.0001295866,0.9560075318,0.0155945462,2.4694966923,0.3184319945,0.7769726084,0.1581140327,0.1484023272,0.0181495788,0.1419136231,0.0094912879,0.9499449222,0.0135021946,2.7638676294,0.3269253241,0.9707115365,0.1444226662
