Instance,FV_avg_avg,FV_avg_sd,FV_sd_avg,FV_sd_sd,FV_r1_avg,FV_r1_sd,FV_kr_avg,FV_kr_sd,FV_sk_avg,FV_sk_sd,FD_avg_avg,FD_avg_sd,FD_sd_avg,FD_sd_sd,FD_r1_avg,FD_r1_sd,FD_kr_avg,FD_kr_sd,FD_sk_avg,FD_sk_sd,IN_avg_avg,IN_avg_sd,IN_sd_avg,IN_sd_sd,IN_r1_avg,IN_r1_sd,IN_kr_avg,IN_kr_sd,IN_sk_avg,IN_sk_sd
16,0.4864202421,0.2953000462,0.0035085854,0.0029204803,0.8265894186,0.1266537038,2.1487594495,0.5411589575,0.0201390922,0.4905987885,0.0000063075,0.0001504072,0.0003801250,0.0002309757,-0.0083106486,0.2176933276,2.8295670734,0.8710561375,0.0154076297,0.4396743112,0.4986000000,0.0422142156,0.1109339464,0.0144796251,-0.0182764947,0.1604748323,2.6756578341,0.5523276149,0.0100627522,0.3668871347
