Instance,INF_avg,INF_sd,INF_r1,INF_kr,INF_sk,SUP_avg,SUP_sd,SUP_r1,SUP_kr,SUP_sk,INC_avg,INC_sd,INC_r1,INC_kr,INC_sk,IND_avg,IND_sd,IND_r1,IND_kr,IND_sk
422,0.2437500000,0.1273221799,-0.1489556335,1.9691275947,0.4123397827,0.2187500000,0.1589762168,0.3601402432,3.0610641434,0.9045271221,0.5375000000,0.1452368755,0.1320944249,1.8460905350,-0.5469991294,0.3875000000,0.1408678459,0.0223752151,2.5393390787,0.4904915509
