Instance,FV_avg_avg,FV_avg_sd,FV_sd_avg,FV_sd_sd,FV_r1_avg,FV_r1_sd,FV_kr_avg,FV_kr_sd,FV_sk_avg,FV_sk_sd,FD_avg_avg,FD_avg_sd,FD_sd_avg,FD_sd_sd,FD_r1_avg,FD_r1_sd,FD_kr_avg,FD_kr_sd,FD_sk_avg,FD_sk_sd,IN_avg_avg,IN_avg_sd,IN_sd_avg,IN_sd_sd,IN_r1_avg,IN_r1_sd,IN_kr_avg,IN_kr_sd,IN_sk_avg,IN_sk_sd
16,0.4881334706,0.2969438794,0.0016169343,0.0010596943,0.4510506481,0.2977827616,2.3884479795,0.6804685250,-0.2818953834,0.5423208205,0.0000741483,0.0003158609,0.0004640147,0.0002802460,-0.0812067448,0.3104051608,2.4723013076,0.6013170518,0.1141584704,0.3868410589,0.5130000000,0.0697208721,0.1474952252,0.0333939896,-0.0628054750,0.2587814394,2.3192897353,0.4313404861,0.0554485689,0.4572811444
