Instance,INF_avg,INF_sd,INF_r1,INF_kr,INF_sk,SUP_avg,SUP_sd,SUP_r1,SUP_kr,SUP_sk,INC_avg,INC_sd,INC_r1,INC_kr,INC_sk,IND_avg,IND_sd,IND_r1,IND_kr,IND_sk
160,0.2441000000,0.0491140509,0.0816501223,2.6365458095,-0.1067662645,0.2470000000,0.0481975103,0.2138156285,2.8980747838,0.0042335484,0.5089000000,0.0607436416,0.1693854121,2.8288611505,0.1879596535,0.0611000000,0.0187560657,-0.0686958526,2.4544255370,0.2133555787
