Instance,INF_avg,INF_sd,INF_r1,INF_kr,INF_sk,SUP_avg,SUP_sd,SUP_r1,SUP_kr,SUP_sk,INC_avg,INC_sd,INC_r1,INC_kr,INC_sk,IND_avg,IND_sd,IND_r1,IND_kr,IND_sk
C,0.2416000000,0.0618177968,-0.0693363781,2.5749764794,0.3314227544,0.3484000000,0.0838178979,0.0559603948,3.3631902033,0.2746439965,0.4100000000,0.0771751255,0.0734845919,3.9324082898,0.0710097717,0.1036000000,0.0258271175,0.1420315513,3.0091558610,0.4428509279
