Instance,INF_avg,INF_sd,INF_r1,INF_kr,INF_sk,SUP_avg,SUP_sd,SUP_r1,SUP_kr,SUP_sk,INC_avg,INC_sd,INC_r1,INC_kr,INC_sk,IND_avg,IND_sd,IND_r1,IND_kr,IND_sk
475,0.2648000000,0.0585914670,0.1704498232,3.4595542910,0.5555015551,0.2336000000,0.0639299617,-0.2146001561,2.2037412230,-0.3110278142,0.5016000000,0.0717595987,0.0531898455,2.2841551645,-0.0599732171,0.1240000000,0.0415692194,0.0339824360,3.7170781893,0.4276668661
