Instance,FV_avg_avg,FV_avg_sd,FV_sd_avg,FV_sd_sd,FV_r1_avg,FV_r1_sd,FV_kr_avg,FV_kr_sd,FV_sk_avg,FV_sk_sd,FD_avg_avg,FD_avg_sd,FD_sd_avg,FD_sd_sd,FD_r1_avg,FD_r1_sd,FD_kr_avg,FD_kr_sd,FD_sk_avg,FD_sk_sd,IN_avg_avg,IN_avg_sd,IN_sd_avg,IN_sd_sd,IN_r1_avg,IN_r1_sd,IN_kr_avg,IN_kr_sd,IN_sk_avg,IN_sk_sd
217,0.4931695761,0.2991579539,0.0006214892,0.0004581571,-0.0003691166,0.3780147762,1.9697452684,0.4986390032,0.0437433391,0.5820946012,-0.0000541427,0.0000995857,0.0000790431,0.0000720918,-0.2269074728,0.4187362239,2.1122366469,0.5530163405,-0.0275544181,0.6372888276,0.4750000000,0.0455477771,0.0464175189,0.0164260140,-0.2496070881,0.3227398530,1.9576078705,0.4102046418,0.0005056064,0.5727705802
