Instance,FV_avg_avg,FV_avg_sd,FV_sd_avg,FV_sd_sd,FV_r1_avg,FV_r1_sd,FV_kr_avg,FV_kr_sd,FV_sk_avg,FV_sk_sd,FD_avg_avg,FD_avg_sd,FD_sd_avg,FD_sd_sd,FD_r1_avg,FD_r1_sd,FD_kr_avg,FD_kr_sd,FD_sk_avg,FD_sk_sd,IN_avg_avg,IN_avg_sd,IN_sd_avg,IN_sd_sd,IN_r1_avg,IN_r1_sd,IN_kr_avg,IN_kr_sd,IN_sk_avg,IN_sk_sd
171,0.4834226796,0.2930588957,0.0093268555,0.0067526140,0.9928595891,0.0033925113,1.8612481997,0.0702735336,0.1738858645,0.0877543677,-0.0000725799,0.0000508755,0.0000988957,0.0000626839,0.1969009720,0.1209081874,2.8922027873,0.4707370636,0.0965399769,0.1785429060,0.3970241418,0.0240028189,0.1617719089,0.0112293748,0.1323326243,0.1006871694,2.8649269592,0.3399641382,0.0502785830,0.2786905379
