Instance,INF_avg,INF_sd,INF_r1,INF_kr,INF_sk,SUP_avg,SUP_sd,SUP_r1,SUP_kr,SUP_sk,INC_avg,INC_sd,INC_r1,INC_kr,INC_sk,IND_avg,IND_sd,IND_r1,IND_kr,IND_sk
390,0.1950000000,0.0329393382,0.0607028754,2.0808469069,0.5120430578,0.3300000000,0.0513809303,-0.2280701754,2.6756198347,0.6634934183,0.4750000000,0.0387943295,-0.5174708819,2.9185660202,-0.8221224115,0.0780000000,0.0146969385,-0.3842482100,1.7325102881,0.1587632241
