Instance,FV_avg_avg,FV_avg_sd,FV_sd_avg,FV_sd_sd,FV_r1_avg,FV_r1_sd,FV_kr_avg,FV_kr_sd,FV_sk_avg,FV_sk_sd,FD_avg_avg,FD_avg_sd,FD_sd_avg,FD_sd_sd,FD_r1_avg,FD_r1_sd,FD_kr_avg,FD_kr_sd,FD_sk_avg,FD_sk_sd,IN_avg_avg,IN_avg_sd,IN_sd_avg,IN_sd_sd,IN_r1_avg,IN_r1_sd,IN_kr_avg,IN_kr_sd,IN_sk_avg,IN_sk_sd
464,0.4380142288,0.2664229419,0.0273379831,0.0171901602,0.9617498869,0.0125725711,2.2840645620,0.2261795641,0.7256784213,0.1422352145,-0.0014690899,0.0008865553,0.0006479540,0.0004066583,0.9310474449,0.0251393734,2.8437793592,0.5266691962,0.9364682667,0.2228101112,0.1368814305,0.0166195446,0.1460692426,0.0181501012,0.9139097069,0.0221590540,3.4559239592,0.7013962327,1.2225015464,0.2453868288
