Instance,FV_avg_avg,FV_avg_sd,FV_sd_avg,FV_sd_sd,FV_r1_avg,FV_r1_sd,FV_kr_avg,FV_kr_sd,FV_sk_avg,FV_sk_sd,FD_avg_avg,FD_avg_sd,FD_sd_avg,FD_sd_sd,FD_r1_avg,FD_r1_sd,FD_kr_avg,FD_kr_sd,FD_sk_avg,FD_sk_sd,IN_avg_avg,IN_avg_sd,IN_sd_avg,IN_sd_sd,IN_r1_avg,IN_r1_sd,IN_kr_avg,IN_kr_sd,IN_sk_avg,IN_sk_sd
23,0.4863701114,0.2972641974,0.0077079655,0.0049769567,0.9887293015,0.0076454081,1.8303370589,0.0748048718,0.1862432942,0.0748539120,-0.0000904492,0.0000522589,0.0001131915,0.0000730726,0.1545444065,0.1592481325,2.9381151288,0.3647425746,0.0313975449,0.2378015949,0.3826384837,0.0340510154,0.1654319053,0.0115107258,0.1125670972,0.1603897954,2.8652762230,0.4331722749,0.1647388314,0.3733971596
