Instance,FV_avg_avg,FV_avg_sd,FV_sd_avg,FV_sd_sd,FV_r1_avg,FV_r1_sd,FV_kr_avg,FV_kr_sd,FV_sk_avg,FV_sk_sd,FD_avg_avg,FD_avg_sd,FD_sd_avg,FD_sd_sd,FD_r1_avg,FD_r1_sd,FD_kr_avg,FD_kr_sd,FD_sk_avg,FD_sk_sd,IN_avg_avg,IN_avg_sd,IN_sd_avg,IN_sd_sd,IN_r1_avg,IN_r1_sd,IN_kr_avg,IN_kr_sd,IN_sk_avg,IN_sk_sd
33,0.5025889464,0.3054713316,0.0005225276,0.0004586413,0.9105491851,0.0715416601,2.5160168115,0.6264955564,-0.0007675221,0.4580253997,-0.0000013881,0.0000086508,0.0000155820,0.0000097399,-0.0045950853,0.1685792480,2.8285640267,0.3963152754,-0.1028355595,0.3071765648,0.4990100000,0.0193400595,0.0500469630,0.0060649400,0.0060553410,0.1297789751,2.7532733597,0.4978631417,-0.0580964888,0.2973697444
