Instance,FV_avg_avg,FV_avg_sd,FV_sd_avg,FV_sd_sd,FV_r1_avg,FV_r1_sd,FV_kr_avg,FV_kr_sd,FV_sk_avg,FV_sk_sd,FD_avg_avg,FD_avg_sd,FD_sd_avg,FD_sd_sd,FD_r1_avg,FD_r1_sd,FD_kr_avg,FD_kr_sd,FD_sk_avg,FD_sk_sd,IN_avg_avg,IN_avg_sd,IN_sd_avg,IN_sd_sd,IN_r1_avg,IN_r1_sd,IN_kr_avg,IN_kr_sd,IN_sk_avg,IN_sk_sd
488,0.4988772886,0.3023845489,0.0015153676,0.0009687882,0.4964573008,0.2967187610,2.0967639507,0.6298119320,-0.2122137627,0.4179748346,0.0000209224,0.0001905498,0.0001328360,0.0000766449,-0.0573910738,0.2770382814,2.3904950367,0.8218075406,0.0856561700,0.5385876702,0.5127500000,0.0454894218,0.0489564359,0.0088270827,-0.0711383069,0.3086897307,2.6213026260,0.6493135430,0.0593897559,0.5792732500
