Instance,INF_avg,INF_sd,INF_r1,INF_kr,INF_sk,SUP_avg,SUP_sd,SUP_r1,SUP_kr,SUP_sk,INC_avg,INC_sd,INC_r1,INC_kr,INC_sk,IND_avg,IND_sd,IND_r1,IND_kr,IND_sk
351,0.2520000000,0.1438610441,-0.0134316813,2.5297337988,0.0506544722,0.2700000000,0.1276714533,-0.0867528574,2.9299183259,0.4295919278,0.4780000000,0.1466833324,-0.1632101663,2.2060506315,-0.1296866276,0.3490000000,0.1062967544,-0.0443871565,2.9080861214,0.2259678378
