Instance,FV_avg_avg,FV_avg_sd,FV_sd_avg,FV_sd_sd,FV_r1_avg,FV_r1_sd,FV_kr_avg,FV_kr_sd,FV_sk_avg,FV_sk_sd,FD_avg_avg,FD_avg_sd,FD_sd_avg,FD_sd_sd,FD_r1_avg,FD_r1_sd,FD_kr_avg,FD_kr_sd,FD_sk_avg,FD_sk_sd,IN_avg_avg,IN_avg_sd,IN_sd_avg,IN_sd_sd,IN_r1_avg,IN_r1_sd,IN_kr_avg,IN_kr_sd,IN_sk_avg,IN_sk_sd
262,0.5002706205,0.3040414371,0.0004269479,0.0002810683,0.7580071087,0.1697434536,2.5447998113,0.7975980148,0.1455711300,0.4483134983,0.0000014780,0.0000159504,0.0000187830,0.0000120035,0.0249938494,0.2464322420,2.8584237826,0.8526595715,-0.1054606474,0.5248351658,0.5017400000,0.0196159221,0.0336111016,0.0034178720,0.0402452030,0.2130641062,2.9854103923,0.7439270061,-0.1650053572,0.5755997485
