Instance,INF_avg,INF_sd,INF_r1,INF_kr,INF_sk,SUP_avg,SUP_sd,SUP_r1,SUP_kr,SUP_sk,INC_avg,INC_sd,INC_r1,INC_kr,INC_sk,IND_avg,IND_sd,IND_r1,IND_kr,IND_sk
E,0.2420000000,0.0460434577,0.0954274354,1.9502954788,-0.1135924393,0.2296000000,0.0566024734,0.0602126604,2.1036937856,-0.0240167722,0.5284000000,0.0597782569,0.1540430826,2.5661872331,0.0413671735,0.0632000000,0.0143443369,-0.2295596497,3.5221163916,-0.4093063815
