Instance,FV_avg_avg,FV_avg_sd,FV_sd_avg,FV_sd_sd,FV_r1_avg,FV_r1_sd,FV_kr_avg,FV_kr_sd,FV_sk_avg,FV_sk_sd,FD_avg_avg,FD_avg_sd,FD_sd_avg,FD_sd_sd,FD_r1_avg,FD_r1_sd,FD_kr_avg,FD_kr_sd,FD_sk_avg,FD_sk_sd,IN_avg_avg,IN_avg_sd,IN_sd_avg,IN_sd_sd,IN_r1_avg,IN_r1_sd,IN_kr_avg,IN_kr_sd,IN_sk_avg,IN_sk_sd
56,0.4613729107,0.3129763993,0.0176744832,0.0124200405,0.9934637333,0.0038571178,2.1448346597,0.3099955145,0.5351602565,0.2464489143,-0.0001173617,0.0000813164,0.0000532508,0.0000354156,0.8893750640,0.2108531773,2.3258544538,0.3952302452,0.5671672456,0.2659122122,0.2031302060,0.0989395973,0.1274452893,0.0343356839,0.8403215484,0.3283177159,2.5554949443,0.3730650412,0.6759933280,0.3411702301
