Instance,INF_avg,INF_sd,INF_r1,INF_kr,INF_sk,SUP_avg,SUP_sd,SUP_r1,SUP_kr,SUP_sk,INC_avg,INC_sd,INC_r1,INC_kr,INC_sk,IND_avg,IND_sd,IND_r1,IND_kr,IND_sk
142,0.2480000000,0.0640000000,0.1632818846,1.6707153320,0.1479492188,0.2080000000,0.0652380257,-0.5357852883,1.2872689242,-0.3236269296,0.5440000000,0.0823650411,0.0120060030,2.8077830189,1.1112518204,0.1000000000,0.0219089023,-0.2000000000,2.5000000000,0.9128709292
