Instance,INF_avg,INF_sd,INF_r1,INF_kr,INF_sk,SUP_avg,SUP_sd,SUP_r1,SUP_kr,SUP_sk,INC_avg,INC_sd,INC_r1,INC_kr,INC_sk,IND_avg,IND_sd,IND_r1,IND_kr,IND_sk
128,0.2780000000,0.0442266888,-0.9388710540,2.1829669916,0.7229901448,0.2340000000,0.0372021505,-1.2074882995,2.4073808012,0.7327564471,0.4880000000,0.0271293199,-0.3364123957,1.3753322897,0.2641334500,0.0280000000,0.0081240384,0.1900311526,2.2685950413,-0.1790421687
