Instance,INF_avg,INF_sd,INF_r1,INF_kr,INF_sk,SUP_avg,SUP_sd,SUP_r1,SUP_kr,SUP_sk,INC_avg,INC_sd,INC_r1,INC_kr,INC_sk,IND_avg,IND_sd,IND_r1,IND_kr,IND_sk
481,0.2534000000,0.0508767137,0.2217667924,2.9383712734,-0.0911327483,0.2517000000,0.0499010020,0.0230079412,2.8896947717,0.2714131799,0.4949000000,0.0494063761,0.0888098873,2.0990895057,0.1244588682,0.0639000000,0.0183790642,-0.0047198983,2.4409085066,-0.2547349754
