Instance,INF_avg,INF_sd,INF_r1,INF_kr,INF_sk,SUP_avg,SUP_sd,SUP_r1,SUP_kr,SUP_sk,INC_avg,INC_sd,INC_r1,INC_kr,INC_sk,IND_avg,IND_sd,IND_r1,IND_kr,IND_sk
121,0.2360000000,0.0293938769,-0.4765100671,1.5781893004,0.3477670622,0.2880000000,0.1128538878,-0.0538907076,2.6913019873,1.0916414335,0.4760000000,0.1022936948,0.1184124919,1.9830962601,-0.7809856551,0.1160000000,0.0233238076,-0.0064935065,2.6660899654,1.1500493357
