Instance,FV_avg_avg,FV_avg_sd,FV_sd_avg,FV_sd_sd,FV_r1_avg,FV_r1_sd,FV_kr_avg,FV_kr_sd,FV_sk_avg,FV_sk_sd,FD_avg_avg,FD_avg_sd,FD_sd_avg,FD_sd_sd,FD_r1_avg,FD_r1_sd,FD_kr_avg,FD_kr_sd,FD_sk_avg,FD_sk_sd,IN_avg_avg,IN_avg_sd,IN_sd_avg,IN_sd_sd,IN_r1_avg,IN_r1_sd,IN_kr_avg,IN_kr_sd,IN_sk_avg,IN_sk_sd
111,0.4976212408,0.3014299850,0.0012569271,0.0008485247,0.9438957487,0.0311269837,2.3371079787,0.6252644852,0.0640447752,0.4385028327,-0.0000015557,0.0000233964,0.0000880107,0.0000535564,0.0810679808,0.1348520269,2.9297325838,0.4294220916,-0.0083412209,0.1968652949,0.4967500000,0.0223206743,0.1138617539,0.0068356415,0.0385110916,0.0890325617,2.7595128670,0.3125689611,-0.0678851103,0.2082415605
