Instance,INF_avg,INF_sd,INF_r1,INF_kr,INF_sk,SUP_avg,SUP_sd,SUP_r1,SUP_kr,SUP_sk,INC_avg,INC_sd,INC_r1,INC_kr,INC_sk,IND_avg,IND_sd,IND_r1,IND_kr,IND_sk
333,0.3100000000,0.1513274595,-0.0074675750,2.7180450411,-0.0657932930,0.2350000000,0.1259960317,0.0143847405,3.1362465125,0.2800988103,0.4550000000,0.1663580476,-0.0056158945,3.7719439977,-0.2699307289,0.3590000000,0.1105395857,0.0856183300,3.4219997486,0.4604025587
