Instance,INF_avg,INF_sd,INF_r1,INF_kr,INF_sk,SUP_avg,SUP_sd,SUP_r1,SUP_kr,SUP_sk,INC_avg,INC_sd,INC_r1,INC_kr,INC_sk,IND_avg,IND_sd,IND_r1,IND_kr,IND_sk
501,0.7826666667,0.1993394648,0.8419873706,4.0184832257,-1.3449622201,0.1000000000,0.0937905468,0.8095706971,4.0417450603,1.1904514060,0.1173333333,0.1093978468,0.8169761855,4.2356663069,1.5156030692,0.0181666667,0.0055502753,0.4510747412,2.0441465475,0.1740518120
