Instance,FV_avg_avg,FV_avg_sd,FV_sd_avg,FV_sd_sd,FV_r1_avg,FV_r1_sd,FV_kr_avg,FV_kr_sd,FV_sk_avg,FV_sk_sd,FD_avg_avg,FD_avg_sd,FD_sd_avg,FD_sd_sd,FD_r1_avg,FD_r1_sd,FD_kr_avg,FD_kr_sd,FD_sk_avg,FD_sk_sd,IN_avg_avg,IN_avg_sd,IN_sd_avg,IN_sd_sd,IN_r1_avg,IN_r1_sd,IN_kr_avg,IN_kr_sd,IN_sk_avg,IN_sk_sd
349,0.4635310070,0.3014509084,0.0169446940,0.0122026583,0.9835796859,0.0391697524,2.1554787292,0.1480066767,0.5817975488,0.1986255118,-0.0000800745,0.0000549039,0.0000373227,0.0000255896,0.8442815834,0.3048030074,2.1647831079,0.1497260167,0.5022247301,0.2031818444,0.2180908398,0.0791632130,0.1342664225,0.0362647614,0.8348614749,0.3047517764,2.2315610446,0.1372735786,0.5381206006,0.4146377272
