Instance,INF_avg,INF_sd,INF_r1,INF_kr,INF_sk,SUP_avg,SUP_sd,SUP_r1,SUP_kr,SUP_sk,INC_avg,INC_sd,INC_r1,INC_kr,INC_sk,IND_avg,IND_sd,IND_r1,IND_kr,IND_sk
113,0.5554838710,0.1476829365,0.9436935335,1.7628550108,-0.1829846967,0.0658870968,0.0664753422,0.9287522764,2.3368424268,0.8347050658,0.3786290323,0.0896506182,0.8738175930,1.9332954438,-0.2124567422,0.0408870968,0.0093981893,0.2075769896,2.9991627032,0.5150526548
