Instance,INF_avg,INF_sd,INF_r1,INF_kr,INF_sk,SUP_avg,SUP_sd,SUP_r1,SUP_kr,SUP_sk,INC_avg,INC_sd,INC_r1,INC_kr,INC_sk,IND_avg,IND_sd,IND_r1,IND_kr,IND_sk
276,0.2448000000,0.0321552484,-0.1214229424,2.9332490197,-0.1069146170,0.2165000000,0.0300208261,-0.2310664911,2.7692462118,0.2189326209,0.5387000000,0.0348684671,-0.2710207274,2.4384441344,0.3485529631,0.0389000000,0.0101631688,0.0299248362,3.3433654324,-0.5718598535
