Instance,INF_avg,INF_sd,INF_r1,INF_kr,INF_sk,SUP_avg,SUP_sd,SUP_r1,SUP_kr,SUP_sk,INC_avg,INC_sd,INC_r1,INC_kr,INC_sk,IND_avg,IND_sd,IND_r1,IND_kr,IND_sk
359,0.2360000000,0.1646329250,-0.0702616481,2.7659751969,0.7588417831,0.2800000000,0.1200000000,0.2324805339,2.1481481481,-0.0277777778,0.4840000000,0.1736202753,-0.1271048343,2.4895736135,0.1091040498,0.4200000000,0.1414213562,-0.0341555977,2.1032000000,0.5769991334
