Instance,INF_avg,INF_sd,INF_r1,INF_kr,INF_sk,SUP_avg,SUP_sd,SUP_r1,SUP_kr,SUP_sk,INC_avg,INC_sd,INC_r1,INC_kr,INC_sk,IND_avg,IND_sd,IND_r1,IND_kr,IND_sk
2,0.2180000000,0.0810925397,-0.3591161623,2.1309117872,-0.2549128800,0.2580000000,0.0934665716,0.0001674138,2.2658822405,-0.0492036995,0.5240000000,0.0960416576,-0.1959621605,2.5374700337,-0.0541287233,0.2400000000,0.0692820323,0.0909090909,2.2291666667,0.0000000000
