Instance,FV_avg_avg,FV_avg_sd,FV_sd_avg,FV_sd_sd,FV_r1_avg,FV_r1_sd,FV_kr_avg,FV_kr_sd,FV_sk_avg,FV_sk_sd,FD_avg_avg,FD_avg_sd,FD_sd_avg,FD_sd_sd,FD_r1_avg,FD_r1_sd,FD_kr_avg,FD_kr_sd,FD_sk_avg,FD_sk_sd,IN_avg_avg,IN_avg_sd,IN_sd_avg,IN_sd_sd,IN_r1_avg,IN_r1_sd,IN_kr_avg,IN_kr_sd,IN_sk_avg,IN_sk_sd
119,0.4972698801,0.3020356724,0.0007395133,0.0005856462,0.9375473052,0.0503137655,2.4307006049,0.4103938422,-0.1467681123,0.5038496698,-0.0000043098,0.0000127087,0.0000231112,0.0000138551,0.0713769632,0.1177184534,2.8803221078,0.5523317317,-0.0556625396,0.2113355372,0.4961100000,0.0187864552,0.0509965705,0.0026242714,0.0365695310,0.0866951651,3.0360782125,0.5102272356,-0.0108106911,0.3193557490
