Instance,INF_avg,INF_sd,INF_r1,INF_kr,INF_sk,SUP_avg,SUP_sd,SUP_r1,SUP_kr,SUP_sk,INC_avg,INC_sd,INC_r1,INC_kr,INC_sk,IND_avg,IND_sd,IND_r1,IND_kr,IND_sk
39,0.4364052288,0.0933586407,0.8630754411,1.9979102884,-0.1413180357,0.0863398693,0.0609725282,0.8776062199,2.5455823580,0.7002542284,0.4772549020,0.0478523778,0.4264809525,2.5607057414,-0.0310841552,0.0435294118,0.0129967612,0.0825175911,3.6750798254,0.6099611905
