Instance,FV_avg_avg,FV_avg_sd,FV_sd_avg,FV_sd_sd,FV_r1_avg,FV_r1_sd,FV_kr_avg,FV_kr_sd,FV_sk_avg,FV_sk_sd,FD_avg_avg,FD_avg_sd,FD_sd_avg,FD_sd_sd,FD_r1_avg,FD_r1_sd,FD_kr_avg,FD_kr_sd,FD_sk_avg,FD_sk_sd,IN_avg_avg,IN_avg_sd,IN_sd_avg,IN_sd_sd,IN_r1_avg,IN_r1_sd,IN_kr_avg,IN_kr_sd,IN_sk_avg,IN_sk_sd
3,0.4907955464,0.2989845951,0.0014543387,0.0009968306,0.9358909979,0.0492203830,2.3002377970,0.4467327766,-0.0684105166,0.4071616794,0.0000044079,0.0000211965,0.0000305489,0.0000190541,0.1192991532,0.1343403640,2.9986414394,0.5847355883,0.0129044514,0.1849756715,0.5011625000,0.0174559007,0.0370965993,0.0029359744,0.0821452290,0.1195508617,2.9851447547,0.5570704244,0.0289400144,0.2314767397
