Instance,FV_avg_avg,FV_avg_sd,FV_sd_avg,FV_sd_sd,FV_r1_avg,FV_r1_sd,FV_kr_avg,FV_kr_sd,FV_sk_avg,FV_sk_sd,FD_avg_avg,FD_avg_sd,FD_sd_avg,FD_sd_sd,FD_r1_avg,FD_r1_sd,FD_kr_avg,FD_kr_sd,FD_sk_avg,FD_sk_sd,IN_avg_avg,IN_avg_sd,IN_sd_avg,IN_sd_sd,IN_r1_avg,IN_r1_sd,IN_kr_avg,IN_kr_sd,IN_sk_avg,IN_sk_sd
169,0.4977744181,0.3032498369,0.0005732187,0.0004582998,0.8759102002,0.0834470849,2.3773840828,0.5537283114,0.1483991280,0.4449390865,0.0000053792,0.0000114288,0.0000226958,0.0000145102,0.0266000986,0.1448565437,2.8441036642,0.4325356718,0.0254446025,0.3053912802,0.5020800000,0.0165496103,0.0477475743,0.0044668942,-0.0094461904,0.1331388404,2.8685219734,0.4554576355,-0.0142821095,0.2863475380
