Instance,FV_avg_avg,FV_avg_sd,FV_sd_avg,FV_sd_sd,FV_r1_avg,FV_r1_sd,FV_kr_avg,FV_kr_sd,FV_sk_avg,FV_sk_sd,FD_avg_avg,FD_avg_sd,FD_sd_avg,FD_sd_sd,FD_r1_avg,FD_r1_sd,FD_kr_avg,FD_kr_sd,FD_sk_avg,FD_sk_sd,IN_avg_avg,IN_avg_sd,IN_sd_avg,IN_sd_sd,IN_r1_avg,IN_r1_sd,IN_kr_avg,IN_kr_sd,IN_sk_avg,IN_sk_sd
332,0.4956421139,0.2998716579,0.0018015656,0.0011455302,0.8930029410,0.0587307057,2.4239068434,0.6671861255,-0.0318629390,0.4956922197,-0.0000383454,0.0000785024,0.0000906206,0.0000555355,0.1422521341,0.1983293130,2.9149172661,0.4592311408,-0.0152197939,0.3395741367,0.4944000000,0.0350755755,0.0530758999,0.0061394503,0.0904372120,0.1672144958,2.9427270825,0.4762762043,-0.0522906313,0.3061094972
