Instance,INF_avg,INF_sd,INF_r1,INF_kr,INF_sk,SUP_avg,SUP_sd,SUP_r1,SUP_kr,SUP_sk,INC_avg,INC_sd,INC_r1,INC_kr,INC_sk,IND_avg,IND_sd,IND_r1,IND_kr,IND_sk
244,0.4722402597,0.1576872647,0.9541348892,1.8701464400,-0.1067854762,0.0983441558,0.0825940141,0.9013209666,3.2439169478,1.0395025303,0.4294155844,0.0879878756,0.8733840242,2.0394840918,-0.3413349234,0.0407142857,0.0105748503,0.0957759273,2.7476019371,0.2033935365
