Instance,FV_avg_avg,FV_avg_sd,FV_sd_avg,FV_sd_sd,FV_r1_avg,FV_r1_sd,FV_kr_avg,FV_kr_sd,FV_sk_avg,FV_sk_sd,FD_avg_avg,FD_avg_sd,FD_sd_avg,FD_sd_sd,FD_r1_avg,FD_r1_sd,FD_kr_avg,FD_kr_sd,FD_sk_avg,FD_sk_sd,IN_avg_avg,IN_avg_sd,IN_sd_avg,IN_sd_sd,IN_r1_avg,IN_r1_sd,IN_kr_avg,IN_kr_sd,IN_sk_avg,IN_sk_sd
343,0.5033477075,0.3047483080,0.0003522655,0.0002694561,0.1002734982,0.4913902413,1.8764647508,0.5532376170,-0.0171920812,0.5986137229,-0.0000132143,0.0000512806,0.0000296430,0.0000191209,-0.1318546153,0.4208712192,1.9104130243,0.5313944449,0.0469908617,0.6096724884,0.4942500000,0.0318745588,0.0329661513,0.0111100345,-0.1486831326,0.4484507140,2.1885411362,0.4493965867,0.0514147324,0.7398586092
