Instance,FV_avg_avg,FV_avg_sd,FV_sd_avg,FV_sd_sd,FV_r1_avg,FV_r1_sd,FV_kr_avg,FV_kr_sd,FV_sk_avg,FV_sk_sd,FD_avg_avg,FD_avg_sd,FD_sd_avg,FD_sd_sd,FD_r1_avg,FD_r1_sd,FD_kr_avg,FD_kr_sd,FD_sk_avg,FD_sk_sd,IN_avg_avg,IN_avg_sd,IN_sd_avg,IN_sd_sd,IN_r1_avg,IN_r1_sd,IN_kr_avg,IN_kr_sd,IN_sk_avg,IN_sk_sd
364,0.4996657042,0.3032715693,0.0005312987,0.0003715903,0.8883104642,0.0707631898,2.4462802704,0.9047959243,-0.1328971829,0.5741709491,0.0000036639,0.0000130213,0.0000219904,0.0000133513,0.0179505982,0.1417909050,2.9228212229,0.5789585310,0.1223525626,0.3330660613,0.5033700000,0.0245256825,0.0496842953,0.0042549741,0.0054902781,0.1721561858,2.7299330597,0.4236607911,0.0943452336,0.3388043365
