Instance,INF_avg,INF_sd,INF_r1,INF_kr,INF_sk,SUP_avg,SUP_sd,SUP_r1,SUP_kr,SUP_sk,INC_avg,INC_sd,INC_r1,INC_kr,INC_sk,IND_avg,IND_sd,IND_r1,IND_kr,IND_sk
202,0.2312500000,0.0747391296,-0.4610472542,1.9543742970,0.6561283463,0.2500000000,0.1479019946,-0.4222222222,2.3085714286,0.0000000000,0.5187500000,0.0998044964,-0.0256410256,3.3453748558,-0.9945915211,0.2250000000,0.0559016994,0.1282051282,3.5600000000,-1.0733126292
