Instance,FV_avg_avg,FV_avg_sd,FV_sd_avg,FV_sd_sd,FV_r1_avg,FV_r1_sd,FV_kr_avg,FV_kr_sd,FV_sk_avg,FV_sk_sd,FD_avg_avg,FD_avg_sd,FD_sd_avg,FD_sd_sd,FD_r1_avg,FD_r1_sd,FD_kr_avg,FD_kr_sd,FD_sk_avg,FD_sk_sd,IN_avg_avg,IN_avg_sd,IN_sd_avg,IN_sd_sd,IN_r1_avg,IN_r1_sd,IN_kr_avg,IN_kr_sd,IN_sk_avg,IN_sk_sd
459,0.4949558492,0.3025006664,0.0002680232,0.0002095731,0.0569285141,0.4267610194,1.7696599317,0.5221992596,-0.0929093449,0.5633922690,-0.0000020396,0.0000509081,0.0000718739,0.0000468837,-0.3340529851,0.3954734031,1.8638339342,0.5138952027,-0.0046371383,0.5325486031,0.5035000000,0.0703757771,0.1020096947,0.0324657079,-0.2801859180,0.3390105263,1.9805700178,0.4774740768,0.0271988062,0.6174522094
