Instance,INF_avg,INF_sd,INF_r1,INF_kr,INF_sk,SUP_avg,SUP_sd,SUP_r1,SUP_kr,SUP_sk,INC_avg,INC_sd,INC_r1,INC_kr,INC_sk,IND_avg,IND_sd,IND_r1,IND_kr,IND_sk
404,0.2566000000,0.0473755211,-0.0163744449,3.1721307474,0.0781761835,0.2458000000,0.0413323118,0.0330879913,2.9654837936,-0.0977273792,0.4976000000,0.0469280300,-0.0162515273,3.3088554268,0.0403491217,0.0636000000,0.0184672683,0.0418596793,3.0388821014,0.4461857029
