Instance,FV_avg_avg,FV_avg_sd,FV_sd_avg,FV_sd_sd,FV_r1_avg,FV_r1_sd,FV_kr_avg,FV_kr_sd,FV_sk_avg,FV_sk_sd,FD_avg_avg,FD_avg_sd,FD_sd_avg,FD_sd_sd,FD_r1_avg,FD_r1_sd,FD_kr_avg,FD_kr_sd,FD_sk_avg,FD_sk_sd,IN_avg_avg,IN_avg_sd,IN_sd_avg,IN_sd_sd,IN_r1_avg,IN_r1_sd,IN_kr_avg,IN_kr_sd,IN_sk_avg,IN_sk_sd
112,0.5006461780,0.3043827216,0.0006976879,0.0005918385,0.1348073400,0.3658398121,2.0685263864,0.4675206232,0.0029432152,0.6426885914,-0.0000469360,0.0001516651,0.0001923562,0.0001252798,-0.2319638522,0.2827634621,1.6663641744,0.4524992965,0.1881223245,0.4292607198,0.4960000000,0.0826075057,0.1384732403,0.0467457135,-0.2132084980,0.2936259106,2.1622144775,0.4945426448,0.2158116225,0.6486138727
