Instance,INF_avg,INF_sd,INF_r1,INF_kr,INF_sk,SUP_avg,SUP_sd,SUP_r1,SUP_kr,SUP_sk,INC_avg,INC_sd,INC_r1,INC_kr,INC_sk,IND_avg,IND_sd,IND_r1,IND_kr,IND_sk
44,0.2704000000,0.0658774620,0.0184271868,3.0995794633,0.2774144155,0.2418000000,0.0602723817,0.1849256083,3.1136221049,0.4134969455,0.4878000000,0.0755722171,0.0237160277,3.4740119420,0.0067754170,0.1080000000,0.0339411255,0.1260309651,2.4403935185,0.2823516661
