Instance,FV_avg_avg,FV_avg_sd,FV_sd_avg,FV_sd_sd,FV_r1_avg,FV_r1_sd,FV_kr_avg,FV_kr_sd,FV_sk_avg,FV_sk_sd,FD_avg_avg,FD_avg_sd,FD_sd_avg,FD_sd_sd,FD_r1_avg,FD_r1_sd,FD_kr_avg,FD_kr_sd,FD_sk_avg,FD_sk_sd,IN_avg_avg,IN_avg_sd,IN_sd_avg,IN_sd_sd,IN_r1_avg,IN_r1_sd,IN_kr_avg,IN_kr_sd,IN_sk_avg,IN_sk_sd
477,0.4866484852,0.2940728560,0.0067105252,0.0051844204,0.9057223406,0.2204657290,1.9193074416,0.1425972038,0.2439279455,0.1415002704,-0.0003014886,0.0001905061,0.0002377730,0.0001581755,0.1795656596,0.2024024322,2.6923038684,0.4827882247,-0.0187020692,0.2431192357,0.3175459222,0.0848729562,0.1530577406,0.0407321418,0.1330434224,0.1822663033,2.6846297586,0.7866484405,0.0979393137,0.3761898786
