Instance,FV_avg_avg,FV_avg_sd,FV_sd_avg,FV_sd_sd,FV_r1_avg,FV_r1_sd,FV_kr_avg,FV_kr_sd,FV_sk_avg,FV_sk_sd,FD_avg_avg,FD_avg_sd,FD_sd_avg,FD_sd_sd,FD_r1_avg,FD_r1_sd,FD_kr_avg,FD_kr_sd,FD_sk_avg,FD_sk_sd,IN_avg_avg,IN_avg_sd,IN_sd_avg,IN_sd_sd,IN_r1_avg,IN_r1_sd,IN_kr_avg,IN_kr_sd,IN_sk_avg,IN_sk_sd
422,0.5017423152,0.3041168642,0.0001955446,0.0001200581,0.8344980537,0.1140554211,2.2184358506,0.5553110173,0.0696594358,0.3846585797,-0.0000012139,0.0000059315,0.0000244888,0.0000152239,-0.0343263171,0.2154889392,2.7850572442,0.7882688152,0.0938101390,0.4885817060,0.4967000000,0.0232058182,0.1083280418,0.0151866839,-0.0092819168,0.1718664437,2.6407409867,0.5033029157,0.1475295673,0.4171842936
