Instance,FV_avg_avg,FV_avg_sd,FV_sd_avg,FV_sd_sd,FV_r1_avg,FV_r1_sd,FV_kr_avg,FV_kr_sd,FV_sk_avg,FV_sk_sd,FD_avg_avg,FD_avg_sd,FD_sd_avg,FD_sd_sd,FD_r1_avg,FD_r1_sd,FD_kr_avg,FD_kr_sd,FD_sk_avg,FD_sk_sd,IN_avg_avg,IN_avg_sd,IN_sd_avg,IN_sd_sd,IN_r1_avg,IN_r1_sd,IN_kr_avg,IN_kr_sd,IN_sk_avg,IN_sk_sd
220,0.4949695548,0.3009648809,0.0010601694,0.0007183598,0.9540323848,0.0300186881,2.3644180316,0.5130765797,-0.0620185531,0.5799332437,0.0000064660,0.0000195517,0.0000329086,0.0000207100,0.1825592285,0.1575728905,2.8682504619,0.4068965614,0.0479171950,0.1770317807,0.5096350000,0.0262541097,0.0574206143,0.0048282045,0.1610147634,0.1281805595,2.9518354878,0.6089073744,-0.0057871136,0.2400441554
