Instance,FV_avg_avg,FV_avg_sd,FV_sd_avg,FV_sd_sd,FV_r1_avg,FV_r1_sd,FV_kr_avg,FV_kr_sd,FV_sk_avg,FV_sk_sd,FD_avg_avg,FD_avg_sd,FD_sd_avg,FD_sd_sd,FD_r1_avg,FD_r1_sd,FD_kr_avg,FD_kr_sd,FD_sk_avg,FD_sk_sd,IN_avg_avg,IN_avg_sd,IN_sd_avg,IN_sd_sd,IN_r1_avg,IN_r1_sd,IN_kr_avg,IN_kr_sd,IN_sk_avg,IN_sk_sd
298,0.4927198327,0.2994752423,0.0007705014,0.0006415859,-0.0727458569,0.4002329080,1.9373652809,0.5411078965,0.2400033161,0.5589032134,-0.0000005541,0.0001738064,0.0002628961,0.0002133118,-0.3168142111,0.3441971987,1.9885543303,0.4995485271,-0.0715728737,0.6081155745,0.5010000000,0.1020735029,0.1314879956,0.0423191094,-0.3807837210,0.3260172351,2.0537305916,0.6282071026,0.0126214463,0.7681612618
