Instance,INF_avg,INF_sd,INF_r1,INF_kr,INF_sk,SUP_avg,SUP_sd,SUP_r1,SUP_kr,SUP_sk,INC_avg,INC_sd,INC_r1,INC_kr,INC_sk,IND_avg,IND_sd,IND_r1,IND_kr,IND_sk
230,0.1800000000,0.0748331477,-0.3235294118,1.8469387755,0.3436215967,0.1800000000,0.0748331477,-0.0144927536,1.8469387755,0.3436215967,0.6400000000,0.0800000000,-0.7741935484,2.0781250000,-0.8437500000,0.3400000000,0.1019803903,0.0495867769,1.9556213018,0.2715454179
