Instance,FV_avg_avg,FV_avg_sd,FV_sd_avg,FV_sd_sd,FV_r1_avg,FV_r1_sd,FV_kr_avg,FV_kr_sd,FV_sk_avg,FV_sk_sd,FD_avg_avg,FD_avg_sd,FD_sd_avg,FD_sd_sd,FD_r1_avg,FD_r1_sd,FD_kr_avg,FD_kr_sd,FD_sk_avg,FD_sk_sd,IN_avg_avg,IN_avg_sd,IN_sd_avg,IN_sd_sd,IN_r1_avg,IN_r1_sd,IN_kr_avg,IN_kr_sd,IN_sk_avg,IN_sk_sd
104,0.4685940826,0.2846409848,0.0111989255,0.0067802242,0.9839131018,0.0030804735,2.4029685882,0.1436687146,0.7014354873,0.0785254843,-0.0003758222,0.0002273041,0.0000977792,0.0000596814,0.8121808716,0.0357701556,5.9658336272,1.4895987195,1.4650922571,0.3161744202,0.1444553171,0.0134674973,0.1115819863,0.0094884156,0.8727995691,0.0170085196,4.1616409453,0.7257573787,1.1886965280,0.1787146293
