Instance,INF_avg,INF_sd,INF_r1,INF_kr,INF_sk,SUP_avg,SUP_sd,SUP_r1,SUP_kr,SUP_sk,INC_avg,INC_sd,INC_r1,INC_kr,INC_sk,IND_avg,IND_sd,IND_r1,IND_kr,IND_sk
431,0.2260000000,0.1011137973,-0.1494558946,2.4518228306,0.4932851462,0.3040000000,0.1057544325,0.1625825852,3.5544278460,0.7573217201,0.4700000000,0.1131370850,-0.0929319372,2.8210449219,-0.0870072797,0.2140000000,0.0671118469,0.1165794812,2.2578091233,-0.0228668402
