Instance,FV_avg_avg,FV_avg_sd,FV_sd_avg,FV_sd_sd,FV_r1_avg,FV_r1_sd,FV_kr_avg,FV_kr_sd,FV_sk_avg,FV_sk_sd,FD_avg_avg,FD_avg_sd,FD_sd_avg,FD_sd_sd,FD_r1_avg,FD_r1_sd,FD_kr_avg,FD_kr_sd,FD_sk_avg,FD_sk_sd,IN_avg_avg,IN_avg_sd,IN_sd_avg,IN_sd_sd,IN_r1_avg,IN_r1_sd,IN_kr_avg,IN_kr_sd,IN_sk_avg,IN_sk_sd
47,0.4911091522,0.2981192623,0.0010443637,0.0008006801,0.7336936738,0.1888432517,2.3479938765,0.4261817814,-0.0762568843,0.3916501000,0.0000036523,0.0000740600,0.0002120984,0.0001419629,-0.0648678211,0.2005226618,2.6369868077,0.5485370018,0.0504099124,0.3940214519,0.5126000000,0.0449226001,0.1516356166,0.0212094266,-0.1374957468,0.1808427392,2.8079354044,1.1186262541,0.1848815670,0.4638945156
