Instance,INF_avg,INF_sd,INF_r1,INF_kr,INF_sk,SUP_avg,SUP_sd,SUP_r1,SUP_kr,SUP_sk,INC_avg,INC_sd,INC_r1,INC_kr,INC_sk,IND_avg,IND_sd,IND_r1,IND_kr,IND_sk
355,0.2630000000,0.0451774280,-0.0041663124,2.7953789548,-1.0031328322,0.2620000000,0.0227156334,0.3464351005,1.3897602308,0.0593792472,0.4750000000,0.0364005494,-0.1855955679,2.0993236027,0.1430623232,0.0620000000,0.0160000000,-0.1378205128,2.7739257813,-0.1816406250
