Instance,INF_avg,INF_sd,INF_r1,INF_kr,INF_sk,SUP_avg,SUP_sd,SUP_r1,SUP_kr,SUP_sk,INC_avg,INC_sd,INC_r1,INC_kr,INC_sk,IND_avg,IND_sd,IND_r1,IND_kr,IND_sk
140,0.3000000000,0.1095445115,-1.0000000000,2.5000000000,-0.9128709292,0.3000000000,0.0632455532,-0.5000000000,2.5000000000,0.0000000000,0.4000000000,0.1264911064,-0.7500000000,1.5625000000,0.5929270613,0.3800000000,0.1166190379,-0.8047337278,1.6280276817,-0.3631734744
