Instance,FV_avg_avg,FV_avg_sd,FV_sd_avg,FV_sd_sd,FV_r1_avg,FV_r1_sd,FV_kr_avg,FV_kr_sd,FV_sk_avg,FV_sk_sd,FD_avg_avg,FD_avg_sd,FD_sd_avg,FD_sd_sd,FD_r1_avg,FD_r1_sd,FD_kr_avg,FD_kr_sd,FD_sk_avg,FD_sk_sd,IN_avg_avg,IN_avg_sd,IN_sd_avg,IN_sd_sd,IN_r1_avg,IN_r1_sd,IN_kr_avg,IN_kr_sd,IN_sk_avg,IN_sk_sd
474,0.4913912932,0.2998385646,0.0007234096,0.0004779252,0.6345623638,0.2733392113,2.4262913588,1.0199049442,0.0299009916,0.7280825780,0.0000040264,0.0000424834,0.0000418918,0.0000265995,-0.0786347264,0.3260401629,2.2644178139,0.4666477600,-0.0947434892,0.5302198240,0.4980500000,0.0320124585,0.0333281939,0.0093745128,-0.1646124328,0.2463628493,2.3396802946,0.5500258384,-0.0616030016,0.4560704452
