Instance,FV_avg_avg,FV_avg_sd,FV_sd_avg,FV_sd_sd,FV_r1_avg,FV_r1_sd,FV_kr_avg,FV_kr_sd,FV_sk_avg,FV_sk_sd,FD_avg_avg,FD_avg_sd,FD_sd_avg,FD_sd_sd,FD_r1_avg,FD_r1_sd,FD_kr_avg,FD_kr_sd,FD_sk_avg,FD_sk_sd,IN_avg_avg,IN_avg_sd,IN_sd_avg,IN_sd_sd,IN_r1_avg,IN_r1_sd,IN_kr_avg,IN_kr_sd,IN_sk_avg,IN_sk_sd
352,0.5017999480,0.3039696022,0.0016698035,0.0010902912,0.5168499456,0.3208374769,2.1170273973,0.4590666181,0.1645548416,0.4372641521,-0.0001228863,0.0003077240,0.0003353732,0.0002345460,-0.1156750062,0.2486276775,2.3700616915,0.4775214302,-0.0013505947,0.4200841949,0.4680000000,0.0622776043,0.1013835758,0.0210682359,-0.1456612924,0.2936470164,2.1552306295,0.5853380559,-0.0043303203,0.4933660897
