Instance,FV_avg_avg,FV_avg_sd,FV_sd_avg,FV_sd_sd,FV_r1_avg,FV_r1_sd,FV_kr_avg,FV_kr_sd,FV_sk_avg,FV_sk_sd,FD_avg_avg,FD_avg_sd,FD_sd_avg,FD_sd_sd,FD_r1_avg,FD_r1_sd,FD_kr_avg,FD_kr_sd,FD_sk_avg,FD_sk_sd,IN_avg_avg,IN_avg_sd,IN_sd_avg,IN_sd_sd,IN_r1_avg,IN_r1_sd,IN_kr_avg,IN_kr_sd,IN_sk_avg,IN_sk_sd
399,0.4963487002,0.3002699157,0.0016942633,0.0010829589,0.9087351811,0.0701415758,2.3182222284,0.5330227879,-0.0601091394,0.4987539701,0.0000034299,0.0000482706,0.0000961990,0.0000604396,0.0333934701,0.1743703390,2.7844973084,0.5143902570,0.0128583182,0.2681157240,0.5070200000,0.0252245832,0.0715454250,0.0070492672,0.0120321895,0.1388081284,2.9320222241,0.5718473453,-0.0085632335,0.3273510271
