Instance,INF_avg,INF_sd,INF_r1,INF_kr,INF_sk,SUP_avg,SUP_sd,SUP_r1,SUP_kr,SUP_sk,INC_avg,INC_sd,INC_r1,INC_kr,INC_sk,IND_avg,IND_sd,IND_r1,IND_kr,IND_sk
336,0.3300000000,0.0871779789,-0.0478199719,2.2112188366,0.3984589062,0.1500000000,0.0670820393,0.4705882353,1.6666666667,0.2484519975,0.5200000000,0.0678232998,-0.0964912281,2.6474480151,0.2115471545,0.2700000000,0.0509901951,-0.3867187500,1.9556213018,0.2715454179
