Instance,INF_avg,INF_sd,INF_r1,INF_kr,INF_sk,SUP_avg,SUP_sd,SUP_r1,SUP_kr,SUP_sk,INC_avg,INC_sd,INC_r1,INC_kr,INC_sk,IND_avg,IND_sd,IND_r1,IND_kr,IND_sk
181,0.2394000000,0.0381266311,-0.0548654943,2.6709111650,0.0959317601,0.2784000000,0.0389029562,0.0657348197,4.6950024556,0.7790543347,0.4822000000,0.0490424306,-0.0336000627,3.6999488328,-0.9405689051,0.0640000000,0.0177763888,0.2356036247,2.8150937350,0.1324470567
