Instance,INF_avg,INF_sd,INF_r1,INF_kr,INF_sk,SUP_avg,SUP_sd,SUP_r1,SUP_kr,SUP_sk,INC_avg,INC_sd,INC_r1,INC_kr,INC_sk,IND_avg,IND_sd,IND_r1,IND_kr,IND_sk
414,0.2792000000,0.0765203241,0.4710339295,2.2854575364,0.1913460596,0.2508000000,0.0635244835,0.2577090310,3.0613103680,-0.3670275779,0.4700000000,0.0673201307,0.2683806946,2.4598052955,0.0770907846,0.1168000000,0.0354084736,-0.1344433801,2.8394639888,0.0051553229
