Instance,INF_avg,INF_sd,INF_r1,INF_kr,INF_sk,SUP_avg,SUP_sd,SUP_r1,SUP_kr,SUP_sk,INC_avg,INC_sd,INC_r1,INC_kr,INC_sk,IND_avg,IND_sd,IND_r1,IND_kr,IND_sk
316,0.2440000000,0.1298614646,0.0307409956,2.2715506843,-0.0873211963,0.2960000000,0.1248358923,-0.0897052738,2.6855554478,0.5690592111,0.4600000000,0.1897366596,0.0941854877,1.7874074074,-0.1897366596,0.3400000000,0.0692820323,0.3127147766,2.7500000000,-0.0000000000
