Instance,INF_avg,INF_sd,INF_r1,INF_kr,INF_sk,SUP_avg,SUP_sd,SUP_r1,SUP_kr,SUP_sk,INC_avg,INC_sd,INC_r1,INC_kr,INC_sk,IND_avg,IND_sd,IND_r1,IND_kr,IND_sk
199,0.2264000000,0.0701358681,0.0513846475,2.3210054962,0.1113395970,0.2524000000,0.0663192280,0.2224943631,2.4239250491,-0.2015892870,0.5212000000,0.0745557510,-0.0108569688,2.4575773698,-0.3042607701,0.1036000000,0.0303815734,-0.0592331353,3.7089353708,0.7211859692
