Instance,FV_avg_avg,FV_avg_sd,FV_sd_avg,FV_sd_sd,FV_r1_avg,FV_r1_sd,FV_kr_avg,FV_kr_sd,FV_sk_avg,FV_sk_sd,FD_avg_avg,FD_avg_sd,FD_sd_avg,FD_sd_sd,FD_r1_avg,FD_r1_sd,FD_kr_avg,FD_kr_sd,FD_sk_avg,FD_sk_sd,IN_avg_avg,IN_avg_sd,IN_sd_avg,IN_sd_sd,IN_r1_avg,IN_r1_sd,IN_kr_avg,IN_kr_sd,IN_sk_avg,IN_sk_sd
479,0.5033217492,0.3051998109,0.0007976482,0.0006429856,0.7759976953,0.2115739233,2.0785429823,0.4633017759,0.0322044137,0.4689970377,-0.0000086260,0.0000539759,0.0000432936,0.0000264369,-0.0683956372,0.1950709698,2.8042344908,0.6662788891,-0.0093687219,0.4556512606,0.4977600000,0.0327669101,0.0515374424,0.0058312980,-0.0206795735,0.1804343304,2.8517435662,0.6295110367,0.0398764179,0.4659531577
