Instance,FV_avg_avg,FV_avg_sd,FV_sd_avg,FV_sd_sd,FV_r1_avg,FV_r1_sd,FV_kr_avg,FV_kr_sd,FV_sk_avg,FV_sk_sd,FD_avg_avg,FD_avg_sd,FD_sd_avg,FD_sd_sd,FD_r1_avg,FD_r1_sd,FD_kr_avg,FD_kr_sd,FD_sk_avg,FD_sk_sd,IN_avg_avg,IN_avg_sd,IN_sd_avg,IN_sd_sd,IN_r1_avg,IN_r1_sd,IN_kr_avg,IN_kr_sd,IN_sk_avg,IN_sk_sd
461,0.4996152384,0.3034894148,0.0005966601,0.0004934914,0.9338080083,0.0545681865,2.3188742654,0.5537933872,-0.1865458098,0.3458796093,-0.0000008555,0.0000067681,0.0000398113,0.0000248524,0.0013819468,0.0897329845,3.0076697012,0.3716572358,0.0318803732,0.2461184373,0.4940750000,0.0140510453,0.1114107442,0.0062336651,0.0033252306,0.0653627540,2.9881294741,0.4163943146,0.0278157789,0.2150857945
