Instance,FV_avg_avg,FV_avg_sd,FV_sd_avg,FV_sd_sd,FV_r1_avg,FV_r1_sd,FV_kr_avg,FV_kr_sd,FV_sk_avg,FV_sk_sd,FD_avg_avg,FD_avg_sd,FD_sd_avg,FD_sd_sd,FD_r1_avg,FD_r1_sd,FD_kr_avg,FD_kr_sd,FD_sk_avg,FD_sk_sd,IN_avg_avg,IN_avg_sd,IN_sd_avg,IN_sd_sd,IN_r1_avg,IN_r1_sd,IN_kr_avg,IN_kr_sd,IN_sk_avg,IN_sk_sd
433,0.4977761709,0.3025575624,0.0004543210,0.0003224957,0.9495399237,0.0324656841,2.2813248688,0.5652565471,-0.1395380649,0.4509696057,0.0000025269,0.0000060567,0.0000154033,0.0000093082,-0.0155933527,0.0930498638,3.0271968098,0.4641142737,-0.0961040166,0.2115205073,0.5079200000,0.0170367133,0.0683449304,0.0059661117,-0.0325150510,0.0935578137,2.9875308577,0.4889509373,-0.0372044174,0.2927829479
