Instance,INF_avg,INF_sd,INF_r1,INF_kr,INF_sk,SUP_avg,SUP_sd,SUP_r1,SUP_kr,SUP_sk,INC_avg,INC_sd,INC_r1,INC_kr,INC_sk,IND_avg,IND_sd,IND_r1,IND_kr,IND_sk
38,0.2403225806,0.0910683498,-0.0808442525,1.9501691569,0.2238974408,0.2209677419,0.0956928837,0.4036811989,2.4776007231,-0.0006320624,0.5387096774,0.1105044718,0.2988547309,2.5589233661,-0.6815134101,0.2403225806,0.0652777624,-0.1824438099,2.4435477018,0.1870772085
