Instance,INF_avg,INF_sd,INF_r1,INF_kr,INF_sk,SUP_avg,SUP_sd,SUP_r1,SUP_kr,SUP_sk,INC_avg,INC_sd,INC_r1,INC_kr,INC_sk,IND_avg,IND_sd,IND_r1,IND_kr,IND_sk
94,0.2512000000,0.0604198643,0.0137190339,3.4525826098,-0.1548003382,0.2352000000,0.0666405282,0.1197401975,2.4523680418,0.2975537586,0.5136000000,0.0709298245,0.0772734010,2.2946160762,-0.0424319875,0.1000000000,0.0296647939,-0.1651376147,3.4793388430,-0.0367745380
