Instance,INF_avg,INF_sd,INF_r1,INF_kr,INF_sk,SUP_avg,SUP_sd,SUP_r1,SUP_kr,SUP_sk,INC_avg,INC_sd,INC_r1,INC_kr,INC_sk,IND_avg,IND_sd,IND_r1,IND_kr,IND_sk
278,0.2580000000,0.1006777036,0.1987126452,3.3565267687,-0.1604908795,0.2200000000,0.1048808848,0.2250618302,3.7618181818,0.3224437120,0.5220000000,0.1217209924,0.1692587400,2.4117768311,-0.1350235884,0.2300000000,0.0692820323,-0.3182199832,2.1875000000,-0.0721687836
