Instance,INF_avg,INF_sd,INF_r1,INF_kr,INF_sk,SUP_avg,SUP_sd,SUP_r1,SUP_kr,SUP_sk,INC_avg,INC_sd,INC_r1,INC_kr,INC_sk,IND_avg,IND_sd,IND_r1,IND_kr,IND_sk
266,0.2220000000,0.0475815090,-0.1458411601,2.3456841764,-0.4117167869,0.2288000000,0.0439381383,-0.0403525621,5.6433852581,0.6973368220,0.5492000000,0.0452477624,0.1600343432,2.7359910505,0.1169511685,0.0544000000,0.0202148460,0.0629025670,3.9813485257,1.1041297088
