Instance,INF_avg,INF_sd,INF_r1,INF_kr,INF_sk,SUP_avg,SUP_sd,SUP_r1,SUP_kr,SUP_sk,INC_avg,INC_sd,INC_r1,INC_kr,INC_sk,IND_avg,IND_sd,IND_r1,IND_kr,IND_sk
311,0.2216000000,0.0465987124,0.2056382432,2.8115907816,0.1701118691,0.2867000000,0.0518469864,0.2871229026,2.6321803205,0.1660196538,0.4917000000,0.0529160656,0.0850214921,2.4117129234,0.1885967084,0.0695000000,0.0175712834,0.0674391958,2.7272913832,0.3637237517
