Instance,INF_avg,INF_sd,INF_r1,INF_kr,INF_sk,SUP_avg,SUP_sd,SUP_r1,SUP_kr,SUP_sk,INC_avg,INC_sd,INC_r1,INC_kr,INC_sk,IND_avg,IND_sd,IND_r1,IND_kr,IND_sk
168,0.3742230576,0.0730555656,0.7708859918,2.1501873779,-0.1986986535,0.0916165414,0.0720150766,0.9223334928,2.7107962536,0.8546259133,0.5341604010,0.0379567005,0.0360108737,3.0594231532,0.0890856842,0.0490100251,0.0149672960,0.3237799128,2.5684295572,0.2720630254
