Instance,INF_avg,INF_sd,INF_r1,INF_kr,INF_sk,SUP_avg,SUP_sd,SUP_r1,SUP_kr,SUP_sk,INC_avg,INC_sd,INC_r1,INC_kr,INC_sk,IND_avg,IND_sd,IND_r1,IND_kr,IND_sk
37,0.2764000000,0.0658106374,0.1213778356,2.8495599313,0.1356421816,0.2516000000,0.0602780225,0.1100804516,3.6377375512,0.6640382806,0.4720000000,0.0753657747,0.0761672157,3.7745923428,0.7943232714,0.1140000000,0.0328024389,-0.0296852913,2.3162891613,-0.0299188924
