Instance,INF_avg,INF_sd,INF_r1,INF_kr,INF_sk,SUP_avg,SUP_sd,SUP_r1,SUP_kr,SUP_sk,INC_avg,INC_sd,INC_r1,INC_kr,INC_sk,IND_avg,IND_sd,IND_r1,IND_kr,IND_sk
465,0.3080000000,0.0585149554,-0.1463966178,4.3262293650,0.6717669180,0.2144000000,0.0602713862,0.1151222420,2.5108756949,0.3876967245,0.4776000000,0.0583287236,0.2379841397,3.0604077388,-0.5827716251,0.1132000000,0.0401218145,0.0601896328,2.9364790591,0.5157972650
