Instance,INF_avg,INF_sd,INF_r1,INF_kr,INF_sk,SUP_avg,SUP_sd,SUP_r1,SUP_kr,SUP_sk,INC_avg,INC_sd,INC_r1,INC_kr,INC_sk,IND_avg,IND_sd,IND_r1,IND_kr,IND_sk
347,0.1666666667,0.1763834207,1.1084337349,4.2704081633,1.4848604297,0.3333333333,0.1763834207,0.6250000000,2.2500000000,-0.2699746236,0.5000000000,0.0942809042,-0.1428571429,2.8125000000,-0.7954951288,0.3444444444,0.1640535896,0.2149337055,1.9938978200,0.3249727489
