Instance,FV_avg_avg,FV_avg_sd,FV_sd_avg,FV_sd_sd,FV_r1_avg,FV_r1_sd,FV_kr_avg,FV_kr_sd,FV_sk_avg,FV_sk_sd,FD_avg_avg,FD_avg_sd,FD_sd_avg,FD_sd_sd,FD_r1_avg,FD_r1_sd,FD_kr_avg,FD_kr_sd,FD_sk_avg,FD_sk_sd,IN_avg_avg,IN_avg_sd,IN_sd_avg,IN_sd_sd,IN_r1_avg,IN_r1_sd,IN_kr_avg,IN_kr_sd,IN_sk_avg,IN_sk_sd
501,0.4902806648,0.2933143468,0.0077036852,0.0068721001,0.0130740070,0.4041549819,2.0307323155,0.5782608434,-0.2293091647,0.6297918272,-0.0010668613,0.0035268702,0.0032710930,0.0025493415,-0.3414860125,0.5082267397,1.8723543932,0.4924745387,0.1375215254,0.5481174523,0.4940000000,0.1088301429,0.1218387074,0.0572304935,-0.4396053785,0.3498130420,2.0519471204,0.5842972853,-0.1262073164,0.6615801061
