Instance,FV_avg_avg,FV_avg_sd,FV_sd_avg,FV_sd_sd,FV_r1_avg,FV_r1_sd,FV_kr_avg,FV_kr_sd,FV_sk_avg,FV_sk_sd,FD_avg_avg,FD_avg_sd,FD_sd_avg,FD_sd_sd,FD_r1_avg,FD_r1_sd,FD_kr_avg,FD_kr_sd,FD_sk_avg,FD_sk_sd,IN_avg_avg,IN_avg_sd,IN_sd_avg,IN_sd_sd,IN_r1_avg,IN_r1_sd,IN_kr_avg,IN_kr_sd,IN_sk_avg,IN_sk_sd
397,0.5034047757,0.3048846777,0.0001991456,0.0001268953,0.5201898499,0.3211535922,2.2101933398,0.4960995828,0.0919096606,0.4330795516,0.0000010305,0.0000100236,0.0000360816,0.0000255430,-0.1064921878,0.3146692811,2.5850075990,0.6986575635,0.0116968886,0.6411475797,0.5097500000,0.0318776960,0.1065484908,0.0249733678,-0.0350469619,0.2780080709,2.5419684699,0.5506606059,0.0768099229,0.5152689910
