Instance,FV_avg_avg,FV_avg_sd,FV_sd_avg,FV_sd_sd,FV_r1_avg,FV_r1_sd,FV_kr_avg,FV_kr_sd,FV_sk_avg,FV_sk_sd,FD_avg_avg,FD_avg_sd,FD_sd_avg,FD_sd_sd,FD_r1_avg,FD_r1_sd,FD_kr_avg,FD_kr_sd,FD_sk_avg,FD_sk_sd,IN_avg_avg,IN_avg_sd,IN_sd_avg,IN_sd_sd,IN_r1_avg,IN_r1_sd,IN_kr_avg,IN_kr_sd,IN_sk_avg,IN_sk_sd
275,0.4653019800,0.2826357588,0.0163359030,0.0101208547,0.9973830173,0.0011097401,1.9154916610,0.0548731245,0.3434614722,0.0637126165,-0.0000679123,0.0000420576,0.0000346205,0.0000212203,0.8532958291,0.0242436037,2.2638181745,0.1263365107,0.3922443781,0.1193961616,0.2395497767,0.0200561899,0.1320006944,0.0053372356,0.7903630650,0.0319853787,2.5220133980,0.1722390724,0.5555987773,0.1215223041
