Instance,FV_avg_avg,FV_avg_sd,FV_sd_avg,FV_sd_sd,FV_r1_avg,FV_r1_sd,FV_kr_avg,FV_kr_sd,FV_sk_avg,FV_sk_sd,FD_avg_avg,FD_avg_sd,FD_sd_avg,FD_sd_sd,FD_r1_avg,FD_r1_sd,FD_kr_avg,FD_kr_sd,FD_sk_avg,FD_sk_sd,IN_avg_avg,IN_avg_sd,IN_sd_avg,IN_sd_sd,IN_r1_avg,IN_r1_sd,IN_kr_avg,IN_kr_sd,IN_sk_avg,IN_sk_sd
451,0.4927244152,0.2996627361,0.0023160848,0.0015211693,0.9161017266,0.0488046260,2.6052405994,0.8501182846,-0.0030867654,0.4420637644,0.0000129307,0.0000683121,0.0000942890,0.0000581402,0.1965817809,0.1845552420,2.8204493623,0.1735014792,-0.0905402334,0.1836548218,0.5042900000,0.0284360317,0.0544603255,0.0056622385,0.1470984455,0.1587061384,3.0715825544,0.6084727872,-0.0900246831,0.2726209426
