Instance,FV_avg_avg,FV_avg_sd,FV_sd_avg,FV_sd_sd,FV_r1_avg,FV_r1_sd,FV_kr_avg,FV_kr_sd,FV_sk_avg,FV_sk_sd,FD_avg_avg,FD_avg_sd,FD_sd_avg,FD_sd_sd,FD_r1_avg,FD_r1_sd,FD_kr_avg,FD_kr_sd,FD_sk_avg,FD_sk_sd,IN_avg_avg,IN_avg_sd,IN_sd_avg,IN_sd_sd,IN_r1_avg,IN_r1_sd,IN_kr_avg,IN_kr_sd,IN_sk_avg,IN_sk_sd
345,0.4969592995,0.3012008251,0.0011901829,0.0007356422,0.8255061815,0.1104903336,2.2634134638,0.4124925269,0.0293972504,0.3462898475,0.0000064455,0.0000642882,0.0000486501,0.0000278219,0.2470827765,0.2625394056,2.7628410313,0.7170176313,-0.1039270284,0.4406511715,0.4999900000,0.0419723468,0.0405153018,0.0078728851,0.2041776111,0.2654330059,2.9728016603,0.7183351966,-0.0476940375,0.4813361869
