Instance,INF_avg,INF_sd,INF_r1,INF_kr,INF_sk,SUP_avg,SUP_sd,SUP_r1,SUP_kr,SUP_sk,INC_avg,INC_sd,INC_r1,INC_kr,INC_sk,IND_avg,IND_sd,IND_r1,IND_kr,IND_sk
66,0.2515000000,0.1001136854,0.0823788274,2.8202564596,0.3100854817,0.2650000000,0.0998749218,0.0514151062,2.8820736051,0.2085315042,0.4835000000,0.1041765329,0.0462391848,2.4861173476,0.0711596649,0.2200000000,0.0738241153,0.2078662011,3.6523861628,0.8201989075
