Instance,INF_avg,INF_sd,INF_r1,INF_kr,INF_sk,SUP_avg,SUP_sd,SUP_r1,SUP_kr,SUP_sk,INC_avg,INC_sd,INC_r1,INC_kr,INC_sk,IND_avg,IND_sd,IND_r1,IND_kr,IND_sk
159,0.1900000000,0.0371483512,-0.2654867257,1.6666666667,-0.1989672247,0.2540000000,0.0605309838,-0.2763632390,2.5579722927,-0.5727695719,0.5560000000,0.0544426304,-0.2893444990,2.1443229687,-0.0754053052,0.0680000000,0.0177763888,-0.1596958175,3.8658868771,0.8374071971
