Instance,INF_avg,INF_sd,INF_r1,INF_kr,INF_sk,SUP_avg,SUP_sd,SUP_r1,SUP_kr,SUP_sk,INC_avg,INC_sd,INC_r1,INC_kr,INC_sk,IND_avg,IND_sd,IND_r1,IND_kr,IND_sk
461,0.2528000000,0.0666645333,0.1519171874,2.4760417109,-0.2936292120,0.2120000000,0.0568506816,-0.0833673053,2.4773551613,-0.0522473424,0.5352000000,0.0643192040,-0.0880771031,2.4546917505,0.2675932704,0.1104000000,0.0259969229,-0.1187918952,2.6293582128,-0.0438863128
