Instance,FV_avg_avg,FV_avg_sd,FV_sd_avg,FV_sd_sd,FV_r1_avg,FV_r1_sd,FV_kr_avg,FV_kr_sd,FV_sk_avg,FV_sk_sd,FD_avg_avg,FD_avg_sd,FD_sd_avg,FD_sd_sd,FD_r1_avg,FD_r1_sd,FD_kr_avg,FD_kr_sd,FD_sk_avg,FD_sk_sd,IN_avg_avg,IN_avg_sd,IN_sd_avg,IN_sd_sd,IN_r1_avg,IN_r1_sd,IN_kr_avg,IN_kr_sd,IN_sk_avg,IN_sk_sd
406,0.4989830301,0.3027398316,0.0004104454,0.0003114122,0.7568248077,0.2082915457,2.3898493660,0.6095754265,0.3261100874,0.3970391622,-0.0000029249,0.0000200418,0.0000178721,0.0000124135,0.0843903667,0.1864278978,3.0207198028,0.6683078733,0.0531224515,0.4005033759,0.4870800000,0.0370807443,0.0364177267,0.0066212674,0.0646806317,0.2081358494,2.6634713674,0.6234936198,-0.0591705216,0.2995251011
