Instance,INF_avg,INF_sd,INF_r1,INF_kr,INF_sk,SUP_avg,SUP_sd,SUP_r1,SUP_kr,SUP_sk,INC_avg,INC_sd,INC_r1,INC_kr,INC_sk,IND_avg,IND_sd,IND_r1,IND_kr,IND_sk
463,0.2818181818,0.0886072213,-0.1050228311,1.5416897507,0.1668564794,0.1181818182,0.0574959575,-0.0350553506,4.1654687500,0.3350037896,0.6000000000,0.0852802865,-0.0625000000,1.7617187500,-0.3297948581,0.2727272727,0.0862439362,0.2648030496,2.5682407407,0.6614430773
