Instance,INF_avg,INF_sd,INF_r1,INF_kr,INF_sk,SUP_avg,SUP_sd,SUP_r1,SUP_kr,SUP_sk,INC_avg,INC_sd,INC_r1,INC_kr,INC_sk,IND_avg,IND_sd,IND_r1,IND_kr,IND_sk
217,0.2032000000,0.0501772857,0.0497671237,3.6255099069,-0.6221843545,0.3080000000,0.0654828222,0.2993886744,1.9703720205,0.2174433767,0.4888000000,0.0652576432,0.0262499139,2.2912470122,0.1860089111,0.1152000000,0.0388967865,0.0048929974,2.9170660586,0.0458326067
