Instance,INF_avg,INF_sd,INF_r1,INF_kr,INF_sk,SUP_avg,SUP_sd,SUP_r1,SUP_kr,SUP_sk,INC_avg,INC_sd,INC_r1,INC_kr,INC_sk,IND_avg,IND_sd,IND_r1,IND_kr,IND_sk
H,0.3331506849,0.0889647723,0.5176781291,2.5732994321,0.0267608644,0.1282191781,0.0781873841,0.4916097198,7.2186262762,1.4704446300,0.5386301370,0.0671395004,0.2988571123,2.6242324077,-0.3055927209,0.1367123288,0.0334358840,0.0988466753,2.4815629211,0.3487052673
