Instance,INF_avg,INF_sd,INF_r1,INF_kr,INF_sk,SUP_avg,SUP_sd,SUP_r1,SUP_kr,SUP_sk,INC_avg,INC_sd,INC_r1,INC_kr,INC_sk,IND_avg,IND_sd,IND_r1,IND_kr,IND_sk
399,0.2292000000,0.0625728376,-0.0331517128,2.4402599486,0.2917501253,0.2826000000,0.0672699041,0.1966210649,2.4379685318,-0.0810559723,0.4882000000,0.0674148352,-0.0235503195,3.2608207254,0.3160982889,0.1038000000,0.0313298580,-0.1156974470,2.2935044757,0.2144678383
