Instance,INF_avg,INF_sd,INF_r1,INF_kr,INF_sk,SUP_avg,SUP_sd,SUP_r1,SUP_kr,SUP_sk,INC_avg,INC_sd,INC_r1,INC_kr,INC_sk,IND_avg,IND_sd,IND_r1,IND_kr,IND_sk
153,0.3863333333,0.0759652698,0.7936045336,2.0842323459,-0.0677689462,0.0890833333,0.0695999980,0.9063072270,2.4231765421,0.7480621960,0.5245833333,0.0385009921,0.1602846193,2.4961581921,-0.1253032498,0.0466250000,0.0137713849,0.2969932138,2.2399601619,-0.0122388253
