Instance,INF_avg,INF_sd,INF_r1,INF_kr,INF_sk,SUP_avg,SUP_sd,SUP_r1,SUP_kr,SUP_sk,INC_avg,INC_sd,INC_r1,INC_kr,INC_sk,IND_avg,IND_sd,IND_r1,IND_kr,IND_sk
458,0.2160000000,0.0353270435,0.0623291416,2.8214990138,-0.5225894004,0.2624000000,0.0645773954,0.0806464823,2.4415211967,0.1486816437,0.5216000000,0.0399679872,-0.0530742409,2.4702909270,-0.2003526540,0.1152000000,0.0267013108,-0.4243742794,2.6617829550,0.6459650993
