Instance,FV_avg_avg,FV_avg_sd,FV_sd_avg,FV_sd_sd,FV_r1_avg,FV_r1_sd,FV_kr_avg,FV_kr_sd,FV_sk_avg,FV_sk_sd,FD_avg_avg,FD_avg_sd,FD_sd_avg,FD_sd_sd,FD_r1_avg,FD_r1_sd,FD_kr_avg,FD_kr_sd,FD_sk_avg,FD_sk_sd,IN_avg_avg,IN_avg_sd,IN_sd_avg,IN_sd_sd,IN_r1_avg,IN_r1_sd,IN_kr_avg,IN_kr_sd,IN_sk_avg,IN_sk_sd
330,0.4512065705,0.2726576783,0.0247611970,0.0158103406,0.9707120965,0.0113312380,2.0766863541,0.1682809156,0.5395863229,0.1450988467,-0.0010076445,0.0006563298,0.0004953568,0.0003143609,0.8851114976,0.0351482618,2.2955260027,0.2794845651,0.5209633726,0.2173424065,0.2063446608,0.0328317149,0.1468393861,0.0141614347,0.8442362370,0.0393148220,2.5956613850,0.4745451317,0.6884170345,0.2905250809
