Instance,FV_avg_avg,FV_avg_sd,FV_sd_avg,FV_sd_sd,FV_r1_avg,FV_r1_sd,FV_kr_avg,FV_kr_sd,FV_sk_avg,FV_sk_sd,FD_avg_avg,FD_avg_sd,FD_sd_avg,FD_sd_sd,FD_r1_avg,FD_r1_sd,FD_kr_avg,FD_kr_sd,FD_sk_avg,FD_sk_sd,IN_avg_avg,IN_avg_sd,IN_sd_avg,IN_sd_sd,IN_r1_avg,IN_r1_sd,IN_kr_avg,IN_kr_sd,IN_sk_avg,IN_sk_sd
173,0.4821542089,0.2930967508,0.0078431346,0.0067181280,0.9898020070,0.0104070203,1.8462653818,0.0786284646,0.1727544338,0.1162344517,-0.0000713440,0.0000629694,0.0000959303,0.0000576046,0.1870304175,0.1811051783,2.9022247866,0.3861703205,-0.0155661292,0.2982039430,0.3987245025,0.0467803367,0.1682426774,0.0178500359,0.1136357293,0.1486482549,2.8913082262,0.4244443249,0.0900563751,0.3592338367
