Instance,INF_avg,INF_sd,INF_r1,INF_kr,INF_sk,SUP_avg,SUP_sd,SUP_r1,SUP_kr,SUP_sk,INC_avg,INC_sd,INC_r1,INC_kr,INC_sk,IND_avg,IND_sd,IND_r1,IND_kr,IND_sk
322,0.2860000000,0.1149086594,0.0612802618,3.3132072102,0.0377735055,0.2140000000,0.1326800663,0.0643493342,2.0226392434,-0.1036571527,0.5000000000,0.1661324773,-0.1865671642,2.7567737870,0.0000000000,0.3540000000,0.1268227109,0.0774033642,3.4738771042,0.6750254310
