Instance,FV_avg_avg,FV_avg_sd,FV_sd_avg,FV_sd_sd,FV_r1_avg,FV_r1_sd,FV_kr_avg,FV_kr_sd,FV_sk_avg,FV_sk_sd,FD_avg_avg,FD_avg_sd,FD_sd_avg,FD_sd_sd,FD_r1_avg,FD_r1_sd,FD_kr_avg,FD_kr_sd,FD_sk_avg,FD_sk_sd,IN_avg_avg,IN_avg_sd,IN_sd_avg,IN_sd_sd,IN_r1_avg,IN_r1_sd,IN_kr_avg,IN_kr_sd,IN_sk_avg,IN_sk_sd
315,0.4931565678,0.3013975263,0.0005696483,0.0004447598,0.5706860620,0.3384990833,2.3086398365,0.9567912886,0.1111209005,0.5991555904,0.0000120554,0.0000429237,0.0001184264,0.0000814136,-0.0346815110,0.2600515003,2.7306026828,0.9683017782,0.0591643052,0.7411209601,0.5045000000,0.0513298159,0.1468667647,0.0390532126,-0.1361129553,0.2354400319,2.2497786565,0.7864795367,-0.0976268231,0.4584579638
