Instance,FV_avg_avg,FV_avg_sd,FV_sd_avg,FV_sd_sd,FV_r1_avg,FV_r1_sd,FV_kr_avg,FV_kr_sd,FV_sk_avg,FV_sk_sd,FD_avg_avg,FD_avg_sd,FD_sd_avg,FD_sd_sd,FD_r1_avg,FD_r1_sd,FD_kr_avg,FD_kr_sd,FD_sk_avg,FD_sk_sd,IN_avg_avg,IN_avg_sd,IN_sd_avg,IN_sd_sd,IN_r1_avg,IN_r1_sd,IN_kr_avg,IN_kr_sd,IN_sk_avg,IN_sk_sd
54,0.4954285971,0.3016244495,0.0004675241,0.0003468939,0.7463357232,0.1846172422,2.4815770590,0.7598833222,-0.0578988739,0.4883312832,0.0000013376,0.0000175953,0.0000249100,0.0000159574,0.0919693510,0.1488582259,2.7822492357,0.6428259563,0.2460735207,0.3996584092,0.5018800000,0.0247793785,0.0489320232,0.0057362969,0.0517167105,0.2085776282,2.7262512146,0.6824994847,-0.0247780384,0.3812102343
