Instance,INF_avg,INF_sd,INF_r1,INF_kr,INF_sk,SUP_avg,SUP_sd,SUP_r1,SUP_kr,SUP_sk,INC_avg,INC_sd,INC_r1,INC_kr,INC_sk,IND_avg,IND_sd,IND_r1,IND_kr,IND_sk
10,0.2480000000,0.0515363949,-0.5306122449,2.3327768907,0.8163607337,0.2280000000,0.0370944740,0.6503496503,1.5091941590,0.1579875514,0.5240000000,0.0557135531,-1.2208121827,2.1905090870,0.6261779404,0.1360000000,0.0293938769,-0.4370078740,1.5781893004,0.3477670622
