Instance,FV_avg_avg,FV_avg_sd,FV_sd_avg,FV_sd_sd,FV_r1_avg,FV_r1_sd,FV_kr_avg,FV_kr_sd,FV_sk_avg,FV_sk_sd,FD_avg_avg,FD_avg_sd,FD_sd_avg,FD_sd_sd,FD_r1_avg,FD_r1_sd,FD_kr_avg,FD_kr_sd,FD_sk_avg,FD_sk_sd,IN_avg_avg,IN_avg_sd,IN_sd_avg,IN_sd_sd,IN_r1_avg,IN_r1_sd,IN_kr_avg,IN_kr_sd,IN_sk_avg,IN_sk_sd
374,0.4962516747,0.3022164076,0.0007694851,0.0004541883,0.9311553890,0.0416589250,2.4686658483,0.6214357029,0.0302273443,0.5768217820,-0.0000035234,0.0000153096,0.0000402639,0.0000235344,0.6908763361,0.0969442710,2.7556477129,0.6027954293,-0.0327194499,0.3706367459,0.4914050000,0.0318053844,0.0659008627,0.0094509149,0.6072109076,0.1018190074,2.8878152114,0.4371332530,0.0440326492,0.3568151786
