Instance,FV_avg_avg,FV_avg_sd,FV_sd_avg,FV_sd_sd,FV_r1_avg,FV_r1_sd,FV_kr_avg,FV_kr_sd,FV_sk_avg,FV_sk_sd,FD_avg_avg,FD_avg_sd,FD_sd_avg,FD_sd_sd,FD_r1_avg,FD_r1_sd,FD_kr_avg,FD_kr_sd,FD_sk_avg,FD_sk_sd,IN_avg_avg,IN_avg_sd,IN_sd_avg,IN_sd_sd,IN_r1_avg,IN_r1_sd,IN_kr_avg,IN_kr_sd,IN_sk_avg,IN_sk_sd
402,0.4447886346,0.2698217655,0.0238286863,0.0148290834,0.9920960638,0.0036724815,2.0611460102,0.0878633002,0.5384758630,0.0720442770,-0.0002532413,0.0001564318,0.0001236869,0.0000763421,0.9478768105,0.0110528465,2.1265314785,0.1192596968,0.5110610746,0.0864320253,0.1918391464,0.0158117718,0.1468953360,0.0068224669,0.9284850658,0.0109760358,2.3775742031,0.1461566833,0.7142365284,0.0906351203
