Instance,FV_avg_avg,FV_avg_sd,FV_sd_avg,FV_sd_sd,FV_r1_avg,FV_r1_sd,FV_kr_avg,FV_kr_sd,FV_sk_avg,FV_sk_sd,FD_avg_avg,FD_avg_sd,FD_sd_avg,FD_sd_sd,FD_r1_avg,FD_r1_sd,FD_kr_avg,FD_kr_sd,FD_sk_avg,FD_sk_sd,IN_avg_avg,IN_avg_sd,IN_sd_avg,IN_sd_sd,IN_r1_avg,IN_r1_sd,IN_kr_avg,IN_kr_sd,IN_sk_avg,IN_sk_sd
7,0.4948853707,0.3014407543,0.0015156073,0.0010471257,0.8949910016,0.0815759546,2.4261035456,0.5807225133,0.1988345683,0.5357442200,-0.0000154053,0.0000341641,0.0000448212,0.0000268145,0.1452426321,0.1625906445,2.9632557945,0.6020451902,-0.0859463215,0.3227984435,0.4858850000,0.0236943089,0.0367035419,0.0043498868,0.0591013512,0.1747142888,2.9538341783,0.5366532383,0.0660039692,0.3408629987
