Instance,INF_avg,INF_sd,INF_r1,INF_kr,INF_sk,SUP_avg,SUP_sd,SUP_r1,SUP_kr,SUP_sk,INC_avg,INC_sd,INC_r1,INC_kr,INC_sk,IND_avg,IND_sd,IND_r1,IND_kr,IND_sk
317,0.3828353659,0.0810988389,0.8426950628,2.1294244383,-0.1224317192,0.0965091463,0.0734064024,0.9041414475,2.6965432574,0.7911026419,0.5206554878,0.0383455116,0.1418363302,3.2787846401,0.1912781325,0.0433841463,0.0131702730,0.2740627150,2.9396050909,0.2471346107
