Instance,INF_avg,INF_sd,INF_r1,INF_kr,INF_sk,SUP_avg,SUP_sd,SUP_r1,SUP_kr,SUP_sk,INC_avg,INC_sd,INC_r1,INC_kr,INC_sk,IND_avg,IND_sd,IND_r1,IND_kr,IND_sk
130,0.2510000000,0.1374736338,0.1919139469,2.4390291141,0.0946078504,0.3060000000,0.1434015342,-0.1113406198,2.2831301057,0.0575236440,0.4430000000,0.1505024917,-0.0043423277,2.6407944415,0.1080993099,0.3490000000,0.1109008566,-0.0550811172,2.4586838401,0.1351921591
