Instance,FV_avg_avg,FV_avg_sd,FV_sd_avg,FV_sd_sd,FV_r1_avg,FV_r1_sd,FV_kr_avg,FV_kr_sd,FV_sk_avg,FV_sk_sd,FD_avg_avg,FD_avg_sd,FD_sd_avg,FD_sd_sd,FD_r1_avg,FD_r1_sd,FD_kr_avg,FD_kr_sd,FD_sk_avg,FD_sk_sd,IN_avg_avg,IN_avg_sd,IN_sd_avg,IN_sd_sd,IN_r1_avg,IN_r1_sd,IN_kr_avg,IN_kr_sd,IN_sk_avg,IN_sk_sd
315,0.4976858246,0.3018543905,0.0003017921,0.0002206682,0.1535935961,0.4449185015,1.9784362245,0.5355957036,0.1329816700,0.6319518000,0.0000054526,0.0000296402,0.0000444579,0.0000308468,-0.0854922784,0.4680153648,2.1180022851,0.4833841756,-0.1243406383,0.7026499026,0.5182000000,0.0280135681,0.0588815442,0.0175773647,-0.0879464661,0.4965183288,1.9389144238,0.4837368258,0.1143072583,0.5489943172
