Instance,INF_avg,INF_sd,INF_r1,INF_kr,INF_sk,SUP_avg,SUP_sd,SUP_r1,SUP_kr,SUP_sk,INC_avg,INC_sd,INC_r1,INC_kr,INC_sk,IND_avg,IND_sd,IND_r1,IND_kr,IND_sk
134,0.4295884774,0.1008637358,0.7720786601,2.3970931444,-0.2674057365,0.1025514403,0.0753870154,0.8328640179,3.2127300788,0.9628893063,0.4678600823,0.0531279705,0.1827270882,2.8911097348,0.1077834746,0.0724691358,0.0207591042,0.0741860292,2.7551744912,0.0748204090
