Instance,FV_avg_avg,FV_avg_sd,FV_sd_avg,FV_sd_sd,FV_r1_avg,FV_r1_sd,FV_kr_avg,FV_kr_sd,FV_sk_avg,FV_sk_sd,FD_avg_avg,FD_avg_sd,FD_sd_avg,FD_sd_sd,FD_r1_avg,FD_r1_sd,FD_kr_avg,FD_kr_sd,FD_sk_avg,FD_sk_sd,IN_avg_avg,IN_avg_sd,IN_sd_avg,IN_sd_sd,IN_r1_avg,IN_r1_sd,IN_kr_avg,IN_kr_sd,IN_sk_avg,IN_sk_sd
113,0.4675510155,0.2844999818,0.0100092716,0.0061625717,0.9601291538,0.0294225897,1.9373679988,0.1733576054,0.3026938757,0.1971066267,-0.0003828668,0.0002443735,0.0004149767,0.0002525681,0.3873507906,0.1729286852,2.7891300753,0.4919301085,0.1951836144,0.3571382976,0.3540711126,0.0429734116,0.1774610102,0.0167741302,0.3335825836,0.2083241074,2.8574193776,0.4075557376,0.2744328515,0.3867383219
