Instance,FV_avg_avg,FV_avg_sd,FV_sd_avg,FV_sd_sd,FV_r1_avg,FV_r1_sd,FV_kr_avg,FV_kr_sd,FV_sk_avg,FV_sk_sd,FD_avg_avg,FD_avg_sd,FD_sd_avg,FD_sd_sd,FD_r1_avg,FD_r1_sd,FD_kr_avg,FD_kr_sd,FD_sk_avg,FD_sk_sd,IN_avg_avg,IN_avg_sd,IN_sd_avg,IN_sd_sd,IN_r1_avg,IN_r1_sd,IN_kr_avg,IN_kr_sd,IN_sk_avg,IN_sk_sd
209,0.5004106273,0.3041499438,0.0002247547,0.0001804936,0.1151042098,0.3813299725,1.7552473769,0.3877798235,-0.0593781816,0.3086516912,-0.0000297409,0.0000521437,0.0000804075,0.0000513007,-0.3518993028,0.2350572409,2.0139212259,0.4775593081,-0.1145301704,0.6497736383,0.4690000000,0.0646451854,0.1356318048,0.0443171923,-0.3580728605,0.3195614752,1.8836077583,0.4458179130,-0.1146215583,0.5130076803
