Instance,INF_avg,INF_sd,INF_r1,INF_kr,INF_sk,SUP_avg,SUP_sd,SUP_r1,SUP_kr,SUP_sk,INC_avg,INC_sd,INC_r1,INC_kr,INC_sk,IND_avg,IND_sd,IND_r1,IND_kr,IND_sk
414,0.2260000000,0.1494121816,-0.0240167674,2.4293978267,0.1622412363,0.2380000000,0.1324990566,0.1146007350,2.2572710593,-0.1015650972,0.5360000000,0.1670449041,0.0121333271,3.4502770968,0.2187649972,0.4160000000,0.1390827092,0.0313952907,2.9417889403,0.4264738357
