Instance,INF_avg,INF_sd,INF_r1,INF_kr,INF_sk,SUP_avg,SUP_sd,SUP_r1,SUP_kr,SUP_sk,INC_avg,INC_sd,INC_r1,INC_kr,INC_sk,IND_avg,IND_sd,IND_r1,IND_kr,IND_sk
327,0.2529000000,0.0487502821,-0.0449600046,2.3594968378,0.1464643628,0.2433000000,0.0455643501,-0.1366227118,2.6194912213,-0.2566627686,0.5038000000,0.0571275765,-0.0236484333,2.5454012479,-0.0024643735,0.0671000000,0.0191465402,-0.0079510316,2.8102336123,-0.0450607134
