Instance,FV_avg_avg,FV_avg_sd,FV_sd_avg,FV_sd_sd,FV_r1_avg,FV_r1_sd,FV_kr_avg,FV_kr_sd,FV_sk_avg,FV_sk_sd,FD_avg_avg,FD_avg_sd,FD_sd_avg,FD_sd_sd,FD_r1_avg,FD_r1_sd,FD_kr_avg,FD_kr_sd,FD_sk_avg,FD_sk_sd,IN_avg_avg,IN_avg_sd,IN_sd_avg,IN_sd_sd,IN_r1_avg,IN_r1_sd,IN_kr_avg,IN_kr_sd,IN_sk_avg,IN_sk_sd
339,0.4912704129,0.2986987846,0.0019489570,0.0012893858,0.8892493776,0.0599805308,2.3442018372,0.5138073152,0.0529098438,0.4450281841,0.0000107481,0.0000702602,0.0001169959,0.0000706460,0.0225187510,0.1351512741,2.8222772311,0.3542622904,0.1030144357,0.2302064573,0.5049600000,0.0278520089,0.0731087196,0.0060315102,-0.0075557101,0.1561053726,3.0214555113,0.6086364185,-0.0205967127,0.3005153043
