Instance,FV_avg_avg,FV_avg_sd,FV_sd_avg,FV_sd_sd,FV_r1_avg,FV_r1_sd,FV_kr_avg,FV_kr_sd,FV_sk_avg,FV_sk_sd,FD_avg_avg,FD_avg_sd,FD_sd_avg,FD_sd_sd,FD_r1_avg,FD_r1_sd,FD_kr_avg,FD_kr_sd,FD_sk_avg,FD_sk_sd,IN_avg_avg,IN_avg_sd,IN_sd_avg,IN_sd_sd,IN_r1_avg,IN_r1_sd,IN_kr_avg,IN_kr_sd,IN_sk_avg,IN_sk_sd
259,0.4963331667,0.3019378254,0.0015438064,0.0012353927,0.8810679878,0.0871421332,2.3076971515,0.5834477916,0.0836421077,0.4534529950,0.0000048301,0.0000766010,0.0000915949,0.0000584409,0.0024657452,0.1300486897,2.9721558491,0.7387877084,0.0413956808,0.3263531507,0.4999600000,0.0348374281,0.0729132768,0.0079753415,-0.0413641838,0.1447256222,3.0367474963,0.5943301169,0.0184672991,0.2490273136
