Instance,INF_avg,INF_sd,INF_r1,INF_kr,INF_sk,SUP_avg,SUP_sd,SUP_r1,SUP_kr,SUP_sk,INC_avg,INC_sd,INC_r1,INC_kr,INC_sk,IND_avg,IND_sd,IND_r1,IND_kr,IND_sk
494,0.2350000000,0.0471699057,-0.2277456647,1.4928670622,-0.0857526375,0.2460000000,0.0363868108,-0.4813692820,3.5356285540,-0.9973402290,0.5190000000,0.0367287353,-0.1851626171,1.9353198509,-0.3683770245,0.0550000000,0.0191049732,-0.3241379310,3.5250516044,1.3336554740
