Instance,INF_avg,INF_sd,INF_r1,INF_kr,INF_sk,SUP_avg,SUP_sd,SUP_r1,SUP_kr,SUP_sk,INC_avg,INC_sd,INC_r1,INC_kr,INC_sk,IND_avg,IND_sd,IND_r1,IND_kr,IND_sk
201,0.2800000000,0.0748331477,-0.4814814815,1.8469387755,0.3436215967,0.3200000000,0.1600000000,-0.7605633803,2.0781250000,0.8437500000,0.4000000000,0.1414213562,-0.6666666667,1.7000000000,-0.0000000000,0.4000000000,0.1095445115,-1.0000000000,2.5000000000,0.9128709292
