Instance,INF_avg,INF_sd,INF_r1,INF_kr,INF_sk,SUP_avg,SUP_sd,SUP_r1,SUP_kr,SUP_sk,INC_avg,INC_sd,INC_r1,INC_kr,INC_sk,IND_avg,IND_sd,IND_r1,IND_kr,IND_sk
52,0.2600000000,0.0860232527,-0.4548022599,1.9945215486,0.3958703373,0.2100000000,0.0374165739,-0.4814814815,1.8469387755,-0.3436215967,0.5300000000,0.1077032961,-0.6763565891,1.7636741974,0.4034071140,0.2100000000,0.0800000000,-0.4016736402,1.4189453125,-0.0351562500
