Instance,FV_avg_avg,FV_avg_sd,FV_sd_avg,FV_sd_sd,FV_r1_avg,FV_r1_sd,FV_kr_avg,FV_kr_sd,FV_sk_avg,FV_sk_sd,FD_avg_avg,FD_avg_sd,FD_sd_avg,FD_sd_sd,FD_r1_avg,FD_r1_sd,FD_kr_avg,FD_kr_sd,FD_sk_avg,FD_sk_sd,IN_avg_avg,IN_avg_sd,IN_sd_avg,IN_sd_sd,IN_r1_avg,IN_r1_sd,IN_kr_avg,IN_kr_sd,IN_sk_avg,IN_sk_sd
137,0.4964485680,0.3027778175,0.0002218553,0.0001864939,0.4995381491,0.2994026824,1.9328297739,0.4247815297,-0.0301593159,0.4668444487,0.0000027244,0.0000288826,0.0000139695,0.0000090045,0.0873775138,0.3441349536,2.4539282085,0.4524772681,-0.0654355032,0.4667494454,0.5131750000,0.0405833325,0.0360451577,0.0074353284,0.1113798244,0.2853458685,2.6544947028,0.9381084535,0.1878304689,0.6595137395
