Instance,FV_avg_avg,FV_avg_sd,FV_sd_avg,FV_sd_sd,FV_r1_avg,FV_r1_sd,FV_kr_avg,FV_kr_sd,FV_sk_avg,FV_sk_sd,FD_avg_avg,FD_avg_sd,FD_sd_avg,FD_sd_sd,FD_r1_avg,FD_r1_sd,FD_kr_avg,FD_kr_sd,FD_sk_avg,FD_sk_sd,IN_avg_avg,IN_avg_sd,IN_sd_avg,IN_sd_sd,IN_r1_avg,IN_r1_sd,IN_kr_avg,IN_kr_sd,IN_sk_avg,IN_sk_sd
250,0.5002692758,0.3032521133,0.0006234069,0.0005386618,0.4360604618,0.2910356117,2.2553132847,0.4948617341,0.1353296469,0.4095141516,-0.0000008580,0.0000708695,0.0001539269,0.0001002630,-0.1737203856,0.2103700844,2.4850356947,0.8301341624,0.1093529580,0.6598258315,0.4860000000,0.0529528092,0.1372958568,0.0291521477,-0.1390593556,0.2570691163,2.5429282732,0.6770332387,0.0304718864,0.5880037595
