Instance,FV_avg_avg,FV_avg_sd,FV_sd_avg,FV_sd_sd,FV_r1_avg,FV_r1_sd,FV_kr_avg,FV_kr_sd,FV_sk_avg,FV_sk_sd,FD_avg_avg,FD_avg_sd,FD_sd_avg,FD_sd_sd,FD_r1_avg,FD_r1_sd,FD_kr_avg,FD_kr_sd,FD_sk_avg,FD_sk_sd,IN_avg_avg,IN_avg_sd,IN_sd_avg,IN_sd_sd,IN_r1_avg,IN_r1_sd,IN_kr_avg,IN_kr_sd,IN_sk_avg,IN_sk_sd
178,0.4663189370,0.2828498222,0.0125072732,0.0083993298,0.9153067035,0.0381588098,1.9377606762,0.2151564602,0.3473949304,0.1880934498,-0.0010199764,0.0007263012,0.0009596958,0.0006492667,0.3436206794,0.3752501980,2.5495101611,0.6919799082,-0.0254669657,0.4049910547,0.3166125496,0.0513988232,0.1723785135,0.0338550231,0.3313307915,0.3166762172,2.5586426789,0.6777796689,0.0886163668,0.4128094947
