Instance,INF_avg,INF_sd,INF_r1,INF_kr,INF_sk,SUP_avg,SUP_sd,SUP_r1,SUP_kr,SUP_sk,INC_avg,INC_sd,INC_r1,INC_kr,INC_sk,IND_avg,IND_sd,IND_r1,IND_kr,IND_sk
288,0.2928571429,0.1313198308,0.3440417020,2.6628444382,0.2500782745,0.2091836735,0.0972444161,-0.1525535183,2.2193244976,-0.0095250165,0.4979591837,0.1285552306,0.2407379220,2.8412680254,-0.3293995781,0.2255102041,0.0796179967,-0.0084289484,3.2448197354,0.5879498859
