Instance,FV_avg_avg,FV_avg_sd,FV_sd_avg,FV_sd_sd,FV_r1_avg,FV_r1_sd,FV_kr_avg,FV_kr_sd,FV_sk_avg,FV_sk_sd,FD_avg_avg,FD_avg_sd,FD_sd_avg,FD_sd_sd,FD_r1_avg,FD_r1_sd,FD_kr_avg,FD_kr_sd,FD_sk_avg,FD_sk_sd,IN_avg_avg,IN_avg_sd,IN_sd_avg,IN_sd_sd,IN_r1_avg,IN_r1_sd,IN_kr_avg,IN_kr_sd,IN_sk_avg,IN_sk_sd
342,0.4953250108,0.3010296962,0.0022892844,0.0021525129,0.4777103936,0.1923880662,1.9869220930,0.4458210613,0.0262759280,0.4157151005,-0.0000089303,0.0002846579,0.0003972153,0.0002590888,-0.0523159774,0.2403158576,2.7760135446,0.7899204179,-0.1164689108,0.7186248930,0.5057500000,0.0652356306,0.1060802563,0.0205116851,-0.0304589766,0.2495577485,2.5822318321,0.7930986281,-0.0530764232,0.7041612277
