Instance,INF_avg,INF_sd,INF_r1,INF_kr,INF_sk,SUP_avg,SUP_sd,SUP_r1,SUP_kr,SUP_sk,INC_avg,INC_sd,INC_r1,INC_kr,INC_sk,IND_avg,IND_sd,IND_r1,IND_kr,IND_sk
88,0.2430000000,0.0192613603,-0.0637204522,3.2165343175,0.4945448467,0.2480000000,0.0245153013,-0.4268910604,2.2066577889,0.2469848688,0.5090000000,0.0320780299,-0.9591540200,2.5015342247,-0.2980160192,0.0400000000,0.0074161985,-0.1111111111,1.6942148760,0.1838726898
