Instance,FV_avg_avg,FV_avg_sd,FV_sd_avg,FV_sd_sd,FV_r1_avg,FV_r1_sd,FV_kr_avg,FV_kr_sd,FV_sk_avg,FV_sk_sd,FD_avg_avg,FD_avg_sd,FD_sd_avg,FD_sd_sd,FD_r1_avg,FD_r1_sd,FD_kr_avg,FD_kr_sd,FD_sk_avg,FD_sk_sd,IN_avg_avg,IN_avg_sd,IN_sd_avg,IN_sd_sd,IN_r1_avg,IN_r1_sd,IN_kr_avg,IN_kr_sd,IN_sk_avg,IN_sk_sd
293,0.4974602494,0.3025502452,0.0005579131,0.0005585768,0.9074417577,0.0686258837,2.4625602102,1.3558915919,0.1317342456,0.6332460977,-0.0000014396,0.0000119798,0.0000373714,0.0000212450,-0.0564434110,0.1416206222,3.0355463682,0.6296816787,0.1458439977,0.3623269749,0.4967000000,0.0235352926,0.1076269914,0.0081627645,-0.0454577321,0.1631909311,2.9176187864,0.6500222525,0.0276114252,0.3739477809
