Instance,INF_avg,INF_sd,INF_r1,INF_kr,INF_sk,SUP_avg,SUP_sd,SUP_r1,SUP_kr,SUP_sk,INC_avg,INC_sd,INC_r1,INC_kr,INC_sk,IND_avg,IND_sd,IND_r1,IND_kr,IND_sk
53,0.2500000000,0.1157583690,-0.1153846154,2.7094007574,0.7542731776,0.2560000000,0.1185917366,0.0340465586,2.6227601176,0.8103920625,0.4940000000,0.1275303885,0.2215764190,2.4610335030,-0.0250858875,0.2060000000,0.0637495098,0.2444613903,2.7446989894,0.0062992610
