Instance,FV_avg_avg,FV_avg_sd,FV_sd_avg,FV_sd_sd,FV_r1_avg,FV_r1_sd,FV_kr_avg,FV_kr_sd,FV_sk_avg,FV_sk_sd,FD_avg_avg,FD_avg_sd,FD_sd_avg,FD_sd_sd,FD_r1_avg,FD_r1_sd,FD_kr_avg,FD_kr_sd,FD_sk_avg,FD_sk_sd,IN_avg_avg,IN_avg_sd,IN_sd_avg,IN_sd_sd,IN_r1_avg,IN_r1_sd,IN_kr_avg,IN_kr_sd,IN_sk_avg,IN_sk_sd
400,0.4905526631,0.2986168751,0.0011546150,0.0008973742,0.8386401685,0.1211829662,2.2594390689,0.7389505460,0.1320657509,0.5059072397,-0.0000048237,0.0000704290,0.0000794394,0.0000515633,0.0142416335,0.1273990235,2.8082691340,0.5137436605,0.0092053934,0.3373777657,0.4914400000,0.0455221089,0.0774147137,0.0085220948,0.0558345826,0.1811534780,2.8246070056,0.6467796354,0.0638601033,0.4170930692
