Instance,FV_avg_avg,FV_avg_sd,FV_sd_avg,FV_sd_sd,FV_r1_avg,FV_r1_sd,FV_kr_avg,FV_kr_sd,FV_sk_avg,FV_sk_sd,FD_avg_avg,FD_avg_sd,FD_sd_avg,FD_sd_sd,FD_r1_avg,FD_r1_sd,FD_kr_avg,FD_kr_sd,FD_sk_avg,FD_sk_sd,IN_avg_avg,IN_avg_sd,IN_sd_avg,IN_sd_sd,IN_r1_avg,IN_r1_sd,IN_kr_avg,IN_kr_sd,IN_sk_avg,IN_sk_sd
I,0.5008081189,0.3042257395,0.0003832806,0.0002653616,0.3574923706,0.3324109421,1.9483911827,0.3981568934,-0.1096282776,0.5487373769,-0.0000028709,0.0000295511,0.0000259460,0.0000195567,-0.2575280122,0.3664292660,1.8868347002,0.4049415025,-0.1125328827,0.5367461708,0.4998000000,0.0211177650,0.0291034359,0.0108853121,-0.1595495844,0.3620016174,2.1572599640,0.5034246638,-0.2223283083,0.6665340841
