Instance,INF_avg,INF_sd,INF_r1,INF_kr,INF_sk,SUP_avg,SUP_sd,SUP_r1,SUP_kr,SUP_sk,INC_avg,INC_sd,INC_r1,INC_kr,INC_sk,IND_avg,IND_sd,IND_r1,IND_kr,IND_sk
361,0.2480000000,0.0340000000,0.7177055104,2.4555141821,0.3853042947,0.2320000000,0.0312409987,0.1666666667,3.2928312282,-0.9925481901,0.5200000000,0.0593295879,0.4409722222,2.6656120868,0.3189041963,0.0720000000,0.0213541565,-0.5982028241,4.5369344414,-0.8774330235
