Instance,INF_avg,INF_sd,INF_r1,INF_kr,INF_sk,SUP_avg,SUP_sd,SUP_r1,SUP_kr,SUP_sk,INC_avg,INC_sd,INC_r1,INC_kr,INC_sk,IND_avg,IND_sd,IND_r1,IND_kr,IND_sk
240,0.2920000000,0.1293676930,-0.0627007802,2.2553842554,0.2042291199,0.2340000000,0.1176605286,0.0353725667,2.7563450446,0.1280673943,0.4740000000,0.1507448175,-0.1008133690,2.3889752731,0.2364741010,0.3580000000,0.0940000000,-0.1659345976,2.5828444523,0.3460504898
