Instance,INF_avg,INF_sd,INF_r1,INF_kr,INF_sk,SUP_avg,SUP_sd,SUP_r1,SUP_kr,SUP_sk,INC_avg,INC_sd,INC_r1,INC_kr,INC_sk,IND_avg,IND_sd,IND_r1,IND_kr,IND_sk
377,0.3200000000,0.1122497216,0.0160546813,2.3004535147,0.0254534516,0.2330000000,0.1075220908,-0.0623099266,2.5829777539,0.2630792073,0.4470000000,0.1133181362,0.1644778730,2.5520370419,-0.1215736299,0.2040000000,0.0598665182,-0.0677974154,2.0789969308,-0.0143175665
