Instance,INF_avg,INF_sd,INF_r1,INF_kr,INF_sk,SUP_avg,SUP_sd,SUP_r1,SUP_kr,SUP_sk,INC_avg,INC_sd,INC_r1,INC_kr,INC_sk,IND_avg,IND_sd,IND_r1,IND_kr,IND_sk
124,0.2282000000,0.0363835127,-0.0703343044,2.7742052888,-0.6023470425,0.2714000000,0.0307415029,0.0422367760,2.9533293231,0.6782019132,0.5004000000,0.0346387067,0.1771856699,3.9029712252,-0.2892110209,0.0376000000,0.0093936149,-0.1449210688,2.3398935073,0.4212270814
