Instance,INF_avg,INF_sd,INF_r1,INF_kr,INF_sk,SUP_avg,SUP_sd,SUP_r1,SUP_kr,SUP_sk,INC_avg,INC_sd,INC_r1,INC_kr,INC_sk,IND_avg,IND_sd,IND_r1,IND_kr,IND_sk
94,0.2300000000,0.1345362405,-0.3325930039,5.9038796130,1.9071038758,0.2200000000,0.0748331477,0.1532258065,1.8469387755,-0.3436215967,0.5500000000,0.1857417562,-0.0948905109,3.9035916824,-1.1235796217,0.3300000000,0.1004987562,-0.4685314685,1.7544358396,-0.0354666721
