Instance,INF_avg,INF_sd,INF_r1,INF_kr,INF_sk,SUP_avg,SUP_sd,SUP_r1,SUP_kr,SUP_sk,INC_avg,INC_sd,INC_r1,INC_kr,INC_sk,IND_avg,IND_sd,IND_r1,IND_kr,IND_sk
502,0.2954000000,0.0627840744,0.2738481092,2.8123963014,0.6466649410,0.2454000000,0.0517671711,-0.0414706741,2.2108081777,0.0910713920,0.4592000000,0.0546933268,0.1698893656,3.0152968834,-0.0185824323,0.0248000000,0.0069971423,0.1653856436,3.1725057670,0.3338898108
