Instance,FV_avg_avg,FV_avg_sd,FV_sd_avg,FV_sd_sd,FV_r1_avg,FV_r1_sd,FV_kr_avg,FV_kr_sd,FV_sk_avg,FV_sk_sd,FD_avg_avg,FD_avg_sd,FD_sd_avg,FD_sd_sd,FD_r1_avg,FD_r1_sd,FD_kr_avg,FD_kr_sd,FD_sk_avg,FD_sk_sd,IN_avg_avg,IN_avg_sd,IN_sd_avg,IN_sd_sd,IN_r1_avg,IN_r1_sd,IN_kr_avg,IN_kr_sd,IN_sk_avg,IN_sk_sd
44,0.4959273368,0.3019756716,0.0004578400,0.0003350739,0.7943027285,0.1631070250,2.2914575558,0.5231755264,-0.1780470512,0.3526508413,0.0000018543,0.0000141361,0.0000346061,0.0000226713,-0.0643884367,0.2041675126,2.5799759106,0.4571842310,0.0144538059,0.3989087838,0.5020800000,0.0220013091,0.0697459407,0.0116241023,-0.0618351430,0.2234296757,2.8723342708,0.7776360508,-0.2319084385,0.4985764246
