Instance,FV_avg_avg,FV_avg_sd,FV_sd_avg,FV_sd_sd,FV_r1_avg,FV_r1_sd,FV_kr_avg,FV_kr_sd,FV_sk_avg,FV_sk_sd,FD_avg_avg,FD_avg_sd,FD_sd_avg,FD_sd_sd,FD_r1_avg,FD_r1_sd,FD_kr_avg,FD_kr_sd,FD_sk_avg,FD_sk_sd,IN_avg_avg,IN_avg_sd,IN_sd_avg,IN_sd_sd,IN_r1_avg,IN_r1_sd,IN_kr_avg,IN_kr_sd,IN_sk_avg,IN_sk_sd
218,0.4947882218,0.2998811590,0.0010325391,0.0008493697,0.7845812632,0.1421744381,2.1523575330,0.4012632933,-0.0919581271,0.4148448392,0.0000113625,0.0000320986,0.0000415550,0.0000281939,0.0887782078,0.1777379290,2.8441282804,0.5986162984,0.0946618413,0.4720985906,0.5153200000,0.0212904110,0.0356704719,0.0043166460,0.0553943346,0.2039319659,2.9494137013,0.5814971586,-0.0532787461,0.5108310517
