Instance,INF_avg,INF_sd,INF_r1,INF_kr,INF_sk,SUP_avg,SUP_sd,SUP_r1,SUP_kr,SUP_sk,INC_avg,INC_sd,INC_r1,INC_kr,INC_sk,IND_avg,IND_sd,IND_r1,IND_kr,IND_sk
6,0.2450000000,0.1388344338,-0.0254744801,3.1085153951,0.2155241908,0.2640000000,0.1410815367,-0.0882523521,3.9651045275,0.4829935985,0.4910000000,0.1625392260,0.0357779999,2.4284065984,0.1732698060,0.3740000000,0.1180000000,0.0811638591,2.8876268521,0.3673988090
