Instance,FV_avg_avg,FV_avg_sd,FV_sd_avg,FV_sd_sd,FV_r1_avg,FV_r1_sd,FV_kr_avg,FV_kr_sd,FV_sk_avg,FV_sk_sd,FD_avg_avg,FD_avg_sd,FD_sd_avg,FD_sd_sd,FD_r1_avg,FD_r1_sd,FD_kr_avg,FD_kr_sd,FD_sk_avg,FD_sk_sd,IN_avg_avg,IN_avg_sd,IN_sd_avg,IN_sd_sd,IN_r1_avg,IN_r1_sd,IN_kr_avg,IN_kr_sd,IN_sk_avg,IN_sk_sd
461,0.5004279876,0.3044492349,0.0001559461,0.0001204476,-0.0005536175,0.5657561014,2.0693564047,0.3695969157,-0.1960959330,0.5729422970,0.0000041214,0.0000102142,0.0000108007,0.0000096990,-0.3829169475,0.3882403215,1.9812479571,0.5195591464,0.2241892837,0.6077466849,0.5078000000,0.0236909265,0.0263350705,0.0099932007,-0.2398297132,0.3370164112,2.0282860011,0.5381889314,0.1287273210,0.6648201426
