Instance,INF_avg,INF_sd,INF_r1,INF_kr,INF_sk,SUP_avg,SUP_sd,SUP_r1,SUP_kr,SUP_sk,INC_avg,INC_sd,INC_r1,INC_kr,INC_sk,IND_avg,IND_sd,IND_r1,IND_kr,IND_sk
199,0.2320000000,0.0299332591,-0.1594202899,1.8469387755,0.3436215967,0.2840000000,0.0773563184,-0.1663353214,1.4078326518,-0.0273752306,0.4840000000,0.0773563184,-0.2596221134,2.2828934199,0.7192219688,0.1200000000,0.0178885438,-0.3333333333,1.2500000000,0.0000000000
