Instance,FV_avg_avg,FV_avg_sd,FV_sd_avg,FV_sd_sd,FV_r1_avg,FV_r1_sd,FV_kr_avg,FV_kr_sd,FV_sk_avg,FV_sk_sd,FD_avg_avg,FD_avg_sd,FD_sd_avg,FD_sd_sd,FD_r1_avg,FD_r1_sd,FD_kr_avg,FD_kr_sd,FD_sk_avg,FD_sk_sd,IN_avg_avg,IN_avg_sd,IN_sd_avg,IN_sd_sd,IN_r1_avg,IN_r1_sd,IN_kr_avg,IN_kr_sd,IN_sk_avg,IN_sk_sd
231,0.4967518067,0.3014624047,0.0012384745,0.0007300447,0.9068997712,0.0548671649,2.1917735245,0.4281032783,0.0497429813,0.4190115148,-0.0000066524,0.0000477863,0.0001589671,0.0000889135,0.0556800510,0.1168642247,2.9760449392,0.6632125146,0.0871007489,0.3719568227,0.4980000000,0.0406546430,0.1623370841,0.0151615018,0.0413004331,0.1431097930,2.6569578071,0.3916658954,0.0518521485,0.2782291514
