Instance,FV_avg_avg,FV_avg_sd,FV_sd_avg,FV_sd_sd,FV_r1_avg,FV_r1_sd,FV_kr_avg,FV_kr_sd,FV_sk_avg,FV_sk_sd,FD_avg_avg,FD_avg_sd,FD_sd_avg,FD_sd_sd,FD_r1_avg,FD_r1_sd,FD_kr_avg,FD_kr_sd,FD_sk_avg,FD_sk_sd,IN_avg_avg,IN_avg_sd,IN_sd_avg,IN_sd_sd,IN_r1_avg,IN_r1_sd,IN_kr_avg,IN_kr_sd,IN_sk_avg,IN_sk_sd
450,0.4964646303,0.3029837342,0.0001815568,0.0001402087,0.0955910747,0.4199912820,2.0287829328,0.4078650553,0.1668273731,0.5478568532,0.0000098085,0.0000333944,0.0000512425,0.0000371250,-0.0610771414,0.4044937077,1.9041000459,0.4749543714,-0.0681385976,0.4183971111,0.5180000000,0.0677938050,0.1308124725,0.0369877958,-0.1115273775,0.3218440208,1.8447050702,0.4319692802,0.0332376787,0.4579491694
