Instance,INF_avg,INF_sd,INF_r1,INF_kr,INF_sk,SUP_avg,SUP_sd,SUP_r1,SUP_kr,SUP_sk,INC_avg,INC_sd,INC_r1,INC_kr,INC_sk,IND_avg,IND_sd,IND_r1,IND_kr,IND_sk
107,0.3630769231,0.1076593356,0.7126683373,2.2777260994,0.1504617732,0.1930769231,0.1078378138,0.6626791108,2.4826037739,0.4453367539,0.4438461538,0.0742178147,-0.0385646815,3.2585487340,0.7919776332,0.1153846154,0.0408779392,-0.0042249500,2.5775465657,0.4212403586
