Instance,FV_avg_avg,FV_avg_sd,FV_sd_avg,FV_sd_sd,FV_r1_avg,FV_r1_sd,FV_kr_avg,FV_kr_sd,FV_sk_avg,FV_sk_sd,FD_avg_avg,FD_avg_sd,FD_sd_avg,FD_sd_sd,FD_r1_avg,FD_r1_sd,FD_kr_avg,FD_kr_sd,FD_sk_avg,FD_sk_sd,IN_avg_avg,IN_avg_sd,IN_sd_avg,IN_sd_sd,IN_r1_avg,IN_r1_sd,IN_kr_avg,IN_kr_sd,IN_sk_avg,IN_sk_sd
361,0.4833176380,0.2936529022,0.0033023837,0.0024066374,0.8670911217,0.1081833537,2.4150584992,0.3609551037,-0.0591374628,0.4036769545,0.0000121777,0.0001853792,0.0001368860,0.0000847675,0.3695446833,0.2028812234,2.6105860561,0.4575265986,-0.0454371990,0.3216670965,0.4991600000,0.0393270950,0.0442572504,0.0060307369,0.2561964231,0.1972995380,2.6478900397,0.3729360998,-0.0014064711,0.3045965163
