Instance,FV_avg_avg,FV_avg_sd,FV_sd_avg,FV_sd_sd,FV_r1_avg,FV_r1_sd,FV_kr_avg,FV_kr_sd,FV_sk_avg,FV_sk_sd,FD_avg_avg,FD_avg_sd,FD_sd_avg,FD_sd_sd,FD_r1_avg,FD_r1_sd,FD_kr_avg,FD_kr_sd,FD_sk_avg,FD_sk_sd,IN_avg_avg,IN_avg_sd,IN_sd_avg,IN_sd_sd,IN_r1_avg,IN_r1_sd,IN_kr_avg,IN_kr_sd,IN_sk_avg,IN_sk_sd
229,0.4964049005,0.3024677526,0.0004109604,0.0003188487,0.7334444115,0.1715494931,2.4420969942,0.5744716605,-0.0171539285,0.4599805737,0.0000024297,0.0000281368,0.0000242425,0.0000140451,0.0619229825,0.2273354435,2.6361465519,0.4378679535,-0.0758940211,0.3296193019,0.4968400000,0.0315749014,0.0497679696,0.0064953217,0.0293730369,0.1978541156,2.8432472838,0.7094424785,0.0307499255,0.4076794319
