Instance,INF_avg,INF_sd,INF_r1,INF_kr,INF_sk,SUP_avg,SUP_sd,SUP_r1,SUP_kr,SUP_sk,INC_avg,INC_sd,INC_r1,INC_kr,INC_sk,IND_avg,IND_sd,IND_r1,IND_kr,IND_sk
145,0.2655000000,0.0302861354,0.0102763671,5.1250146250,0.9263513014,0.2197500000,0.0281990691,0.0182366437,4.5748651786,-0.2292163539,0.5147500000,0.0324065966,0.0600424094,2.4634977263,0.2082950579,0.0386500000,0.0107901576,-0.1252324363,3.3780061851,0.2668546291
