Instance,INF_avg,INF_sd,INF_r1,INF_kr,INF_sk,SUP_avg,SUP_sd,SUP_r1,SUP_kr,SUP_sk,INC_avg,INC_sd,INC_r1,INC_kr,INC_sk,IND_avg,IND_sd,IND_r1,IND_kr,IND_sk
456,0.2540000000,0.0600333241,-0.3629679900,2.5862212537,-0.2427064880,0.2420000000,0.0493558507,0.1187803652,1.8039667710,0.6036387382,0.5040000000,0.0668131724,-0.4682681965,3.0642848884,0.1635116370,0.1060000000,0.0323109888,0.3392425463,4.4998899018,0.3614300069
