Instance,INF_avg,INF_sd,INF_r1,INF_kr,INF_sk,SUP_avg,SUP_sd,SUP_r1,SUP_kr,SUP_sk,INC_avg,INC_sd,INC_r1,INC_kr,INC_sk,IND_avg,IND_sd,IND_r1,IND_kr,IND_sk
280,0.2630000000,0.1094577544,0.0087075132,2.7512011914,0.3816828599,0.2375000000,0.0985837208,0.1259044863,2.6249211650,-0.1746601709,0.4995000000,0.1227792735,-0.0945622804,2.5351923464,-0.0127711780,0.2460000000,0.0737156700,0.0514994921,3.3133382705,0.2315994204
