Instance,FV_avg_avg,FV_avg_sd,FV_sd_avg,FV_sd_sd,FV_r1_avg,FV_r1_sd,FV_kr_avg,FV_kr_sd,FV_sk_avg,FV_sk_sd,FD_avg_avg,FD_avg_sd,FD_sd_avg,FD_sd_sd,FD_r1_avg,FD_r1_sd,FD_kr_avg,FD_kr_sd,FD_sk_avg,FD_sk_sd,IN_avg_avg,IN_avg_sd,IN_sd_avg,IN_sd_sd,IN_r1_avg,IN_r1_sd,IN_kr_avg,IN_kr_sd,IN_sk_avg,IN_sk_sd
301,0.4760128338,0.2883946982,0.0112435677,0.0075198604,0.9947970777,0.0030196238,1.8817709340,0.0589819712,0.2400088450,0.0541784502,-0.0000895628,0.0000584059,0.0000563378,0.0000349890,0.5206275607,0.1073236511,2.7618483640,0.2832528255,0.2131797776,0.1982790843,0.3045483006,0.0270079539,0.1395933336,0.0085580214,0.4289558816,0.1113286376,2.8442106381,0.3886958639,0.3817721164,0.2021387014
