Instance,INF_avg,INF_sd,INF_r1,INF_kr,INF_sk,SUP_avg,SUP_sd,SUP_r1,SUP_kr,SUP_sk,INC_avg,INC_sd,INC_r1,INC_kr,INC_sk,IND_avg,IND_sd,IND_r1,IND_kr,IND_sk
246,0.2295000000,0.0388233177,-0.2518062084,2.5473268047,0.9215101737,0.2430000000,0.0309192497,-0.6921846435,3.5105762329,1.1086037670,0.5275000000,0.0426174847,-0.2898484153,1.8468019983,-0.3381607900,0.0340000000,0.0053851648,0.2125984252,1.5184304400,-0.0768394503
