Instance,FV_avg_avg,FV_avg_sd,FV_sd_avg,FV_sd_sd,FV_r1_avg,FV_r1_sd,FV_kr_avg,FV_kr_sd,FV_sk_avg,FV_sk_sd,FD_avg_avg,FD_avg_sd,FD_sd_avg,FD_sd_sd,FD_r1_avg,FD_r1_sd,FD_kr_avg,FD_kr_sd,FD_sk_avg,FD_sk_sd,IN_avg_avg,IN_avg_sd,IN_sd_avg,IN_sd_sd,IN_r1_avg,IN_r1_sd,IN_kr_avg,IN_kr_sd,IN_sk_avg,IN_sk_sd
363,0.4894885786,0.2964676355,0.0019371361,0.0015759311,0.8351120144,0.1147386039,2.5168035576,0.8673422303,0.0981682313,0.5376037255,0.0000055788,0.0001467799,0.0001338939,0.0000943993,0.1898406179,0.2161576333,2.7875774848,0.8272173997,0.0732299551,0.5219607929,0.5053400000,0.0498587244,0.0550479870,0.0103494505,0.1687537646,0.2231935756,2.6703785935,0.5457391899,-0.0751531582,0.4351756762
