Instance,FV_avg_avg,FV_avg_sd,FV_sd_avg,FV_sd_sd,FV_r1_avg,FV_r1_sd,FV_kr_avg,FV_kr_sd,FV_sk_avg,FV_sk_sd,FD_avg_avg,FD_avg_sd,FD_sd_avg,FD_sd_sd,FD_r1_avg,FD_r1_sd,FD_kr_avg,FD_kr_sd,FD_sk_avg,FD_sk_sd,IN_avg_avg,IN_avg_sd,IN_sd_avg,IN_sd_sd,IN_r1_avg,IN_r1_sd,IN_kr_avg,IN_kr_sd,IN_sk_avg,IN_sk_sd
239,0.4966305845,0.3024753787,0.0001292212,0.0000778650,-0.0588966901,0.4133418436,1.9724043140,0.4566335948,0.0347594558,0.5519226593,0.0000107371,0.0000229630,0.0000374097,0.0000271492,-0.2696767009,0.3029452826,2.0225269293,0.5292755199,-0.1208948617,0.6455748729,0.5185000000,0.0387653196,0.0903389907,0.0303128150,-0.2796670241,0.4267235417,1.8532812464,0.4584798955,0.0819655628,0.5457503865
