Instance,INF_avg,INF_sd,INF_r1,INF_kr,INF_sk,SUP_avg,SUP_sd,SUP_r1,SUP_kr,SUP_sk,INC_avg,INC_sd,INC_r1,INC_kr,INC_sk,IND_avg,IND_sd,IND_r1,IND_kr,IND_sk
143,0.2350000000,0.0316227766,-0.5028571429,2.2105000000,-0.6877953911,0.2730000000,0.0341467422,0.1683831102,1.4094910397,0.0691697348,0.4920000000,0.0485386444,0.2005248394,2.8197867814,1.2264744907,0.0410000000,0.0066332496,-0.0539215686,2.2169421488,-0.3700366502
