Instance,FV_avg_avg,FV_avg_sd,FV_sd_avg,FV_sd_sd,FV_r1_avg,FV_r1_sd,FV_kr_avg,FV_kr_sd,FV_sk_avg,FV_sk_sd,FD_avg_avg,FD_avg_sd,FD_sd_avg,FD_sd_sd,FD_r1_avg,FD_r1_sd,FD_kr_avg,FD_kr_sd,FD_sk_avg,FD_sk_sd,IN_avg_avg,IN_avg_sd,IN_sd_avg,IN_sd_sd,IN_r1_avg,IN_r1_sd,IN_kr_avg,IN_kr_sd,IN_sk_avg,IN_sk_sd
98,0.4632873164,0.2857966444,0.0172949440,0.0112595886,0.9855052325,0.0341227379,2.1004966160,0.0911375952,0.5243766889,0.1072295957,-0.0001640596,0.0001036123,0.0000752198,0.0000468170,0.8465185221,0.3887202595,2.3648327228,0.2038005507,0.5897219889,0.1820987848,0.1969765190,0.0607934805,0.1342600288,0.0187736159,0.8364446275,0.3681871459,2.5682293781,0.2957009089,0.7419977434,0.2628250620
