Instance,INF_avg,INF_sd,INF_r1,INF_kr,INF_sk,SUP_avg,SUP_sd,SUP_r1,SUP_kr,SUP_sk,INC_avg,INC_sd,INC_r1,INC_kr,INC_sk,IND_avg,IND_sd,IND_r1,IND_kr,IND_sk
195,0.2396000000,0.0307219791,0.1949098682,2.6098984830,0.0407865289,0.2614000000,0.0255546473,0.1430550089,2.1526042361,0.1989122032,0.4990000000,0.0380525952,0.1627835598,2.5514311987,-0.1453716344,0.0362000000,0.0094106323,0.2590413503,2.6053434292,-0.3126256909
