Instance,FV_avg_avg,FV_avg_sd,FV_sd_avg,FV_sd_sd,FV_r1_avg,FV_r1_sd,FV_kr_avg,FV_kr_sd,FV_sk_avg,FV_sk_sd,FD_avg_avg,FD_avg_sd,FD_sd_avg,FD_sd_sd,FD_r1_avg,FD_r1_sd,FD_kr_avg,FD_kr_sd,FD_sk_avg,FD_sk_sd,IN_avg_avg,IN_avg_sd,IN_sd_avg,IN_sd_sd,IN_r1_avg,IN_r1_sd,IN_kr_avg,IN_kr_sd,IN_sk_avg,IN_sk_sd
141,0.4980604201,0.3023783584,0.0016424370,0.0009584266,0.8983264611,0.0750275116,2.2824239553,0.5162743732,0.0943291040,0.3765571712,0.0000042652,0.0000866764,0.0000745440,0.0000429505,0.1089039499,0.1074183400,2.9334789564,0.6863123330,0.0835163330,0.2999244364,0.5003300000,0.0352277887,0.0505796562,0.0047845983,0.0567806111,0.1312685321,2.8961522870,0.7384666580,0.0550866579,0.3561418306
