Instance,FV_avg_avg,FV_avg_sd,FV_sd_avg,FV_sd_sd,FV_r1_avg,FV_r1_sd,FV_kr_avg,FV_kr_sd,FV_sk_avg,FV_sk_sd,FD_avg_avg,FD_avg_sd,FD_sd_avg,FD_sd_sd,FD_r1_avg,FD_r1_sd,FD_kr_avg,FD_kr_sd,FD_sk_avg,FD_sk_sd,IN_avg_avg,IN_avg_sd,IN_sd_avg,IN_sd_sd,IN_r1_avg,IN_r1_sd,IN_kr_avg,IN_kr_sd,IN_sk_avg,IN_sk_sd
198,0.4950564472,0.3011177289,0.0007046039,0.0005038334,0.8660946921,0.0954626801,2.4648561184,0.6700425173,0.1468472167,0.3287791162,0.0000099619,0.0000152093,0.0000213666,0.0000127112,0.0725647423,0.2037319135,2.7946605843,0.5708673195,-0.0057602828,0.3591317661,0.5101150000,0.0172684474,0.0381638584,0.0032988495,0.0543730938,0.1923931692,2.6555660897,0.4959812311,-0.0095332631,0.2802667250
