Instance,FV_avg_avg,FV_avg_sd,FV_sd_avg,FV_sd_sd,FV_r1_avg,FV_r1_sd,FV_kr_avg,FV_kr_sd,FV_sk_avg,FV_sk_sd,FD_avg_avg,FD_avg_sd,FD_sd_avg,FD_sd_sd,FD_r1_avg,FD_r1_sd,FD_kr_avg,FD_kr_sd,FD_sk_avg,FD_sk_sd,IN_avg_avg,IN_avg_sd,IN_sd_avg,IN_sd_sd,IN_r1_avg,IN_r1_sd,IN_kr_avg,IN_kr_sd,IN_sk_avg,IN_sk_sd
252,0.4968169648,0.3021778649,0.0005090574,0.0003432957,0.9446407000,0.0613368777,2.4797211310,0.6403751845,0.0851514930,0.5492682076,0.0000015978,0.0000085452,0.0000314254,0.0000195231,0.0054782689,0.0898830679,3.0189049397,0.3318874189,-0.0336249056,0.2847993437,0.5015000000,0.0202472220,0.1107746142,0.0084725939,0.0021412044,0.1089023221,2.8252478481,0.3365289078,0.0064348613,0.2220583298
