Instance,FV_avg_avg,FV_avg_sd,FV_sd_avg,FV_sd_sd,FV_r1_avg,FV_r1_sd,FV_kr_avg,FV_kr_sd,FV_sk_avg,FV_sk_sd,FD_avg_avg,FD_avg_sd,FD_sd_avg,FD_sd_sd,FD_r1_avg,FD_r1_sd,FD_kr_avg,FD_kr_sd,FD_sk_avg,FD_sk_sd,IN_avg_avg,IN_avg_sd,IN_sd_avg,IN_sd_sd,IN_r1_avg,IN_r1_sd,IN_kr_avg,IN_kr_sd,IN_sk_avg,IN_sk_sd
232,0.4964898727,0.3026187992,0.0001616587,0.0001057755,0.1353461021,0.3413185907,1.9260783896,0.4808913975,0.0334620993,0.5233203713,-0.0000034915,0.0000172970,0.0000259155,0.0000204535,-0.1796659556,0.3464449051,1.9529627897,0.5002964899,0.1835351602,0.4568932082,0.4922000000,0.0421706059,0.0615474027,0.0251538709,-0.1571326227,0.3757520470,2.0843579674,0.3753667179,0.0068996658,0.5650682816
