Instance,INF_avg,INF_sd,INF_r1,INF_kr,INF_sk,SUP_avg,SUP_sd,SUP_r1,SUP_kr,SUP_sk,INC_avg,INC_sd,INC_r1,INC_kr,INC_sk,IND_avg,IND_sd,IND_r1,IND_kr,IND_sk
101,0.2680000000,0.1121427662,0.1245083778,2.4811782530,-0.5388442161,0.2840000000,0.1405133446,-0.1098687888,2.8553372963,0.7179509241,0.4480000000,0.1203993355,-0.1663556385,2.4045509700,0.5282641197,0.3360000000,0.1053755190,-0.2597258244,2.7590171831,0.4735636681
