Instance,FV_avg_avg,FV_avg_sd,FV_sd_avg,FV_sd_sd,FV_r1_avg,FV_r1_sd,FV_kr_avg,FV_kr_sd,FV_sk_avg,FV_sk_sd,FD_avg_avg,FD_avg_sd,FD_sd_avg,FD_sd_sd,FD_r1_avg,FD_r1_sd,FD_kr_avg,FD_kr_sd,FD_sk_avg,FD_sk_sd,IN_avg_avg,IN_avg_sd,IN_sd_avg,IN_sd_sd,IN_r1_avg,IN_r1_sd,IN_kr_avg,IN_kr_sd,IN_sk_avg,IN_sk_sd
396,0.4957546668,0.3014522619,0.0004406040,0.0003167079,0.9356529349,0.0446175389,2.5480052706,0.5664737148,0.2644744947,0.4859497195,-0.0000000839,0.0000043360,0.0000103961,0.0000063347,0.0144716281,0.1152541855,2.9972115156,0.5066199255,0.0764474871,0.2667011634,0.5028775000,0.0129265857,0.0352230192,0.0021271560,0.0128047454,0.1185347664,2.9339863717,0.3813385708,0.0473671470,0.2147365070
