Instance,INF_avg,INF_sd,INF_r1,INF_kr,INF_sk,SUP_avg,SUP_sd,SUP_r1,SUP_kr,SUP_sk,INC_avg,INC_sd,INC_r1,INC_kr,INC_sk,IND_avg,IND_sd,IND_r1,IND_kr,IND_sk
449,0.2640000000,0.0222261108,-0.3406682967,1.9998770673,0.3786989157,0.2200000000,0.0192353841,-0.0428571429,1.4043097151,0.1686081875,0.5160000000,0.0312089731,-0.4473684211,2.0948374366,0.7336777966,0.0440000000,0.0128062485,-0.9877049180,2.6848602023,-1.0627434041
