Instance,INF_avg,INF_sd,INF_r1,INF_kr,INF_sk,SUP_avg,SUP_sd,SUP_r1,SUP_kr,SUP_sk,INC_avg,INC_sd,INC_r1,INC_kr,INC_sk,IND_avg,IND_sd,IND_r1,IND_kr,IND_sk
222,0.2204000000,0.0535895512,-0.0455881698,2.5811884113,-0.2396759206,0.2324000000,0.0696149409,0.2525491071,2.7242509918,-0.0301945357,0.5472000000,0.0792726939,0.0355879063,2.2479048909,0.1372422142,0.1268000000,0.0387009044,-0.1037382351,2.5543971908,0.2431009241
