Instance,INF_avg,INF_sd,INF_r1,INF_kr,INF_sk,SUP_avg,SUP_sd,SUP_r1,SUP_kr,SUP_sk,INC_avg,INC_sd,INC_r1,INC_kr,INC_sk,IND_avg,IND_sd,IND_r1,IND_kr,IND_sk
335,0.2564000000,0.0573675867,0.1341967340,2.9786801886,0.1046079993,0.2288000000,0.0613397098,0.1335437134,1.9410648336,0.2349578605,0.5148000000,0.0618139143,0.1644831907,2.3876746576,-0.2354577696,0.1128000000,0.0287777692,-0.0350071380,2.3271668789,0.1217451862
