Instance,INF_avg,INF_sd,INF_r1,INF_kr,INF_sk,SUP_avg,SUP_sd,SUP_r1,SUP_kr,SUP_sk,INC_avg,INC_sd,INC_r1,INC_kr,INC_sk,IND_avg,IND_sd,IND_r1,IND_kr,IND_sk
368,0.2924000000,0.0482725595,-0.0492889210,2.9355525679,0.0923527200,0.2359000000,0.0519441046,0.2268929016,3.1668875110,0.2797377206,0.4717000000,0.0486837755,0.1200231936,2.7607661284,-0.2021258520,0.0550000000,0.0169410743,-0.0619006103,2.6384319343,-0.0308509409
