Instance,INF_avg,INF_sd,INF_r1,INF_kr,INF_sk,SUP_avg,SUP_sd,SUP_r1,SUP_kr,SUP_sk,INC_avg,INC_sd,INC_r1,INC_kr,INC_sk,IND_avg,IND_sd,IND_r1,IND_kr,IND_sk
131,0.2857142857,0.1641303613,-0.0659090909,3.2431129477,0.2294660010,0.2285714286,0.1160576915,-0.0533980583,2.8719008264,-0.5706969127,0.4857142857,0.1245399698,-0.4959677419,2.1239612188,0.2716765270,0.3428571429,0.1049781318,-0.8793774319,1.9403292181,0.5594513610
