Instance,INF_avg,INF_sd,INF_r1,INF_kr,INF_sk,SUP_avg,SUP_sd,SUP_r1,SUP_kr,SUP_sk,INC_avg,INC_sd,INC_r1,INC_kr,INC_sk,IND_avg,IND_sd,IND_r1,IND_kr,IND_sk
82,0.4036585366,0.0880758015,0.2725197460,2.8520544125,-0.4232669224,0.1580487805,0.0716093573,0.4424711995,4.8282850889,0.8958229644,0.4382926829,0.0699268761,-0.1062942889,2.9636280740,0.1140636468,0.1114634146,0.0339340088,-0.1292355574,2.4527443099,0.3986011072
