Instance,FV_avg_avg,FV_avg_sd,FV_sd_avg,FV_sd_sd,FV_r1_avg,FV_r1_sd,FV_kr_avg,FV_kr_sd,FV_sk_avg,FV_sk_sd,FD_avg_avg,FD_avg_sd,FD_sd_avg,FD_sd_sd,FD_r1_avg,FD_r1_sd,FD_kr_avg,FD_kr_sd,FD_sk_avg,FD_sk_sd,IN_avg_avg,IN_avg_sd,IN_sd_avg,IN_sd_sd,IN_r1_avg,IN_r1_sd,IN_kr_avg,IN_kr_sd,IN_sk_avg,IN_sk_sd
223,0.5033360176,0.3055888779,0.0003635586,0.0002521802,0.5486990517,0.2067842321,1.9310747191,0.4585320804,0.0114989708,0.4109397011,0.0000087811,0.0000356398,0.0000955439,0.0000663581,-0.1040095939,0.2224015207,2.7566075356,0.9965153888,0.1836110132,0.7551444360,0.5050000000,0.0493457192,0.1453630662,0.0361881057,-0.0625197613,0.2684635467,2.3264508291,0.5492989552,-0.0022176660,0.4763949393
