Instance,FV_avg_avg,FV_avg_sd,FV_sd_avg,FV_sd_sd,FV_r1_avg,FV_r1_sd,FV_kr_avg,FV_kr_sd,FV_sk_avg,FV_sk_sd,FD_avg_avg,FD_avg_sd,FD_sd_avg,FD_sd_sd,FD_r1_avg,FD_r1_sd,FD_kr_avg,FD_kr_sd,FD_sk_avg,FD_sk_sd,IN_avg_avg,IN_avg_sd,IN_sd_avg,IN_sd_sd,IN_r1_avg,IN_r1_sd,IN_kr_avg,IN_kr_sd,IN_sk_avg,IN_sk_sd
470,0.4403162644,0.2733370183,0.0248928168,0.0149150342,0.9843061615,0.0067323479,2.5112991201,0.4453154509,0.8088207757,0.2106412553,-0.0004234562,0.0002485716,0.0001918011,0.0001161390,0.9575029958,0.0202673996,2.4155385445,0.5153104467,0.7260649848,0.2359566340,0.1735120434,0.0342582366,0.1512224419,0.0139023756,0.9611099940,0.0133849768,2.2710467795,0.2617138413,0.7323477514,0.2335084288
