Instance,INF_avg,INF_sd,INF_r1,INF_kr,INF_sk,SUP_avg,SUP_sd,SUP_r1,SUP_kr,SUP_sk,INC_avg,INC_sd,INC_r1,INC_kr,INC_sk,IND_avg,IND_sd,IND_r1,IND_kr,IND_sk
479,0.2465000000,0.0375732618,0.2339854354,2.4959226349,0.2745123980,0.2472000000,0.0372781437,0.2008445738,2.5715842179,-0.1766256211,0.5063000000,0.0353879923,0.1410365844,2.5979704635,0.0263736477,0.0402500000,0.0096014322,0.0946379297,3.3369964953,0.5220619462
