Instance,INF_avg,INF_sd,INF_r1,INF_kr,INF_sk,SUP_avg,SUP_sd,SUP_r1,SUP_kr,SUP_sk,INC_avg,INC_sd,INC_r1,INC_kr,INC_sk,IND_avg,IND_sd,IND_r1,IND_kr,IND_sk
82,0.3360000000,0.1162067124,-0.3190446739,2.6258563375,0.1879311626,0.1840000000,0.1120000000,-0.0217130330,2.2997123594,0.1467747813,0.4800000000,0.1095445115,0.0616246499,2.4866666667,0.2190890230,0.3960000000,0.1148216008,0.0636236516,3.5687152418,0.3952099647
