Instance,INF_avg,INF_sd,INF_r1,INF_kr,INF_sk,SUP_avg,SUP_sd,SUP_r1,SUP_kr,SUP_sk,INC_avg,INC_sd,INC_r1,INC_kr,INC_sk,IND_avg,IND_sd,IND_r1,IND_kr,IND_sk
340,0.2200000000,0.1624807681,0.1047087980,7.1611570248,1.8575625002,0.2160000000,0.1120000000,0.1013071895,2.1044812057,0.1948797376,0.5640000000,0.1621850795,0.2645954336,3.8069911379,-0.9827467597,0.3520000000,0.1135605565,-0.2472711783,2.1509614615,0.3602760731
