Instance,INF_avg,INF_sd,INF_r1,INF_kr,INF_sk,SUP_avg,SUP_sd,SUP_r1,SUP_kr,SUP_sk,INC_avg,INC_sd,INC_r1,INC_kr,INC_sk,IND_avg,IND_sd,IND_r1,IND_kr,IND_sk
272,0.3132000000,0.0524381540,0.4466815136,3.7988413989,0.7260409055,0.3088000000,0.0392244822,0.4980797003,2.4513233283,-0.1726527058,0.3780000000,0.0447213595,0.2663227334,3.2112320000,-0.2194924327,0.0564000000,0.0189483509,0.2073444254,1.8078297921,0.2769701904
