Instance,FV_avg_avg,FV_avg_sd,FV_sd_avg,FV_sd_sd,FV_r1_avg,FV_r1_sd,FV_kr_avg,FV_kr_sd,FV_sk_avg,FV_sk_sd,FD_avg_avg,FD_avg_sd,FD_sd_avg,FD_sd_sd,FD_r1_avg,FD_r1_sd,FD_kr_avg,FD_kr_sd,FD_sk_avg,FD_sk_sd,IN_avg_avg,IN_avg_sd,IN_sd_avg,IN_sd_sd,IN_r1_avg,IN_r1_sd,IN_kr_avg,IN_kr_sd,IN_sk_avg,IN_sk_sd
15,0.5009844121,0.3048080560,0.0007830469,0.0006080966,0.8383267172,0.0964182998,2.3260685238,0.5020672093,-0.0249496236,0.4956547099,0.0000049406,0.0000375086,0.0000527045,0.0000338294,-0.0521103980,0.2423419399,2.8883518840,0.6183785463,0.0394430889,0.4378913150,0.4931200000,0.0306373889,0.0663022114,0.0097382114,-0.0335323183,0.2322827486,2.7666016059,0.4494252922,0.0687042062,0.3832241459
