Instance,INF_avg,INF_sd,INF_r1,INF_kr,INF_sk,SUP_avg,SUP_sd,SUP_r1,SUP_kr,SUP_sk,INC_avg,INC_sd,INC_r1,INC_kr,INC_sk,IND_avg,IND_sd,IND_r1,IND_kr,IND_sk
153,0.2300000000,0.0455631430,0.3277886497,2.3564101707,0.0672382020,0.2774000000,0.0527184977,0.2203147748,2.3718767532,0.0103444945,0.4926000000,0.0451136343,0.2301477315,2.3787055209,0.0231716382,0.0656000000,0.0212753378,-0.3009242788,2.4128071365,0.0477703746
