Instance,INF_avg,INF_sd,INF_r1,INF_kr,INF_sk,SUP_avg,SUP_sd,SUP_r1,SUP_kr,SUP_sk,INC_avg,INC_sd,INC_r1,INC_kr,INC_sk,IND_avg,IND_sd,IND_r1,IND_kr,IND_sk
313,0.3136690647,0.0753327762,0.2123976314,2.7807524752,-0.1748542930,0.1601438849,0.0787125324,0.5385667037,2.3853156924,0.3720515358,0.5261870504,0.0799585836,0.0093499449,2.5134399593,0.1289120587,0.1211510791,0.0376863072,-0.0495682816,3.6971067279,0.5298563576
