Instance,INF_avg,INF_sd,INF_r1,INF_kr,INF_sk,SUP_avg,SUP_sd,SUP_r1,SUP_kr,SUP_sk,INC_avg,INC_sd,INC_r1,INC_kr,INC_sk,IND_avg,IND_sd,IND_r1,IND_kr,IND_sk
31,0.2480000000,0.1445544880,-0.2595505259,1.9461022164,0.0001271266,0.3120000000,0.1531535178,-0.3154620362,2.6888611157,0.4659476910,0.4400000000,0.1600000000,-0.5619107480,2.6083984375,0.5039062500,0.3360000000,0.1053755190,0.0590074700,3.8646239069,1.0889010746
