Instance,INF_avg,INF_sd,INF_r1,INF_kr,INF_sk,SUP_avg,SUP_sd,SUP_r1,SUP_kr,SUP_sk,INC_avg,INC_sd,INC_r1,INC_kr,INC_sk,IND_avg,IND_sd,IND_r1,IND_kr,IND_sk
421,0.3125000000,0.0414578099,-0.7674418605,1.6280991736,-0.4933822002,0.1375000000,0.1082531755,0.0391061453,1.9237333333,0.3233161507,0.5500000000,0.0935414347,0.4000000000,2.0000000000,0.6872431935,0.2875000000,0.0739509973,0.4576271186,1.8457142857,0.4346507596
