Instance,FV_avg_avg,FV_avg_sd,FV_sd_avg,FV_sd_sd,FV_r1_avg,FV_r1_sd,FV_kr_avg,FV_kr_sd,FV_sk_avg,FV_sk_sd,FD_avg_avg,FD_avg_sd,FD_sd_avg,FD_sd_sd,FD_r1_avg,FD_r1_sd,FD_kr_avg,FD_kr_sd,FD_sk_avg,FD_sk_sd,IN_avg_avg,IN_avg_sd,IN_sd_avg,IN_sd_sd,IN_r1_avg,IN_r1_sd,IN_kr_avg,IN_kr_sd,IN_sk_avg,IN_sk_sd
291,0.4994520441,0.3028170174,0.0005038487,0.0004379105,0.4813468362,0.2896675845,2.2617475309,0.4377111668,-0.1836468757,0.4089974697,0.0000010658,0.0000185891,0.0000232058,0.0000134563,-0.1552185756,0.2570386706,2.2499528886,0.4694997616,-0.1094707638,0.5732948264,0.4989000000,0.0202661047,0.0305306480,0.0073623729,-0.0316845386,0.2620633957,2.4620901699,0.7081629646,-0.1035785013,0.5780207015
