Instance,FV_avg_avg,FV_avg_sd,FV_sd_avg,FV_sd_sd,FV_r1_avg,FV_r1_sd,FV_kr_avg,FV_kr_sd,FV_sk_avg,FV_sk_sd,FD_avg_avg,FD_avg_sd,FD_sd_avg,FD_sd_sd,FD_r1_avg,FD_r1_sd,FD_kr_avg,FD_kr_sd,FD_sk_avg,FD_sk_sd,IN_avg_avg,IN_avg_sd,IN_sd_avg,IN_sd_sd,IN_r1_avg,IN_r1_sd,IN_kr_avg,IN_kr_sd,IN_sk_avg,IN_sk_sd
F,0.5006898068,0.3028085273,0.0014805583,0.0010177599,0.7738291073,0.2242575416,2.2795873176,0.6910793500,0.1722823602,0.4638291065,-0.0000102501,0.0000782654,0.0000842301,0.0000596790,0.0627907628,0.1843052597,2.9539072038,0.5254927887,0.0847150687,0.3956004342,0.4962600000,0.0321335401,0.0486546439,0.0068391246,0.0586290891,0.2122117164,2.9779989475,0.6633140946,0.0906736353,0.5270528495
