Instance,FV_avg_avg,FV_avg_sd,FV_sd_avg,FV_sd_sd,FV_r1_avg,FV_r1_sd,FV_kr_avg,FV_kr_sd,FV_sk_avg,FV_sk_sd,FD_avg_avg,FD_avg_sd,FD_sd_avg,FD_sd_sd,FD_r1_avg,FD_r1_sd,FD_kr_avg,FD_kr_sd,FD_sk_avg,FD_sk_sd,IN_avg_avg,IN_avg_sd,IN_sd_avg,IN_sd_sd,IN_r1_avg,IN_r1_sd,IN_kr_avg,IN_kr_sd,IN_sk_avg,IN_sk_sd
206,0.4962680859,0.3017199079,0.0003313594,0.0002547439,0.8433801357,0.0969004144,2.3281570107,0.6922077478,-0.1011501005,0.5468407417,0.0000037924,0.0000203938,0.0000229859,0.0000154036,0.3608412246,0.2466756319,2.7001708105,0.6768176353,-0.1676466451,0.5206591352,0.5011200000,0.0506403160,0.0585371126,0.0101247445,0.2179971715,0.2793972749,2.6501577110,0.6396307246,-0.0155178100,0.4822432318
