Instance,FV_avg_avg,FV_avg_sd,FV_sd_avg,FV_sd_sd,FV_r1_avg,FV_r1_sd,FV_kr_avg,FV_kr_sd,FV_sk_avg,FV_sk_sd,FD_avg_avg,FD_avg_sd,FD_sd_avg,FD_sd_sd,FD_r1_avg,FD_r1_sd,FD_kr_avg,FD_kr_sd,FD_sk_avg,FD_sk_sd,IN_avg_avg,IN_avg_sd,IN_sd_avg,IN_sd_sd,IN_r1_avg,IN_r1_sd,IN_kr_avg,IN_kr_sd,IN_sk_avg,IN_sk_sd
407,0.4962039900,0.3008218855,0.0023231518,0.0018307028,0.9181475696,0.0606151462,2.5687472015,0.7836387160,0.1986398660,0.4961184929,-0.0000386351,0.0000656863,0.0000834287,0.0000555559,0.4080582560,0.2059622173,2.7817572832,0.5092582797,0.0127276454,0.3060639542,0.4817125000,0.0301495559,0.0469651438,0.0113977803,0.3044136611,0.2172430471,2.7089597017,0.3737666791,0.0702615585,0.2293620751
