Instance,FV_avg_avg,FV_avg_sd,FV_sd_avg,FV_sd_sd,FV_r1_avg,FV_r1_sd,FV_kr_avg,FV_kr_sd,FV_sk_avg,FV_sk_sd,FD_avg_avg,FD_avg_sd,FD_sd_avg,FD_sd_sd,FD_r1_avg,FD_r1_sd,FD_kr_avg,FD_kr_sd,FD_sk_avg,FD_sk_sd,IN_avg_avg,IN_avg_sd,IN_sd_avg,IN_sd_sd,IN_r1_avg,IN_r1_sd,IN_kr_avg,IN_kr_sd,IN_sk_avg,IN_sk_sd
178,0.4913392749,0.2989159123,0.0025680023,0.0017617146,0.5522318353,0.2972398406,2.3789923821,0.4892276786,-0.1024966680,0.6167825205,0.0000371347,0.0006048064,0.0002725043,0.0001890403,0.0468875055,0.3140313449,2.3014479828,0.4905778550,-0.1257135242,0.4786586830,0.5089500000,0.0663298387,0.0513587221,0.0120429091,-0.0093146832,0.3201182533,2.2965422884,0.6828891659,-0.0308993753,0.5401594964
