Instance,INF_avg,INF_sd,INF_r1,INF_kr,INF_sk,SUP_avg,SUP_sd,SUP_r1,SUP_kr,SUP_sk,INC_avg,INC_sd,INC_r1,INC_kr,INC_sk,IND_avg,IND_sd,IND_r1,IND_kr,IND_sk
350,0.2540000000,0.0639061812,0.0682932664,2.2067215315,0.6962949524,0.2040000000,0.0564269439,-0.0700909577,3.9606828110,0.9981332344,0.5420000000,0.0882949602,-0.1092445798,1.7046004569,-0.6037415608,0.1180000000,0.0289136646,-0.1630269172,2.5882420274,-0.2224077128
