Instance,FV_avg_avg,FV_avg_sd,FV_sd_avg,FV_sd_sd,FV_r1_avg,FV_r1_sd,FV_kr_avg,FV_kr_sd,FV_sk_avg,FV_sk_sd,FD_avg_avg,FD_avg_sd,FD_sd_avg,FD_sd_sd,FD_r1_avg,FD_r1_sd,FD_kr_avg,FD_kr_sd,FD_sk_avg,FD_sk_sd,IN_avg_avg,IN_avg_sd,IN_sd_avg,IN_sd_sd,IN_r1_avg,IN_r1_sd,IN_kr_avg,IN_kr_sd,IN_sk_avg,IN_sk_sd
471,0.4992259887,0.3029776668,0.0004756859,0.0003192588,0.9043660248,0.0554585371,2.4379675187,0.7276195300,0.2158667451,0.5066701820,0.0000025597,0.0000077642,0.0000410507,0.0000240418,-0.0342772798,0.1233787023,2.8521580363,0.4678432321,-0.0456993758,0.3006773241,0.5046500000,0.0127956047,0.1109298661,0.0121125888,-0.0369664476,0.1524577149,2.8273880187,0.4901195047,-0.0846742773,0.2957743866
