Instance,FV_avg_avg,FV_avg_sd,FV_sd_avg,FV_sd_sd,FV_r1_avg,FV_r1_sd,FV_kr_avg,FV_kr_sd,FV_sk_avg,FV_sk_sd,FD_avg_avg,FD_avg_sd,FD_sd_avg,FD_sd_sd,FD_r1_avg,FD_r1_sd,FD_kr_avg,FD_kr_sd,FD_sk_avg,FD_sk_sd,IN_avg_avg,IN_avg_sd,IN_sd_avg,IN_sd_sd,IN_r1_avg,IN_r1_sd,IN_kr_avg,IN_kr_sd,IN_sk_avg,IN_sk_sd
129,0.4963571855,0.3016783931,0.0000935256,0.0000820470,0.1090822900,0.3931614190,2.0296495203,0.5423544336,0.1168252840,0.6750737992,-0.0000020636,0.0000060393,0.0000067332,0.0000036935,-0.2470745424,0.4497526139,1.8537035711,0.5462437790,0.0077058295,0.5667268716,0.5005000000,0.0205487226,0.0322318127,0.0084917756,-0.1500518444,0.4237428102,2.0358266410,0.5017441086,-0.1608713313,0.6032933549
