Instance,FV_avg_avg,FV_avg_sd,FV_sd_avg,FV_sd_sd,FV_r1_avg,FV_r1_sd,FV_kr_avg,FV_kr_sd,FV_sk_avg,FV_sk_sd,FD_avg_avg,FD_avg_sd,FD_sd_avg,FD_sd_sd,FD_r1_avg,FD_r1_sd,FD_kr_avg,FD_kr_sd,FD_sk_avg,FD_sk_sd,IN_avg_avg,IN_avg_sd,IN_sd_avg,IN_sd_sd,IN_r1_avg,IN_r1_sd,IN_kr_avg,IN_kr_sd,IN_sk_avg,IN_sk_sd
103,0.5026336518,0.3043065930,0.0004934272,0.0002813412,0.4390200595,0.3010925833,2.3553953065,0.6205259012,0.0331516290,0.6225429645,-0.0000130850,0.0000682586,0.0000680993,0.0000438078,-0.0195524639,0.2888814306,2.1970380847,0.6014364658,-0.0020027676,0.5352510022,0.5016000000,0.0332601864,0.0675508210,0.0186570787,0.0357772133,0.2035834251,2.6071136315,0.8629938071,-0.1481525083,0.6956473234
