Instance,INF_avg,INF_sd,INF_r1,INF_kr,INF_sk,SUP_avg,SUP_sd,SUP_r1,SUP_kr,SUP_sk,INC_avg,INC_sd,INC_r1,INC_kr,INC_sk,IND_avg,IND_sd,IND_r1,IND_kr,IND_sk
400,0.2180000000,0.0904212364,-0.0290586684,2.5848450048,0.1354878451,0.2595000000,0.1250389939,0.3309708311,3.5657477103,0.6354638650,0.5225000000,0.1298797521,0.1439694503,3.5392407903,-0.0781781647,0.2460000000,0.0795864310,0.2389973417,2.2269396999,0.0715571663
