Instance,INF_avg,INF_sd,INF_r1,INF_kr,INF_sk,SUP_avg,SUP_sd,SUP_r1,SUP_kr,SUP_sk,INC_avg,INC_sd,INC_r1,INC_kr,INC_sk,IND_avg,IND_sd,IND_r1,IND_kr,IND_sk
251,0.2313500000,0.0313994825,-0.0725471373,2.4965166444,0.1026656423,0.2642500000,0.0321043221,0.0155991369,3.2660594016,0.2703489745,0.5044000000,0.0322976779,0.0014851671,3.1976433942,0.0940271296,0.0365000000,0.0098615415,0.0508053212,3.7166619306,0.1814323949
