Instance,FV_avg_avg,FV_avg_sd,FV_sd_avg,FV_sd_sd,FV_r1_avg,FV_r1_sd,FV_kr_avg,FV_kr_sd,FV_sk_avg,FV_sk_sd,FD_avg_avg,FD_avg_sd,FD_sd_avg,FD_sd_sd,FD_r1_avg,FD_r1_sd,FD_kr_avg,FD_kr_sd,FD_sk_avg,FD_sk_sd,IN_avg_avg,IN_avg_sd,IN_sd_avg,IN_sd_sd,IN_r1_avg,IN_r1_sd,IN_kr_avg,IN_kr_sd,IN_sk_avg,IN_sk_sd
317,0.4981320987,0.3026547134,0.0000831365,0.0001039669,0.1767125922,0.3836980590,2.1273341259,0.4945677230,0.0832509329,0.6616188353,0.0000000667,0.0000071184,0.0000077903,0.0000057504,-0.2769887545,0.3213294139,1.9046946230,0.4772389081,-0.0196149318,0.6094043647,0.4938000000,0.0297583602,0.0407064924,0.0155878632,-0.2919349604,0.3831508289,2.0642451822,0.4670450733,0.0293707687,0.6556068456
