Instance,FV_avg_avg,FV_avg_sd,FV_sd_avg,FV_sd_sd,FV_r1_avg,FV_r1_sd,FV_kr_avg,FV_kr_sd,FV_sk_avg,FV_sk_sd,FD_avg_avg,FD_avg_sd,FD_sd_avg,FD_sd_sd,FD_r1_avg,FD_r1_sd,FD_kr_avg,FD_kr_sd,FD_sk_avg,FD_sk_sd,IN_avg_avg,IN_avg_sd,IN_sd_avg,IN_sd_sd,IN_r1_avg,IN_r1_sd,IN_kr_avg,IN_kr_sd,IN_sk_avg,IN_sk_sd
340,0.4987926513,0.3032510746,0.0005361879,0.0004319119,0.8016370442,0.1339493272,2.1916471725,0.3076430839,0.0603066812,0.4214199005,0.0000012797,0.0000232590,0.0000867396,0.0000571643,-0.0343713574,0.1722935281,2.4969687335,0.5331573394,0.0278429463,0.3848293880,0.5004000000,0.0316455368,0.1509354790,0.0204176687,-0.0215652838,0.1800671931,2.4615833255,0.4713522883,-0.1200161500,0.3446823852
