Instance,FV_avg_avg,FV_avg_sd,FV_sd_avg,FV_sd_sd,FV_r1_avg,FV_r1_sd,FV_kr_avg,FV_kr_sd,FV_sk_avg,FV_sk_sd,FD_avg_avg,FD_avg_sd,FD_sd_avg,FD_sd_sd,FD_r1_avg,FD_r1_sd,FD_kr_avg,FD_kr_sd,FD_sk_avg,FD_sk_sd,IN_avg_avg,IN_avg_sd,IN_sd_avg,IN_sd_sd,IN_r1_avg,IN_r1_sd,IN_kr_avg,IN_kr_sd,IN_sk_avg,IN_sk_sd
156,0.4941212487,0.3012233821,0.0005816842,0.0003646362,0.5164529482,0.2706402390,2.1944125496,0.5680088078,-0.0667228326,0.4230510307,-0.0000013103,0.0000670098,0.0000495665,0.0000367516,0.0083959958,0.2736871671,2.2316124864,0.6426894290,0.0169485243,0.5342647303,0.4878500000,0.0408240432,0.0358997537,0.0085283458,-0.0396991730,0.3460984355,2.3925747986,0.5939340946,-0.0250092998,0.6104951524
