Instance,FV_avg_avg,FV_avg_sd,FV_sd_avg,FV_sd_sd,FV_r1_avg,FV_r1_sd,FV_kr_avg,FV_kr_sd,FV_sk_avg,FV_sk_sd,FD_avg_avg,FD_avg_sd,FD_sd_avg,FD_sd_sd,FD_r1_avg,FD_r1_sd,FD_kr_avg,FD_kr_sd,FD_sk_avg,FD_sk_sd,IN_avg_avg,IN_avg_sd,IN_sd_avg,IN_sd_sd,IN_r1_avg,IN_r1_sd,IN_kr_avg,IN_kr_sd,IN_sk_avg,IN_sk_sd
185,0.4968365941,0.3001958435,0.0012457319,0.0011077564,0.0834953873,0.3998639713,2.1044501074,0.5087192718,-0.1109201296,0.6777029500,-0.0000086389,0.0002372790,0.0003920706,0.0002821128,-0.1648796399,0.3683425290,2.2445592093,0.5276614165,-0.1861020166,0.7909124877,0.4960000000,0.0652993109,0.1283795058,0.0451519932,-0.3703383325,0.4012367887,1.8716681531,0.6263678580,-0.0451604904,0.6138086606
