Instance,INF_avg,INF_sd,INF_r1,INF_kr,INF_sk,SUP_avg,SUP_sd,SUP_r1,SUP_kr,SUP_sk,INC_avg,INC_sd,INC_r1,INC_kr,INC_sk,IND_avg,IND_sd,IND_r1,IND_kr,IND_sk
23,0.2295000000,0.0414095400,0.0000580583,2.4681309932,-0.0684122609,0.2546000000,0.0412412415,0.0933908396,2.4774714452,-0.0411852329,0.5159000000,0.0429440333,0.0753979503,3.4467221534,-0.1535102166,0.0615000000,0.0192028644,0.0346394867,2.4227212870,0.0066727333
