Instance,INF_avg,INF_sd,INF_r1,INF_kr,INF_sk,SUP_avg,SUP_sd,SUP_r1,SUP_kr,SUP_sk,INC_avg,INC_sd,INC_r1,INC_kr,INC_sk,IND_avg,IND_sd,IND_r1,IND_kr,IND_sk
504,0.3200000000,0.0400000000,-0.5131578947,2.0781250000,-0.8437500000,0.3700000000,0.0678232998,-0.4823008850,2.9310018904,1.1731251294,0.3100000000,0.0374165739,-0.3888888889,1.8469387755,-0.3436215967,0.1800000000,0.0509901951,-0.7355371901,1.9556213018,-0.2715454179
