Instance,INF_avg,INF_sd,INF_r1,INF_kr,INF_sk,SUP_avg,SUP_sd,SUP_r1,SUP_kr,SUP_sk,INC_avg,INC_sd,INC_r1,INC_kr,INC_sk,IND_avg,IND_sd,IND_r1,IND_kr,IND_sk
187,0.3100000000,0.1640121947,0.4533283749,2.5789720982,-0.2964690242,0.1900000000,0.1445683229,-0.1448481832,2.9179048099,0.9690621771,0.5000000000,0.1843908891,0.1212121212,2.2664359862,0.2871138412,0.3700000000,0.1187434209,-0.1021307862,2.1757959861,0.5948817825
