Instance,INF_avg,INF_sd,INF_r1,INF_kr,INF_sk,SUP_avg,SUP_sd,SUP_r1,SUP_kr,SUP_sk,INC_avg,INC_sd,INC_r1,INC_kr,INC_sk,IND_avg,IND_sd,IND_r1,IND_kr,IND_sk
131,0.2890000000,0.0349857114,0.0836669663,2.2469803281,0.5405568149,0.2530000000,0.0156843871,-0.2988599349,1.8210390640,-0.1337356032,0.4580000000,0.0328785644,-0.1346171651,2.3159826487,-0.0740256632,0.0390000000,0.0062449980,-0.5775401070,2.0295857988,0.0739053018
