Instance,FV_avg_avg,FV_avg_sd,FV_sd_avg,FV_sd_sd,FV_r1_avg,FV_r1_sd,FV_kr_avg,FV_kr_sd,FV_sk_avg,FV_sk_sd,FD_avg_avg,FD_avg_sd,FD_sd_avg,FD_sd_sd,FD_r1_avg,FD_r1_sd,FD_kr_avg,FD_kr_sd,FD_sk_avg,FD_sk_sd,IN_avg_avg,IN_avg_sd,IN_sd_avg,IN_sd_sd,IN_r1_avg,IN_r1_sd,IN_kr_avg,IN_kr_sd,IN_sk_avg,IN_sk_sd
45,0.4954523119,0.3009954617,0.0020515945,0.0013132821,0.8744775168,0.0898228729,2.2897269469,0.4147588354,0.0491536142,0.4546427980,0.0000002811,0.0000639794,0.0000722899,0.0000460821,0.2709462887,0.2203824520,2.8990361463,0.5217470465,-0.0728562317,0.3017766217,0.5007100000,0.0288740004,0.0410587067,0.0055561318,0.1851517015,0.1966126245,3.0195350965,0.7074263008,-0.0508977198,0.3117071378
