Instance,FV_avg_avg,FV_avg_sd,FV_sd_avg,FV_sd_sd,FV_r1_avg,FV_r1_sd,FV_kr_avg,FV_kr_sd,FV_sk_avg,FV_sk_sd,FD_avg_avg,FD_avg_sd,FD_sd_avg,FD_sd_sd,FD_r1_avg,FD_r1_sd,FD_kr_avg,FD_kr_sd,FD_sk_avg,FD_sk_sd,IN_avg_avg,IN_avg_sd,IN_sd_avg,IN_sd_sd,IN_r1_avg,IN_r1_sd,IN_kr_avg,IN_kr_sd,IN_sk_avg,IN_sk_sd
40,0.4959315937,0.3001068806,0.0014273942,0.0009074530,0.7320687132,0.1916715023,2.1435800069,0.2847531249,0.0555478563,0.3845525273,-0.0000600469,0.0001100892,0.0000674822,0.0000400155,0.1759188375,0.2682992676,2.8103087070,0.6720426040,0.0057299021,0.4991336616,0.4846400000,0.0369358687,0.0389573960,0.0052376806,0.1485989466,0.2031707542,2.6569909325,0.5152474343,0.0325440320,0.3567903400
