Instance,FV_avg_avg,FV_avg_sd,FV_sd_avg,FV_sd_sd,FV_r1_avg,FV_r1_sd,FV_kr_avg,FV_kr_sd,FV_sk_avg,FV_sk_sd,FD_avg_avg,FD_avg_sd,FD_sd_avg,FD_sd_sd,FD_r1_avg,FD_r1_sd,FD_kr_avg,FD_kr_sd,FD_sk_avg,FD_sk_sd,IN_avg_avg,IN_avg_sd,IN_sd_avg,IN_sd_sd,IN_r1_avg,IN_r1_sd,IN_kr_avg,IN_kr_sd,IN_sk_avg,IN_sk_sd
177,0.4949989724,0.3020043758,0.0007922440,0.0005583942,0.9089662778,0.0650456217,2.1529450711,0.3551719989,-0.0821270024,0.3896233232,-0.0000020700,0.0000234771,0.0000402386,0.0000239625,-0.0803197211,0.1859339933,3.0151391818,0.5667073957,-0.0464545123,0.3642889605,0.4917000000,0.0239919570,0.0678212668,0.0065247047,-0.1054919136,0.1717103622,2.9953714839,0.6214876569,-0.1181872349,0.3023229872
