Instance,FV_avg_avg,FV_avg_sd,FV_sd_avg,FV_sd_sd,FV_r1_avg,FV_r1_sd,FV_kr_avg,FV_kr_sd,FV_sk_avg,FV_sk_sd,FD_avg_avg,FD_avg_sd,FD_sd_avg,FD_sd_sd,FD_r1_avg,FD_r1_sd,FD_kr_avg,FD_kr_sd,FD_sk_avg,FD_sk_sd,IN_avg_avg,IN_avg_sd,IN_sd_avg,IN_sd_sd,IN_r1_avg,IN_r1_sd,IN_kr_avg,IN_kr_sd,IN_sk_avg,IN_sk_sd
179,0.4576872727,0.3098087967,0.0198897755,0.0118255208,0.9955489236,0.0022532514,2.0486582890,0.1276191002,0.4912893740,0.1376480774,-0.0001118248,0.0000685353,0.0000521721,0.0000312810,0.9667137052,0.0130667992,2.2234720372,0.2346715655,0.5582200570,0.1949438365,0.1882863680,0.0438680444,0.1378060397,0.0120009876,0.9548718827,0.0151952266,2.3963754576,0.2794643198,0.7089728092,0.2240308172
