Instance,FV_avg_avg,FV_avg_sd,FV_sd_avg,FV_sd_sd,FV_r1_avg,FV_r1_sd,FV_kr_avg,FV_kr_sd,FV_sk_avg,FV_sk_sd,FD_avg_avg,FD_avg_sd,FD_sd_avg,FD_sd_sd,FD_r1_avg,FD_r1_sd,FD_kr_avg,FD_kr_sd,FD_sk_avg,FD_sk_sd,IN_avg_avg,IN_avg_sd,IN_sd_avg,IN_sd_sd,IN_r1_avg,IN_r1_sd,IN_kr_avg,IN_kr_sd,IN_sk_avg,IN_sk_sd
72,0.4950210479,0.3007837792,0.0010057541,0.0006954371,0.8457960065,0.0881413449,2.5287884001,0.7318778385,0.0089187427,0.4044544387,-0.0000024103,0.0000511335,0.0001625325,0.0001016536,-0.0289806331,0.1280667186,2.8273582770,0.4563280672,-0.0105839117,0.2342808146,0.4925000000,0.0358712977,0.1580570610,0.0136002007,-0.0280131723,0.0812541164,2.6075381088,0.4427601013,-0.0269022039,0.2326737240
