Instance,INF_avg,INF_sd,INF_r1,INF_kr,INF_sk,SUP_avg,SUP_sd,SUP_r1,SUP_kr,SUP_sk,INC_avg,INC_sd,INC_r1,INC_kr,INC_sk,IND_avg,IND_sd,IND_r1,IND_kr,IND_sk
80,0.2400000000,0.0969535971,0.0442741592,3.0310095066,0.5135161098,0.2520000000,0.0984682690,0.0820805624,2.7132879129,0.3842017693,0.5080000000,0.0901997783,-0.1291655191,4.2069436105,-0.7709533698,0.2260000000,0.0649923072,-0.2378123096,4.6403236915,0.0653923546
