Instance,FV_avg_avg,FV_avg_sd,FV_sd_avg,FV_sd_sd,FV_r1_avg,FV_r1_sd,FV_kr_avg,FV_kr_sd,FV_sk_avg,FV_sk_sd,FD_avg_avg,FD_avg_sd,FD_sd_avg,FD_sd_sd,FD_r1_avg,FD_r1_sd,FD_kr_avg,FD_kr_sd,FD_sk_avg,FD_sk_sd,IN_avg_avg,IN_avg_sd,IN_sd_avg,IN_sd_sd,IN_r1_avg,IN_r1_sd,IN_kr_avg,IN_kr_sd,IN_sk_avg,IN_sk_sd
97,0.4984492181,0.3026639183,0.0002893944,0.0002623462,0.7141888058,0.1519073264,2.4194506262,0.3300847803,0.0942622842,0.4525660561,-0.0000012862,0.0000159544,0.0000260252,0.0000165192,-0.0576930963,0.2099390201,2.5953989638,0.4435023513,-0.0572483092,0.3441565580,0.4954000000,0.0267346966,0.0683134356,0.0085656590,-0.0298446251,0.1494105136,2.6737271404,0.7520116123,-0.1311338722,0.3841052095
