Instance,FV_avg_avg,FV_avg_sd,FV_sd_avg,FV_sd_sd,FV_r1_avg,FV_r1_sd,FV_kr_avg,FV_kr_sd,FV_sk_avg,FV_sk_sd,FD_avg_avg,FD_avg_sd,FD_sd_avg,FD_sd_sd,FD_r1_avg,FD_r1_sd,FD_kr_avg,FD_kr_sd,FD_sk_avg,FD_sk_sd,IN_avg_avg,IN_avg_sd,IN_sd_avg,IN_sd_sd,IN_r1_avg,IN_r1_sd,IN_kr_avg,IN_kr_sd,IN_sk_avg,IN_sk_sd
70,0.4992340558,0.3026028061,0.0001363170,0.0001083734,0.1478985744,0.4097671735,1.9665760049,0.4583270913,0.0492848061,0.5491747035,0.0000032394,0.0000091505,0.0000208966,0.0000162786,-0.3673102878,0.4281665342,2.1567775654,0.3849041392,0.1096269843,0.6654191730,0.5066000000,0.0415745114,0.0683629745,0.0215058997,-0.2064365593,0.4284486109,2.1118362176,0.5565575023,0.0515754288,0.7460896750
