Instance,INF_avg,INF_sd,INF_r1,INF_kr,INF_sk,SUP_avg,SUP_sd,SUP_r1,SUP_kr,SUP_sk,INC_avg,INC_sd,INC_r1,INC_kr,INC_sk,IND_avg,IND_sd,IND_r1,IND_kr,IND_sk
171,0.2452000000,0.0261717405,0.0298309369,1.7997165897,-0.2937526002,0.2476000000,0.0231136323,-0.1023316816,2.6390826969,0.5628623472,0.5072000000,0.0287777692,-0.1381395461,3.0525918783,0.7430367638,0.0334000000,0.0096664368,-0.1181050922,2.0738551733,0.4235988787
