Instance,FV_avg_avg,FV_avg_sd,FV_sd_avg,FV_sd_sd,FV_r1_avg,FV_r1_sd,FV_kr_avg,FV_kr_sd,FV_sk_avg,FV_sk_sd,FD_avg_avg,FD_avg_sd,FD_sd_avg,FD_sd_sd,FD_r1_avg,FD_r1_sd,FD_kr_avg,FD_kr_sd,FD_sk_avg,FD_sk_sd,IN_avg_avg,IN_avg_sd,IN_sd_avg,IN_sd_sd,IN_r1_avg,IN_r1_sd,IN_kr_avg,IN_kr_sd,IN_sk_avg,IN_sk_sd
502,0.4683173017,0.2841745817,0.0089702806,0.0069938780,0.8160121434,0.0579150494,2.5917653594,0.5831318886,-0.0522481427,0.4126713069,0.0003273029,0.0007669223,0.0016330775,0.0010623411,0.1533124313,0.1438524942,2.8637248498,0.6425729195,0.0304828426,0.3594735675,0.5139000000,0.0804126234,0.1637930152,0.0135073378,0.1382377668,0.1161251224,2.6876221448,0.4607989815,0.0106500792,0.2938220589
