Instance,FV_avg_avg,FV_avg_sd,FV_sd_avg,FV_sd_sd,FV_r1_avg,FV_r1_sd,FV_kr_avg,FV_kr_sd,FV_sk_avg,FV_sk_sd,FD_avg_avg,FD_avg_sd,FD_sd_avg,FD_sd_sd,FD_r1_avg,FD_r1_sd,FD_kr_avg,FD_kr_sd,FD_sk_avg,FD_sk_sd,IN_avg_avg,IN_avg_sd,IN_sd_avg,IN_sd_sd,IN_r1_avg,IN_r1_sd,IN_kr_avg,IN_kr_sd,IN_sk_avg,IN_sk_sd
355,0.4477982910,0.2717146017,0.0217751729,0.0135683096,0.9749469567,0.0081222823,2.0961901389,0.1386996826,0.5552143261,0.1125903679,-0.0007309408,0.0004510724,0.0003715295,0.0002315121,0.9317891676,0.0167330729,2.2043700233,0.1579223221,0.5342245910,0.1271528826,0.1907172771,0.0258414414,0.1507649268,0.0102335204,0.9141538261,0.0249876939,2.3743935122,0.2622914898,0.7136472471,0.1797552177
