Instance,INF_avg,INF_sd,INF_r1,INF_kr,INF_sk,SUP_avg,SUP_sd,SUP_r1,SUP_kr,SUP_sk,INC_avg,INC_sd,INC_r1,INC_kr,INC_sk,IND_avg,IND_sd,IND_r1,IND_kr,IND_sk
219,0.2600000000,0.0509901951,-0.2962962963,1.9556213018,-0.2715454179,0.1960000000,0.0338230691,-0.6713581985,1.2905521052,0.1600265016,0.5440000000,0.0372021505,0.0793201133,2.2369775134,-0.6190207136,0.0760000000,0.0101980390,-0.5289256198,1.9556213018,-0.2715454179
