Instance,FV_avg_avg,FV_avg_sd,FV_sd_avg,FV_sd_sd,FV_r1_avg,FV_r1_sd,FV_kr_avg,FV_kr_sd,FV_sk_avg,FV_sk_sd,FD_avg_avg,FD_avg_sd,FD_sd_avg,FD_sd_sd,FD_r1_avg,FD_r1_sd,FD_kr_avg,FD_kr_sd,FD_sk_avg,FD_sk_sd,IN_avg_avg,IN_avg_sd,IN_sd_avg,IN_sd_sd,IN_r1_avg,IN_r1_sd,IN_kr_avg,IN_kr_sd,IN_sk_avg,IN_sk_sd
505,0.4940243849,0.3019963544,0.0066563978,0.0050944417,0.8482677955,0.1248002515,2.5652366756,0.7898414739,0.0481765623,0.5038234180,0.0000913549,0.0005333361,0.0007322716,0.0004611258,0.0834435908,0.1924417870,2.7071144535,0.4155363209,0.0210328257,0.2543002311,0.4987500000,0.0537418598,0.1185688937,0.0104483230,0.0814504963,0.1708255067,2.7135301347,0.3819181434,-0.0725898747,0.2494099527
