Instance,INF_avg,INF_sd,INF_r1,INF_kr,INF_sk,SUP_avg,SUP_sd,SUP_r1,SUP_kr,SUP_sk,INC_avg,INC_sd,INC_r1,INC_kr,INC_sk,IND_avg,IND_sd,IND_r1,IND_kr,IND_sk
50,0.2980000000,0.0515363949,-0.1153427639,2.8356165626,-1.1386268480,0.2900000000,0.0442718872,0.1935483871,1.9752186589,-0.2489256467,0.4120000000,0.0479165942,-0.5284974093,1.4450885649,0.1601214359,0.0660000000,0.0162480768,-0.5836298932,1.4421487603,0.3804646085
