Instance,INF_avg,INF_sd,INF_r1,INF_kr,INF_sk,SUP_avg,SUP_sd,SUP_r1,SUP_kr,SUP_sk,INC_avg,INC_sd,INC_r1,INC_kr,INC_sk,IND_avg,IND_sd,IND_r1,IND_kr,IND_sk
396,0.2454000000,0.0329520864,0.1162181756,2.2954479568,0.0552512488,0.2318000000,0.0321832254,-0.1315008154,2.4061564210,0.0187814894,0.5228000000,0.0335284953,-0.0227092810,3.3642262891,0.6326405552,0.0392000000,0.0109252002,-0.2483222386,1.8269052462,0.0206866105
