Instance,INF_avg,INF_sd,INF_r1,INF_kr,INF_sk,SUP_avg,SUP_sd,SUP_r1,SUP_kr,SUP_sk,INC_avg,INC_sd,INC_r1,INC_kr,INC_sk,IND_avg,IND_sd,IND_r1,IND_kr,IND_sk
451,0.3200000000,0.1469693846,0.1567460317,2.1954732510,0.4082482905,0.1800000000,0.1248999600,-0.2453531599,2.4240631164,0.6897828164,0.5000000000,0.1949358869,0.1621621622,2.5900277008,0.4859897457,0.4300000000,0.1486606875,-0.0255075482,1.7275854303,0.5734459475
