Instance,FV_avg_avg,FV_avg_sd,FV_sd_avg,FV_sd_sd,FV_r1_avg,FV_r1_sd,FV_kr_avg,FV_kr_sd,FV_sk_avg,FV_sk_sd,FD_avg_avg,FD_avg_sd,FD_sd_avg,FD_sd_sd,FD_r1_avg,FD_r1_sd,FD_kr_avg,FD_kr_sd,FD_sk_avg,FD_sk_sd,IN_avg_avg,IN_avg_sd,IN_sd_avg,IN_sd_sd,IN_r1_avg,IN_r1_sd,IN_kr_avg,IN_kr_sd,IN_sk_avg,IN_sk_sd
358,0.4973107828,0.3028041503,0.0002876939,0.0002153257,0.8357526787,0.1282322332,2.1673430607,0.4138085181,0.0965057242,0.4586053335,-0.0000017554,0.0000073472,0.0000100532,0.0000059564,-0.0206612911,0.1894235280,2.9196336775,0.6341585240,-0.2266517286,0.4700775433,0.4963300000,0.0178349404,0.0345540009,0.0050316021,0.0016146538,0.1600952682,2.6703488483,0.9438068061,0.0131597546,0.3983697889
