Instance,INF_avg,INF_sd,INF_r1,INF_kr,INF_sk,SUP_avg,SUP_sd,SUP_r1,SUP_kr,SUP_sk,INC_avg,INC_sd,INC_r1,INC_kr,INC_sk,IND_avg,IND_sd,IND_r1,IND_kr,IND_sk
91,0.2140000000,0.0768374908,-0.4059765967,2.2086775949,-0.3432436881,0.2900000000,0.0894427191,-0.0138371474,2.6543750000,0.2599429024,0.4960000000,0.1103811578,-0.1154883439,2.5039460597,0.4359275509,0.2040000000,0.0705974504,0.0785333590,2.3952745092,0.6256165620
