Instance,INF_avg,INF_sd,INF_r1,INF_kr,INF_sk,SUP_avg,SUP_sd,SUP_r1,SUP_kr,SUP_sk,INC_avg,INC_sd,INC_r1,INC_kr,INC_sk,IND_avg,IND_sd,IND_r1,IND_kr,IND_sk
488,0.2496000000,0.0737823827,-0.0101010101,2.3099576908,-0.2730355730,0.2448000000,0.0503682440,-0.0032550305,2.4943915013,0.1790326069,0.5056000000,0.0772569738,0.0651048258,1.9923525664,0.1742526785,0.1112000000,0.0310251511,-0.0914608063,2.1933761742,0.4344107636
