Instance,INF_avg,INF_sd,INF_r1,INF_kr,INF_sk,SUP_avg,SUP_sd,SUP_r1,SUP_kr,SUP_sk,INC_avg,INC_sd,INC_r1,INC_kr,INC_sk,IND_avg,IND_sd,IND_r1,IND_kr,IND_sk
329,0.2450000000,0.0788986692,-0.2635039925,2.0466927953,-0.2931929063,0.2400000000,0.0800000000,0.2100192678,1.8950195312,-0.1113281250,0.5150000000,0.0950000000,0.1446820328,2.6544992749,0.0909753608,0.2650000000,0.0923309266,-0.5777694890,1.7101418116,0.1276804722
