Instance,FV_avg_avg,FV_avg_sd,FV_sd_avg,FV_sd_sd,FV_r1_avg,FV_r1_sd,FV_kr_avg,FV_kr_sd,FV_sk_avg,FV_sk_sd,FD_avg_avg,FD_avg_sd,FD_sd_avg,FD_sd_sd,FD_r1_avg,FD_r1_sd,FD_kr_avg,FD_kr_sd,FD_sk_avg,FD_sk_sd,IN_avg_avg,IN_avg_sd,IN_sd_avg,IN_sd_sd,IN_r1_avg,IN_r1_sd,IN_kr_avg,IN_kr_sd,IN_sk_avg,IN_sk_sd
217,0.4866173508,0.2953856181,0.0074890658,0.0057320791,0.9501590049,0.0392139225,1.8529282929,0.0975247599,0.2370943965,0.1196593332,-0.0004184708,0.0002820039,0.0003170048,0.0001949140,0.3132031466,0.1894917610,2.5161205032,0.3352749069,-0.0547377291,0.4274061813,0.3122666326,0.0369726532,0.1615175313,0.0218159367,0.2353287402,0.2198503636,2.7015297919,0.5164929547,0.1833056502,0.3923111656
