Instance,INF_avg,INF_sd,INF_r1,INF_kr,INF_sk,SUP_avg,SUP_sd,SUP_r1,SUP_kr,SUP_sk,INC_avg,INC_sd,INC_r1,INC_kr,INC_sk,IND_avg,IND_sd,IND_r1,IND_kr,IND_sk
50,0.2478000000,0.0296337645,0.0183657820,2.2773843159,0.1161081477,0.3090000000,0.0354118624,0.0852977766,2.6647245561,0.0476957466,0.4432000000,0.0357457690,0.1816939111,2.3877640139,-0.1552126868,0.0338000000,0.0098264948,0.1686170840,2.1045527024,-0.3274039090
