Instance,INF_avg,INF_sd,INF_r1,INF_kr,INF_sk,SUP_avg,SUP_sd,SUP_r1,SUP_kr,SUP_sk,INC_avg,INC_sd,INC_r1,INC_kr,INC_sk,IND_avg,IND_sd,IND_r1,IND_kr,IND_sk
150,0.2384000000,0.0559771382,0.0561595400,2.0697585764,0.1642214546,0.2400000000,0.0598665182,-0.0848214286,2.5809151786,0.1879180607,0.5216000000,0.0616882485,-0.0010319217,2.7331489629,0.4197205639,0.1220000000,0.0373630834,-0.3863258639,4.1869689083,0.5724051001
