Instance,FV_avg_avg,FV_avg_sd,FV_sd_avg,FV_sd_sd,FV_r1_avg,FV_r1_sd,FV_kr_avg,FV_kr_sd,FV_sk_avg,FV_sk_sd,FD_avg_avg,FD_avg_sd,FD_sd_avg,FD_sd_sd,FD_r1_avg,FD_r1_sd,FD_kr_avg,FD_kr_sd,FD_sk_avg,FD_sk_sd,IN_avg_avg,IN_avg_sd,IN_sd_avg,IN_sd_sd,IN_r1_avg,IN_r1_sd,IN_kr_avg,IN_kr_sd,IN_sk_avg,IN_sk_sd
54,0.4987082767,0.3029073032,0.0007502451,0.0005770767,0.9112717838,0.0468326301,2.3655949907,0.7681793149,-0.1006648013,0.5185227230,-0.0000007728,0.0000198155,0.0000367227,0.0000223040,-0.0019124938,0.1505930707,3.1985816038,0.6898514441,-0.2046266542,0.3748943995,0.5033800000,0.0207967209,0.0722906176,0.0063355034,-0.0211506802,0.1360853833,2.9858695903,0.6238718908,-0.1666771194,0.3327424413
