Instance,INF_avg,INF_sd,INF_r1,INF_kr,INF_sk,SUP_avg,SUP_sd,SUP_r1,SUP_kr,SUP_sk,INC_avg,INC_sd,INC_r1,INC_kr,INC_sk,IND_avg,IND_sd,IND_r1,IND_kr,IND_sk
46,0.2656000000,0.0427158050,-0.0455238462,2.8496761768,0.0257942914,0.2198000000,0.0395722125,0.1557764325,3.3502882754,0.1503922755,0.5146000000,0.0513501704,0.1117567646,3.3280560089,0.3795675280,0.0721000000,0.0214147146,0.1049788762,2.3713803200,0.3616511639
