Instance,FV_avg_avg,FV_avg_sd,FV_sd_avg,FV_sd_sd,FV_r1_avg,FV_r1_sd,FV_kr_avg,FV_kr_sd,FV_sk_avg,FV_sk_sd,FD_avg_avg,FD_avg_sd,FD_sd_avg,FD_sd_sd,FD_r1_avg,FD_r1_sd,FD_kr_avg,FD_kr_sd,FD_sk_avg,FD_sk_sd,IN_avg_avg,IN_avg_sd,IN_sd_avg,IN_sd_sd,IN_r1_avg,IN_r1_sd,IN_kr_avg,IN_kr_sd,IN_sk_avg,IN_sk_sd
205,0.4945659945,0.3015079289,0.0006551464,0.0005187635,0.5751118834,0.1784933686,2.1408305804,0.4608860340,-0.0126010902,0.4658695044,0.0000211663,0.0000640689,0.0000718604,0.0000460249,-0.0957937331,0.3093116478,2.6105296336,0.9365122480,0.1567445371,0.6596470606,0.5049000000,0.0376110356,0.0662812299,0.0158176661,-0.1057064021,0.3058043842,2.4062178360,0.7288453369,0.0613603133,0.5764762614
