Instance,FV_avg_avg,FV_avg_sd,FV_sd_avg,FV_sd_sd,FV_r1_avg,FV_r1_sd,FV_kr_avg,FV_kr_sd,FV_sk_avg,FV_sk_sd,FD_avg_avg,FD_avg_sd,FD_sd_avg,FD_sd_sd,FD_r1_avg,FD_r1_sd,FD_kr_avg,FD_kr_sd,FD_sk_avg,FD_sk_sd,IN_avg_avg,IN_avg_sd,IN_sd_avg,IN_sd_sd,IN_r1_avg,IN_r1_sd,IN_kr_avg,IN_kr_sd,IN_sk_avg,IN_sk_sd
387,0.4954199925,0.3013877173,0.0002738822,0.0001750742,0.2833719864,0.4013673170,1.8753267531,0.5674722217,-0.0331686867,0.6469255440,-0.0000054168,0.0000446062,0.0000433923,0.0000342337,-0.1116082245,0.3770715433,2.0404112488,0.4343762535,-0.1648582727,0.6051879080,0.4914000000,0.0519734548,0.0544548697,0.0241550650,-0.2364408264,0.2973757001,1.9872852261,0.4642655425,-0.1164283606,0.5577185266
