Instance,INF_avg,INF_sd,INF_r1,INF_kr,INF_sk,SUP_avg,SUP_sd,SUP_r1,SUP_kr,SUP_sk,INC_avg,INC_sd,INC_r1,INC_kr,INC_sk,IND_avg,IND_sd,IND_r1,IND_kr,IND_sk
423,0.2700000000,0.1552417470,-0.0588733587,3.0759973141,0.5067721841,0.2200000000,0.1326649916,-0.2528473804,2.9142561983,0.4008730377,0.5100000000,0.1920937271,0.0579107786,2.8585057395,-0.6500891552,0.4100000000,0.1445683229,-0.3355672571,2.5882420274,0.2224077128
