Instance,FV_avg_avg,FV_avg_sd,FV_sd_avg,FV_sd_sd,FV_r1_avg,FV_r1_sd,FV_kr_avg,FV_kr_sd,FV_sk_avg,FV_sk_sd,FD_avg_avg,FD_avg_sd,FD_sd_avg,FD_sd_sd,FD_r1_avg,FD_r1_sd,FD_kr_avg,FD_kr_sd,FD_sk_avg,FD_sk_sd,IN_avg_avg,IN_avg_sd,IN_sd_avg,IN_sd_sd,IN_r1_avg,IN_r1_sd,IN_kr_avg,IN_kr_sd,IN_sk_avg,IN_sk_sd
130,0.4935496938,0.2986904808,0.0028414734,0.0017238761,0.9211800886,0.0370427056,2.5696867262,0.6575344218,-0.0881982181,0.4291561467,-0.0000173534,0.0001005695,0.0001308209,0.0000761515,0.3546187466,0.1497991049,2.7040015269,0.3252824738,-0.0212965286,0.1954112179,0.4967050000,0.0412128436,0.0585638693,0.0067946825,0.2579270324,0.1368286398,2.7605212553,0.4053414944,-0.0427965545,0.2302004685
