Instance,FV_avg_avg,FV_avg_sd,FV_sd_avg,FV_sd_sd,FV_r1_avg,FV_r1_sd,FV_kr_avg,FV_kr_sd,FV_sk_avg,FV_sk_sd,FD_avg_avg,FD_avg_sd,FD_sd_avg,FD_sd_sd,FD_r1_avg,FD_r1_sd,FD_kr_avg,FD_kr_sd,FD_sk_avg,FD_sk_sd,IN_avg_avg,IN_avg_sd,IN_sd_avg,IN_sd_sd,IN_r1_avg,IN_r1_sd,IN_kr_avg,IN_kr_sd,IN_sk_avg,IN_sk_sd
107,0.4783697964,0.2896228401,0.0042702980,0.0029150034,0.8741891737,0.0604539278,2.3392122561,0.4632477406,-0.0918281455,0.3771491237,-0.0000914177,0.0002718361,0.0002332518,0.0001469555,0.3541275415,0.1885032483,2.8044383744,0.4091458523,0.0019454585,0.2722126284,0.4893000000,0.0417484610,0.0606542845,0.0077739161,0.3085069567,0.2048929461,2.7984747915,0.5047970221,0.0095926226,0.3293679724
