Instance,FV_avg_avg,FV_avg_sd,FV_sd_avg,FV_sd_sd,FV_r1_avg,FV_r1_sd,FV_kr_avg,FV_kr_sd,FV_sk_avg,FV_sk_sd,FD_avg_avg,FD_avg_sd,FD_sd_avg,FD_sd_sd,FD_r1_avg,FD_r1_sd,FD_kr_avg,FD_kr_sd,FD_sk_avg,FD_sk_sd,IN_avg_avg,IN_avg_sd,IN_sd_avg,IN_sd_sd,IN_r1_avg,IN_r1_sd,IN_kr_avg,IN_kr_sd,IN_sk_avg,IN_sk_sd
44,0.4572899353,0.2951159618,0.0181987012,0.0117759200,0.9902331595,0.0045551778,2.1653640356,0.1475443522,0.5831061351,0.1799366406,-0.0002054977,0.0001354600,0.0000920995,0.0000569157,0.9323918252,0.1098543969,2.3577397259,0.1995336933,0.6339349931,0.2377560880,0.1825165553,0.0839343464,0.1324662563,0.0271953469,0.9199754620,0.1227008113,2.6156342685,0.2474382366,0.7767501524,0.3752723874
