Instance,FV_avg_avg,FV_avg_sd,FV_sd_avg,FV_sd_sd,FV_r1_avg,FV_r1_sd,FV_kr_avg,FV_kr_sd,FV_sk_avg,FV_sk_sd,FD_avg_avg,FD_avg_sd,FD_sd_avg,FD_sd_sd,FD_r1_avg,FD_r1_sd,FD_kr_avg,FD_kr_sd,FD_sk_avg,FD_sk_sd,IN_avg_avg,IN_avg_sd,IN_sd_avg,IN_sd_sd,IN_r1_avg,IN_r1_sd,IN_kr_avg,IN_kr_sd,IN_sk_avg,IN_sk_sd
255,0.4949544036,0.3011457845,0.0010318542,0.0007894852,0.9477061050,0.0372633682,2.3013642011,0.5914662140,0.1563095154,0.4100488782,-0.0000006766,0.0000134510,0.0000291197,0.0000169805,-0.0186337112,0.0922922424,2.9423425608,0.4937099896,-0.0071151007,0.2051157539,0.4965450000,0.0159175838,0.0494968573,0.0031312332,-0.0134944442,0.0888008579,2.8488317581,0.4179859034,-0.0213122830,0.2270873571
