Instance,FV_avg_avg,FV_avg_sd,FV_sd_avg,FV_sd_sd,FV_r1_avg,FV_r1_sd,FV_kr_avg,FV_kr_sd,FV_sk_avg,FV_sk_sd,FD_avg_avg,FD_avg_sd,FD_sd_avg,FD_sd_sd,FD_r1_avg,FD_r1_sd,FD_kr_avg,FD_kr_sd,FD_sk_avg,FD_sk_sd,IN_avg_avg,IN_avg_sd,IN_sd_avg,IN_sd_sd,IN_r1_avg,IN_r1_sd,IN_kr_avg,IN_kr_sd,IN_sk_avg,IN_sk_sd
335,0.4875838657,0.2973170846,0.0007186502,0.0004212938,0.4707304883,0.2502155897,2.2022882827,0.4234222854,0.2034009974,0.3624623869,-0.0000060010,0.0000805164,0.0000491859,0.0000325321,-0.0505574083,0.4032964067,2.3852024654,0.5676640002,-0.1970861005,0.5736050932,0.4908000000,0.0344776739,0.0314853627,0.0050320907,-0.1035444268,0.3113950226,2.2292270193,0.5112567260,0.0285048493,0.4755288967
