Instance,FV_avg_avg,FV_avg_sd,FV_sd_avg,FV_sd_sd,FV_r1_avg,FV_r1_sd,FV_kr_avg,FV_kr_sd,FV_sk_avg,FV_sk_sd,FD_avg_avg,FD_avg_sd,FD_sd_avg,FD_sd_sd,FD_r1_avg,FD_r1_sd,FD_kr_avg,FD_kr_sd,FD_sk_avg,FD_sk_sd,IN_avg_avg,IN_avg_sd,IN_sd_avg,IN_sd_sd,IN_r1_avg,IN_r1_sd,IN_kr_avg,IN_kr_sd,IN_sk_avg,IN_sk_sd
12,0.4700727199,0.2838240166,0.0122389010,0.0094794099,0.9536952420,0.0280970832,1.9100515193,0.1600255154,0.2271808755,0.1820129952,-0.0005603122,0.0004198805,0.0005169501,0.0003332776,0.3043480348,0.2198180008,2.7643223528,0.7497103708,0.0160080971,0.5759856510,0.3405350291,0.0531716397,0.1715043433,0.0182344797,0.1693605049,0.2285675328,2.8860174455,0.9452258606,0.1825244948,0.5434372083
