Instance,FV_avg_avg,FV_avg_sd,FV_sd_avg,FV_sd_sd,FV_r1_avg,FV_r1_sd,FV_kr_avg,FV_kr_sd,FV_sk_avg,FV_sk_sd,FD_avg_avg,FD_avg_sd,FD_sd_avg,FD_sd_sd,FD_r1_avg,FD_r1_sd,FD_kr_avg,FD_kr_sd,FD_sk_avg,FD_sk_sd,IN_avg_avg,IN_avg_sd,IN_sd_avg,IN_sd_sd,IN_r1_avg,IN_r1_sd,IN_kr_avg,IN_kr_sd,IN_sk_avg,IN_sk_sd
439,0.5015774471,0.3040095190,0.0006022014,0.0004233666,0.7962274185,0.0884444014,2.3498140238,0.4997320035,0.1418962825,0.4221999526,-0.0000067298,0.0000216261,0.0000226434,0.0000151752,0.0834715412,0.1969769093,2.9772014551,0.9178635667,0.0858787375,0.4481852129,0.4959600000,0.0232746729,0.0360016910,0.0053053035,0.0492625009,0.2180783182,2.7063260761,0.5556434776,0.0876666563,0.3923194727
