Instance,FV_avg_avg,FV_avg_sd,FV_sd_avg,FV_sd_sd,FV_r1_avg,FV_r1_sd,FV_kr_avg,FV_kr_sd,FV_sk_avg,FV_sk_sd,FD_avg_avg,FD_avg_sd,FD_sd_avg,FD_sd_sd,FD_r1_avg,FD_r1_sd,FD_kr_avg,FD_kr_sd,FD_sk_avg,FD_sk_sd,IN_avg_avg,IN_avg_sd,IN_sd_avg,IN_sd_sd,IN_r1_avg,IN_r1_sd,IN_kr_avg,IN_kr_sd,IN_sk_avg,IN_sk_sd
461,0.5018412830,0.3046867852,0.0002904841,0.0001742607,0.8142362064,0.0985454805,2.5103234150,0.6353261413,0.0122723470,0.5605578125,-0.0000048223,0.0000102677,0.0000124769,0.0000076824,-0.0249250544,0.2218884839,2.7798172092,0.5629508575,0.1284586596,0.4085329680,0.4910400000,0.0183571893,0.0354906317,0.0064920770,-0.0794263778,0.1933851240,2.7702264130,0.6167364624,0.0668007463,0.3838387614
