Instance,FV_avg_avg,FV_avg_sd,FV_sd_avg,FV_sd_sd,FV_r1_avg,FV_r1_sd,FV_kr_avg,FV_kr_sd,FV_sk_avg,FV_sk_sd,FD_avg_avg,FD_avg_sd,FD_sd_avg,FD_sd_sd,FD_r1_avg,FD_r1_sd,FD_kr_avg,FD_kr_sd,FD_sk_avg,FD_sk_sd,IN_avg_avg,IN_avg_sd,IN_sd_avg,IN_sd_sd,IN_r1_avg,IN_r1_sd,IN_kr_avg,IN_kr_sd,IN_sk_avg,IN_sk_sd
271,0.4940677714,0.3004803167,0.0013099102,0.0009114156,0.8860064701,0.0641660896,2.5644536484,0.6208152417,0.1599651940,0.4423683327,-0.0000102333,0.0000326793,0.0000437220,0.0000264231,0.0963199406,0.1230409674,2.8211458912,0.5463226919,-0.0593908408,0.3839921514,0.4955700000,0.0218300733,0.0354893294,0.0044136721,0.0657863313,0.1556472050,2.7206517664,0.3325130103,0.0755009614,0.3456279485
