Instance,FV_avg_avg,FV_avg_sd,FV_sd_avg,FV_sd_sd,FV_r1_avg,FV_r1_sd,FV_kr_avg,FV_kr_sd,FV_sk_avg,FV_sk_sd,FD_avg_avg,FD_avg_sd,FD_sd_avg,FD_sd_sd,FD_r1_avg,FD_r1_sd,FD_kr_avg,FD_kr_sd,FD_sk_avg,FD_sk_sd,IN_avg_avg,IN_avg_sd,IN_sd_avg,IN_sd_sd,IN_r1_avg,IN_r1_sd,IN_kr_avg,IN_kr_sd,IN_sk_avg,IN_sk_sd
332,0.4465337106,0.2714106110,0.0221164491,0.0136403171,0.9735036401,0.0121144534,2.0201145942,0.1215917109,0.5209947478,0.1155552477,-0.0008587182,0.0005173545,0.0004160760,0.0002556586,0.9442788044,0.0158864616,2.0741807468,0.1589924793,0.5144682875,0.1202496818,0.1742016175,0.0198514602,0.1463931375,0.0121989707,0.9177620107,0.0145735414,2.5009719350,0.3054484618,0.7882501036,0.1739064419
