Instance,INF_avg,INF_sd,INF_r1,INF_kr,INF_sk,SUP_avg,SUP_sd,SUP_r1,SUP_kr,SUP_sk,INC_avg,INC_sd,INC_r1,INC_kr,INC_sk,IND_avg,IND_sd,IND_r1,IND_kr,IND_sk
285,0.3234000000,0.0839073298,0.3177904354,3.4175226167,0.5965154061,0.3078000000,0.0735877707,0.0717337195,2.5913407384,0.1331294727,0.3688000000,0.0780932776,0.1610030206,2.7742496653,0.0649997249,0.0992000000,0.0326092012,0.1677811773,3.7873475786,0.5350369059
