Instance,INF_avg,INF_sd,INF_r1,INF_kr,INF_sk,SUP_avg,SUP_sd,SUP_r1,SUP_kr,SUP_sk,INC_avg,INC_sd,INC_r1,INC_kr,INC_sk,IND_avg,IND_sd,IND_r1,IND_kr,IND_sk
26,0.2605000000,0.1070735728,0.1721950277,2.5909473608,0.0928277720,0.2310000000,0.0921357694,-0.0227579404,3.4224598321,0.4420330868,0.5085000000,0.1129280745,0.0609973812,3.1892060599,0.0124576127,0.2355000000,0.0671918894,0.0715150797,2.2760656499,0.1176519230
