Instance,INF_avg,INF_sd,INF_r1,INF_kr,INF_sk,SUP_avg,SUP_sd,SUP_r1,SUP_kr,SUP_sk,INC_avg,INC_sd,INC_r1,INC_kr,INC_sk,IND_avg,IND_sd,IND_r1,IND_kr,IND_sk
134,0.4267605634,0.1189244600,0.1111795334,2.9296604902,-0.0563220354,0.1830985915,0.0919061301,0.0329534227,2.7675670624,0.5443077813,0.3901408451,0.1143320215,-0.0221570406,3.3958365342,0.2216429912,0.2218309859,0.0749330191,-0.0394868110,4.4477903041,1.0135167678
