Instance,FV_avg_avg,FV_avg_sd,FV_sd_avg,FV_sd_sd,FV_r1_avg,FV_r1_sd,FV_kr_avg,FV_kr_sd,FV_sk_avg,FV_sk_sd,FD_avg_avg,FD_avg_sd,FD_sd_avg,FD_sd_sd,FD_r1_avg,FD_r1_sd,FD_kr_avg,FD_kr_sd,FD_sk_avg,FD_sk_sd,IN_avg_avg,IN_avg_sd,IN_sd_avg,IN_sd_sd,IN_r1_avg,IN_r1_sd,IN_kr_avg,IN_kr_sd,IN_sk_avg,IN_sk_sd
125,0.4993963673,0.3039642716,0.0001992016,0.0001475764,-0.0600325475,0.4639410944,2.0716299604,0.4597204784,0.0359942433,0.6528134822,0.0000109120,0.0000304650,0.0000618533,0.0000439623,-0.3022573522,0.3570816734,1.9954211037,0.4090824699,-0.0393456139,0.5832360633,0.5070000000,0.0655057249,0.1388605960,0.0384413173,-0.3471674167,0.3543894256,2.0853527649,0.6115900879,-0.0484328866,0.7227008833
