Instance,INF_avg,INF_sd,INF_r1,INF_kr,INF_sk,SUP_avg,SUP_sd,SUP_r1,SUP_kr,SUP_sk,INC_avg,INC_sd,INC_r1,INC_kr,INC_sk,IND_avg,IND_sd,IND_r1,IND_kr,IND_sk
476,0.2378000000,0.0333790353,0.0610913677,2.9863302055,-0.5512536761,0.2750000000,0.0272029410,0.0560875513,3.0304967129,-0.1907583884,0.4872000000,0.0327438544,-0.0476770727,1.8296661872,-0.2097011195,0.0286000000,0.0072828566,0.0035021428,4.7952778745,1.0368364578
