Instance,FV_avg_avg,FV_avg_sd,FV_sd_avg,FV_sd_sd,FV_r1_avg,FV_r1_sd,FV_kr_avg,FV_kr_sd,FV_sk_avg,FV_sk_sd,FD_avg_avg,FD_avg_sd,FD_sd_avg,FD_sd_sd,FD_r1_avg,FD_r1_sd,FD_kr_avg,FD_kr_sd,FD_sk_avg,FD_sk_sd,IN_avg_avg,IN_avg_sd,IN_sd_avg,IN_sd_sd,IN_r1_avg,IN_r1_sd,IN_kr_avg,IN_kr_sd,IN_sk_avg,IN_sk_sd
179,0.4981037910,0.3031954879,0.0002963534,0.0001940381,0.8711698713,0.0781131749,2.3207073230,0.5875285749,-0.1187855159,0.3693000518,-0.0000001389,0.0000049411,0.0000287818,0.0000178392,-0.0469878488,0.1015114712,3.1327858805,1.1040625388,-0.0269868914,0.3984850364,0.4999000000,0.0152312179,0.1147191537,0.0103689813,-0.0363258028,0.1282575800,2.9564667556,0.7691169089,-0.0335253495,0.2736348730
