Instance,INF_avg,INF_sd,INF_r1,INF_kr,INF_sk,SUP_avg,SUP_sd,SUP_r1,SUP_kr,SUP_sk,INC_avg,INC_sd,INC_r1,INC_kr,INC_sk,IND_avg,IND_sd,IND_r1,IND_kr,IND_sk
65,0.2280000000,0.0515363949,0.0316686967,2.4634199448,-0.4460527720,0.2640000000,0.0463033476,-0.3303437967,2.1988193362,0.3365218792,0.5080000000,0.0601331855,-0.5541740675,2.7434019892,0.9818912350,0.1360000000,0.0320000000,-0.1912225705,1.4189453125,0.0351562500
