Instance,INF_avg,INF_sd,INF_r1,INF_kr,INF_sk,SUP_avg,SUP_sd,SUP_r1,SUP_kr,SUP_sk,INC_avg,INC_sd,INC_r1,INC_kr,INC_sk,IND_avg,IND_sd,IND_r1,IND_kr,IND_sk
459,0.2600000000,0.0663324958,0.2465753425,2.2169421488,-0.3700366502,0.2200000000,0.0509901951,0.2975206612,1.9556213018,0.2715454179,0.5200000000,0.0400000000,-0.1184210526,2.0781250000,-0.8437500000,0.2300000000,0.0600000000,-0.9465648855,1.3981481481,0.1111111111
