Instance,INF_avg,INF_sd,INF_r1,INF_kr,INF_sk,SUP_avg,SUP_sd,SUP_r1,SUP_kr,SUP_sk,INC_avg,INC_sd,INC_r1,INC_kr,INC_sk,IND_avg,IND_sd,IND_r1,IND_kr,IND_sk
259,0.2960000000,0.0480000000,-0.5648854962,1.3981481481,-0.1111111111,0.2720000000,0.0370944740,-0.0638297872,2.4826933478,0.9704949588,0.4320000000,0.0271293199,-0.6289592760,2.3638941399,0.7500308204,0.0920000000,0.0160000000,-0.3380281690,2.0781250000,0.8437500000
