Instance,INF_avg,INF_sd,INF_r1,INF_kr,INF_sk,SUP_avg,SUP_sd,SUP_r1,SUP_kr,SUP_sk,INC_avg,INC_sd,INC_r1,INC_kr,INC_sk,IND_avg,IND_sd,IND_r1,IND_kr,IND_sk
313,0.2725000000,0.0444156504,0.0741200828,2.7695807571,0.0358219025,0.2257000000,0.0443904269,0.1990815585,2.0300698985,-0.1455430996,0.5018000000,0.0513688622,0.0344941785,3.2624063932,0.4428241998,0.0634000000,0.0175624600,0.0097976679,2.9810438096,0.0063888172
