Instance,INF_avg,INF_sd,INF_r1,INF_kr,INF_sk,SUP_avg,SUP_sd,SUP_r1,SUP_kr,SUP_sk,INC_avg,INC_sd,INC_r1,INC_kr,INC_sk,IND_avg,IND_sd,IND_r1,IND_kr,IND_sk
266,0.2580000000,0.0480624594,0.6557979282,2.8284623602,-0.5880875727,0.2762000000,0.0354197685,0.0270388038,3.1716930353,-0.1637885315,0.4658000000,0.0376478419,0.2252898273,2.4750772566,-0.2073100258,0.0332000000,0.0098873657,-0.2094621647,2.2342689000,0.3504447558
