Instance,INF_avg,INF_sd,INF_r1,INF_kr,INF_sk,SUP_avg,SUP_sd,SUP_r1,SUP_kr,SUP_sk,INC_avg,INC_sd,INC_r1,INC_kr,INC_sk,IND_avg,IND_sd,IND_r1,IND_kr,IND_sk
390,0.2130000000,0.0294278779,-0.1841128434,3.1088250511,-1.3928443206,0.2670000000,0.0248193473,-0.6482347937,1.3327816664,0.1142018584,0.5200000000,0.0254950976,-0.2380952381,2.2112426036,-0.8146362537,0.0370000000,0.0087177979,0.2900302115,1.7957063712,0.0543353054
