Instance,FV_avg_avg,FV_avg_sd,FV_sd_avg,FV_sd_sd,FV_r1_avg,FV_r1_sd,FV_kr_avg,FV_kr_sd,FV_sk_avg,FV_sk_sd,FD_avg_avg,FD_avg_sd,FD_sd_avg,FD_sd_sd,FD_r1_avg,FD_r1_sd,FD_kr_avg,FD_kr_sd,FD_sk_avg,FD_sk_sd,IN_avg_avg,IN_avg_sd,IN_sd_avg,IN_sd_sd,IN_r1_avg,IN_r1_sd,IN_kr_avg,IN_kr_sd,IN_sk_avg,IN_sk_sd
413,0.5000291753,0.3043185689,0.0008026486,0.0005934813,0.9395435304,0.0521986914,2.2248524248,0.3627409997,0.1334919426,0.3836501164,-0.0000033411,0.0000134905,0.0000529871,0.0000325811,0.0352406017,0.1121294949,2.8901907052,0.3793658992,0.0345459725,0.2398141239,0.4979250000,0.0225789033,0.1134603406,0.0068109179,0.0267744256,0.1121632328,2.8458917943,0.4070690189,-0.0263829100,0.2365411291
