Instance,INF_avg,INF_sd,INF_r1,INF_kr,INF_sk,SUP_avg,SUP_sd,SUP_r1,SUP_kr,SUP_sk,INC_avg,INC_sd,INC_r1,INC_kr,INC_sk,IND_avg,IND_sd,IND_r1,IND_kr,IND_sk
449,0.2298000000,0.0378148119,-0.1755878931,2.6995021830,-0.4150266968,0.3106000000,0.0462346191,0.0171931770,2.7408488059,-0.0031160451,0.4596000000,0.0494756506,-0.2642818410,4.3427086998,-0.0850685955,0.0638000000,0.0189620674,-0.0860876129,2.4225371138,0.1857060462
