Instance,INF_avg,INF_sd,INF_r1,INF_kr,INF_sk,SUP_avg,SUP_sd,SUP_r1,SUP_kr,SUP_sk,INC_avg,INC_sd,INC_r1,INC_kr,INC_sk,IND_avg,IND_sd,IND_r1,IND_kr,IND_sk
427,0.2234000000,0.0353756979,-0.3258347789,2.9945377496,0.4723456496,0.2922000000,0.0273525136,-0.1628442915,2.2750386623,-0.0558786571,0.4844000000,0.0341561122,-0.2222604032,2.7798908328,0.2322624551,0.0344000000,0.0106131993,-0.4103209007,1.5130075502,-0.1689978581
