Instance,FV_avg_avg,FV_avg_sd,FV_sd_avg,FV_sd_sd,FV_r1_avg,FV_r1_sd,FV_kr_avg,FV_kr_sd,FV_sk_avg,FV_sk_sd,FD_avg_avg,FD_avg_sd,FD_sd_avg,FD_sd_sd,FD_r1_avg,FD_r1_sd,FD_kr_avg,FD_kr_sd,FD_sk_avg,FD_sk_sd,IN_avg_avg,IN_avg_sd,IN_sd_avg,IN_sd_sd,IN_r1_avg,IN_r1_sd,IN_kr_avg,IN_kr_sd,IN_sk_avg,IN_sk_sd
282,0.4966092055,0.3022442070,0.0018620314,0.0016963175,0.9449214236,0.0453256560,2.5160864775,0.9486023794,0.0956179812,0.5770134508,0.0000004486,0.0000334821,0.0001501684,0.0000915559,-0.0031591326,0.1160395333,2.9486545803,0.4297791685,-0.0211759732,0.1486943904,0.4976000000,0.0291400069,0.1600385063,0.0079231623,0.0110049393,0.0967521657,2.7501873492,0.3629878362,0.0215907216,0.1866781582
