Instance,FV_avg_avg,FV_avg_sd,FV_sd_avg,FV_sd_sd,FV_r1_avg,FV_r1_sd,FV_kr_avg,FV_kr_sd,FV_sk_avg,FV_sk_sd,FD_avg_avg,FD_avg_sd,FD_sd_avg,FD_sd_sd,FD_r1_avg,FD_r1_sd,FD_kr_avg,FD_kr_sd,FD_sk_avg,FD_sk_sd,IN_avg_avg,IN_avg_sd,IN_sd_avg,IN_sd_sd,IN_r1_avg,IN_r1_sd,IN_kr_avg,IN_kr_sd,IN_sk_avg,IN_sk_sd
243,0.4766633302,0.2893203153,0.0115225092,0.0072243267,0.9864322666,0.0040783571,2.1364377772,0.1057114379,0.5262206427,0.0878514947,-0.0002178675,0.0001335751,0.0001044303,0.0000666528,0.8616650099,0.0246969593,2.4006094439,0.1881924509,0.4984739708,0.1262884677,0.2170327747,0.0178009446,0.1383513826,0.0130697442,0.8304258648,0.0395342526,2.4829464996,0.2961825129,0.6400782411,0.1755694822
