Instance,FV_avg_avg,FV_avg_sd,FV_sd_avg,FV_sd_sd,FV_r1_avg,FV_r1_sd,FV_kr_avg,FV_kr_sd,FV_sk_avg,FV_sk_sd,FD_avg_avg,FD_avg_sd,FD_sd_avg,FD_sd_sd,FD_r1_avg,FD_r1_sd,FD_kr_avg,FD_kr_sd,FD_sk_avg,FD_sk_sd,IN_avg_avg,IN_avg_sd,IN_sd_avg,IN_sd_sd,IN_r1_avg,IN_r1_sd,IN_kr_avg,IN_kr_sd,IN_sk_avg,IN_sk_sd
471,0.4975403865,0.3028780045,0.0003695945,0.0003128974,0.7847106894,0.2039408106,2.1922409850,0.4658404186,-0.1274730822,0.5151061429,-0.0000002512,0.0000081735,0.0000252663,0.0000159345,-0.0621664580,0.1889851098,2.8352740312,0.8931622033,-0.1515576030,0.3576568441,0.4959200000,0.0167062144,0.0694528355,0.0093252155,-0.0736941977,0.1926957414,2.9493303210,0.7970149072,-0.0722161630,0.3807250515
