Instance,INF_avg,INF_sd,INF_r1,INF_kr,INF_sk,SUP_avg,SUP_sd,SUP_r1,SUP_kr,SUP_sk,INC_avg,INC_sd,INC_r1,INC_kr,INC_sk,IND_avg,IND_sd,IND_r1,IND_kr,IND_sk
233,0.2800000000,0.0400000000,-0.0360360360,2.6640625000,-0.3281250000,0.2450000000,0.0960468636,-0.0649430594,1.6951770331,0.1422070027,0.4750000000,0.1078192933,0.0802919708,1.5105792577,-0.3590236612,0.2150000000,0.0550000000,-0.3832853026,1.7606037839,0.2885048835
