Instance,INF_avg,INF_sd,INF_r1,INF_kr,INF_sk,SUP_avg,SUP_sd,SUP_r1,SUP_kr,SUP_sk,INC_avg,INC_sd,INC_r1,INC_kr,INC_sk,IND_avg,IND_sd,IND_r1,IND_kr,IND_sk
485,0.2800000000,0.1166190379,0.7959183673,2.6660899654,1.1500493357,0.3000000000,0.1264911064,-0.2500000000,1.5625000000,-0.5929270613,0.4200000000,0.0979795897,0.0336134454,2.7291666667,0.8675276172,0.3600000000,0.0800000000,-0.1184210526,2.0781250000,0.8437500000
