Instance,FV_avg_avg,FV_avg_sd,FV_sd_avg,FV_sd_sd,FV_r1_avg,FV_r1_sd,FV_kr_avg,FV_kr_sd,FV_sk_avg,FV_sk_sd,FD_avg_avg,FD_avg_sd,FD_sd_avg,FD_sd_sd,FD_r1_avg,FD_r1_sd,FD_kr_avg,FD_kr_sd,FD_sk_avg,FD_sk_sd,IN_avg_avg,IN_avg_sd,IN_sd_avg,IN_sd_sd,IN_r1_avg,IN_r1_sd,IN_kr_avg,IN_kr_sd,IN_sk_avg,IN_sk_sd
472,0.4957514613,0.3015073818,0.0001171319,0.0001155969,0.0484699234,0.5466145739,2.0359886955,0.4244958867,0.2093913999,0.5516649377,0.0000000021,0.0000138769,0.0000193004,0.0000125570,-0.4539040934,0.3241893237,2.0750085381,0.2987480939,-0.0378419200,0.5499886157,0.5010000000,0.0311865356,0.0605920664,0.0259036964,-0.3253482403,0.5019766265,2.0334847547,0.5126162481,0.1284195898,0.6336846196
