Instance,INF_avg,INF_sd,INF_r1,INF_kr,INF_sk,SUP_avg,SUP_sd,SUP_r1,SUP_kr,SUP_sk,INC_avg,INC_sd,INC_r1,INC_kr,INC_sk,IND_avg,IND_sd,IND_r1,IND_kr,IND_sk
105,0.2587000000,0.0400850346,-0.0103601732,2.6366999518,0.0667803210,0.2354000000,0.0329520864,0.2414082344,3.0461855184,0.3512209172,0.5059000000,0.0401707605,-0.1801141745,2.1375636713,0.2177433064,0.0332000000,0.0075339233,0.0009736274,2.7584547972,-0.3570039794
