Instance,INF_avg,INF_sd,INF_r1,INF_kr,INF_sk,SUP_avg,SUP_sd,SUP_r1,SUP_kr,SUP_sk,INC_avg,INC_sd,INC_r1,INC_kr,INC_sk,IND_avg,IND_sd,IND_r1,IND_kr,IND_sk
88,0.2780000000,0.0415451562,0.4555610115,1.4427701744,-0.0569819327,0.2120000000,0.0172046505,-0.9906790945,1.9226168736,-0.2226770648,0.5100000000,0.0466904701,0.1747126437,2.1741646326,-0.6012660490,0.0440000000,0.0146287388,-0.7903930131,3.1697528168,-1.4316972546
