Instance,INF_avg,INF_sd,INF_r1,INF_kr,INF_sk,SUP_avg,SUP_sd,SUP_r1,SUP_kr,SUP_sk,INC_avg,INC_sd,INC_r1,INC_kr,INC_sk,IND_avg,IND_sd,IND_r1,IND_kr,IND_sk
459,0.3354285714,0.0600401226,0.3738484322,2.6204399093,0.2243717371,0.1174285714,0.0672879890,0.8300686754,2.2837287988,0.4199618973,0.5471428571,0.0508820164,0.1850395931,1.8043510048,-0.0176743009,0.0792857143,0.0198077495,-0.0600876784,2.7562307964,0.3306538040
