Instance,FV_avg_avg,FV_avg_sd,FV_sd_avg,FV_sd_sd,FV_r1_avg,FV_r1_sd,FV_kr_avg,FV_kr_sd,FV_sk_avg,FV_sk_sd,FD_avg_avg,FD_avg_sd,FD_sd_avg,FD_sd_sd,FD_r1_avg,FD_r1_sd,FD_kr_avg,FD_kr_sd,FD_sk_avg,FD_sk_sd,IN_avg_avg,IN_avg_sd,IN_sd_avg,IN_sd_sd,IN_r1_avg,IN_r1_sd,IN_kr_avg,IN_kr_sd,IN_sk_avg,IN_sk_sd
471,0.5003520161,0.3037241774,0.0003715390,0.0003187581,0.7877474618,0.1657370027,2.3133133271,0.6201804049,0.1232472459,0.4283634714,0.0000000395,0.0000088570,0.0000134172,0.0000084001,0.0194486907,0.1436789526,2.8290475521,0.7076264696,-0.0755612510,0.4354680752,0.5002600000,0.0176849201,0.0338414157,0.0036241664,0.0405717337,0.1995590122,2.8157628822,0.6908862006,0.0008974117,0.3483525300
