Instance,INF_avg,INF_sd,INF_r1,INF_kr,INF_sk,SUP_avg,SUP_sd,SUP_r1,SUP_kr,SUP_sk,INC_avg,INC_sd,INC_r1,INC_kr,INC_sk,IND_avg,IND_sd,IND_r1,IND_kr,IND_sk
3,0.2570000000,0.1484957912,0.2349041966,2.6316074896,0.2852623326,0.2300000000,0.1438749457,0.0387189530,3.2183014773,0.4935848449,0.5130000000,0.1741579743,0.2301506027,2.6205663961,-0.1770234295,0.3880000000,0.1235151813,0.0021396724,3.1253161908,0.5152679884
