Instance,INF_avg,INF_sd,INF_r1,INF_kr,INF_sk,SUP_avg,SUP_sd,SUP_r1,SUP_kr,SUP_sk,INC_avg,INC_sd,INC_r1,INC_kr,INC_sk,IND_avg,IND_sd,IND_r1,IND_kr,IND_sk
280,0.2202000000,0.0396227208,0.1575290797,2.4544432104,-0.0206086585,0.2878000000,0.0582164925,0.4579659705,3.8428164025,0.7855811962,0.4920000000,0.0591607978,0.4028880531,2.6535875918,0.2298433217,0.0670000000,0.0201246118,0.0867603063,5.1177137631,0.5315032361
