Instance,INF_avg,INF_sd,INF_r1,INF_kr,INF_sk,SUP_avg,SUP_sd,SUP_r1,SUP_kr,SUP_sk,INC_avg,INC_sd,INC_r1,INC_kr,INC_sk,IND_avg,IND_sd,IND_r1,IND_kr,IND_sk
345,0.2480000000,0.1062826420,0.0826329380,2.1718023979,-0.2975389852,0.2640000000,0.1100181803,-0.5978624621,2.5493663858,0.1606175685,0.4880000000,0.1305986217,-0.0145337863,2.2170600586,0.4649825396,0.2360000000,0.0640624695,0.3035815804,2.9526862966,0.5329228039
