Instance,FV_avg_avg,FV_avg_sd,FV_sd_avg,FV_sd_sd,FV_r1_avg,FV_r1_sd,FV_kr_avg,FV_kr_sd,FV_sk_avg,FV_sk_sd,FD_avg_avg,FD_avg_sd,FD_sd_avg,FD_sd_sd,FD_r1_avg,FD_r1_sd,FD_kr_avg,FD_kr_sd,FD_sk_avg,FD_sk_sd,IN_avg_avg,IN_avg_sd,IN_sd_avg,IN_sd_sd,IN_r1_avg,IN_r1_sd,IN_kr_avg,IN_kr_sd,IN_sk_avg,IN_sk_sd
109,0.5002665814,0.3042146786,0.0001153893,0.0000901204,0.5106720280,0.4131838676,2.2856752521,0.9288332013,0.2438986774,0.6232479782,-0.0000006934,0.0000090045,0.0000201882,0.0000153235,-0.1044113676,0.3553426247,2.2439351279,0.6623926034,-0.1310874347,0.4509786294,0.4962500000,0.0366699809,0.1024822008,0.0264792093,-0.1260565785,0.2756988935,2.3609374063,0.7389146112,-0.0285577200,0.5657945771
