Instance,FV_avg_avg,FV_avg_sd,FV_sd_avg,FV_sd_sd,FV_r1_avg,FV_r1_sd,FV_kr_avg,FV_kr_sd,FV_sk_avg,FV_sk_sd,FD_avg_avg,FD_avg_sd,FD_sd_avg,FD_sd_sd,FD_r1_avg,FD_r1_sd,FD_kr_avg,FD_kr_sd,FD_sk_avg,FD_sk_sd,IN_avg_avg,IN_avg_sd,IN_sd_avg,IN_sd_sd,IN_r1_avg,IN_r1_sd,IN_kr_avg,IN_kr_sd,IN_sk_avg,IN_sk_sd
288,0.4506288629,0.2735978281,0.0229159220,0.0140453722,0.9934643538,0.0019267388,2.0081606728,0.0778964536,0.4813745388,0.0665972078,-0.0002359031,0.0001434423,0.0001056959,0.0000646674,0.9438935122,0.0098213314,2.2954290861,0.1131530044,0.6004110372,0.0758211882,0.1819415795,0.0141007880,0.1376323248,0.0077698936,0.9218445584,0.0117523164,2.6275373317,0.2667863617,0.8130492636,0.1173105567
