Instance,INF_avg,INF_sd,INF_r1,INF_kr,INF_sk,SUP_avg,SUP_sd,SUP_r1,SUP_kr,SUP_sk,INC_avg,INC_sd,INC_r1,INC_kr,INC_sk,IND_avg,IND_sd,IND_r1,IND_kr,IND_sk
284,0.3805000000,0.0332001506,-0.0261062850,2.6833840717,-0.6494353607,0.2365000000,0.0278433116,-0.3198371817,2.8601624488,-0.7124912809,0.3830000000,0.0391279951,-0.3678920556,2.6127213721,0.5044490432,0.0355000000,0.0098615415,0.1205965544,1.8248425532,0.0172047961
