Instance,FV_avg_avg,FV_avg_sd,FV_sd_avg,FV_sd_sd,FV_r1_avg,FV_r1_sd,FV_kr_avg,FV_kr_sd,FV_sk_avg,FV_sk_sd,FD_avg_avg,FD_avg_sd,FD_sd_avg,FD_sd_sd,FD_r1_avg,FD_r1_sd,FD_kr_avg,FD_kr_sd,FD_sk_avg,FD_sk_sd,IN_avg_avg,IN_avg_sd,IN_sd_avg,IN_sd_sd,IN_r1_avg,IN_r1_sd,IN_kr_avg,IN_kr_sd,IN_sk_avg,IN_sk_sd
186,0.4838076692,0.2940207536,0.0069984143,0.0047312930,0.9910465000,0.0039475620,1.8423338876,0.0756876589,0.1758055389,0.1291819859,-0.0000866477,0.0000592043,0.0001049517,0.0000661230,0.2665763045,0.1201664305,3.1319895250,0.6538917112,0.0622056758,0.4539030778,0.3846253861,0.0351554025,0.1694817493,0.0153448692,0.1465984058,0.1566123644,3.0231336932,0.6177862494,0.1984557357,0.2760874860
