Instance,INF_avg,INF_sd,INF_r1,INF_kr,INF_sk,SUP_avg,SUP_sd,SUP_r1,SUP_kr,SUP_sk,INC_avg,INC_sd,INC_r1,INC_kr,INC_sk,IND_avg,IND_sd,IND_r1,IND_kr,IND_sk
10,0.2593500000,0.0321298537,0.1589208335,3.9290895388,0.1881923304,0.2399500000,0.0335670597,0.2222528592,2.8400592359,0.1948030259,0.5007000000,0.0376896538,0.1987052528,2.8290630177,-0.2246216694,0.0346500000,0.0093609561,-0.0444070571,2.9199350483,0.5587157103
