Instance,INF_avg,INF_sd,INF_r1,INF_kr,INF_sk,SUP_avg,SUP_sd,SUP_r1,SUP_kr,SUP_sk,INC_avg,INC_sd,INC_r1,INC_kr,INC_sk,IND_avg,IND_sd,IND_r1,IND_kr,IND_sk
289,0.1900000000,0.0583095189,0.2532467532,2.6660899654,1.1500493357,0.2000000000,0.1140175425,-0.6000000000,2.1449704142,0.8095920178,0.6100000000,0.1319090596,-0.2622149837,1.2063020214,-0.3476794476,0.2000000000,0.0707106781,0.0000000000,1.7000000000,-0.0000000000
