Instance,INF_avg,INF_sd,INF_r1,INF_kr,INF_sk,SUP_avg,SUP_sd,SUP_r1,SUP_kr,SUP_sk,INC_avg,INC_sd,INC_r1,INC_kr,INC_sk,IND_avg,IND_sd,IND_r1,IND_kr,IND_sk
60,0.2650000000,0.1437880384,-0.0662660091,3.0909948255,0.5663818548,0.2660000000,0.1242738911,-0.0454246762,2.2962232449,0.0388644533,0.4690000000,0.1494623698,0.0391290991,2.6479666517,0.3046920597,0.3460000000,0.1099272487,-0.0331120114,2.7122486191,0.3275254555
