Instance,INF_avg,INF_sd,INF_r1,INF_kr,INF_sk,SUP_avg,SUP_sd,SUP_r1,SUP_kr,SUP_sk,INC_avg,INC_sd,INC_r1,INC_kr,INC_sk,IND_avg,IND_sd,IND_r1,IND_kr,IND_sk
258,0.2230000000,0.0343656806,-0.1605532171,3.0848417758,0.7648967724,0.2290000000,0.0372692903,-0.4300635390,1.8127294525,0.1481251270,0.5480000000,0.0577581163,-0.1986719068,1.8203164087,0.0001245582,0.0710000000,0.0326955654,-0.1347517730,2.5351031406,0.6835746492
