Instance,FV_avg_avg,FV_avg_sd,FV_sd_avg,FV_sd_sd,FV_r1_avg,FV_r1_sd,FV_kr_avg,FV_kr_sd,FV_sk_avg,FV_sk_sd,FD_avg_avg,FD_avg_sd,FD_sd_avg,FD_sd_sd,FD_r1_avg,FD_r1_sd,FD_kr_avg,FD_kr_sd,FD_sk_avg,FD_sk_sd,IN_avg_avg,IN_avg_sd,IN_sd_avg,IN_sd_sd,IN_r1_avg,IN_r1_sd,IN_kr_avg,IN_kr_sd,IN_sk_avg,IN_sk_sd
469,0.4913078472,0.2972698909,0.0028952011,0.0019668067,0.9289900109,0.0433474706,2.4601218807,0.6770992056,0.1497485454,0.4517348921,-0.0000125838,0.0000835999,0.0002066976,0.0001208797,0.0463901512,0.1348984314,2.9729040815,0.4808158510,0.0857013739,0.1892120573,0.5004250000,0.0392406916,0.1107203410,0.0075659490,0.0202717344,0.1037798502,2.8448649509,0.3263849771,0.1009897159,0.2027465895
