Instance,INF_avg,INF_sd,INF_r1,INF_kr,INF_sk,SUP_avg,SUP_sd,SUP_r1,SUP_kr,SUP_sk,INC_avg,INC_sd,INC_r1,INC_kr,INC_sk,IND_avg,IND_sd,IND_r1,IND_kr,IND_sk
94,0.2511000000,0.0440373705,0.5051405245,2.2935163568,0.1434289843,0.2871500000,0.0380871041,0.5197239150,3.2907586694,0.4486818866,0.4617500000,0.0438028253,0.2949432541,2.3764342324,0.2137308495,0.0329000000,0.0102513414,0.0902665580,2.5577472616,0.2193679070
