Instance,INF_avg,INF_sd,INF_r1,INF_kr,INF_sk,SUP_avg,SUP_sd,SUP_r1,SUP_kr,SUP_sk,INC_avg,INC_sd,INC_r1,INC_kr,INC_sk,IND_avg,IND_sd,IND_r1,IND_kr,IND_sk
252,0.2320000000,0.1085172797,-0.2766449079,2.2381778710,-0.0964582906,0.2480000000,0.1099818167,0.2495734698,2.9969975645,0.0508020485,0.5200000000,0.1600000000,0.1672152732,2.5615234375,-0.2695312500,0.3560000000,0.0897997773,0.1998548855,2.2260487528,-0.0143175665
