Instance,FV_avg_avg,FV_avg_sd,FV_sd_avg,FV_sd_sd,FV_r1_avg,FV_r1_sd,FV_kr_avg,FV_kr_sd,FV_sk_avg,FV_sk_sd,FD_avg_avg,FD_avg_sd,FD_sd_avg,FD_sd_sd,FD_r1_avg,FD_r1_sd,FD_kr_avg,FD_kr_sd,FD_sk_avg,FD_sk_sd,IN_avg_avg,IN_avg_sd,IN_sd_avg,IN_sd_sd,IN_r1_avg,IN_r1_sd,IN_kr_avg,IN_kr_sd,IN_sk_avg,IN_sk_sd
257,0.4973353094,0.3023269223,0.0004470473,0.0003145035,0.9424039772,0.0360808959,2.6131872796,0.5290689568,-0.1278875755,0.5590166283,0.0000019510,0.0000077881,0.0000294035,0.0000176764,0.0084316673,0.1084953548,2.9307374429,0.2268155523,-0.0187672557,0.2014579453,0.5084000000,0.0212823871,0.1127963253,0.0074825803,-0.0033883326,0.1180845625,2.9651048925,0.3623018813,-0.0092300801,0.2450084664
