Instance,INF_avg,INF_sd,INF_r1,INF_kr,INF_sk,SUP_avg,SUP_sd,SUP_r1,SUP_kr,SUP_sk,INC_avg,INC_sd,INC_r1,INC_kr,INC_sk,IND_avg,IND_sd,IND_r1,IND_kr,IND_sk
473,0.2380000000,0.0790948797,0.2761877944,2.4648304891,0.4586417598,0.2220000000,0.1040000000,-0.2217375823,3.5180529174,0.4449391215,0.5400000000,0.1148912529,0.1961023143,1.9283746556,-0.1701213456,0.2340000000,0.0674091982,-0.1442276006,2.2286097748,0.1051492728
