Instance,INF_avg,INF_sd,INF_r1,INF_kr,INF_sk,SUP_avg,SUP_sd,SUP_r1,SUP_kr,SUP_sk,INC_avg,INC_sd,INC_r1,INC_kr,INC_sk,IND_avg,IND_sd,IND_r1,IND_kr,IND_sk
470,0.2476000000,0.0379899987,0.1951195530,2.1811637419,0.0970322730,0.2679000000,0.0445206694,0.1751761127,2.9029780272,0.1831731659,0.4845000000,0.0420862210,-0.1228526172,2.2409014243,-0.0653361821,0.0336000000,0.0097488461,0.0365184758,2.1267621501,0.0398389548
