Instance,FV_avg_avg,FV_avg_sd,FV_sd_avg,FV_sd_sd,FV_r1_avg,FV_r1_sd,FV_kr_avg,FV_kr_sd,FV_sk_avg,FV_sk_sd,FD_avg_avg,FD_avg_sd,FD_sd_avg,FD_sd_sd,FD_r1_avg,FD_r1_sd,FD_kr_avg,FD_kr_sd,FD_sk_avg,FD_sk_sd,IN_avg_avg,IN_avg_sd,IN_sd_avg,IN_sd_sd,IN_r1_avg,IN_r1_sd,IN_kr_avg,IN_kr_sd,IN_sk_avg,IN_sk_sd
203,0.4887064804,0.2958652184,0.0043079807,0.0030701600,0.9216039556,0.0530928077,2.2601149722,0.4420631666,-0.0029465869,0.4066773412,0.0000215127,0.0001036662,0.0002187455,0.0001289088,0.2688146538,0.1379586467,2.9026492713,0.4610761328,0.0769015361,0.2470917708,0.5041900000,0.0338682432,0.0791235511,0.0063126588,0.1827673410,0.1261382486,2.8720949458,0.4716758333,0.0701473987,0.2406699964
