Instance,INF_avg,INF_sd,INF_r1,INF_kr,INF_sk,SUP_avg,SUP_sd,SUP_r1,SUP_kr,SUP_sk,INC_avg,INC_sd,INC_r1,INC_kr,INC_sk,IND_avg,IND_sd,IND_r1,IND_kr,IND_sk
7,0.2560000000,0.0557135531,-0.5763546798,1.3296312042,-0.2931045678,0.2560000000,0.0708801806,0.1168569510,1.4154935291,0.4076135177,0.4880000000,0.0744043010,-0.5327695560,1.9563132748,0.0335613640,0.1120000000,0.0370944740,-0.4890710383,2.4826933478,0.9704949588
