Instance,INF_avg,INF_sd,INF_r1,INF_kr,INF_sk,SUP_avg,SUP_sd,SUP_r1,SUP_kr,SUP_sk,INC_avg,INC_sd,INC_r1,INC_kr,INC_sk,IND_avg,IND_sd,IND_r1,IND_kr,IND_sk
384,0.2290000000,0.0812957563,-0.0766000969,3.1229247150,-0.3664209746,0.2760000000,0.1082774215,-0.0653593396,3.5293982687,0.3095464223,0.4950000000,0.0844097151,-0.0611270966,2.5784302862,-0.1172227253,0.2220000000,0.0584465568,0.0963855422,2.2720631386,-0.0806597681
