Instance,INF_avg,INF_sd,INF_r1,INF_kr,INF_sk,SUP_avg,SUP_sd,SUP_r1,SUP_kr,SUP_sk,INC_avg,INC_sd,INC_r1,INC_kr,INC_sk,IND_avg,IND_sd,IND_r1,IND_kr,IND_sk
132,0.2200000000,0.0464758002,-0.1111111111,1.3374485597,-0.0000000000,0.3500000000,0.0500000000,-0.3815261044,3.5190400000,0.5376000000,0.4300000000,0.0402492236,0.2992700730,1.7535436671,0.3312693300,0.1060000000,0.0180000000,-0.3104524181,2.2583447645,0.1975308642
