Instance,INF_avg,INF_sd,INF_r1,INF_kr,INF_sk,SUP_avg,SUP_sd,SUP_r1,SUP_kr,SUP_sk,INC_avg,INC_sd,INC_r1,INC_kr,INC_sk,IND_avg,IND_sd,IND_r1,IND_kr,IND_sk
419,0.2740000000,0.0640624695,-0.1237653699,2.9495514289,-1.2677683968,0.3220000000,0.0440000000,-0.0526315789,3.2500000000,1.5000000000,0.4040000000,0.0241660919,-0.3911845730,1.8297053856,0.1224403232,0.0560000000,0.0185472370,0.0375586854,1.5091941590,-0.1579875514
