Instance,INF_avg,INF_sd,INF_r1,INF_kr,INF_sk,SUP_avg,SUP_sd,SUP_r1,SUP_kr,SUP_sk,INC_avg,INC_sd,INC_r1,INC_kr,INC_sk,IND_avg,IND_sd,IND_r1,IND_kr,IND_sk
310,0.2540000000,0.0926498786,-0.0948479934,3.0123452983,-0.0227233132,0.2230000000,0.1020832993,0.0753593049,2.5974948756,0.3748639105,0.5230000000,0.1156330403,-0.0396879980,2.7345850787,-0.1502241680,0.2395000000,0.0605371787,0.0173727139,2.7058551821,0.1705955894
