Instance,INF_avg,INF_sd,INF_r1,INF_kr,INF_sk,SUP_avg,SUP_sd,SUP_r1,SUP_kr,SUP_sk,INC_avg,INC_sd,INC_r1,INC_kr,INC_sk,IND_avg,IND_sd,IND_r1,IND_kr,IND_sk
401,0.4121359223,0.1150012704,0.8902951733,1.8981180003,-0.1526460897,0.1044660194,0.0732561427,0.9138500812,2.5551544706,0.6804084331,0.4833980583,0.0542097401,0.5433771767,2.3442424457,-0.0802356175,0.0421601942,0.0096827626,-0.0215418629,2.8303934090,0.0488439916
