Instance,INF_avg,INF_sd,INF_r1,INF_kr,INF_sk,SUP_avg,SUP_sd,SUP_r1,SUP_kr,SUP_sk,INC_avg,INC_sd,INC_r1,INC_kr,INC_sk,IND_avg,IND_sd,IND_r1,IND_kr,IND_sk
392,0.2181000000,0.0317000000,0.1447484008,2.8584445744,-0.1944048179,0.2726000000,0.0376728019,0.2270673583,2.6670335509,0.2859226111,0.5093000000,0.0362630666,0.0978804745,2.8312330021,0.1280108671,0.0399000000,0.0110675200,0.1534232518,2.3120042568,0.2465572999
