Instance,FV_avg_avg,FV_avg_sd,FV_sd_avg,FV_sd_sd,FV_r1_avg,FV_r1_sd,FV_kr_avg,FV_kr_sd,FV_sk_avg,FV_sk_sd,FD_avg_avg,FD_avg_sd,FD_sd_avg,FD_sd_sd,FD_r1_avg,FD_r1_sd,FD_kr_avg,FD_kr_sd,FD_sk_avg,FD_sk_sd,IN_avg_avg,IN_avg_sd,IN_sd_avg,IN_sd_sd,IN_r1_avg,IN_r1_sd,IN_kr_avg,IN_kr_sd,IN_sk_avg,IN_sk_sd
86,0.4987637117,0.3032157112,0.0001997941,0.0001494344,0.4905217814,0.3171257387,2.4443724077,1.1036797222,-0.2868439287,0.6363444736,0.0000033369,0.0000120694,0.0000180250,0.0000113655,-0.0595063359,0.2960921113,2.5545540413,0.6046612890,-0.0336903574,0.5311348774,0.5011500000,0.0298333287,0.0514422773,0.0101411097,-0.0213587026,0.2925846386,2.5746271445,0.7180428733,-0.2280017332,0.5637947394
