Instance,FV_avg_avg,FV_avg_sd,FV_sd_avg,FV_sd_sd,FV_r1_avg,FV_r1_sd,FV_kr_avg,FV_kr_sd,FV_sk_avg,FV_sk_sd,FD_avg_avg,FD_avg_sd,FD_sd_avg,FD_sd_sd,FD_r1_avg,FD_r1_sd,FD_kr_avg,FD_kr_sd,FD_sk_avg,FD_sk_sd,IN_avg_avg,IN_avg_sd,IN_sd_avg,IN_sd_sd,IN_r1_avg,IN_r1_sd,IN_kr_avg,IN_kr_sd,IN_sk_avg,IN_sk_sd
312,0.4983561983,0.3032358673,0.0004653090,0.0003478276,0.8840830357,0.0795309233,2.2641876954,0.6216972132,-0.0400052599,0.5240388811,-0.0000030341,0.0000082209,0.0000190243,0.0000119468,-0.0302842269,0.1265573577,2.8367052505,0.5033197806,0.0215681988,0.3287194527,0.4936800000,0.0163230389,0.0488929572,0.0052435422,-0.0263588907,0.1335344434,2.8508138776,0.5451732326,-0.0763032655,0.3214083682
