Instance,INF_avg,INF_sd,INF_r1,INF_kr,INF_sk,SUP_avg,SUP_sd,SUP_r1,SUP_kr,SUP_sk,INC_avg,INC_sd,INC_r1,INC_kr,INC_sk,IND_avg,IND_sd,IND_r1,IND_kr,IND_sk
471,0.2200000000,0.0769415362,0.1551724138,1.5796201607,-0.5058245626,0.2960000000,0.0813879598,0.2838018742,1.2996919415,0.1445928362,0.4840000000,0.0293938769,-0.7125984252,1.5781893004,-0.3477670622,0.0960000000,0.0265329983,-0.3013698630,2.2169421488,0.3700366502
