Instance,FV_avg_avg,FV_avg_sd,FV_sd_avg,FV_sd_sd,FV_r1_avg,FV_r1_sd,FV_kr_avg,FV_kr_sd,FV_sk_avg,FV_sk_sd,FD_avg_avg,FD_avg_sd,FD_sd_avg,FD_sd_sd,FD_r1_avg,FD_r1_sd,FD_kr_avg,FD_kr_sd,FD_sk_avg,FD_sk_sd,IN_avg_avg,IN_avg_sd,IN_sd_avg,IN_sd_sd,IN_r1_avg,IN_r1_sd,IN_kr_avg,IN_kr_sd,IN_sk_avg,IN_sk_sd
411,0.4946865854,0.2997796122,0.0013773353,0.0010955168,0.9398320754,0.0550951512,2.4871611973,0.5354170102,-0.1828645780,0.4920734419,-0.0000081413,0.0000232348,0.0000424038,0.0000260775,0.0549501234,0.1324990643,3.0179445970,0.5434226920,0.0164327148,0.2394046427,0.4944000000,0.0221663709,0.0506537211,0.0029652209,0.0424742198,0.1289093550,2.9525420355,0.3260824110,0.0139322682,0.2294734098
