Instance,INF_avg,INF_sd,INF_r1,INF_kr,INF_sk,SUP_avg,SUP_sd,SUP_r1,SUP_kr,SUP_sk,INC_avg,INC_sd,INC_r1,INC_kr,INC_sk,IND_avg,IND_sd,IND_r1,IND_kr,IND_sk
224,0.2545000000,0.1020036764,0.0269208611,2.9774978120,0.1678987374,0.2645000000,0.1044736809,0.2563790751,2.8280582015,0.4020065758,0.4810000000,0.1182751030,0.0919094855,2.0902023797,-0.0231289416,0.2275000000,0.0679613861,0.0270797491,2.2382530611,-0.0098559509
