Instance,INF_avg,INF_sd,INF_r1,INF_kr,INF_sk,SUP_avg,SUP_sd,SUP_r1,SUP_kr,SUP_sk,INC_avg,INC_sd,INC_r1,INC_kr,INC_sk,IND_avg,IND_sd,IND_r1,IND_kr,IND_sk
146,0.2800000000,0.1053565375,0.1707273055,3.0871682493,-0.0436099620,0.2330000000,0.0919836942,-0.0132202355,3.3567803000,0.4097836815,0.4870000000,0.1232112008,0.1954601578,3.2703080260,-0.2289500362,0.2390000000,0.0743572458,-0.1804758570,2.3334428530,0.2342082997
