Instance,INF_avg,INF_sd,INF_r1,INF_kr,INF_sk,SUP_avg,SUP_sd,SUP_r1,SUP_kr,SUP_sk,INC_avg,INC_sd,INC_r1,INC_kr,INC_sk,IND_avg,IND_sd,IND_r1,IND_kr,IND_sk
176,0.2572500000,0.0435337513,0.3241996359,2.9844625889,0.3073748278,0.2359500000,0.0487939289,0.4174334406,2.9263943689,0.4347041784,0.5068000000,0.0466771893,0.2371977946,3.3732283525,-0.3869887701,0.0385500000,0.0106605581,0.0987566594,3.0211495169,0.0092157062
