Instance,INF_avg,INF_sd,INF_r1,INF_kr,INF_sk,SUP_avg,SUP_sd,SUP_r1,SUP_kr,SUP_sk,INC_avg,INC_sd,INC_r1,INC_kr,INC_sk,IND_avg,IND_sd,IND_r1,IND_kr,IND_sk
138,0.2584000000,0.0619470742,-0.0167861045,2.2510963502,-0.4340273506,0.2960000000,0.0647456562,-0.2134432057,2.4047258318,-0.0254666499,0.4456000000,0.0810964857,-0.5048993959,1.8676715339,0.2215027978,0.0856000000,0.0355617772,-0.1765725553,1.9762125260,0.3419492734
