Instance,FV_avg_avg,FV_avg_sd,FV_sd_avg,FV_sd_sd,FV_r1_avg,FV_r1_sd,FV_kr_avg,FV_kr_sd,FV_sk_avg,FV_sk_sd,FD_avg_avg,FD_avg_sd,FD_sd_avg,FD_sd_sd,FD_r1_avg,FD_r1_sd,FD_kr_avg,FD_kr_sd,FD_sk_avg,FD_sk_sd,IN_avg_avg,IN_avg_sd,IN_sd_avg,IN_sd_sd,IN_r1_avg,IN_r1_sd,IN_kr_avg,IN_kr_sd,IN_sk_avg,IN_sk_sd
380,0.4574064781,0.3157452844,0.0204450978,0.0140763686,0.9952623713,0.0027697617,2.0180422266,0.1397567668,0.4649988718,0.1605406242,-0.0001023300,0.0000694581,0.0000489029,0.0000321991,0.9449225156,0.0789225492,2.1076999377,0.1411449430,0.3948990888,0.2694719198,0.2160524673,0.0818569741,0.1324498300,0.0338687165,0.9352962020,0.0794816667,2.2957537736,0.2227616921,0.4999583492,0.3727017675
