Instance,INF_avg,INF_sd,INF_r1,INF_kr,INF_sk,SUP_avg,SUP_sd,SUP_r1,SUP_kr,SUP_sk,INC_avg,INC_sd,INC_r1,INC_kr,INC_sk,IND_avg,IND_sd,IND_r1,IND_kr,IND_sk
B,0.2590000000,0.0265329983,-0.1459322570,1.5432350852,-0.2014001559,0.2200000000,0.0181659021,-1.0333333333,1.8939393939,-0.5504818826,0.5210000000,0.0405462699,-0.4031620553,1.2009652441,0.3314227486,0.0470000000,0.0116619038,0.1071428571,2.8445069204,-1.0554729100
