Instance,INF_avg,INF_sd,INF_r1,INF_kr,INF_sk,SUP_avg,SUP_sd,SUP_r1,SUP_kr,SUP_sk,INC_avg,INC_sd,INC_r1,INC_kr,INC_sk,IND_avg,IND_sd,IND_r1,IND_kr,IND_sk
32,0.2393500000,0.0352466665,0.0199696955,2.8916153026,0.0899007025,0.2268000000,0.0329356949,-0.0470493177,3.1018654038,0.3562809196,0.5338500000,0.0421536179,0.0079484960,3.1193982796,-0.4414899514,0.0399000000,0.0104876117,-0.0661513131,3.4663822640,0.2540006645
