Instance,INF_avg,INF_sd,INF_r1,INF_kr,INF_sk,SUP_avg,SUP_sd,SUP_r1,SUP_kr,SUP_sk,INC_avg,INC_sd,INC_r1,INC_kr,INC_sk,IND_avg,IND_sd,IND_r1,IND_kr,IND_sk
217,0.3000000000,0.0894427191,-0.5066666667,1.6820000000,-0.4024922359,0.3160000000,0.0496386946,-0.7175066313,1.7794737730,-0.1632576395,0.3840000000,0.0512249939,-0.0158311346,2.4171624033,-0.2228332944,0.1120000000,0.0203960781,-0.8181818182,1.9556213018,-0.2715454179
