Instance,INF_avg,INF_sd,INF_r1,INF_kr,INF_sk,SUP_avg,SUP_sd,SUP_r1,SUP_kr,SUP_sk,INC_avg,INC_sd,INC_r1,INC_kr,INC_sk,IND_avg,IND_sd,IND_r1,IND_kr,IND_sk
324,0.4728846154,0.1206685948,0.9675542426,2.0325482556,0.1241961269,0.1026923077,0.0745206576,0.9164145156,2.2389486631,0.5921513976,0.4244230769,0.0578513833,0.8235529426,2.4766174393,-0.5906844155,0.0380769231,0.0097148700,0.3431570692,2.6693993770,0.4390622688
