Instance,FV_avg_avg,FV_avg_sd,FV_sd_avg,FV_sd_sd,FV_r1_avg,FV_r1_sd,FV_kr_avg,FV_kr_sd,FV_sk_avg,FV_sk_sd,FD_avg_avg,FD_avg_sd,FD_sd_avg,FD_sd_sd,FD_r1_avg,FD_r1_sd,FD_kr_avg,FD_kr_sd,FD_sk_avg,FD_sk_sd,IN_avg_avg,IN_avg_sd,IN_sd_avg,IN_sd_sd,IN_r1_avg,IN_r1_sd,IN_kr_avg,IN_kr_sd,IN_sk_avg,IN_sk_sd
145,0.4951050261,0.3006674872,0.0008058273,0.0005856822,0.9601776226,0.0365295014,2.1996584682,0.6911510171,0.1437500921,0.3094372231,0.0000025233,0.0000119491,0.0000269327,0.0000165949,-0.0136663018,0.0818520839,2.8471990516,0.3849885312,0.0287960813,0.2055525795,0.5017000000,0.0183300300,0.0705309731,0.0044386742,-0.0368707292,0.1038463347,2.8301846471,0.2878913444,0.0401073503,0.1866817928
