Instance,FV_avg_avg,FV_avg_sd,FV_sd_avg,FV_sd_sd,FV_r1_avg,FV_r1_sd,FV_kr_avg,FV_kr_sd,FV_sk_avg,FV_sk_sd,FD_avg_avg,FD_avg_sd,FD_sd_avg,FD_sd_sd,FD_r1_avg,FD_r1_sd,FD_kr_avg,FD_kr_sd,FD_sk_avg,FD_sk_sd,IN_avg_avg,IN_avg_sd,IN_sd_avg,IN_sd_sd,IN_r1_avg,IN_r1_sd,IN_kr_avg,IN_kr_sd,IN_sk_avg,IN_sk_sd
56,0.4993687952,0.3042889397,0.0001099348,0.0000880321,0.0675718820,0.4251010915,1.9749139175,0.5744268356,-0.3299930690,0.6082505415,0.0000020043,0.0000101909,0.0000087113,0.0000059279,-0.2435900607,0.4142926793,1.9416318011,0.5068903223,-0.1272278528,0.6518021657,0.5010000000,0.0243515913,0.0282468612,0.0095454090,-0.2532902351,0.3395504394,2.1735870080,0.5701086558,-0.3504580466,0.6603749197
