Instance,INF_avg,INF_sd,INF_r1,INF_kr,INF_sk,SUP_avg,SUP_sd,SUP_r1,SUP_kr,SUP_sk,INC_avg,INC_sd,INC_r1,INC_kr,INC_sk,IND_avg,IND_sd,IND_r1,IND_kr,IND_sk
326,0.2494000000,0.0680855344,0.0015120824,2.4842099840,0.2064646171,0.2242000000,0.0600862713,-0.0385107749,3.2134545609,0.3375943365,0.5264000000,0.0722706026,0.0609430723,2.7808111120,-0.0345045551,0.1230000000,0.0357071421,0.0584925681,2.6479741638,0.1743595813
