Instance,INF_avg,INF_sd,INF_r1,INF_kr,INF_sk,SUP_avg,SUP_sd,SUP_r1,SUP_kr,SUP_sk,INC_avg,INC_sd,INC_r1,INC_kr,INC_sk,IND_avg,IND_sd,IND_r1,IND_kr,IND_sk
289,0.2956521739,0.1601039360,0.2411737884,2.2855809643,-0.0562351126,0.1869565217,0.0899485255,0.3297060663,2.8795746353,0.2588504711,0.5173913043,0.1464126804,0.3139040124,2.5756697741,-0.3026132580,0.3521739130,0.0972203468,0.0722383338,3.1364000000,0.5066035610
