Instance,FV_avg_avg,FV_avg_sd,FV_sd_avg,FV_sd_sd,FV_r1_avg,FV_r1_sd,FV_kr_avg,FV_kr_sd,FV_sk_avg,FV_sk_sd,FD_avg_avg,FD_avg_sd,FD_sd_avg,FD_sd_sd,FD_r1_avg,FD_r1_sd,FD_kr_avg,FD_kr_sd,FD_sk_avg,FD_sk_sd,IN_avg_avg,IN_avg_sd,IN_sd_avg,IN_sd_sd,IN_r1_avg,IN_r1_sd,IN_kr_avg,IN_kr_sd,IN_sk_avg,IN_sk_sd
208,0.5006045127,0.3038676874,0.0004148690,0.0003111258,0.1621854553,0.4773907942,1.8610238596,0.3426549920,-0.0188395529,0.3683036947,0.0000180606,0.0000807941,0.0001223067,0.0000982750,-0.3824978846,0.2922322726,2.0577180244,0.4536724698,-0.0238023833,0.5637877127,0.4885000000,0.0655190812,0.1030099097,0.0372687337,-0.3582189814,0.2493256088,2.0966398681,0.5008429686,0.0864987574,0.6591152209
