Instance,INF_avg,INF_sd,INF_r1,INF_kr,INF_sk,SUP_avg,SUP_sd,SUP_r1,SUP_kr,SUP_sk,INC_avg,INC_sd,INC_r1,INC_kr,INC_sk,IND_avg,IND_sd,IND_r1,IND_kr,IND_sk
91,0.2654000000,0.0449982222,0.2817938242,2.4583847325,-0.0976782102,0.1968000000,0.0373866286,0.2423910335,1.8797660244,0.1915755151,0.5378000000,0.0596419316,0.3400813655,4.1833644298,0.0197397486,0.0798000000,0.0184921605,0.2159871889,2.6311177659,-0.0086685085
