Instance,INF_avg,INF_sd,INF_r1,INF_kr,INF_sk,SUP_avg,SUP_sd,SUP_r1,SUP_kr,SUP_sk,INC_avg,INC_sd,INC_r1,INC_kr,INC_sk,IND_avg,IND_sd,IND_r1,IND_kr,IND_sk
20,0.3080000000,0.0917387595,-0.2731295253,1.8900157585,-0.4073395093,0.2360000000,0.0195959179,-0.4705882353,2.7291666667,-0.8675276172,0.4560000000,0.0763151361,-0.2330782813,1.8099565270,0.4993752491,0.1080000000,0.0203960781,-1.1969696970,1.9556213018,0.2715454179
