Instance,FV_avg_avg,FV_avg_sd,FV_sd_avg,FV_sd_sd,FV_r1_avg,FV_r1_sd,FV_kr_avg,FV_kr_sd,FV_sk_avg,FV_sk_sd,FD_avg_avg,FD_avg_sd,FD_sd_avg,FD_sd_sd,FD_r1_avg,FD_r1_sd,FD_kr_avg,FD_kr_sd,FD_sk_avg,FD_sk_sd,IN_avg_avg,IN_avg_sd,IN_sd_avg,IN_sd_sd,IN_r1_avg,IN_r1_sd,IN_kr_avg,IN_kr_sd,IN_sk_avg,IN_sk_sd
495,0.4885342970,0.2975072330,0.0035127991,0.0023985891,0.9009768881,0.0419311177,2.4314839015,0.3394200913,-0.0898290081,0.3103165013,0.0000239840,0.0000757052,0.0001704234,0.0001026495,0.2954900451,0.1640920085,2.8981469073,0.5011542640,-0.0592115715,0.3201542758,0.5021300000,0.0345048707,0.0599126589,0.0059203294,0.2329389398,0.1405237878,2.8059487409,0.3194252752,-0.0296996667,0.2577885247
