Instance,INF_avg,INF_sd,INF_r1,INF_kr,INF_sk,SUP_avg,SUP_sd,SUP_r1,SUP_kr,SUP_sk,INC_avg,INC_sd,INC_r1,INC_kr,INC_sk,IND_avg,IND_sd,IND_r1,IND_kr,IND_sk
293,0.2610000000,0.0996443676,-0.0645912248,2.9550870400,-0.1303740158,0.2625000000,0.0909326674,-0.0689850690,3.0926328707,0.2150802752,0.4765000000,0.1071109238,-0.1299056375,2.5951567846,-0.2762268442,0.2030000000,0.0702922471,-0.1185186534,3.0037525988,0.6060913304
