Instance,INF_avg,INF_sd,INF_r1,INF_kr,INF_sk,SUP_avg,SUP_sd,SUP_r1,SUP_kr,SUP_sk,INC_avg,INC_sd,INC_r1,INC_kr,INC_sk,IND_avg,IND_sd,IND_r1,IND_kr,IND_sk
317,0.2448000000,0.0700354196,0.0671661464,3.7347362040,0.6156771377,0.2536000000,0.0629209027,-0.2229449148,4.4933174093,0.9741850892,0.5016000000,0.0767166214,-0.1437965537,2.0865345884,-0.0951786360,0.1088000000,0.0353632578,0.0949947670,2.7374500932,0.2727880320
