Instance,INF_avg,INF_sd,INF_r1,INF_kr,INF_sk,SUP_avg,SUP_sd,SUP_r1,SUP_kr,SUP_sk,INC_avg,INC_sd,INC_r1,INC_kr,INC_sk,IND_avg,IND_sd,IND_r1,IND_kr,IND_sk
314,0.4723809524,0.1328624338,0.8384327409,2.1321317489,0.0337051253,0.0971428571,0.0766279109,0.8734276360,2.4566189103,0.7414446708,0.4304761905,0.0735414487,0.5895857602,2.8161336919,-0.5839281512,0.0785714286,0.0206295475,0.1817475728,2.9386029821,0.4065931830
