Instance,FV_avg_avg,FV_avg_sd,FV_sd_avg,FV_sd_sd,FV_r1_avg,FV_r1_sd,FV_kr_avg,FV_kr_sd,FV_sk_avg,FV_sk_sd,FD_avg_avg,FD_avg_sd,FD_sd_avg,FD_sd_sd,FD_r1_avg,FD_r1_sd,FD_kr_avg,FD_kr_sd,FD_sk_avg,FD_sk_sd,IN_avg_avg,IN_avg_sd,IN_sd_avg,IN_sd_sd,IN_r1_avg,IN_r1_sd,IN_kr_avg,IN_kr_sd,IN_sk_avg,IN_sk_sd
470,0.4980178795,0.3022723286,0.0006853135,0.0004257401,0.7017593580,0.1332872748,2.7744568418,0.8826784119,0.0625674298,0.5730042998,0.0000100171,0.0000565929,0.0001042219,0.0000624711,-0.0619660658,0.2349012017,2.8477146755,0.5359056684,-0.0127112242,0.4464154030,0.5046000000,0.0455504116,0.1116200421,0.0143166406,-0.0652776606,0.2092308560,2.7003996264,0.4773508550,0.0071652034,0.4604687019
