Instance,FV_avg_avg,FV_avg_sd,FV_sd_avg,FV_sd_sd,FV_r1_avg,FV_r1_sd,FV_kr_avg,FV_kr_sd,FV_sk_avg,FV_sk_sd,FD_avg_avg,FD_avg_sd,FD_sd_avg,FD_sd_sd,FD_r1_avg,FD_r1_sd,FD_kr_avg,FD_kr_sd,FD_sk_avg,FD_sk_sd,IN_avg_avg,IN_avg_sd,IN_sd_avg,IN_sd_sd,IN_r1_avg,IN_r1_sd,IN_kr_avg,IN_kr_sd,IN_sk_avg,IN_sk_sd
361,0.4918224948,0.2988572603,0.0045598432,0.0032060732,0.9347285943,0.0335550914,2.2641756805,0.3507132474,-0.0744652225,0.4150651583,0.0000365148,0.0001245453,0.0003507869,0.0002136136,0.0872998205,0.1366514741,2.8347302867,0.3563661832,-0.0394321059,0.1961503772,0.5034750000,0.0301099963,0.1151318143,0.0078884622,0.0463945625,0.1218480652,2.6801831268,0.2638813777,-0.0478172357,0.1917699905
