Instance,INF_avg,INF_sd,INF_r1,INF_kr,INF_sk,SUP_avg,SUP_sd,SUP_r1,SUP_kr,SUP_sk,INC_avg,INC_sd,INC_r1,INC_kr,INC_sk,IND_avg,IND_sd,IND_r1,IND_kr,IND_sk
384,0.2000000000,0.1000000000,0.1818181818,2.0500000000,-0.0000000000,0.2100000000,0.0734846923,-0.7989417989,1.5781893004,-0.3477670622,0.5900000000,0.1280624847,-0.5368852459,2.6848602023,-1.0627434041,0.2300000000,0.0400000000,-0.2903225806,2.0781250000,0.8437500000
