Instance,FV_avg_avg,FV_avg_sd,FV_sd_avg,FV_sd_sd,FV_r1_avg,FV_r1_sd,FV_kr_avg,FV_kr_sd,FV_sk_avg,FV_sk_sd,FD_avg_avg,FD_avg_sd,FD_sd_avg,FD_sd_sd,FD_r1_avg,FD_r1_sd,FD_kr_avg,FD_kr_sd,FD_sk_avg,FD_sk_sd,IN_avg_avg,IN_avg_sd,IN_sd_avg,IN_sd_sd,IN_r1_avg,IN_r1_sd,IN_kr_avg,IN_kr_sd,IN_sk_avg,IN_sk_sd
53,0.4989669794,0.3034328599,0.0002251319,0.0001259856,0.8013777432,0.1442948881,2.1309195317,0.6358185884,0.0011446028,0.3802059160,-0.0000003754,0.0000083803,0.0000260184,0.0000155014,-0.0631573903,0.1825977200,2.7663006122,0.5281252658,-0.1284023964,0.3936629695,0.5017000000,0.0251019920,0.1075606866,0.0142372290,-0.0730833960,0.1649052776,2.6972173627,0.6196911559,-0.0860648482,0.3818763578
