Instance,FV_avg_avg,FV_avg_sd,FV_sd_avg,FV_sd_sd,FV_r1_avg,FV_r1_sd,FV_kr_avg,FV_kr_sd,FV_sk_avg,FV_sk_sd,FD_avg_avg,FD_avg_sd,FD_sd_avg,FD_sd_sd,FD_r1_avg,FD_r1_sd,FD_kr_avg,FD_kr_sd,FD_sk_avg,FD_sk_sd,IN_avg_avg,IN_avg_sd,IN_sd_avg,IN_sd_sd,IN_r1_avg,IN_r1_sd,IN_kr_avg,IN_kr_sd,IN_sk_avg,IN_sk_sd
101,0.4871158410,0.2962335391,0.0028778482,0.0022968940,0.9317934789,0.0416728857,2.4070473124,0.4975643124,0.1027411547,0.4658569939,-0.0000403923,0.0000691909,0.0002679729,0.0001663914,0.0315921094,0.0956021524,2.9179961601,0.4216027645,0.0151729833,0.2108638346,0.4790500000,0.0289023788,0.1573080385,0.0111772553,0.0212162438,0.0979146427,2.7916162009,0.2589211130,0.0243834195,0.1960335557
