Instance,FV_avg_avg,FV_avg_sd,FV_sd_avg,FV_sd_sd,FV_r1_avg,FV_r1_sd,FV_kr_avg,FV_kr_sd,FV_sk_avg,FV_sk_sd,FD_avg_avg,FD_avg_sd,FD_sd_avg,FD_sd_sd,FD_r1_avg,FD_r1_sd,FD_kr_avg,FD_kr_sd,FD_sk_avg,FD_sk_sd,IN_avg_avg,IN_avg_sd,IN_sd_avg,IN_sd_sd,IN_r1_avg,IN_r1_sd,IN_kr_avg,IN_kr_sd,IN_sk_avg,IN_sk_sd
86,0.4991714926,0.3035226930,0.0005885765,0.0003754843,0.9482591036,0.0405401099,2.3714756371,0.4353735916,-0.0082762054,0.4861732621,-0.0000009670,0.0000100909,0.0000241276,0.0000151784,0.0177843989,0.1017716407,2.8840188404,0.3474793486,0.0017015380,0.2252041754,0.4973800000,0.0222931290,0.0705008411,0.0038188229,0.0096312911,0.1081850795,2.8145903974,0.3771177928,0.0076558695,0.2134966415
