Instance,FV_avg_avg,FV_avg_sd,FV_sd_avg,FV_sd_sd,FV_r1_avg,FV_r1_sd,FV_kr_avg,FV_kr_sd,FV_sk_avg,FV_sk_sd,FD_avg_avg,FD_avg_sd,FD_sd_avg,FD_sd_sd,FD_r1_avg,FD_r1_sd,FD_kr_avg,FD_kr_sd,FD_sk_avg,FD_sk_sd,IN_avg_avg,IN_avg_sd,IN_sd_avg,IN_sd_sd,IN_r1_avg,IN_r1_sd,IN_kr_avg,IN_kr_sd,IN_sk_avg,IN_sk_sd
300,0.4977008005,0.3026236734,0.0005158558,0.0003540876,0.9448840970,0.0353024270,2.3953740450,0.6305565235,0.0600586171,0.4787969714,-0.0000029946,0.0000071576,0.0000398649,0.0000236273,0.0122288209,0.1044603916,2.8247850957,0.2186547602,0.0159231445,0.1901042331,0.4877000000,0.0181799340,0.1578054693,0.0102778335,0.0141410771,0.1020118625,2.5947862063,0.2515167958,0.0585032129,0.1661014047
