Instance,INF_avg,INF_sd,INF_r1,INF_kr,INF_sk,SUP_avg,SUP_sd,SUP_r1,SUP_kr,SUP_sk,INC_avg,INC_sd,INC_r1,INC_kr,INC_sk,IND_avg,IND_sd,IND_r1,IND_kr,IND_sk
261,0.4026635514,0.0861254548,0.8298853428,2.1565106795,0.0486028593,0.1011526480,0.0735053248,0.9203559636,2.4678527895,0.7347188758,0.4961838006,0.0409923690,0.3297001477,2.9995251477,0.0031812143,0.0448598131,0.0121988575,0.1710341417,3.1616491941,0.3015418687
