Instance,FV_avg_avg,FV_avg_sd,FV_sd_avg,FV_sd_sd,FV_r1_avg,FV_r1_sd,FV_kr_avg,FV_kr_sd,FV_sk_avg,FV_sk_sd,FD_avg_avg,FD_avg_sd,FD_sd_avg,FD_sd_sd,FD_r1_avg,FD_r1_sd,FD_kr_avg,FD_kr_sd,FD_sk_avg,FD_sk_sd,IN_avg_avg,IN_avg_sd,IN_sd_avg,IN_sd_sd,IN_r1_avg,IN_r1_sd,IN_kr_avg,IN_kr_sd,IN_sk_avg,IN_sk_sd
491,0.4996658702,0.3027814981,0.0009319959,0.0006106372,0.9411749081,0.0448815416,2.2969624785,0.5981046488,0.0353809929,0.3217437753,-0.0000019561,0.0000147608,0.0000414666,0.0000243303,0.1862444892,0.1024378708,2.9876725375,0.4565853109,-0.0420073351,0.1943608600,0.5010800000,0.0293337621,0.0758706521,0.0056575747,0.1516229837,0.1006992599,2.9204104390,0.3676944117,-0.0519441630,0.2212549232
