Instance,INF_avg,INF_sd,INF_r1,INF_kr,INF_sk,SUP_avg,SUP_sd,SUP_r1,SUP_kr,SUP_sk,INC_avg,INC_sd,INC_r1,INC_kr,INC_sk,IND_avg,IND_sd,IND_r1,IND_kr,IND_sk
144,0.3891428571,0.0870917883,0.6487714631,2.5118654983,-0.2952484300,0.1123571429,0.0719485006,0.7777583230,2.7149671881,0.7851217520,0.4985000000,0.0511569713,0.0596453556,2.8820082011,0.0436535552,0.0735714286,0.0182862723,0.0079325567,2.6335132398,0.1168620883
