Instance,INF_avg,INF_sd,INF_r1,INF_kr,INF_sk,SUP_avg,SUP_sd,SUP_r1,SUP_kr,SUP_sk,INC_avg,INC_sd,INC_r1,INC_kr,INC_sk,IND_avg,IND_sd,IND_r1,IND_kr,IND_sk
3,0.2400000000,0.0969535971,-0.3940092166,1.4081032141,-0.3752617726,0.2600000000,0.1319090596,-0.6530944625,2.6331747919,0.8286795856,0.5000000000,0.1303840481,-0.0666666667,1.6003460208,0.4060402882,0.2200000000,0.0600000000,-0.9465648855,1.3981481481,-0.1111111111
