Instance,INF_avg,INF_sd,INF_r1,INF_kr,INF_sk,SUP_avg,SUP_sd,SUP_r1,SUP_kr,SUP_sk,INC_avg,INC_sd,INC_r1,INC_kr,INC_sk,IND_avg,IND_sd,IND_r1,IND_kr,IND_sk
76,0.1970000000,0.0305122926,0.3188116617,1.7233897233,-0.2321263387,0.2455000000,0.0427463449,0.3073219277,2.5910786150,-0.6945936438,0.5575000000,0.0342965013,-0.4053464266,6.6347951001,2.1677558114,0.0375000000,0.0114564392,-0.1840796020,2.1102040816,-0.6733580613
