Instance,FV_avg_avg,FV_avg_sd,FV_sd_avg,FV_sd_sd,FV_r1_avg,FV_r1_sd,FV_kr_avg,FV_kr_sd,FV_sk_avg,FV_sk_sd,FD_avg_avg,FD_avg_sd,FD_sd_avg,FD_sd_sd,FD_r1_avg,FD_r1_sd,FD_kr_avg,FD_kr_sd,FD_sk_avg,FD_sk_sd,IN_avg_avg,IN_avg_sd,IN_sd_avg,IN_sd_sd,IN_r1_avg,IN_r1_sd,IN_kr_avg,IN_kr_sd,IN_sk_avg,IN_sk_sd
351,0.4612784530,0.2803694275,0.0184680897,0.0112262847,0.9958139703,0.0012946481,1.9965722147,0.0606762968,0.4181604556,0.0611315777,-0.0001174220,0.0000716935,0.0000567771,0.0000342550,0.8566942846,0.0236653170,2.3605371858,0.1555007108,0.4448364952,0.0932383890,0.2257887328,0.0312163812,0.1340364124,0.0054982961,0.8140126690,0.0275720065,2.6370826359,0.2343130758,0.6441282957,0.1456356849
