Instance,INF_avg,INF_sd,INF_r1,INF_kr,INF_sk,SUP_avg,SUP_sd,SUP_r1,SUP_kr,SUP_sk,INC_avg,INC_sd,INC_r1,INC_kr,INC_sk,IND_avg,IND_sd,IND_r1,IND_kr,IND_sk
445,0.2062500000,0.1087930949,-0.2792724517,4.4031957651,0.7496744716,0.2437500000,0.1321398407,-0.2132836086,2.7693497290,0.2977575679,0.5500000000,0.1414213562,-0.4488188976,2.6093750000,0.0000000000,0.4062500000,0.1143937826,0.0408203510,2.0344575629,0.1281903506
