Instance,INF_avg,INF_sd,INF_r1,INF_kr,INF_sk,SUP_avg,SUP_sd,SUP_r1,SUP_kr,SUP_sk,INC_avg,INC_sd,INC_r1,INC_kr,INC_sk,IND_avg,IND_sd,IND_r1,IND_kr,IND_sk
499,0.2565000000,0.0910096149,0.0623010490,2.8178412348,0.0457167657,0.2650000000,0.0968245837,0.0675894647,3.4788480000,0.4321216619,0.4785000000,0.1027752402,-0.0253883140,3.1924928277,-0.1243695626,0.2330000000,0.0675351760,-0.1873039618,2.8407022812,0.5113951712
