Instance,INF_avg,INF_sd,INF_r1,INF_kr,INF_sk,SUP_avg,SUP_sd,SUP_r1,SUP_kr,SUP_sk,INC_avg,INC_sd,INC_r1,INC_kr,INC_sk,IND_avg,IND_sd,IND_r1,IND_kr,IND_sk
5,0.2600000000,0.1004987562,-0.0420333368,2.1570434271,0.1019666824,0.2200000000,0.0940744386,-0.2095380717,2.7200995882,0.2954746324,0.5200000000,0.1120267825,-0.1749159058,3.0839193029,0.4278288261,0.2360000000,0.0761839878,-0.0101812455,2.6806280609,0.4105010161
