Instance,INF_avg,INF_sd,INF_r1,INF_kr,INF_sk,SUP_avg,SUP_sd,SUP_r1,SUP_kr,SUP_sk,INC_avg,INC_sd,INC_r1,INC_kr,INC_sk,IND_avg,IND_sd,IND_r1,IND_kr,IND_sk
360,0.2345000000,0.1004228560,0.2022350770,3.1855297413,0.4062395038,0.2580000000,0.1108422302,0.0720958210,2.9012077421,0.3264954512,0.5075000000,0.1143186337,-0.0180705851,2.7309216860,-0.0339482558,0.2280000000,0.0693974063,-0.0213753024,2.7704937032,0.2797695682
