Instance,FV_avg_avg,FV_avg_sd,FV_sd_avg,FV_sd_sd,FV_r1_avg,FV_r1_sd,FV_kr_avg,FV_kr_sd,FV_sk_avg,FV_sk_sd,FD_avg_avg,FD_avg_sd,FD_sd_avg,FD_sd_sd,FD_r1_avg,FD_r1_sd,FD_kr_avg,FD_kr_sd,FD_sk_avg,FD_sk_sd,IN_avg_avg,IN_avg_sd,IN_sd_avg,IN_sd_sd,IN_r1_avg,IN_r1_sd,IN_kr_avg,IN_kr_sd,IN_sk_avg,IN_sk_sd
170,0.4995016420,0.3030922985,0.0001349845,0.0001326413,0.5082903579,0.2789716908,2.2194669177,0.5904373445,-0.1345405292,0.5050005472,0.0000003759,0.0000046908,0.0000078454,0.0000054252,-0.0978104440,0.3192113717,2.7452485888,0.9980120045,0.0792612631,0.7787591023,0.5028500000,0.0172996387,0.0339881695,0.0095866748,-0.0746648256,0.2804244363,2.4322674405,0.7276621971,-0.0021367419,0.4904130770
