Instance,FV_avg_avg,FV_avg_sd,FV_sd_avg,FV_sd_sd,FV_r1_avg,FV_r1_sd,FV_kr_avg,FV_kr_sd,FV_sk_avg,FV_sk_sd,FD_avg_avg,FD_avg_sd,FD_sd_avg,FD_sd_sd,FD_r1_avg,FD_r1_sd,FD_kr_avg,FD_kr_sd,FD_sk_avg,FD_sk_sd,IN_avg_avg,IN_avg_sd,IN_sd_avg,IN_sd_sd,IN_r1_avg,IN_r1_sd,IN_kr_avg,IN_kr_sd,IN_sk_avg,IN_sk_sd
104,0.4982720815,0.3025628634,0.0007088816,0.0005631385,0.8376829697,0.1416510628,2.6802296102,1.0524638936,0.1042435074,0.6757597541,0.0000194397,0.0000575193,0.0001199425,0.0000726348,-0.0741784097,0.1929582974,2.5522336905,0.4723726203,0.1118579462,0.3539430512,0.5082000000,0.0426797376,0.1497261395,0.0187958280,-0.0661122657,0.1617993101,2.8149272730,0.6426369829,0.0996536127,0.5277097915
