Instance,FV_avg_avg,FV_avg_sd,FV_sd_avg,FV_sd_sd,FV_r1_avg,FV_r1_sd,FV_kr_avg,FV_kr_sd,FV_sk_avg,FV_sk_sd,FD_avg_avg,FD_avg_sd,FD_sd_avg,FD_sd_sd,FD_r1_avg,FD_r1_sd,FD_kr_avg,FD_kr_sd,FD_sk_avg,FD_sk_sd,IN_avg_avg,IN_avg_sd,IN_sd_avg,IN_sd_sd,IN_r1_avg,IN_r1_sd,IN_kr_avg,IN_kr_sd,IN_sk_avg,IN_sk_sd
312,0.4771300173,0.2889749356,0.0119887382,0.0077605064,0.9949890554,0.0024501181,1.8584258706,0.0541017561,0.2443060459,0.0771533296,-0.0000908636,0.0000617050,0.0000618547,0.0000379537,0.5653975525,0.0868894493,2.6536999003,0.2685547676,0.1328760570,0.1374252045,0.3186191666,0.0282676305,0.1392396867,0.0091873670,0.4552994703,0.1184121514,2.6336462012,0.3069828309,0.2737057997,0.1262597283
