Instance,INF_avg,INF_sd,INF_r1,INF_kr,INF_sk,SUP_avg,SUP_sd,SUP_r1,SUP_kr,SUP_sk,INC_avg,INC_sd,INC_r1,INC_kr,INC_sk,IND_avg,IND_sd,IND_r1,IND_kr,IND_sk
318,0.2480000000,0.1417603612,-0.0501983619,2.2851408779,-0.1279183956,0.2120000000,0.1423235750,0.0542334313,3.4974019751,1.0368203655,0.5400000000,0.1523154621,-0.0201249133,2.3216409037,-0.2173347854,0.3920000000,0.1230284520,0.0337768200,3.0159277519,0.2812735640
