Instance,INF_avg,INF_sd,INF_r1,INF_kr,INF_sk,SUP_avg,SUP_sd,SUP_r1,SUP_kr,SUP_sk,INC_avg,INC_sd,INC_r1,INC_kr,INC_sk,IND_avg,IND_sd,IND_r1,IND_kr,IND_sk
335,0.2660000000,0.1074430081,0.2744777072,1.8836918639,-0.3694266233,0.2220000000,0.0970360758,-0.1441428919,2.6455452098,0.5175662704,0.5120000000,0.1365869686,0.0424195912,2.1219616919,0.1007218333,0.2380000000,0.0696850056,0.3747707493,2.6291712014,0.1670969453
