Instance,FV_avg_avg,FV_avg_sd,FV_sd_avg,FV_sd_sd,FV_r1_avg,FV_r1_sd,FV_kr_avg,FV_kr_sd,FV_sk_avg,FV_sk_sd,FD_avg_avg,FD_avg_sd,FD_sd_avg,FD_sd_sd,FD_r1_avg,FD_r1_sd,FD_kr_avg,FD_kr_sd,FD_sk_avg,FD_sk_sd,IN_avg_avg,IN_avg_sd,IN_sd_avg,IN_sd_sd,IN_r1_avg,IN_r1_sd,IN_kr_avg,IN_kr_sd,IN_sk_avg,IN_sk_sd
181,0.4945776708,0.3004795042,0.0001422984,0.0001011047,0.4536581538,0.3633248724,2.2328944589,0.5132088968,0.1318614854,0.5406359497,0.0000003709,0.0000098314,0.0000088007,0.0000051053,-0.0842295521,0.3032027527,2.6460427036,0.8075870324,-0.0037787772,0.6350944474,0.5026000000,0.0181463495,0.0332568018,0.0061388217,-0.0719394978,0.3103798582,2.6922828434,0.8602639886,-0.0660530753,0.5865901113
