Instance,FV_avg_avg,FV_avg_sd,FV_sd_avg,FV_sd_sd,FV_r1_avg,FV_r1_sd,FV_kr_avg,FV_kr_sd,FV_sk_avg,FV_sk_sd,FD_avg_avg,FD_avg_sd,FD_sd_avg,FD_sd_sd,FD_r1_avg,FD_r1_sd,FD_kr_avg,FD_kr_sd,FD_sk_avg,FD_sk_sd,IN_avg_avg,IN_avg_sd,IN_sd_avg,IN_sd_sd,IN_r1_avg,IN_r1_sd,IN_kr_avg,IN_kr_sd,IN_sk_avg,IN_sk_sd
380,0.4971405416,0.3025613888,0.0002105865,0.0001297798,0.8131437901,0.1085026764,2.3692542933,0.4637259014,0.1976022810,0.5063062155,0.0000007953,0.0000035933,0.0000083293,0.0000052145,0.0164259059,0.1512704444,2.9372857934,0.9020610200,0.0517211554,0.4524073279,0.5045400000,0.0114506070,0.0325533862,0.0046313115,-0.0297801617,0.1480025116,2.9490788007,1.0528965169,0.0741119839,0.5333076732
