Instance,FV_avg_avg,FV_avg_sd,FV_sd_avg,FV_sd_sd,FV_r1_avg,FV_r1_sd,FV_kr_avg,FV_kr_sd,FV_sk_avg,FV_sk_sd,FD_avg_avg,FD_avg_sd,FD_sd_avg,FD_sd_sd,FD_r1_avg,FD_r1_sd,FD_kr_avg,FD_kr_sd,FD_sk_avg,FD_sk_sd,IN_avg_avg,IN_avg_sd,IN_sd_avg,IN_sd_sd,IN_r1_avg,IN_r1_sd,IN_kr_avg,IN_kr_sd,IN_sk_avg,IN_sk_sd
0,0.4985842932,0.3034391099,0.0001588386,0.0001191019,0.4919015447,0.2424103174,2.2227873270,0.5397430178,-0.1500522521,0.4856774710,-0.0000052488,0.0000184206,0.0000377756,0.0000220434,-0.1841168438,0.2816274136,2.7513555560,0.8796417983,-0.2006237649,0.7424608236,0.4985000000,0.0311889403,0.1375553440,0.0339636179,-0.0201836945,0.2460253816,2.5199685678,0.9668916936,-0.2017247018,0.6527745795
