Instance,FV_avg_avg,FV_avg_sd,FV_sd_avg,FV_sd_sd,FV_r1_avg,FV_r1_sd,FV_kr_avg,FV_kr_sd,FV_sk_avg,FV_sk_sd,FD_avg_avg,FD_avg_sd,FD_sd_avg,FD_sd_sd,FD_r1_avg,FD_r1_sd,FD_kr_avg,FD_kr_sd,FD_sk_avg,FD_sk_sd,IN_avg_avg,IN_avg_sd,IN_sd_avg,IN_sd_sd,IN_r1_avg,IN_r1_sd,IN_kr_avg,IN_kr_sd,IN_sk_avg,IN_sk_sd
97,0.4964933170,0.3019583914,0.0003574411,0.0002684327,0.7855343131,0.1373298941,2.6372908516,0.8585292981,-0.0110617858,0.6640551210,0.0000002393,0.0000168175,0.0000141117,0.0000091386,-0.0089339036,0.2200517702,2.6794161127,0.4543062340,0.1025654490,0.3851540121,0.5038100000,0.0338434322,0.0343113663,0.0053184721,-0.0149386328,0.1624320066,2.9291799241,0.7310007707,-0.0263034187,0.4574091647
