Instance,FV_avg_avg,FV_avg_sd,FV_sd_avg,FV_sd_sd,FV_r1_avg,FV_r1_sd,FV_kr_avg,FV_kr_sd,FV_sk_avg,FV_sk_sd,FD_avg_avg,FD_avg_sd,FD_sd_avg,FD_sd_sd,FD_r1_avg,FD_r1_sd,FD_kr_avg,FD_kr_sd,FD_sk_avg,FD_sk_sd,IN_avg_avg,IN_avg_sd,IN_sd_avg,IN_sd_sd,IN_r1_avg,IN_r1_sd,IN_kr_avg,IN_kr_sd,IN_sk_avg,IN_sk_sd
220,0.4580742886,0.2786070079,0.0191812727,0.0120566724,0.9923924252,0.0024163101,1.9852480587,0.0779873059,0.4123698994,0.0831509988,-0.0002309533,0.0001396204,0.0001089638,0.0000676720,0.8612774624,0.0261305402,2.6102335784,0.4125046007,0.5941591740,0.1668843830,0.2119263731,0.0202345210,0.1337545559,0.0087163134,0.8234344208,0.0320489605,2.9929791469,0.6688011103,0.7960061897,0.2090981255
