Instance,INF_avg,INF_sd,INF_r1,INF_kr,INF_sk,SUP_avg,SUP_sd,SUP_r1,SUP_kr,SUP_sk,INC_avg,INC_sd,INC_r1,INC_kr,INC_sk,IND_avg,IND_sd,IND_r1,IND_kr,IND_sk
220,0.3743820225,0.1016709283,0.6935984587,2.7566988793,0.1129961607,0.1251685393,0.0731646191,0.6517686608,2.4278299318,0.4691270266,0.5004494382,0.0683663317,0.2806729728,3.0937441291,-0.1676871571,0.1292134831,0.0373331410,-0.1287602003,2.4025761972,0.2793645319
