Instance,INF_avg,INF_sd,INF_r1,INF_kr,INF_sk,SUP_avg,SUP_sd,SUP_r1,SUP_kr,SUP_sk,INC_avg,INC_sd,INC_r1,INC_kr,INC_sk,IND_avg,IND_sd,IND_r1,IND_kr,IND_sk
307,0.2690000000,0.0297993289,0.3408352559,3.9133339421,0.6201391253,0.2180000000,0.0317175031,-0.1086425684,4.0778608666,0.8695050421,0.5130000000,0.0331963853,0.3175640931,1.9575413124,-0.3657494836,0.0374000000,0.0084994117,0.0551566217,3.4120429134,-0.6253315319
