Instance,INF_avg,INF_sd,INF_r1,INF_kr,INF_sk,SUP_avg,SUP_sd,SUP_r1,SUP_kr,SUP_sk,INC_avg,INC_sd,INC_r1,INC_kr,INC_sk,IND_avg,IND_sd,IND_r1,IND_kr,IND_sk
368,0.2372000000,0.0275709993,0.1302989695,2.0290664860,0.0289762981,0.2990000000,0.0275317998,-0.2418423023,6.1391002569,-1.4820952369,0.4638000000,0.0319774921,-0.0027510737,3.3155519721,-0.6818900044,0.0380000000,0.0100000000,0.1799265606,3.0268000000,0.6480000000
