Instance,INF_avg,INF_sd,INF_r1,INF_kr,INF_sk,SUP_avg,SUP_sd,SUP_r1,SUP_kr,SUP_sk,INC_avg,INC_sd,INC_r1,INC_kr,INC_sk,IND_avg,IND_sd,IND_r1,IND_kr,IND_sk
500,0.2740000000,0.0991160935,-0.2443570822,2.7290893007,0.3993441611,0.2040000000,0.0677052435,-0.1112691583,2.2281781384,0.0480988522,0.5220000000,0.1059056184,-0.0857747768,2.6849573973,0.1213095312,0.2480000000,0.0607947366,0.0822113511,2.2004272783,-0.0570367216
