Instance,INF_avg,INF_sd,INF_r1,INF_kr,INF_sk,SUP_avg,SUP_sd,SUP_r1,SUP_kr,SUP_sk,INC_avg,INC_sd,INC_r1,INC_kr,INC_sk,IND_avg,IND_sd,IND_r1,IND_kr,IND_sk
338,0.3200000000,0.0370675060,0.2500912742,3.6343223813,0.5625284958,0.3190000000,0.0305614136,0.0017548146,2.9490391537,-0.7366428882,0.3610000000,0.0342928564,-0.0065549515,2.8435807997,-0.0987889449,0.0340000000,0.0093808315,-0.2116390089,2.3032024793,-0.1090230936
