Instance,FV_avg_avg,FV_avg_sd,FV_sd_avg,FV_sd_sd,FV_r1_avg,FV_r1_sd,FV_kr_avg,FV_kr_sd,FV_sk_avg,FV_sk_sd,FD_avg_avg,FD_avg_sd,FD_sd_avg,FD_sd_sd,FD_r1_avg,FD_r1_sd,FD_kr_avg,FD_kr_sd,FD_sk_avg,FD_sk_sd,IN_avg_avg,IN_avg_sd,IN_sd_avg,IN_sd_sd,IN_r1_avg,IN_r1_sd,IN_kr_avg,IN_kr_sd,IN_sk_avg,IN_sk_sd
62,0.4983961941,0.3023288777,0.0011413246,0.0009356731,0.9651557857,0.0340218536,2.3843308268,0.7943839679,-0.0239022000,0.5984757732,0.0000002496,0.0000107929,0.0000386642,0.0000239443,0.0112655331,0.1087429562,2.8913592160,0.3219761397,-0.0146253513,0.2250616024,0.4989300000,0.0147740685,0.0712767682,0.0053669651,-0.0010275416,0.1132376083,2.8003047782,0.2836779295,-0.0371047830,0.1974729169
