Instance,FV_avg_avg,FV_avg_sd,FV_sd_avg,FV_sd_sd,FV_r1_avg,FV_r1_sd,FV_kr_avg,FV_kr_sd,FV_sk_avg,FV_sk_sd,FD_avg_avg,FD_avg_sd,FD_sd_avg,FD_sd_sd,FD_r1_avg,FD_r1_sd,FD_kr_avg,FD_kr_sd,FD_sk_avg,FD_sk_sd,IN_avg_avg,IN_avg_sd,IN_sd_avg,IN_sd_sd,IN_r1_avg,IN_r1_sd,IN_kr_avg,IN_kr_sd,IN_sk_avg,IN_sk_sd
421,0.4981020383,0.3033303244,0.0010528200,0.0007063738,0.7829190304,0.2167029136,2.2202682741,0.4037793255,-0.0011360015,0.3891317642,-0.0000091293,0.0000518571,0.0000438439,0.0000304211,0.0310411945,0.1398231788,2.6687496795,0.5150863314,-0.0629751860,0.3905343716,0.4899700000,0.0334177962,0.0339376025,0.0072345790,0.0212653523,0.1754013375,2.7126927706,0.5319644911,-0.1651065784,0.3389966365
