Instance,INF_avg,INF_sd,INF_r1,INF_kr,INF_sk,SUP_avg,SUP_sd,SUP_r1,SUP_kr,SUP_sk,INC_avg,INC_sd,INC_r1,INC_kr,INC_sk,IND_avg,IND_sd,IND_r1,IND_kr,IND_sk
186,0.2670000000,0.0224944438,-0.0854987427,1.5358855786,-0.0126513455,0.1950000000,0.0370135110,-1.1428571429,2.5692631467,0.5857005051,0.5380000000,0.0421426150,-0.7855378027,1.4024493243,0.2299944502,0.0400000000,0.0077459667,-0.5454545455,2.9166666667,1.2909944487
