Instance,INF_avg,INF_sd,INF_r1,INF_kr,INF_sk,SUP_avg,SUP_sd,SUP_r1,SUP_kr,SUP_sk,INC_avg,INC_sd,INC_r1,INC_kr,INC_sk,IND_avg,IND_sd,IND_r1,IND_kr,IND_sk
33,0.2490000000,0.0286181760,0.0382972307,3.4796701060,0.5908281815,0.2239000000,0.0279873186,-0.0851981008,2.6672457839,-0.2986158303,0.5271000000,0.0312904139,0.0652928319,2.9456048597,-0.1490079786,0.0356000000,0.0109380071,0.1609366162,2.9250804906,0.2937682962
