Instance,FV_avg_avg,FV_avg_sd,FV_sd_avg,FV_sd_sd,FV_r1_avg,FV_r1_sd,FV_kr_avg,FV_kr_sd,FV_sk_avg,FV_sk_sd,FD_avg_avg,FD_avg_sd,FD_sd_avg,FD_sd_sd,FD_r1_avg,FD_r1_sd,FD_kr_avg,FD_kr_sd,FD_sk_avg,FD_sk_sd,IN_avg_avg,IN_avg_sd,IN_sd_avg,IN_sd_sd,IN_r1_avg,IN_r1_sd,IN_kr_avg,IN_kr_sd,IN_sk_avg,IN_sk_sd
93,0.4985283134,0.3028176773,0.0001272551,0.0000820793,0.1567607808,0.3932772151,2.0081583534,0.5057781008,-0.0081526078,0.6293871171,0.0000037210,0.0000272461,0.0000394919,0.0000266819,-0.2935343214,0.3389020772,1.9034972135,0.5362868944,0.1885081115,0.5996934349,0.5020000000,0.0674981481,0.1391645834,0.0432806971,-0.2240507314,0.4208577180,1.8688620578,0.5004675718,0.1534799950,0.5263836953
