Instance,FV_avg_avg,FV_avg_sd,FV_sd_avg,FV_sd_sd,FV_r1_avg,FV_r1_sd,FV_kr_avg,FV_kr_sd,FV_sk_avg,FV_sk_sd,FD_avg_avg,FD_avg_sd,FD_sd_avg,FD_sd_sd,FD_r1_avg,FD_r1_sd,FD_kr_avg,FD_kr_sd,FD_sk_avg,FD_sk_sd,IN_avg_avg,IN_avg_sd,IN_sd_avg,IN_sd_sd,IN_r1_avg,IN_r1_sd,IN_kr_avg,IN_kr_sd,IN_sk_avg,IN_sk_sd
297,0.4980689204,0.3026900920,0.0003574295,0.0002485101,0.7824372063,0.1644772947,2.3801042678,0.6529792937,0.1828389262,0.5254253072,-0.0000058226,0.0000193055,0.0000448115,0.0000266090,-0.0205292175,0.2035936514,2.8492719252,0.5232866869,-0.0719637824,0.3493143122,0.4946000000,0.0291554455,0.1113676192,0.0154289789,-0.0947355442,0.2160978477,2.8060912099,0.8291700902,-0.1980329612,0.3681991016
