Instance,FV_avg_avg,FV_avg_sd,FV_sd_avg,FV_sd_sd,FV_r1_avg,FV_r1_sd,FV_kr_avg,FV_kr_sd,FV_sk_avg,FV_sk_sd,FD_avg_avg,FD_avg_sd,FD_sd_avg,FD_sd_sd,FD_r1_avg,FD_r1_sd,FD_kr_avg,FD_kr_sd,FD_sk_avg,FD_sk_sd,IN_avg_avg,IN_avg_sd,IN_sd_avg,IN_sd_sd,IN_r1_avg,IN_r1_sd,IN_kr_avg,IN_kr_sd,IN_sk_avg,IN_sk_sd
453,0.5004180119,0.3045747675,0.0003302672,0.0002700952,0.8047102214,0.1511607405,2.2705690482,0.4608999865,0.0089209843,0.4934274608,0.0000027598,0.0000132724,0.0000168040,0.0000101075,0.0615930721,0.1786799942,2.8253675016,0.7094070896,-0.0408859976,0.3524264421,0.5069400000,0.0231856076,0.0505307332,0.0056132882,0.0559420469,0.1989557320,2.8320911281,0.7169253152,-0.0512766981,0.4625424280
