Instance,FV_avg_avg,FV_avg_sd,FV_sd_avg,FV_sd_sd,FV_r1_avg,FV_r1_sd,FV_kr_avg,FV_kr_sd,FV_sk_avg,FV_sk_sd,FD_avg_avg,FD_avg_sd,FD_sd_avg,FD_sd_sd,FD_r1_avg,FD_r1_sd,FD_kr_avg,FD_kr_sd,FD_sk_avg,FD_sk_sd,IN_avg_avg,IN_avg_sd,IN_sd_avg,IN_sd_sd,IN_r1_avg,IN_r1_sd,IN_kr_avg,IN_kr_sd,IN_sk_avg,IN_sk_sd
316,0.4984555523,0.3037152109,0.0014243853,0.0010936300,0.7380493097,0.2151717006,2.2981101296,0.7503039951,-0.0746245000,0.4827154784,0.0000007864,0.0000698903,0.0002532903,0.0001525331,-0.1228963312,0.2006458631,2.7335126971,0.5030343131,0.0892813664,0.3417395206,0.4872000000,0.0374080205,0.1565421319,0.0145382577,-0.0973888129,0.1916590831,2.7631387478,0.8118325980,0.0242153927,0.3576491683
