Instance,FV_avg_avg,FV_avg_sd,FV_sd_avg,FV_sd_sd,FV_r1_avg,FV_r1_sd,FV_kr_avg,FV_kr_sd,FV_sk_avg,FV_sk_sd,FD_avg_avg,FD_avg_sd,FD_sd_avg,FD_sd_sd,FD_r1_avg,FD_r1_sd,FD_kr_avg,FD_kr_sd,FD_sk_avg,FD_sk_sd,IN_avg_avg,IN_avg_sd,IN_sd_avg,IN_sd_sd,IN_r1_avg,IN_r1_sd,IN_kr_avg,IN_kr_sd,IN_sk_avg,IN_sk_sd
265,0.4829342392,0.2924923244,0.0075189555,0.0050339763,0.9865087893,0.0101417237,1.8234900082,0.0548772512,0.1613208731,0.0711066902,-0.0001105775,0.0000852459,0.0001393369,0.0000818786,0.2316253152,0.1512892396,2.8915150231,0.6598237977,0.0233483878,0.4057465764,0.4027607438,0.0439871458,0.1753601845,0.0185797208,0.1819900164,0.1053465135,2.7361092530,0.3077026919,0.0651388087,0.3019209925
