Instance,FV_avg_avg,FV_avg_sd,FV_sd_avg,FV_sd_sd,FV_r1_avg,FV_r1_sd,FV_kr_avg,FV_kr_sd,FV_sk_avg,FV_sk_sd,FD_avg_avg,FD_avg_sd,FD_sd_avg,FD_sd_sd,FD_r1_avg,FD_r1_sd,FD_kr_avg,FD_kr_sd,FD_sk_avg,FD_sk_sd,IN_avg_avg,IN_avg_sd,IN_sd_avg,IN_sd_sd,IN_r1_avg,IN_r1_sd,IN_kr_avg,IN_kr_sd,IN_sk_avg,IN_sk_sd
309,0.4956867473,0.3003787766,0.0006236789,0.0004260654,0.5339365053,0.2676042581,2.4458423529,0.6097713780,0.2525130562,0.5748850547,-0.0000127835,0.0000560301,0.0000537034,0.0000350375,-0.0485081279,0.3430537816,2.1866918405,0.6128989870,0.1915455698,0.4226915838,0.4914000000,0.0311743484,0.0466170872,0.0088908483,-0.0474492171,0.3545227874,2.2248248307,0.7390446897,0.0282240691,0.4849944666
