Instance,FV_avg_avg,FV_avg_sd,FV_sd_avg,FV_sd_sd,FV_r1_avg,FV_r1_sd,FV_kr_avg,FV_kr_sd,FV_sk_avg,FV_sk_sd,FD_avg_avg,FD_avg_sd,FD_sd_avg,FD_sd_sd,FD_r1_avg,FD_r1_sd,FD_kr_avg,FD_kr_sd,FD_sk_avg,FD_sk_sd,IN_avg_avg,IN_avg_sd,IN_sd_avg,IN_sd_sd,IN_r1_avg,IN_r1_sd,IN_kr_avg,IN_kr_sd,IN_sk_avg,IN_sk_sd
188,0.4992431473,0.3031282984,0.0003942669,0.0002411489,0.7689238582,0.1096747140,2.4342241675,0.5730653473,0.0014799563,0.4796250559,-0.0000068955,0.0000090940,0.0000245525,0.0000144826,-0.0091081941,0.1411000125,2.6920604784,0.4499382997,-0.0533323007,0.4249102250,0.4956200000,0.0198282526,0.0497054604,0.0073772089,-0.0319777475,0.1362994660,2.6344652362,0.5425668727,-0.1016021852,0.3853472155
