Instance,INF_avg,INF_sd,INF_r1,INF_kr,INF_sk,SUP_avg,SUP_sd,SUP_r1,SUP_kr,SUP_sk,INC_avg,INC_sd,INC_r1,INC_kr,INC_sk,IND_avg,IND_sd,IND_r1,IND_kr,IND_sk
431,0.2508000000,0.0648949921,0.0717365971,2.7253910107,0.2706668847,0.3176000000,0.0695862055,0.0987651843,3.2966906292,0.0693210760,0.4316000000,0.0680105874,-0.0403684719,2.1739090928,0.1359080128,0.0940000000,0.0289136646,0.1236261064,3.2299855773,0.6910525361
