Instance,INF_avg,INF_sd,INF_r1,INF_kr,INF_sk,SUP_avg,SUP_sd,SUP_r1,SUP_kr,SUP_sk,INC_avg,INC_sd,INC_r1,INC_kr,INC_sk,IND_avg,IND_sd,IND_r1,IND_kr,IND_sk
219,0.2260000000,0.1162927341,-0.1283092829,2.5630832249,-0.1350811981,0.2560000000,0.1313925416,0.0437573594,2.6603400842,0.2133840400,0.5180000000,0.1705168613,0.0460289636,2.6457561203,-0.0879266941,0.3720000000,0.1166876172,-0.0846397954,3.1170862785,0.1042888096
