Instance,FV_avg_avg,FV_avg_sd,FV_sd_avg,FV_sd_sd,FV_r1_avg,FV_r1_sd,FV_kr_avg,FV_kr_sd,FV_sk_avg,FV_sk_sd,FD_avg_avg,FD_avg_sd,FD_sd_avg,FD_sd_sd,FD_r1_avg,FD_r1_sd,FD_kr_avg,FD_kr_sd,FD_sk_avg,FD_sk_sd,IN_avg_avg,IN_avg_sd,IN_sd_avg,IN_sd_sd,IN_r1_avg,IN_r1_sd,IN_kr_avg,IN_kr_sd,IN_sk_avg,IN_sk_sd
427,0.4546706464,0.3053296504,0.0211469925,0.0134529301,0.9950937435,0.0028173895,2.0765819958,0.1828241593,0.5336320569,0.1452113242,-0.0001332097,0.0000811518,0.0000590204,0.0000370599,0.9705710365,0.0069549386,2.2210240317,0.1984240707,0.5831211758,0.1432925486,0.1695501283,0.0181279032,0.1401623208,0.0064554754,0.9620895514,0.0033848880,2.4848742985,0.1618919885,0.7867428208,0.1179781317
