Instance,FV_avg_avg,FV_avg_sd,FV_sd_avg,FV_sd_sd,FV_r1_avg,FV_r1_sd,FV_kr_avg,FV_kr_sd,FV_sk_avg,FV_sk_sd,FD_avg_avg,FD_avg_sd,FD_sd_avg,FD_sd_sd,FD_r1_avg,FD_r1_sd,FD_kr_avg,FD_kr_sd,FD_sk_avg,FD_sk_sd,IN_avg_avg,IN_avg_sd,IN_sd_avg,IN_sd_sd,IN_r1_avg,IN_r1_sd,IN_kr_avg,IN_kr_sd,IN_sk_avg,IN_sk_sd
199,0.5011626916,0.3043699537,0.0001871469,0.0001404899,0.2267751306,0.3577018373,1.9369025440,0.4791477333,0.1126734062,0.5405793727,-0.0000090583,0.0000204791,0.0000233139,0.0000165562,-0.3767200170,0.3752649530,2.0405049678,0.4892269199,-0.1692317585,0.5885115810,0.4906000000,0.0283203107,0.0485545915,0.0184404894,-0.2014676009,0.4069957802,1.8754677024,0.4045575105,0.0009055558,0.4509495743
