Instance,INF_avg,INF_sd,INF_r1,INF_kr,INF_sk,SUP_avg,SUP_sd,SUP_r1,SUP_kr,SUP_sk,INC_avg,INC_sd,INC_r1,INC_kr,INC_sk,IND_avg,IND_sd,IND_r1,IND_kr,IND_sk
278,0.2498000000,0.0707951976,0.1475701628,3.1716217297,0.2167482079,0.2548000000,0.0629043719,-0.0295181022,2.6321845303,0.1669244711,0.4954000000,0.0618937800,-0.0557482439,2.4636511823,0.1811977712,0.1092000000,0.0389276252,-0.0871345097,2.9321175385,0.2759374628
