Instance,FV_avg_avg,FV_avg_sd,FV_sd_avg,FV_sd_sd,FV_r1_avg,FV_r1_sd,FV_kr_avg,FV_kr_sd,FV_sk_avg,FV_sk_sd,FD_avg_avg,FD_avg_sd,FD_sd_avg,FD_sd_sd,FD_r1_avg,FD_r1_sd,FD_kr_avg,FD_kr_sd,FD_sk_avg,FD_sk_sd,IN_avg_avg,IN_avg_sd,IN_sd_avg,IN_sd_sd,IN_r1_avg,IN_r1_sd,IN_kr_avg,IN_kr_sd,IN_sk_avg,IN_sk_sd
427,0.4987564620,0.3033452970,0.0003818242,0.0002486179,0.9066755360,0.1004146811,2.2750921537,0.6220980894,0.1486364947,0.4209657919,0.0000003585,0.0000054874,0.0000099103,0.0000060319,-0.0247805208,0.1570936680,3.0374747329,0.6671456735,-0.0050704379,0.3040999089,0.4996200000,0.0158730463,0.0366213410,0.0027981031,-0.0242844808,0.1480565209,3.1159241211,0.4906223921,0.0351163429,0.3286545697
