Instance,INF_avg,INF_sd,INF_r1,INF_kr,INF_sk,SUP_avg,SUP_sd,SUP_r1,SUP_kr,SUP_sk,INC_avg,INC_sd,INC_r1,INC_kr,INC_sk,IND_avg,IND_sd,IND_r1,IND_kr,IND_sk
163,0.3824812030,0.1044671839,0.8194182895,2.1576864116,0.0570374397,0.1306766917,0.0858587360,0.8575712696,2.3005141901,0.6162395905,0.4868421053,0.0558780684,0.2652618633,2.3220456767,-0.1775347851,0.0712030075,0.0206305706,0.1318469404,3.0868592942,0.3728837971
