Instance,INF_avg,INF_sd,INF_r1,INF_kr,INF_sk,SUP_avg,SUP_sd,SUP_r1,SUP_kr,SUP_sk,INC_avg,INC_sd,INC_r1,INC_kr,INC_sk,IND_avg,IND_sd,IND_r1,IND_kr,IND_sk
492,0.2565000000,0.0431306156,-0.3047798867,2.0586921465,0.2784115940,0.2770000000,0.0324191302,-0.1844392189,2.0170604589,0.2828086686,0.4665000000,0.0331700166,-0.3294416411,1.7948915372,0.3728698214,0.0365000000,0.0092330927,-0.5947634633,2.4118901626,0.7946680137
