Instance,INF_avg,INF_sd,INF_r1,INF_kr,INF_sk,SUP_avg,SUP_sd,SUP_r1,SUP_kr,SUP_sk,INC_avg,INC_sd,INC_r1,INC_kr,INC_sk,IND_avg,IND_sd,IND_r1,IND_kr,IND_sk
114,0.2636000000,0.0549639882,0.1577916202,3.1507829250,0.0438794454,0.2718000000,0.0591672207,0.3481195862,2.4568521139,0.1528992777,0.4646000000,0.0662634137,0.2704820645,2.6368229371,-0.2443389850,0.0661000000,0.0188623965,0.1682748674,3.2267212533,0.6157100226
