Instance,INF_avg,INF_sd,INF_r1,INF_kr,INF_sk,SUP_avg,SUP_sd,SUP_r1,SUP_kr,SUP_sk,INC_avg,INC_sd,INC_r1,INC_kr,INC_sk,IND_avg,IND_sd,IND_r1,IND_kr,IND_sk
D,0.2328000000,0.0312195452,-0.0643082197,2.3899404681,-0.0673414698,0.2604500000,0.0328260186,0.0717256771,3.3424714053,0.2291095413,0.5067500000,0.0379102559,-0.1334285369,2.4751243662,0.0451627939,0.0380500000,0.0097952795,0.1377807041,2.7522411280,0.1223172645
