Instance,INF_avg,INF_sd,INF_r1,INF_kr,INF_sk,SUP_avg,SUP_sd,SUP_r1,SUP_kr,SUP_sk,INC_avg,INC_sd,INC_r1,INC_kr,INC_sk,IND_avg,IND_sd,IND_r1,IND_kr,IND_sk
23,0.2360000000,0.0338230691,-0.4035769829,3.0070174581,-1.3285921177,0.2340000000,0.0241660919,0.6921182266,1.8297053856,0.1224403232,0.5300000000,0.0357770876,-1.2500000000,2.3486328125,-0.3930588242,0.0680000000,0.0116619038,-1.0149253731,1.6280276817,-0.3631734744
