Instance,FV_avg_avg,FV_avg_sd,FV_sd_avg,FV_sd_sd,FV_r1_avg,FV_r1_sd,FV_kr_avg,FV_kr_sd,FV_sk_avg,FV_sk_sd,FD_avg_avg,FD_avg_sd,FD_sd_avg,FD_sd_sd,FD_r1_avg,FD_r1_sd,FD_kr_avg,FD_kr_sd,FD_sk_avg,FD_sk_sd,IN_avg_avg,IN_avg_sd,IN_sd_avg,IN_sd_sd,IN_r1_avg,IN_r1_sd,IN_kr_avg,IN_kr_sd,IN_sk_avg,IN_sk_sd
330,0.4933950149,0.2990392730,0.0027048146,0.0019255249,0.8791089646,0.0625829570,2.4709400810,0.7612264356,-0.0311032199,0.4986267565,-0.0000469836,0.0001202309,0.0002638931,0.0001634152,0.0488143996,0.1712069922,2.7581641895,0.4950966950,0.0876076705,0.3133183646,0.4830500000,0.0371328359,0.1146334178,0.0080950313,0.0513291078,0.1619669461,2.8100043314,0.4224831298,0.0674851249,0.3329264072
