Instance,FV_avg_avg,FV_avg_sd,FV_sd_avg,FV_sd_sd,FV_r1_avg,FV_r1_sd,FV_kr_avg,FV_kr_sd,FV_sk_avg,FV_sk_sd,FD_avg_avg,FD_avg_sd,FD_sd_avg,FD_sd_sd,FD_r1_avg,FD_r1_sd,FD_kr_avg,FD_kr_sd,FD_sk_avg,FD_sk_sd,IN_avg_avg,IN_avg_sd,IN_sd_avg,IN_sd_sd,IN_r1_avg,IN_r1_sd,IN_kr_avg,IN_kr_sd,IN_sk_avg,IN_sk_sd
18,0.4998629167,0.3030554880,0.0009431767,0.0006162106,0.9331754889,0.0470668547,2.3205480714,0.6094368867,-0.1233648999,0.4515190057,-0.0000013726,0.0000166596,0.0000302634,0.0000179873,0.0422011327,0.0883023108,2.9126693871,0.3661803629,-0.0136970780,0.2570768105,0.5007250000,0.0271842395,0.0522687950,0.0040267313,0.0187782768,0.0728005240,3.0896397076,0.6385974104,-0.0514510020,0.2320554998
