Instance,FV_avg_avg,FV_avg_sd,FV_sd_avg,FV_sd_sd,FV_r1_avg,FV_r1_sd,FV_kr_avg,FV_kr_sd,FV_sk_avg,FV_sk_sd,FD_avg_avg,FD_avg_sd,FD_sd_avg,FD_sd_sd,FD_r1_avg,FD_r1_sd,FD_kr_avg,FD_kr_sd,FD_sk_avg,FD_sk_sd,IN_avg_avg,IN_avg_sd,IN_sd_avg,IN_sd_sd,IN_r1_avg,IN_r1_sd,IN_kr_avg,IN_kr_sd,IN_sk_avg,IN_sk_sd
267,0.4930422481,0.2996293951,0.0004384151,0.0002991839,0.7891382845,0.1827011608,2.7056110741,1.3371336282,-0.0264196998,0.6096848106,0.0000023692,0.0000180793,0.0000203348,0.0000129953,0.0863217640,0.2202107957,2.9097966697,1.1307357257,-0.0091357623,0.4485046111,0.5037400000,0.0321045853,0.0367687520,0.0065166612,0.0824055694,0.1978899351,2.8192988971,0.7538032790,-0.0316675530,0.3710642003
