Instance,FV_avg_avg,FV_avg_sd,FV_sd_avg,FV_sd_sd,FV_r1_avg,FV_r1_sd,FV_kr_avg,FV_kr_sd,FV_sk_avg,FV_sk_sd,FD_avg_avg,FD_avg_sd,FD_sd_avg,FD_sd_sd,FD_r1_avg,FD_r1_sd,FD_kr_avg,FD_kr_sd,FD_sk_avg,FD_sk_sd,IN_avg_avg,IN_avg_sd,IN_sd_avg,IN_sd_sd,IN_r1_avg,IN_r1_sd,IN_kr_avg,IN_kr_sd,IN_sk_avg,IN_sk_sd
63,0.4985049229,0.3033846237,0.0002387649,0.0001680036,0.7248691415,0.2608293773,2.0499883403,0.5885490169,-0.2177129210,0.5697407413,0.0000006739,0.0000098507,0.0000141476,0.0000093021,-0.0579522523,0.3092976534,2.4730319649,0.6258482429,-0.1101350397,0.5523701061,0.4999000000,0.0224408110,0.0462451841,0.0105727454,0.0185297255,0.2900586224,2.3595697150,0.6706748299,0.0729947314,0.5648878777
