Instance,FV_avg_avg,FV_avg_sd,FV_sd_avg,FV_sd_sd,FV_r1_avg,FV_r1_sd,FV_kr_avg,FV_kr_sd,FV_sk_avg,FV_sk_sd,FD_avg_avg,FD_avg_sd,FD_sd_avg,FD_sd_sd,FD_r1_avg,FD_r1_sd,FD_kr_avg,FD_kr_sd,FD_sk_avg,FD_sk_sd,IN_avg_avg,IN_avg_sd,IN_sd_avg,IN_sd_sd,IN_r1_avg,IN_r1_sd,IN_kr_avg,IN_kr_sd,IN_sk_avg,IN_sk_sd
297,0.4963408217,0.3015462121,0.0002591326,0.0002069302,0.4889330057,0.2684835940,2.1611393613,0.4175354569,-0.1828960609,0.3505386376,-0.0000005257,0.0000154983,0.0000188535,0.0000111354,-0.0427246450,0.2957142365,2.6406735824,0.7851609106,0.0895997581,0.6390705152,0.5097500000,0.0358760017,0.0496506845,0.0095999755,-0.0777492539,0.2687592442,2.4887958365,0.8195685589,0.0516591190,0.6712751848
