Instance,FV_avg_avg,FV_avg_sd,FV_sd_avg,FV_sd_sd,FV_r1_avg,FV_r1_sd,FV_kr_avg,FV_kr_sd,FV_sk_avg,FV_sk_sd,FD_avg_avg,FD_avg_sd,FD_sd_avg,FD_sd_sd,FD_r1_avg,FD_r1_sd,FD_kr_avg,FD_kr_sd,FD_sk_avg,FD_sk_sd,IN_avg_avg,IN_avg_sd,IN_sd_avg,IN_sd_sd,IN_r1_avg,IN_r1_sd,IN_kr_avg,IN_kr_sd,IN_sk_avg,IN_sk_sd
0,0.4967744189,0.3019410821,0.0003467375,0.0001933129,0.9105240760,0.0582372316,2.2741650464,0.4736583718,-0.0831401664,0.4359347078,0.0000012108,0.0000051812,0.0000189959,0.0000120256,-0.0287822987,0.1553211159,2.9801350917,0.6181224985,-0.0010039568,0.3690122298,0.5001200000,0.0171142514,0.0675399732,0.0081387974,-0.0215687279,0.1467010803,2.9418217298,0.5143292990,-0.0753958545,0.3217308359
