Instance,FV_avg_avg,FV_avg_sd,FV_sd_avg,FV_sd_sd,FV_r1_avg,FV_r1_sd,FV_kr_avg,FV_kr_sd,FV_sk_avg,FV_sk_sd,FD_avg_avg,FD_avg_sd,FD_sd_avg,FD_sd_sd,FD_r1_avg,FD_r1_sd,FD_kr_avg,FD_kr_sd,FD_sk_avg,FD_sk_sd,IN_avg_avg,IN_avg_sd,IN_sd_avg,IN_sd_sd,IN_r1_avg,IN_r1_sd,IN_kr_avg,IN_kr_sd,IN_sk_avg,IN_sk_sd
236,0.4973434846,0.3022967521,0.0002692982,0.0002030796,0.7784691025,0.1318762587,2.2424851469,0.4281007823,0.0832219050,0.4330147281,-0.0000033858,0.0000105639,0.0000451714,0.0000285192,-0.0582524143,0.2120545512,2.9112785083,0.7920646541,-0.0643975572,0.4055287001,0.4946000000,0.0320318591,0.1506840235,0.0214272037,-0.1352671033,0.1914578327,2.6921528331,0.6519371478,-0.0321017486,0.2868409874
