Instance,INF_avg,INF_sd,INF_r1,INF_kr,INF_sk,SUP_avg,SUP_sd,SUP_r1,SUP_kr,SUP_sk,INC_avg,INC_sd,INC_r1,INC_kr,INC_sk,IND_avg,IND_sd,IND_r1,IND_kr,IND_sk
361,0.2635000000,0.0384740172,-0.0868411497,2.4650802361,0.4653460641,0.2655000000,0.0337231375,-0.1532173173,4.5137624792,-1.3700457826,0.4710000000,0.0390384426,-0.2487426354,3.6049507099,-0.8353365056,0.0335000000,0.0070887234,-0.4468332365,2.3686789931,-0.3031933394
