Instance,FV_avg_avg,FV_avg_sd,FV_sd_avg,FV_sd_sd,FV_r1_avg,FV_r1_sd,FV_kr_avg,FV_kr_sd,FV_sk_avg,FV_sk_sd,FD_avg_avg,FD_avg_sd,FD_sd_avg,FD_sd_sd,FD_r1_avg,FD_r1_sd,FD_kr_avg,FD_kr_sd,FD_sk_avg,FD_sk_sd,IN_avg_avg,IN_avg_sd,IN_sd_avg,IN_sd_sd,IN_r1_avg,IN_r1_sd,IN_kr_avg,IN_kr_sd,IN_sk_avg,IN_sk_sd
351,0.4950018009,0.3017036436,0.0002681477,0.0001841305,0.7915824588,0.1187446865,2.6435872028,0.6347087498,-0.0104248528,0.5828973763,-0.0000020008,0.0000076906,0.0000217927,0.0000139944,-0.0294263768,0.1709189820,2.8338411698,0.5482099925,-0.0060009566,0.4153469934,0.4890000000,0.0255548039,0.0687221029,0.0077990109,-0.0169541445,0.1841092617,2.7432245811,0.7146139393,-0.0066971028,0.3105934316
