Instance,FV_avg_avg,FV_avg_sd,FV_sd_avg,FV_sd_sd,FV_r1_avg,FV_r1_sd,FV_kr_avg,FV_kr_sd,FV_sk_avg,FV_sk_sd,FD_avg_avg,FD_avg_sd,FD_sd_avg,FD_sd_sd,FD_r1_avg,FD_r1_sd,FD_kr_avg,FD_kr_sd,FD_sk_avg,FD_sk_sd,IN_avg_avg,IN_avg_sd,IN_sd_avg,IN_sd_sd,IN_r1_avg,IN_r1_sd,IN_kr_avg,IN_kr_sd,IN_sk_avg,IN_sk_sd
190,0.4982961081,0.3030633546,0.0004042735,0.0003007746,0.8042561132,0.1748242625,2.2742121755,0.5347560199,-0.1180171511,0.3613316116,0.0000014746,0.0000157181,0.0000616933,0.0000376179,-0.0358468874,0.1676998388,2.8474627710,0.7323237884,0.1844346562,0.4294658400,0.4994000000,0.0291828717,0.1606188647,0.0221264618,-0.0633101918,0.1627737772,2.4645198242,0.3531609830,0.1791572123,0.3079436543
