Instance,INF_avg,INF_sd,INF_r1,INF_kr,INF_sk,SUP_avg,SUP_sd,SUP_r1,SUP_kr,SUP_sk,INC_avg,INC_sd,INC_r1,INC_kr,INC_sk,IND_avg,IND_sd,IND_r1,IND_kr,IND_sk
468,0.2585000000,0.1065492844,-0.0723548736,2.4091417914,0.1187479313,0.2460000000,0.0904654630,-0.1406722879,2.5925946629,0.0787066618,0.4955000000,0.1140383707,0.0236798038,2.6035485818,0.0501707471,0.2325000000,0.0657171971,0.0604203537,2.9108529973,-0.0498782407
