Instance,FV_avg_avg,FV_avg_sd,FV_sd_avg,FV_sd_sd,FV_r1_avg,FV_r1_sd,FV_kr_avg,FV_kr_sd,FV_sk_avg,FV_sk_sd,FD_avg_avg,FD_avg_sd,FD_sd_avg,FD_sd_sd,FD_r1_avg,FD_r1_sd,FD_kr_avg,FD_kr_sd,FD_sk_avg,FD_sk_sd,IN_avg_avg,IN_avg_sd,IN_sd_avg,IN_sd_sd,IN_r1_avg,IN_r1_sd,IN_kr_avg,IN_kr_sd,IN_sk_avg,IN_sk_sd
400,0.4954645309,0.3006866789,0.0005067180,0.0004259241,0.3611544663,0.3619965936,2.0831792558,0.8369613532,-0.0347738799,0.5840130156,-0.0000221017,0.0000489300,0.0001091946,0.0000749760,-0.0303884035,0.3941991025,2.5354475434,1.0049470861,-0.0412019208,0.6532797809,0.4770000000,0.0813848880,0.1073091700,0.0182275077,-0.0784664185,0.3438275756,2.4414426311,0.6981146299,-0.0252109646,0.5167059514
