Instance,INF_avg,INF_sd,INF_r1,INF_kr,INF_sk,SUP_avg,SUP_sd,SUP_r1,SUP_kr,SUP_sk,INC_avg,INC_sd,INC_r1,INC_kr,INC_sk,IND_avg,IND_sd,IND_r1,IND_kr,IND_sk
184,0.2583500000,0.0331515837,0.1758577566,2.4790035817,0.1806235262,0.2480500000,0.0316219465,0.1885136777,2.6818147624,0.2963558789,0.4936000000,0.0349004298,-0.0546336732,2.4725375169,-0.1080092941,0.0348000000,0.0111785509,-0.1551083651,2.5927627955,0.2380204248
