Instance,INF_avg,INF_sd,INF_r1,INF_kr,INF_sk,SUP_avg,SUP_sd,SUP_r1,SUP_kr,SUP_sk,INC_avg,INC_sd,INC_r1,INC_kr,INC_sk,IND_avg,IND_sd,IND_r1,IND_kr,IND_sk
355,0.2590000000,0.0135646600,-0.8715469613,1.5398156900,0.5120402716,0.3100000000,0.0325576412,0.1650943396,2.3678355287,-0.4172570605,0.4310000000,0.0392937654,-0.1828814460,2.2414158769,0.2800744910,0.0380000000,0.0067823300,0.0361445783,2.3638941399,0.7500308204
