Instance,INF_avg,INF_sd,INF_r1,INF_kr,INF_sk,SUP_avg,SUP_sd,SUP_r1,SUP_kr,SUP_sk,INC_avg,INC_sd,INC_r1,INC_kr,INC_sk,IND_avg,IND_sd,IND_r1,IND_kr,IND_sk
55,0.2616000000,0.0657072294,0.2378058149,2.3446315411,-0.3144585459,0.2656000000,0.0567154300,-0.0294216572,2.3991528176,0.4097108666,0.4728000000,0.0852065725,0.4482597099,2.8131074615,0.3580794113,0.0984000000,0.0334281319,-0.3792583660,3.0115315124,0.4349691525
