Instance,FV_avg_avg,FV_avg_sd,FV_sd_avg,FV_sd_sd,FV_r1_avg,FV_r1_sd,FV_kr_avg,FV_kr_sd,FV_sk_avg,FV_sk_sd,FD_avg_avg,FD_avg_sd,FD_sd_avg,FD_sd_sd,FD_r1_avg,FD_r1_sd,FD_kr_avg,FD_kr_sd,FD_sk_avg,FD_sk_sd,IN_avg_avg,IN_avg_sd,IN_sd_avg,IN_sd_sd,IN_r1_avg,IN_r1_sd,IN_kr_avg,IN_kr_sd,IN_sk_avg,IN_sk_sd
491,0.4776762475,0.2897913052,0.0100254771,0.0067048760,0.9913985143,0.0042689874,1.8493813233,0.0722826995,0.2089323791,0.0955777681,-0.0001522392,0.0000979519,0.0000883380,0.0000551139,0.4884334622,0.1548652494,2.8726881971,0.2920950960,0.2618623111,0.2947429252,0.2780331544,0.0331992892,0.1347231225,0.0121936013,0.4216047562,0.1383000741,2.9253674256,0.3884334784,0.4240233516,0.2985123663
