Instance,FV_avg_avg,FV_avg_sd,FV_sd_avg,FV_sd_sd,FV_r1_avg,FV_r1_sd,FV_kr_avg,FV_kr_sd,FV_sk_avg,FV_sk_sd,FD_avg_avg,FD_avg_sd,FD_sd_avg,FD_sd_sd,FD_r1_avg,FD_r1_sd,FD_kr_avg,FD_kr_sd,FD_sk_avg,FD_sk_sd,IN_avg_avg,IN_avg_sd,IN_sd_avg,IN_sd_sd,IN_r1_avg,IN_r1_sd,IN_kr_avg,IN_kr_sd,IN_sk_avg,IN_sk_sd
324,0.4451189800,0.2702251880,0.0222550480,0.0133349186,0.9680106735,0.0175042122,2.3057572310,0.2601136534,0.7191004686,0.1629099262,-0.0009526288,0.0005866818,0.0004076705,0.0002440778,0.9516842270,0.0201542344,2.3293471314,0.2901974898,0.7150660711,0.1767223636,0.1437268233,0.0266522029,0.1423250047,0.0138553482,0.9394416966,0.0261204557,2.7734993320,0.4792057606,0.9817680472,0.2229772926
