Instance,FV_avg_avg,FV_avg_sd,FV_sd_avg,FV_sd_sd,FV_r1_avg,FV_r1_sd,FV_kr_avg,FV_kr_sd,FV_sk_avg,FV_sk_sd,FD_avg_avg,FD_avg_sd,FD_sd_avg,FD_sd_sd,FD_r1_avg,FD_r1_sd,FD_kr_avg,FD_kr_sd,FD_sk_avg,FD_sk_sd,IN_avg_avg,IN_avg_sd,IN_sd_avg,IN_sd_sd,IN_r1_avg,IN_r1_sd,IN_kr_avg,IN_kr_sd,IN_sk_avg,IN_sk_sd
188,0.4538970015,0.2897086567,0.0228243645,0.0138132631,0.9916711499,0.0034372118,2.1349416133,0.1005440793,0.6001248015,0.1122377254,-0.0002590052,0.0001516487,0.0001081558,0.0000654404,0.9639962829,0.0057569062,2.4996126798,0.2412046260,0.7293376520,0.1715299015,0.1599743529,0.0174939217,0.1372795528,0.0118155045,0.9566529304,0.0099006474,2.6688752348,0.2814514697,0.8592148537,0.1949474045
