Instance,FV_avg_avg,FV_avg_sd,FV_sd_avg,FV_sd_sd,FV_r1_avg,FV_r1_sd,FV_kr_avg,FV_kr_sd,FV_sk_avg,FV_sk_sd,FD_avg_avg,FD_avg_sd,FD_sd_avg,FD_sd_sd,FD_r1_avg,FD_r1_sd,FD_kr_avg,FD_kr_sd,FD_sk_avg,FD_sk_sd,IN_avg_avg,IN_avg_sd,IN_sd_avg,IN_sd_sd,IN_r1_avg,IN_r1_sd,IN_kr_avg,IN_kr_sd,IN_sk_avg,IN_sk_sd
329,0.4976153785,0.3023775431,0.0001853335,0.0001480405,0.2615811022,0.4770346812,1.8416731327,0.4993847638,0.1219737668,0.5518852999,-0.0000111001,0.0000235149,0.0000402858,0.0000294690,-0.1235893195,0.4227638793,1.8651751154,0.5549849549,0.2293850886,0.5865256406,0.4785000000,0.0356756219,0.0903836020,0.0327231493,-0.2692660446,0.4099130524,1.7920425459,0.4498123446,0.0880985797,0.5284649430
