Instance,INF_avg,INF_sd,INF_r1,INF_kr,INF_sk,SUP_avg,SUP_sd,SUP_r1,SUP_kr,SUP_sk,INC_avg,INC_sd,INC_r1,INC_kr,INC_sk,IND_avg,IND_sd,IND_r1,IND_kr,IND_sk
461,0.3645833333,0.0845785439,0.6112356159,2.4076290200,0.1137232560,0.1262037037,0.0683836887,0.7456897422,2.3389946919,0.4513973801,0.5092129630,0.0539446820,0.0020522149,2.7472646193,-0.3093913144,0.0731944444,0.0225355515,0.0397517827,3.1076669129,0.3813453815
