Instance,INF_avg,INF_sd,INF_r1,INF_kr,INF_sk,SUP_avg,SUP_sd,SUP_r1,SUP_kr,SUP_sk,INC_avg,INC_sd,INC_r1,INC_kr,INC_sk,IND_avg,IND_sd,IND_r1,IND_kr,IND_sk
J,0.2825000000,0.0447073819,0.1578618123,2.5309803149,-0.1134330470,0.2100000000,0.0418090899,0.2396788991,3.3117940608,0.4802805220,0.5075000000,0.0547243090,0.0989852495,3.1291000799,-0.1136997223,0.0657000000,0.0178468485,-0.0012178642,2.5046091258,-0.0565959498
