Instance,INF_avg,INF_sd,INF_r1,INF_kr,INF_sk,SUP_avg,SUP_sd,SUP_r1,SUP_kr,SUP_sk,INC_avg,INC_sd,INC_r1,INC_kr,INC_sk,IND_avg,IND_sd,IND_r1,IND_kr,IND_sk
100,0.2230000000,0.0150332964,-0.3425512935,1.5216931631,0.2543027659,0.2600000000,0.0401248053,-0.3930817610,1.8927703407,0.3761555375,0.5170000000,0.0267581763,-0.3678844520,2.2536203614,-0.7309414133,0.0350000000,0.0100000000,0.1500000000,2.0500000000,-0.0000000000
