Instance,INF_avg,INF_sd,INF_r1,INF_kr,INF_sk,SUP_avg,SUP_sd,SUP_r1,SUP_kr,SUP_sk,INC_avg,INC_sd,INC_r1,INC_kr,INC_sk,IND_avg,IND_sd,IND_r1,IND_kr,IND_sk
115,0.2640000000,0.0224499443,-0.8954248366,2.3760393046,0.1315095000,0.3020000000,0.0292574777,-0.3539651838,1.5975631059,-0.0057497882,0.4340000000,0.0313687743,0.0377532228,1.7813801309,0.0171057167,0.0500000000,0.0167332005,-0.6428571429,2.5000000000,0.7683612489
