Instance,FV_avg_avg,FV_avg_sd,FV_sd_avg,FV_sd_sd,FV_r1_avg,FV_r1_sd,FV_kr_avg,FV_kr_sd,FV_sk_avg,FV_sk_sd,FD_avg_avg,FD_avg_sd,FD_sd_avg,FD_sd_sd,FD_r1_avg,FD_r1_sd,FD_kr_avg,FD_kr_sd,FD_sk_avg,FD_sk_sd,IN_avg_avg,IN_avg_sd,IN_sd_avg,IN_sd_sd,IN_r1_avg,IN_r1_sd,IN_kr_avg,IN_kr_sd,IN_sk_avg,IN_sk_sd
353,0.4910134426,0.2989416693,0.0010451854,0.0007311627,0.4532822287,0.2474560019,2.4305950465,0.6451521035,0.1467986521,0.5865133911,-0.0000112974,0.0001563812,0.0001812784,0.0001084898,-0.0761591037,0.4201160280,2.3345170673,0.5239416760,-0.1180311785,0.4895408095,0.5032500000,0.0650437353,0.0998228923,0.0167821386,-0.0417906964,0.3279273581,2.4407649442,0.9184280811,0.0287696106,0.5908885194
