Instance,INF_avg,INF_sd,INF_r1,INF_kr,INF_sk,SUP_avg,SUP_sd,SUP_r1,SUP_kr,SUP_sk,INC_avg,INC_sd,INC_r1,INC_kr,INC_sk,IND_avg,IND_sd,IND_r1,IND_kr,IND_sk
378,0.2200000000,0.1166190379,-0.3805970149,1.6280276817,0.3631734744,0.4000000000,0.0894427191,-0.0000000000,1.2500000000,-0.0000000000,0.3800000000,0.1166190379,-0.7346938776,2.6660899654,1.1500493357,0.3200000000,0.1469693846,-0.3675213675,2.8127572016,1.1642636432
