Instance,FV_avg_avg,FV_avg_sd,FV_sd_avg,FV_sd_sd,FV_r1_avg,FV_r1_sd,FV_kr_avg,FV_kr_sd,FV_sk_avg,FV_sk_sd,FD_avg_avg,FD_avg_sd,FD_sd_avg,FD_sd_sd,FD_r1_avg,FD_r1_sd,FD_kr_avg,FD_kr_sd,FD_sk_avg,FD_sk_sd,IN_avg_avg,IN_avg_sd,IN_sd_avg,IN_sd_sd,IN_r1_avg,IN_r1_sd,IN_kr_avg,IN_kr_sd,IN_sk_avg,IN_sk_sd
192,0.4967596693,0.3028549639,0.0010798089,0.0006925456,0.0320351611,0.4604783034,2.0520241361,0.4527890603,0.0537795386,0.5987133499,0.0000355406,0.0001953751,0.0002911612,0.0002185395,-0.3384850721,0.3878383166,1.9491360928,0.5935153659,0.1118568113,0.5654098447,0.5200000000,0.0618869938,0.1063708099,0.0458830121,-0.1690000811,0.4489370746,2.1160102025,0.4750571442,0.0280752065,0.6269204806
