Instance,FV_avg_avg,FV_avg_sd,FV_sd_avg,FV_sd_sd,FV_r1_avg,FV_r1_sd,FV_kr_avg,FV_kr_sd,FV_sk_avg,FV_sk_sd,FD_avg_avg,FD_avg_sd,FD_sd_avg,FD_sd_sd,FD_r1_avg,FD_r1_sd,FD_kr_avg,FD_kr_sd,FD_sk_avg,FD_sk_sd,IN_avg_avg,IN_avg_sd,IN_sd_avg,IN_sd_sd,IN_r1_avg,IN_r1_sd,IN_kr_avg,IN_kr_sd,IN_sk_avg,IN_sk_sd
338,0.5011842520,0.3042751842,0.0003435191,0.0002354886,0.8658929898,0.0970915719,2.2863469827,0.5350409199,-0.0683419160,0.4969054303,-0.0000048811,0.0000171706,0.0000243087,0.0000138198,-0.1162888857,0.1787726609,2.8330703704,0.5331246192,0.0020599644,0.4229201288,0.4878000000,0.0323529288,0.0686312970,0.0097464391,-0.0471120683,0.1926413269,2.6862729655,0.3701450357,0.0418378805,0.4393805623
