Instance,FV_avg_avg,FV_avg_sd,FV_sd_avg,FV_sd_sd,FV_r1_avg,FV_r1_sd,FV_kr_avg,FV_kr_sd,FV_sk_avg,FV_sk_sd,FD_avg_avg,FD_avg_sd,FD_sd_avg,FD_sd_sd,FD_r1_avg,FD_r1_sd,FD_kr_avg,FD_kr_sd,FD_sk_avg,FD_sk_sd,IN_avg_avg,IN_avg_sd,IN_sd_avg,IN_sd_sd,IN_r1_avg,IN_r1_sd,IN_kr_avg,IN_kr_sd,IN_sk_avg,IN_sk_sd
89,0.4962207688,0.3017611680,0.0002206533,0.0001340049,0.4714609411,0.3861021027,2.0810643456,0.4197751119,-0.0896531128,0.4999553018,0.0000041287,0.0000129834,0.0000176107,0.0000122278,-0.0674577544,0.2927902634,2.2662148698,0.5866947161,-0.0314353206,0.4198912220,0.5112000000,0.0221508465,0.0466018271,0.0100583156,-0.0332141919,0.2778176019,2.1731419223,0.5836019064,0.0484605554,0.4041791842
