Instance,INF_avg,INF_sd,INF_r1,INF_kr,INF_sk,SUP_avg,SUP_sd,SUP_r1,SUP_kr,SUP_sk,INC_avg,INC_sd,INC_r1,INC_kr,INC_sk,IND_avg,IND_sd,IND_r1,IND_kr,IND_sk
339,0.2650000000,0.0895823643,-0.1947963026,2.3658252540,0.6927264672,0.2250000000,0.1145643924,-0.3397129187,2.6326530612,0.6733580613,0.5100000000,0.1240967365,0.1788563830,2.0324675325,-0.6216348580,0.2450000000,0.0820060973,-0.2580506655,4.1709898979,1.3844287462
