Instance,FV_avg_avg,FV_avg_sd,FV_sd_avg,FV_sd_sd,FV_r1_avg,FV_r1_sd,FV_kr_avg,FV_kr_sd,FV_sk_avg,FV_sk_sd,FD_avg_avg,FD_avg_sd,FD_sd_avg,FD_sd_sd,FD_r1_avg,FD_r1_sd,FD_kr_avg,FD_kr_sd,FD_sk_avg,FD_sk_sd,IN_avg_avg,IN_avg_sd,IN_sd_avg,IN_sd_sd,IN_r1_avg,IN_r1_sd,IN_kr_avg,IN_kr_sd,IN_sk_avg,IN_sk_sd
229,0.4562055570,0.2779806384,0.0202590088,0.0122418969,0.9931584291,0.0020551778,2.0321245772,0.0941336379,0.4872931022,0.0849412242,-0.0002191347,0.0001288666,0.0000923088,0.0000560400,0.9324007641,0.0093721336,2.4788625126,0.4457644882,0.6450094571,0.2104321929,0.1746264853,0.0195470815,0.1292772078,0.0067418472,0.9135320994,0.0128256597,2.7694861794,0.5413563253,0.8304914217,0.2386119001
