Instance,INF_avg,INF_sd,INF_r1,INF_kr,INF_sk,SUP_avg,SUP_sd,SUP_r1,SUP_kr,SUP_sk,INC_avg,INC_sd,INC_r1,INC_kr,INC_sk,IND_avg,IND_sd,IND_r1,IND_kr,IND_sk
489,0.2590000000,0.0604069532,0.2785568944,2.7171303685,-0.1533038641,0.2952000000,0.0511562313,0.2359634114,2.5590592354,0.6193505313,0.4458000000,0.0508759275,0.0789149477,2.4981018003,0.0099284038,0.0614000000,0.0183313938,-0.1981080868,3.6974203039,0.7282189267
