Instance,FV_avg_avg,FV_avg_sd,FV_sd_avg,FV_sd_sd,FV_r1_avg,FV_r1_sd,FV_kr_avg,FV_kr_sd,FV_sk_avg,FV_sk_sd,FD_avg_avg,FD_avg_sd,FD_sd_avg,FD_sd_sd,FD_r1_avg,FD_r1_sd,FD_kr_avg,FD_kr_sd,FD_sk_avg,FD_sk_sd,IN_avg_avg,IN_avg_sd,IN_sd_avg,IN_sd_sd,IN_r1_avg,IN_r1_sd,IN_kr_avg,IN_kr_sd,IN_sk_avg,IN_sk_sd
237,0.4945414919,0.3008574364,0.0002777764,0.0001957847,0.2656800509,0.2958575960,1.9607514679,0.3926586316,0.0166003851,0.5172829286,0.0000143004,0.0000545147,0.0000685333,0.0000491009,-0.3110094203,0.3959483238,1.9673967356,0.5365746464,0.1410440220,0.6235408041,0.5140000000,0.0677052435,0.0925405710,0.0347310052,-0.2457734859,0.3882577389,1.9511134770,0.5371516222,-0.0669060579,0.6371700780
