Instance,FV_avg_avg,FV_avg_sd,FV_sd_avg,FV_sd_sd,FV_r1_avg,FV_r1_sd,FV_kr_avg,FV_kr_sd,FV_sk_avg,FV_sk_sd,FD_avg_avg,FD_avg_sd,FD_sd_avg,FD_sd_sd,FD_r1_avg,FD_r1_sd,FD_kr_avg,FD_kr_sd,FD_sk_avg,FD_sk_sd,IN_avg_avg,IN_avg_sd,IN_sd_avg,IN_sd_sd,IN_r1_avg,IN_r1_sd,IN_kr_avg,IN_kr_sd,IN_sk_avg,IN_sk_sd
244,0.5022281349,0.3046944037,0.0002988827,0.0002185062,0.2359082699,0.4258375355,1.9048049588,0.4896956842,-0.2128865318,0.5868478231,-0.0000029776,0.0000286237,0.0000421809,0.0000269633,-0.3033190663,0.4844827034,1.8724524293,0.4705058900,0.0355751131,0.4726610010,0.5024000000,0.0334759615,0.0644662170,0.0205355025,-0.1599335166,0.3995220604,1.9431951081,0.5483967512,-0.2094797596,0.5650336970
