Instance,INF_avg,INF_sd,INF_r1,INF_kr,INF_sk,SUP_avg,SUP_sd,SUP_r1,SUP_kr,SUP_sk,INC_avg,INC_sd,INC_r1,INC_kr,INC_sk,IND_avg,IND_sd,IND_r1,IND_kr,IND_sk
221,0.5823770492,0.1151321641,0.8852166871,3.5220612529,-1.1169274426,0.0826639344,0.0655499573,0.9192290657,2.7400240065,0.9040084756,0.3349590164,0.0592870756,0.6218445905,4.3520381932,1.1053967022,0.0363114754,0.0104175781,0.3838734071,2.8744643332,0.1332726598
