Instance,INF_avg,INF_sd,INF_r1,INF_kr,INF_sk,SUP_avg,SUP_sd,SUP_r1,SUP_kr,SUP_sk,INC_avg,INC_sd,INC_r1,INC_kr,INC_sk,IND_avg,IND_sd,IND_r1,IND_kr,IND_sk
132,0.2684210526,0.0876754276,-0.2182619879,2.4831214999,0.0730094868,0.1921052632,0.0782424671,-0.2741780762,3.2789357302,-0.3143451710,0.5394736842,0.0882266032,-0.0488284911,2.5022542774,-0.3109596414,0.2315789474,0.0653140718,-0.2503646504,2.2096580368,-0.2884479928
