Instance,FV_avg_avg,FV_avg_sd,FV_sd_avg,FV_sd_sd,FV_r1_avg,FV_r1_sd,FV_kr_avg,FV_kr_sd,FV_sk_avg,FV_sk_sd,FD_avg_avg,FD_avg_sd,FD_sd_avg,FD_sd_sd,FD_r1_avg,FD_r1_sd,FD_kr_avg,FD_kr_sd,FD_sk_avg,FD_sk_sd,IN_avg_avg,IN_avg_sd,IN_sd_avg,IN_sd_sd,IN_r1_avg,IN_r1_sd,IN_kr_avg,IN_kr_sd,IN_sk_avg,IN_sk_sd
420,0.4976276965,0.3028385192,0.0000976123,0.0000744213,0.0072847050,0.4616899234,2.0000083374,0.5284053397,0.0309294734,0.6743125389,-0.0000002792,0.0000179922,0.0000278707,0.0000167773,-0.0097497736,0.4202445725,2.1616308356,0.4193845063,0.1965661248,0.6616093325,0.5030000000,0.0568418860,0.0951128886,0.0389042212,-0.1096299328,0.4031446784,2.0241789917,0.5526074613,0.1137156024,0.7083321016
