Instance,FV_avg_avg,FV_avg_sd,FV_sd_avg,FV_sd_sd,FV_r1_avg,FV_r1_sd,FV_kr_avg,FV_kr_sd,FV_sk_avg,FV_sk_sd,FD_avg_avg,FD_avg_sd,FD_sd_avg,FD_sd_sd,FD_r1_avg,FD_r1_sd,FD_kr_avg,FD_kr_sd,FD_sk_avg,FD_sk_sd,IN_avg_avg,IN_avg_sd,IN_sd_avg,IN_sd_sd,IN_r1_avg,IN_r1_sd,IN_kr_avg,IN_kr_sd,IN_sk_avg,IN_sk_sd
215,0.4967867984,0.3026247471,0.0009629230,0.0007090989,0.7799666664,0.1632914858,2.2681003361,0.5460926697,0.1491599371,0.4307230937,0.0000057108,0.0000331989,0.0000384311,0.0000256390,0.0001661076,0.1510500145,2.7467856966,0.6627632732,-0.1841816140,0.4084081818,0.4989200000,0.0373155410,0.0353928201,0.0042464439,0.0048443232,0.1993743122,2.9134909525,0.8891588650,-0.1799394608,0.4843006537
