Instance,INF_avg,INF_sd,INF_r1,INF_kr,INF_sk,SUP_avg,SUP_sd,SUP_r1,SUP_kr,SUP_sk,INC_avg,INC_sd,INC_r1,INC_kr,INC_sk,IND_avg,IND_sd,IND_r1,IND_kr,IND_sk
338,0.2852000000,0.0660678439,0.2114878715,2.5867866409,-0.2060935692,0.3124000000,0.0698443985,0.0411082517,3.0891669920,0.3526169449,0.4024000000,0.0636414959,-0.0748126876,2.8944768662,-0.1150495368,0.1094000000,0.0343458877,0.0109237159,3.1682790653,0.5899816385
