Instance,INF_avg,INF_sd,INF_r1,INF_kr,INF_sk,SUP_avg,SUP_sd,SUP_r1,SUP_kr,SUP_sk,INC_avg,INC_sd,INC_r1,INC_kr,INC_sk,IND_avg,IND_sd,IND_r1,IND_kr,IND_sk
35,0.2501000000,0.0495074742,0.0420713699,3.7856991125,0.7030910492,0.2612000000,0.0452831094,-0.1479444484,2.4780869945,-0.0510872496,0.4887000000,0.0514520165,-0.0875030328,2.7786376964,-0.1008982507,0.0651000000,0.0187880281,-0.1198937204,2.5296972057,0.0748798319
