Instance,FV_avg_avg,FV_avg_sd,FV_sd_avg,FV_sd_sd,FV_r1_avg,FV_r1_sd,FV_kr_avg,FV_kr_sd,FV_sk_avg,FV_sk_sd,FD_avg_avg,FD_avg_sd,FD_sd_avg,FD_sd_sd,FD_r1_avg,FD_r1_sd,FD_kr_avg,FD_kr_sd,FD_sk_avg,FD_sk_sd,IN_avg_avg,IN_avg_sd,IN_sd_avg,IN_sd_sd,IN_r1_avg,IN_r1_sd,IN_kr_avg,IN_kr_sd,IN_sk_avg,IN_sk_sd
253,0.4561841008,0.2775684599,0.0195322069,0.0119998853,0.9878615657,0.0057520314,2.0058550494,0.1111936884,0.4541287063,0.1132969095,-0.0003512943,0.0002109217,0.0001795537,0.0001108675,0.8879905235,0.0282779060,2.2287976484,0.1371906699,0.4853602514,0.1284617161,0.2104793920,0.0171717799,0.1442182903,0.0116518869,0.8384718664,0.0470940734,2.5164895571,0.2700155370,0.6863367213,0.1470149793
