Instance,FV_avg_avg,FV_avg_sd,FV_sd_avg,FV_sd_sd,FV_r1_avg,FV_r1_sd,FV_kr_avg,FV_kr_sd,FV_sk_avg,FV_sk_sd,FD_avg_avg,FD_avg_sd,FD_sd_avg,FD_sd_sd,FD_r1_avg,FD_r1_sd,FD_kr_avg,FD_kr_sd,FD_sk_avg,FD_sk_sd,IN_avg_avg,IN_avg_sd,IN_sd_avg,IN_sd_sd,IN_r1_avg,IN_r1_sd,IN_kr_avg,IN_kr_sd,IN_sk_avg,IN_sk_sd
105,0.4934871062,0.3010032895,0.0008610217,0.0006186520,0.8012557729,0.1505377090,2.3868264802,0.5195038812,0.1856658263,0.4370064266,0.0000100329,0.0000376333,0.0000468415,0.0000297704,0.0766955268,0.1755956933,2.6723467131,0.6476611037,-0.0584751372,0.3011634172,0.5048600000,0.0313009329,0.0491530897,0.0078997323,0.0636720915,0.1646939367,2.6908697695,0.4846317232,-0.0292543904,0.4124897744
