Instance,FV_avg_avg,FV_avg_sd,FV_sd_avg,FV_sd_sd,FV_r1_avg,FV_r1_sd,FV_kr_avg,FV_kr_sd,FV_sk_avg,FV_sk_sd,FD_avg_avg,FD_avg_sd,FD_sd_avg,FD_sd_sd,FD_r1_avg,FD_r1_sd,FD_kr_avg,FD_kr_sd,FD_sk_avg,FD_sk_sd,IN_avg_avg,IN_avg_sd,IN_sd_avg,IN_sd_sd,IN_r1_avg,IN_r1_sd,IN_kr_avg,IN_kr_sd,IN_sk_avg,IN_sk_sd
370,0.5038355698,0.3053660899,0.0002607377,0.0002296329,0.2971856883,0.4007229610,1.8444421030,0.4248052750,0.0184948556,0.4844510828,0.0000034895,0.0000250307,0.0000138765,0.0000113156,-0.2630864255,0.2575335478,2.0622039434,0.4630686550,0.1936103310,0.5911330173,0.5078500000,0.0230353533,0.0282474376,0.0114709314,-0.2589326715,0.3326832246,1.9455962385,0.4623976335,0.1153026046,0.5480344549
