Instance,FV_avg_avg,FV_avg_sd,FV_sd_avg,FV_sd_sd,FV_r1_avg,FV_r1_sd,FV_kr_avg,FV_kr_sd,FV_sk_avg,FV_sk_sd,FD_avg_avg,FD_avg_sd,FD_sd_avg,FD_sd_sd,FD_r1_avg,FD_r1_sd,FD_kr_avg,FD_kr_sd,FD_sk_avg,FD_sk_sd,IN_avg_avg,IN_avg_sd,IN_sd_avg,IN_sd_sd,IN_r1_avg,IN_r1_sd,IN_kr_avg,IN_kr_sd,IN_sk_avg,IN_sk_sd
361,0.4815847793,0.2933968734,0.0034971107,0.0022532909,0.9065950491,0.0520229977,2.5997834542,0.6028410048,-0.1208038626,0.4847400628,0.0000347236,0.0001633767,0.0001729734,0.0001038753,0.3223917343,0.1640271802,2.8789935716,0.6043635725,-0.0551719342,0.2015462769,0.5018650000,0.0369913000,0.0570933169,0.0073395279,0.2571653149,0.1451619917,2.8517046311,0.3892706933,0.0544505998,0.2491898051
