Instance,FV_avg_avg,FV_avg_sd,FV_sd_avg,FV_sd_sd,FV_r1_avg,FV_r1_sd,FV_kr_avg,FV_kr_sd,FV_sk_avg,FV_sk_sd,FD_avg_avg,FD_avg_sd,FD_sd_avg,FD_sd_sd,FD_r1_avg,FD_r1_sd,FD_kr_avg,FD_kr_sd,FD_sk_avg,FD_sk_sd,IN_avg_avg,IN_avg_sd,IN_sd_avg,IN_sd_sd,IN_r1_avg,IN_r1_sd,IN_kr_avg,IN_kr_sd,IN_sk_avg,IN_sk_sd
227,0.5012267348,0.3045455853,0.0001494586,0.0001237632,0.0603143046,0.4769417413,2.1171282380,0.4833051812,-0.0798267581,0.6454083243,0.0000031387,0.0000291961,0.0000491370,0.0000366488,-0.4366395208,0.3808647432,2.1064895666,0.5342422056,0.0778680264,0.6392487774,0.4980000000,0.0829216498,0.1431922622,0.0470741547,-0.4018258620,0.4193387306,1.9184368802,0.4553882108,0.0274452980,0.5153456770
