Instance,INF_avg,INF_sd,INF_r1,INF_kr,INF_sk,SUP_avg,SUP_sd,SUP_r1,SUP_kr,SUP_sk,INC_avg,INC_sd,INC_r1,INC_kr,INC_sk,IND_avg,IND_sd,IND_r1,IND_kr,IND_sk
208,0.2500000000,0.1910497317,-0.1076923077,3.5250516044,1.3336554740,0.2600000000,0.1685229955,-0.3766048502,2.4850228129,0.3911364902,0.4900000000,0.1757839583,-0.0516252390,3.0043359412,-0.8417216592,0.4300000000,0.0900000000,0.1107644306,2.2583447645,0.1975308642
