Instance,FV_avg_avg,FV_avg_sd,FV_sd_avg,FV_sd_sd,FV_r1_avg,FV_r1_sd,FV_kr_avg,FV_kr_sd,FV_sk_avg,FV_sk_sd,FD_avg_avg,FD_avg_sd,FD_sd_avg,FD_sd_sd,FD_r1_avg,FD_r1_sd,FD_kr_avg,FD_kr_sd,FD_sk_avg,FD_sk_sd,IN_avg_avg,IN_avg_sd,IN_sd_avg,IN_sd_sd,IN_r1_avg,IN_r1_sd,IN_kr_avg,IN_kr_sd,IN_sk_avg,IN_sk_sd
88,0.4932206435,0.2997827794,0.0012112401,0.0009477990,0.9041192338,0.0799709893,2.4646256168,0.6201425872,0.0395266067,0.5050420722,0.0000069079,0.0000388818,0.0000338062,0.0000200382,0.0970177640,0.1654660056,2.9339932242,0.6217336876,-0.0097108783,0.2790754976,0.5029050000,0.0381034969,0.0378111443,0.0031822740,0.0545538920,0.1753173557,2.9504641462,0.6923370820,-0.0342102711,0.2333063749
