Instance,INF_avg,INF_sd,INF_r1,INF_kr,INF_sk,SUP_avg,SUP_sd,SUP_r1,SUP_kr,SUP_sk,INC_avg,INC_sd,INC_r1,INC_kr,INC_sk,IND_avg,IND_sd,IND_r1,IND_kr,IND_sk
235,0.4070967742,0.0808101538,0.8077047351,2.0301454606,-0.0236605608,0.0996774194,0.0628610280,0.8572246058,2.0159223087,0.3409679440,0.4932258065,0.0405118140,0.1306434600,2.9085687764,-0.4499472415,0.0764516129,0.0199270261,0.1218674480,3.1295538151,0.2993270897
