Instance,FV_avg_avg,FV_avg_sd,FV_sd_avg,FV_sd_sd,FV_r1_avg,FV_r1_sd,FV_kr_avg,FV_kr_sd,FV_sk_avg,FV_sk_sd,FD_avg_avg,FD_avg_sd,FD_sd_avg,FD_sd_sd,FD_r1_avg,FD_r1_sd,FD_kr_avg,FD_kr_sd,FD_sk_avg,FD_sk_sd,IN_avg_avg,IN_avg_sd,IN_sd_avg,IN_sd_sd,IN_r1_avg,IN_r1_sd,IN_kr_avg,IN_kr_sd,IN_sk_avg,IN_sk_sd
207,0.4842269773,0.2962062988,0.0023556092,0.0015106629,0.9342238423,0.0317462429,2.2692414889,0.3680824094,-0.0323794213,0.3542047733,0.0000129796,0.0000839935,0.0001851108,0.0001103237,0.0813316809,0.1091314656,2.8397519435,0.3261238698,-0.0583236965,0.2003388071,0.4998750000,0.0331616778,0.1148599029,0.0076642153,0.0366752993,0.1038496427,2.8284370807,0.2841311671,-0.0697430084,0.2006882029
