Instance,INF_avg,INF_sd,INF_r1,INF_kr,INF_sk,SUP_avg,SUP_sd,SUP_r1,SUP_kr,SUP_sk,INC_avg,INC_sd,INC_r1,INC_kr,INC_sk,IND_avg,IND_sd,IND_r1,IND_kr,IND_sk
428,0.2875000000,0.0887276516,0.2662813102,2.5598811258,-0.0322627205,0.2105769231,0.0911130629,0.3369471556,2.8962654331,0.1046439026,0.5019230769,0.1023575645,0.3350449476,3.0199870693,0.2036487132,0.2192307692,0.0760527690,0.0775257959,3.2258096166,0.9739347015
