Instance,INF_avg,INF_sd,INF_r1,INF_kr,INF_sk,SUP_avg,SUP_sd,SUP_r1,SUP_kr,SUP_sk,INC_avg,INC_sd,INC_r1,INC_kr,INC_sk,IND_avg,IND_sd,IND_r1,IND_kr,IND_sk
38,0.2266666667,0.1236482466,-0.0818429238,2.3770619254,-0.3043768104,0.2200000000,0.1107549848,-0.3421828909,2.3166351607,-0.1059918924,0.5533333333,0.1543444920,-0.1692399940,1.8180274003,-0.2801125604,0.2933333333,0.1181336343,0.0632228219,3.8780680758,1.3421771386
