Instance,FV_avg_avg,FV_avg_sd,FV_sd_avg,FV_sd_sd,FV_r1_avg,FV_r1_sd,FV_kr_avg,FV_kr_sd,FV_sk_avg,FV_sk_sd,FD_avg_avg,FD_avg_sd,FD_sd_avg,FD_sd_sd,FD_r1_avg,FD_r1_sd,FD_kr_avg,FD_kr_sd,FD_sk_avg,FD_sk_sd,IN_avg_avg,IN_avg_sd,IN_sd_avg,IN_sd_sd,IN_r1_avg,IN_r1_sd,IN_kr_avg,IN_kr_sd,IN_sk_avg,IN_sk_sd
143,0.4936788804,0.3003774162,0.0007704051,0.0005848723,0.4712045042,0.3358949915,2.4359312050,0.6191643734,-0.0295459660,0.5992570130,0.0000049449,0.0000908845,0.0000809879,0.0000501631,-0.1101296615,0.3025704262,2.4740649098,0.7938219178,-0.0653929416,0.6043362587,0.5002000000,0.0534785938,0.0633967129,0.0143128193,-0.0385324941,0.3310361154,2.5402474549,0.6414600238,0.0500141074,0.5209863456
