Instance,INF_avg,INF_sd,INF_r1,INF_kr,INF_sk,SUP_avg,SUP_sd,SUP_r1,SUP_kr,SUP_sk,INC_avg,INC_sd,INC_r1,INC_kr,INC_sk,IND_avg,IND_sd,IND_r1,IND_kr,IND_sk
400,0.2070000000,0.0337045991,-0.6431024036,1.2387578110,0.3088661948,0.3040000000,0.0452106182,0.0962464874,2.5305059723,-0.5669485387,0.4890000000,0.0351283361,0.1858158373,1.2392543520,-0.2300432689,0.0270000000,0.0060000000,-0.0233918129,1.3981481481,-0.1111111111
