Instance,FV_avg_avg,FV_avg_sd,FV_sd_avg,FV_sd_sd,FV_r1_avg,FV_r1_sd,FV_kr_avg,FV_kr_sd,FV_sk_avg,FV_sk_sd,FD_avg_avg,FD_avg_sd,FD_sd_avg,FD_sd_sd,FD_r1_avg,FD_r1_sd,FD_kr_avg,FD_kr_sd,FD_sk_avg,FD_sk_sd,IN_avg_avg,IN_avg_sd,IN_sd_avg,IN_sd_sd,IN_r1_avg,IN_r1_sd,IN_kr_avg,IN_kr_sd,IN_sk_avg,IN_sk_sd
106,0.4978874517,0.3020030642,0.0007285703,0.0004219920,0.8939302775,0.0783743181,2.2702874413,0.3822958487,0.0898378988,0.3641860811,-0.0000050791,0.0000142840,0.0000226826,0.0000137587,0.0162644822,0.1729151209,2.9586599008,0.8276195416,-0.1486268306,0.3232344831,0.4963300000,0.0223989977,0.0359615433,0.0036446407,-0.0010302845,0.1839501940,3.0309043662,0.6609882116,-0.1367797709,0.2711835465
