Instance,FV_avg_avg,FV_avg_sd,FV_sd_avg,FV_sd_sd,FV_r1_avg,FV_r1_sd,FV_kr_avg,FV_kr_sd,FV_sk_avg,FV_sk_sd,FD_avg_avg,FD_avg_sd,FD_sd_avg,FD_sd_sd,FD_r1_avg,FD_r1_sd,FD_kr_avg,FD_kr_sd,FD_sk_avg,FD_sk_sd,IN_avg_avg,IN_avg_sd,IN_sd_avg,IN_sd_sd,IN_r1_avg,IN_r1_sd,IN_kr_avg,IN_kr_sd,IN_sk_avg,IN_sk_sd
467,0.4503056981,0.2731579591,0.0215255564,0.0132011164,0.9690955732,0.0256127268,2.0207471257,0.1971108596,0.4849245110,0.1517938276,-0.0009746840,0.0006071889,0.0004754069,0.0002926734,0.9477261775,0.0521810270,2.0784211546,0.4459271044,0.4929024027,0.2148555551,0.1728957083,0.0268141200,0.1505436250,0.0191507488,0.9342410490,0.0278127371,2.2287851944,0.2012414924,0.6830879131,0.1281801628
