Instance,INF_avg,INF_sd,INF_r1,INF_kr,INF_sk,SUP_avg,SUP_sd,SUP_r1,SUP_kr,SUP_sk,INC_avg,INC_sd,INC_r1,INC_kr,INC_sk,IND_avg,IND_sd,IND_r1,IND_kr,IND_sk
357,0.2440000000,0.1576832268,-0.1082251640,3.0995910417,0.6307058747,0.2740000000,0.1162927341,-0.0561481939,2.0382021564,0.1350811981,0.4820000000,0.1583540337,-0.1146072894,2.4430161596,0.2064869280,0.3620000000,0.1214742771,0.0137922418,3.0169137129,0.3554059061
