Instance,FV_avg_avg,FV_avg_sd,FV_sd_avg,FV_sd_sd,FV_r1_avg,FV_r1_sd,FV_kr_avg,FV_kr_sd,FV_sk_avg,FV_sk_sd,FD_avg_avg,FD_avg_sd,FD_sd_avg,FD_sd_sd,FD_r1_avg,FD_r1_sd,FD_kr_avg,FD_kr_sd,FD_sk_avg,FD_sk_sd,IN_avg_avg,IN_avg_sd,IN_sd_avg,IN_sd_sd,IN_r1_avg,IN_r1_sd,IN_kr_avg,IN_kr_sd,IN_sk_avg,IN_sk_sd
487,0.4971026111,0.3023510774,0.0003078954,0.0002251415,0.4314656135,0.2815566795,2.4553309394,0.7529458893,0.0704765004,0.6610685784,0.0000006009,0.0000315328,0.0000247508,0.0000170609,-0.1041303532,0.2420184819,2.3901745220,0.6868497852,-0.0850136012,0.5833955468,0.5052000000,0.0368600054,0.0473953545,0.0131141286,-0.2314627734,0.2537802127,2.4877690833,0.7847019875,-0.0119763274,0.4360976285
