Instance,FV_avg_avg,FV_avg_sd,FV_sd_avg,FV_sd_sd,FV_r1_avg,FV_r1_sd,FV_kr_avg,FV_kr_sd,FV_sk_avg,FV_sk_sd,FD_avg_avg,FD_avg_sd,FD_sd_avg,FD_sd_sd,FD_r1_avg,FD_r1_sd,FD_kr_avg,FD_kr_sd,FD_sk_avg,FD_sk_sd,IN_avg_avg,IN_avg_sd,IN_sd_avg,IN_sd_sd,IN_r1_avg,IN_r1_sd,IN_kr_avg,IN_kr_sd,IN_sk_avg,IN_sk_sd
331,0.4972958360,0.3023338681,0.0000796228,0.0000584015,0.1648561282,0.2972227199,1.8998246825,0.5093833700,0.0921119414,0.5830229551,0.0000002817,0.0000104178,0.0000171886,0.0000134116,-0.1235829706,0.4454451188,1.9269576121,0.5154414149,-0.0308014606,0.6473626669,0.4945000000,0.0640683229,0.0907861536,0.0323708869,-0.2821981068,0.3418610201,2.0286330696,0.4051765993,-0.0407200910,0.5960446896
