Instance,FV_avg_avg,FV_avg_sd,FV_sd_avg,FV_sd_sd,FV_r1_avg,FV_r1_sd,FV_kr_avg,FV_kr_sd,FV_sk_avg,FV_sk_sd,FD_avg_avg,FD_avg_sd,FD_sd_avg,FD_sd_sd,FD_r1_avg,FD_r1_sd,FD_kr_avg,FD_kr_sd,FD_sk_avg,FD_sk_sd,IN_avg_avg,IN_avg_sd,IN_sd_avg,IN_sd_sd,IN_r1_avg,IN_r1_sd,IN_kr_avg,IN_kr_sd,IN_sk_avg,IN_sk_sd
H,0.4996875644,0.3028505872,0.0012658014,0.0009100860,0.7842056252,0.1508325346,2.4868509836,0.5940209383,0.1496188926,0.4618081111,-0.0000446705,0.0000496921,0.0000755922,0.0000462475,0.0463619656,0.2229363864,2.8165999432,0.6880048099,-0.1046537799,0.3626032980,0.4814800000,0.0250564483,0.0470636928,0.0079115623,0.0178964729,0.1578141695,2.8830041494,1.2566554257,-0.2365405162,0.3988572264
