Instance,FV_avg_avg,FV_avg_sd,FV_sd_avg,FV_sd_sd,FV_r1_avg,FV_r1_sd,FV_kr_avg,FV_kr_sd,FV_sk_avg,FV_sk_sd,FD_avg_avg,FD_avg_sd,FD_sd_avg,FD_sd_sd,FD_r1_avg,FD_r1_sd,FD_kr_avg,FD_kr_sd,FD_sk_avg,FD_sk_sd,IN_avg_avg,IN_avg_sd,IN_sd_avg,IN_sd_sd,IN_r1_avg,IN_r1_sd,IN_kr_avg,IN_kr_sd,IN_sk_avg,IN_sk_sd
8,0.4963020010,0.3017659001,0.0003431414,0.0002764895,0.6124635971,0.3273575128,2.0485030731,0.5880680832,-0.0862749908,0.4825055813,0.0000066082,0.0000259278,0.0000519916,0.0000327485,-0.1245784954,0.2559512904,2.3006498852,0.5549892235,0.0046085016,0.3732349080,0.5175000000,0.0334477204,0.1158941741,0.0272679374,-0.0317777877,0.2572329564,2.4039940940,0.4966400376,-0.0714313728,0.5132935380
