Instance,INF_avg,INF_sd,INF_r1,INF_kr,INF_sk,SUP_avg,SUP_sd,SUP_r1,SUP_kr,SUP_sk,INC_avg,INC_sd,INC_r1,INC_kr,INC_sk,IND_avg,IND_sd,IND_r1,IND_kr,IND_sk
449,0.3628571429,0.0940690150,0.3619079066,3.5192459567,-0.0302090323,0.1327472527,0.0782510181,0.6942578434,2.5064205503,0.5975505367,0.5043956044,0.0719463902,0.0264699806,3.5582607863,-0.2566931638,0.1279120879,0.0305091045,0.2892515668,2.7952943841,0.5233248278
