Instance,INF_avg,INF_sd,INF_r1,INF_kr,INF_sk,SUP_avg,SUP_sd,SUP_r1,SUP_kr,SUP_sk,INC_avg,INC_sd,INC_r1,INC_kr,INC_sk,IND_avg,IND_sd,IND_r1,IND_kr,IND_sk
84,0.2500000000,0.0244948974,0.0952380952,1.9666666667,-0.4082482905,0.2500000000,0.0460434577,-0.1481481481,2.1511213955,0.7376132424,0.5000000000,0.0282842712,-0.3333333333,1.7000000000,0.0000000000,0.0680000000,0.0146969385,0.2519685039,1.5781893004,0.3477670622
