Instance,FV_avg_avg,FV_avg_sd,FV_sd_avg,FV_sd_sd,FV_r1_avg,FV_r1_sd,FV_kr_avg,FV_kr_sd,FV_sk_avg,FV_sk_sd,FD_avg_avg,FD_avg_sd,FD_sd_avg,FD_sd_sd,FD_r1_avg,FD_r1_sd,FD_kr_avg,FD_kr_sd,FD_sk_avg,FD_sk_sd,IN_avg_avg,IN_avg_sd,IN_sd_avg,IN_sd_sd,IN_r1_avg,IN_r1_sd,IN_kr_avg,IN_kr_sd,IN_sk_avg,IN_sk_sd
198,0.4997332040,0.3033235618,0.0006139413,0.0004040598,0.8116630767,0.1160852296,2.1931520308,0.4230539364,0.0257640129,0.4525660665,-0.0000074470,0.0000198737,0.0000221057,0.0000136162,0.0631674606,0.1730460962,2.5448851160,0.5974343298,0.1174152525,0.3258032085,0.4917000000,0.0250771210,0.0341505531,0.0045041893,-0.0230903063,0.1594713988,2.9109551228,0.5719038235,-0.0159308933,0.3501961788
