Instance,INF_avg,INF_sd,INF_r1,INF_kr,INF_sk,SUP_avg,SUP_sd,SUP_r1,SUP_kr,SUP_sk,INC_avg,INC_sd,INC_r1,INC_kr,INC_sk,IND_avg,IND_sd,IND_r1,IND_kr,IND_sk
65,0.2220000000,0.1153949739,-0.1895879426,2.8943403234,-0.0452323467,0.2760000000,0.1304760514,0.0873676755,2.6852510741,0.2879276983,0.5020000000,0.1256821387,0.1412414316,2.6655825949,-0.2190044130,0.3600000000,0.0938083152,-0.1998175182,2.2024793388,-0.2907282496
