Instance,FV_avg_avg,FV_avg_sd,FV_sd_avg,FV_sd_sd,FV_r1_avg,FV_r1_sd,FV_kr_avg,FV_kr_sd,FV_sk_avg,FV_sk_sd,FD_avg_avg,FD_avg_sd,FD_sd_avg,FD_sd_sd,FD_r1_avg,FD_r1_sd,FD_kr_avg,FD_kr_sd,FD_sk_avg,FD_sk_sd,IN_avg_avg,IN_avg_sd,IN_sd_avg,IN_sd_sd,IN_r1_avg,IN_r1_sd,IN_kr_avg,IN_kr_sd,IN_sk_avg,IN_sk_sd
368,0.4958213281,0.3027344440,0.0014305872,0.0013433231,0.7944466642,0.1378175992,2.3863573620,0.6082016509,-0.2447052032,0.4350589360,0.0000160370,0.0000510478,0.0001508723,0.0001016458,-0.0545503781,0.1919920871,2.6197195491,0.4444125929,0.0059948637,0.4027007029,0.4979000000,0.0285620377,0.1104333770,0.0175860524,-0.0344806384,0.1917857408,2.7187504959,0.6454697367,0.0072018172,0.4693025316
