Instance,INF_avg,INF_sd,INF_r1,INF_kr,INF_sk,SUP_avg,SUP_sd,SUP_r1,SUP_kr,SUP_sk,INC_avg,INC_sd,INC_r1,INC_kr,INC_sk,IND_avg,IND_sd,IND_r1,IND_kr,IND_sk
353,0.2704000000,0.0371461977,0.2076692847,2.5665753293,0.2587829197,0.2476000000,0.0553736399,0.1916458118,2.4546806676,-0.3236328040,0.4820000000,0.0644980620,0.6132477796,2.9783727811,-0.2461612425,0.0664000000,0.0176363261,-0.0647650174,3.0986161916,-0.0135102744
