Instance,FV_avg_avg,FV_avg_sd,FV_sd_avg,FV_sd_sd,FV_r1_avg,FV_r1_sd,FV_kr_avg,FV_kr_sd,FV_sk_avg,FV_sk_sd,FD_avg_avg,FD_avg_sd,FD_sd_avg,FD_sd_sd,FD_r1_avg,FD_r1_sd,FD_kr_avg,FD_kr_sd,FD_sk_avg,FD_sk_sd,IN_avg_avg,IN_avg_sd,IN_sd_avg,IN_sd_sd,IN_r1_avg,IN_r1_sd,IN_kr_avg,IN_kr_sd,IN_sk_avg,IN_sk_sd
423,0.4922794905,0.2989286278,0.0008289896,0.0006719320,0.0225567561,0.4777573805,1.9141308077,0.4653605778,-0.0461542155,0.5823620814,0.0000518699,0.0001041925,0.0000519544,0.0000357482,-0.1321649203,0.4121968309,1.9187300801,0.4113252846,0.2252229160,0.4852008049,0.5256500000,0.0455755143,0.0315961784,0.0096892473,-0.1339761139,0.4017739797,2.0279319896,0.5103233308,0.2802943119,0.5987769622
