Instance,FV_avg_avg,FV_avg_sd,FV_sd_avg,FV_sd_sd,FV_r1_avg,FV_r1_sd,FV_kr_avg,FV_kr_sd,FV_sk_avg,FV_sk_sd,FD_avg_avg,FD_avg_sd,FD_sd_avg,FD_sd_sd,FD_r1_avg,FD_r1_sd,FD_kr_avg,FD_kr_sd,FD_sk_avg,FD_sk_sd,IN_avg_avg,IN_avg_sd,IN_sd_avg,IN_sd_sd,IN_r1_avg,IN_r1_sd,IN_kr_avg,IN_kr_sd,IN_sk_avg,IN_sk_sd
58,0.4955765088,0.3016059876,0.0016617910,0.0011430026,0.9290887578,0.0632173813,2.2430897981,0.6748113886,0.0058279554,0.5180662734,0.0000069640,0.0000544675,0.0000600717,0.0000374513,0.1321762192,0.1576778067,2.7875070119,0.3696159311,-0.0337888780,0.2218668600,0.5026500000,0.0307636067,0.0534765919,0.0045751637,0.0704784944,0.1504686368,2.8553682373,0.5142871209,0.0702864896,0.3554596846
