Instance,FV_avg_avg,FV_avg_sd,FV_sd_avg,FV_sd_sd,FV_r1_avg,FV_r1_sd,FV_kr_avg,FV_kr_sd,FV_sk_avg,FV_sk_sd,FD_avg_avg,FD_avg_sd,FD_sd_avg,FD_sd_sd,FD_r1_avg,FD_r1_sd,FD_kr_avg,FD_kr_sd,FD_sk_avg,FD_sk_sd,IN_avg_avg,IN_avg_sd,IN_sd_avg,IN_sd_sd,IN_r1_avg,IN_r1_sd,IN_kr_avg,IN_kr_sd,IN_sk_avg,IN_sk_sd
99,0.4824131770,0.2942153692,0.0094895071,0.0070459812,0.9726130700,0.0126413938,1.8786543281,0.1251789139,0.1839149596,0.1635993495,-0.0003199361,0.0002180762,0.0003098194,0.0001953595,0.2591528180,0.2484155533,2.7270967745,0.6629085460,-0.0661174000,0.4442783428,0.3524649819,0.0377180838,0.1730343953,0.0193551126,0.1728468471,0.2526007072,2.7510844750,0.5545602804,0.1167748541,0.3828898475
