Instance,FV_avg_avg,FV_avg_sd,FV_sd_avg,FV_sd_sd,FV_r1_avg,FV_r1_sd,FV_kr_avg,FV_kr_sd,FV_sk_avg,FV_sk_sd,FD_avg_avg,FD_avg_sd,FD_sd_avg,FD_sd_sd,FD_r1_avg,FD_r1_sd,FD_kr_avg,FD_kr_sd,FD_sk_avg,FD_sk_sd,IN_avg_avg,IN_avg_sd,IN_sd_avg,IN_sd_sd,IN_r1_avg,IN_r1_sd,IN_kr_avg,IN_kr_sd,IN_sk_avg,IN_sk_sd
115,0.4842375744,0.2953515849,0.0025410412,0.0018889341,0.8879941481,0.0574544954,2.5478404757,0.7492860710,0.0374573978,0.5608803089,-0.0000040444,0.0001201675,0.0001598759,0.0000941126,0.0960642389,0.1140403993,2.7835381152,0.4017390873,-0.0751855541,0.3031596294,0.4907800000,0.0355479338,0.0752830496,0.0066481906,0.0746840649,0.1606728833,2.8548969456,0.4480332591,0.0397381269,0.3237806683
