Instance,INF_avg,INF_sd,INF_r1,INF_kr,INF_sk,SUP_avg,SUP_sd,SUP_r1,SUP_kr,SUP_sk,INC_avg,INC_sd,INC_r1,INC_kr,INC_sk,IND_avg,IND_sd,IND_r1,IND_kr,IND_sk
498,0.4378571429,0.1061453566,0.3300278766,2.7320568927,0.2103667937,0.1007142857,0.0655704949,0.4204975124,5.2736931585,1.2939375197,0.4614285714,0.0757681749,-0.0514002033,4.3935115884,-0.2799019292,0.1150000000,0.0368878610,-0.1368421053,2.9999586666,-0.0747103638
