Instance,FV_avg_avg,FV_avg_sd,FV_sd_avg,FV_sd_sd,FV_r1_avg,FV_r1_sd,FV_kr_avg,FV_kr_sd,FV_sk_avg,FV_sk_sd,FD_avg_avg,FD_avg_sd,FD_sd_avg,FD_sd_sd,FD_r1_avg,FD_r1_sd,FD_kr_avg,FD_kr_sd,FD_sk_avg,FD_sk_sd,IN_avg_avg,IN_avg_sd,IN_sd_avg,IN_sd_sd,IN_r1_avg,IN_r1_sd,IN_kr_avg,IN_kr_sd,IN_sk_avg,IN_sk_sd
341,0.4554348289,0.2775624852,0.0217757921,0.0128901413,0.9733239209,0.0072007384,2.0418752925,0.1580053067,0.5454279170,0.1339703787,-0.0007765014,0.0004545905,0.0004063393,0.0002404999,0.8773655262,0.0264478746,2.0931595244,0.2136590092,0.4840193839,0.1442098625,0.2046435532,0.0291060882,0.1451051701,0.0162531862,0.8442139240,0.0316211027,2.3498825004,0.2752576737,0.6553104530,0.1964118543
