Instance,INF_avg,INF_sd,INF_r1,INF_kr,INF_sk,SUP_avg,SUP_sd,SUP_r1,SUP_kr,SUP_sk,INC_avg,INC_sd,INC_r1,INC_kr,INC_sk,IND_avg,IND_sd,IND_r1,IND_kr,IND_sk
82,0.2050000000,0.0313847097,-0.1246819338,3.7853332990,1.0480709039,0.2570000000,0.0536749476,-0.2078856785,1.5428636866,-0.3035744415,0.5380000000,0.0554616985,-0.1640005202,1.5976146550,0.4939267810,0.0710000000,0.0238537209,0.1833367705,1.7420782614,0.3235891356
