Instance,FV_avg_avg,FV_avg_sd,FV_sd_avg,FV_sd_sd,FV_r1_avg,FV_r1_sd,FV_kr_avg,FV_kr_sd,FV_sk_avg,FV_sk_sd,FD_avg_avg,FD_avg_sd,FD_sd_avg,FD_sd_sd,FD_r1_avg,FD_r1_sd,FD_kr_avg,FD_kr_sd,FD_sk_avg,FD_sk_sd,IN_avg_avg,IN_avg_sd,IN_sd_avg,IN_sd_sd,IN_r1_avg,IN_r1_sd,IN_kr_avg,IN_kr_sd,IN_sk_avg,IN_sk_sd
39,0.4966311613,0.3014256470,0.0002236784,0.0001865598,0.2839506463,0.3395185245,1.8767236816,0.4660570855,-0.0826554177,0.4883178585,0.0000002511,0.0000318456,0.0000439139,0.0000321077,-0.2939060836,0.4102130256,1.8325673819,0.5181801872,-0.0032644630,0.5465251404,0.5005000000,0.0542655508,0.0988317254,0.0333510129,-0.0431846903,0.4862968039,1.8622268757,0.4074289090,0.0012989086,0.4655603691
