Instance,INF_avg,INF_sd,INF_r1,INF_kr,INF_sk,SUP_avg,SUP_sd,SUP_r1,SUP_kr,SUP_sk,INC_avg,INC_sd,INC_r1,INC_kr,INC_sk,IND_avg,IND_sd,IND_r1,IND_kr,IND_sk
457,0.2652000000,0.0771295015,0.2342203453,2.5183483966,0.1011585383,0.2752000000,0.0692312068,-0.0578697224,2.4666013826,0.3298427542,0.4596000000,0.0790432793,0.1445615225,2.5867432961,-0.0181887867,0.1032000000,0.0328292552,0.2994980751,1.9835040989,-0.2029069076
