Instance,INF_avg,INF_sd,INF_r1,INF_kr,INF_sk,SUP_avg,SUP_sd,SUP_r1,SUP_kr,SUP_sk,INC_avg,INC_sd,INC_r1,INC_kr,INC_sk,IND_avg,IND_sd,IND_r1,IND_kr,IND_sk
115,0.3864864865,0.1171789165,0.6755908241,2.0714125849,0.3086687591,0.1281081081,0.0819306839,0.5862680115,2.6186343639,0.4605110326,0.4854054054,0.0665194381,0.1340505415,2.5760753816,-0.2413798599,0.1059459459,0.0307965828,-0.0388027592,2.5030169365,0.6942272558
