Instance,FV_avg_avg,FV_avg_sd,FV_sd_avg,FV_sd_sd,FV_r1_avg,FV_r1_sd,FV_kr_avg,FV_kr_sd,FV_sk_avg,FV_sk_sd,FD_avg_avg,FD_avg_sd,FD_sd_avg,FD_sd_sd,FD_r1_avg,FD_r1_sd,FD_kr_avg,FD_kr_sd,FD_sk_avg,FD_sk_sd,IN_avg_avg,IN_avg_sd,IN_sd_avg,IN_sd_sd,IN_r1_avg,IN_r1_sd,IN_kr_avg,IN_kr_sd,IN_sk_avg,IN_sk_sd
295,0.4981833345,0.3025577714,0.0001564888,0.0001298219,0.4779480820,0.3596184356,2.5104786276,0.8985452226,-0.0480682854,0.6977614749,0.0000014313,0.0000103715,0.0000283781,0.0000199941,-0.1348299586,0.2410772935,2.4627569977,0.6863767307,0.1125803766,0.6908272546,0.5060000000,0.0321558704,0.1025417193,0.0253020909,-0.1761044842,0.1961260573,2.3385589153,0.6914332122,0.1080812931,0.5482525163
