Instance,FV_avg_avg,FV_avg_sd,FV_sd_avg,FV_sd_sd,FV_r1_avg,FV_r1_sd,FV_kr_avg,FV_kr_sd,FV_sk_avg,FV_sk_sd,FD_avg_avg,FD_avg_sd,FD_sd_avg,FD_sd_sd,FD_r1_avg,FD_r1_sd,FD_kr_avg,FD_kr_sd,FD_sk_avg,FD_sk_sd,IN_avg_avg,IN_avg_sd,IN_sd_avg,IN_sd_sd,IN_r1_avg,IN_r1_sd,IN_kr_avg,IN_kr_sd,IN_sk_avg,IN_sk_sd
455,0.4932606564,0.2989194193,0.0037234273,0.0023087852,0.9262702324,0.0337614352,2.5555314989,0.8070328665,0.0345707172,0.4996659484,-0.0000150643,0.0001396355,0.0001803367,0.0001116089,0.4027732120,0.1300796272,2.9481475104,0.4085835757,-0.0639526725,0.2163754420,0.4906000000,0.0372553486,0.0626111927,0.0071914918,0.3259281026,0.1426769046,3.0189049862,0.4544455616,-0.1018000602,0.2113440991
