Instance,FV_avg_avg,FV_avg_sd,FV_sd_avg,FV_sd_sd,FV_r1_avg,FV_r1_sd,FV_kr_avg,FV_kr_sd,FV_sk_avg,FV_sk_sd,FD_avg_avg,FD_avg_sd,FD_sd_avg,FD_sd_sd,FD_r1_avg,FD_r1_sd,FD_kr_avg,FD_kr_sd,FD_sk_avg,FD_sk_sd,IN_avg_avg,IN_avg_sd,IN_sd_avg,IN_sd_sd,IN_r1_avg,IN_r1_sd,IN_kr_avg,IN_kr_sd,IN_sk_avg,IN_sk_sd
430,0.4966314043,0.3010391630,0.0024257747,0.0018190778,0.9174971273,0.0516438454,2.5283756705,0.6146542250,-0.1197951345,0.4817843605,-0.0000088996,0.0000682729,0.0000701634,0.0000439645,0.2630767056,0.1614008682,2.7759196133,0.3628430870,0.0370654452,0.2290742927,0.5036550000,0.0314372585,0.0398475868,0.0052521023,0.2100085702,0.1386157676,2.8422774083,0.3135630199,0.0016206314,0.2437462451
