Instance,FV_avg_avg,FV_avg_sd,FV_sd_avg,FV_sd_sd,FV_r1_avg,FV_r1_sd,FV_kr_avg,FV_kr_sd,FV_sk_avg,FV_sk_sd,FD_avg_avg,FD_avg_sd,FD_sd_avg,FD_sd_sd,FD_r1_avg,FD_r1_sd,FD_kr_avg,FD_kr_sd,FD_sk_avg,FD_sk_sd,IN_avg_avg,IN_avg_sd,IN_sd_avg,IN_sd_sd,IN_r1_avg,IN_r1_sd,IN_kr_avg,IN_kr_sd,IN_sk_avg,IN_sk_sd
80,0.4606787115,0.2796336495,0.0174771783,0.0103873781,0.9788168514,0.0092410701,2.3017720203,0.2932908414,0.6929915919,0.1567920967,-0.0004614179,0.0002823836,0.0002038561,0.0001206537,0.9334908608,0.0156194579,2.3988919940,0.3276572455,0.6736653334,0.1860283259,0.1747817714,0.0177372057,0.1437567952,0.0113620599,0.9263368020,0.0200253067,2.5623776568,0.3118196231,0.8364399201,0.1630419338
