Instance,INF_avg,INF_sd,INF_r1,INF_kr,INF_sk,SUP_avg,SUP_sd,SUP_r1,SUP_kr,SUP_sk,INC_avg,INC_sd,INC_r1,INC_kr,INC_sk,IND_avg,IND_sd,IND_r1,IND_kr,IND_sk
396,0.2498000000,0.0448771657,-0.1002349429,2.6879007882,-0.1036903223,0.2504000000,0.0457366374,0.2027604048,3.5789633030,-0.4547776397,0.4998000000,0.0544606280,-0.0460296466,2.3368127507,-0.2038061946,0.0710000000,0.0195192213,-0.0462679349,2.5842271685,0.2952873703
