Instance,INF_avg,INF_sd,INF_r1,INF_kr,INF_sk,SUP_avg,SUP_sd,SUP_r1,SUP_kr,SUP_sk,INC_avg,INC_sd,INC_r1,INC_kr,INC_sk,IND_avg,IND_sd,IND_r1,IND_kr,IND_sk
66,0.2534000000,0.0453700342,-0.0490789550,3.5052367392,0.5352158567,0.2120000000,0.0372021505,0.1664583854,2.7893848775,0.1734003806,0.5346000000,0.0529229629,0.0249216003,3.4091809554,-0.4347937051,0.0636000000,0.0204704665,0.0633872003,2.8192248294,0.0405355862
