Instance,INF_avg,INF_sd,INF_r1,INF_kr,INF_sk,SUP_avg,SUP_sd,SUP_r1,SUP_kr,SUP_sk,INC_avg,INC_sd,INC_r1,INC_kr,INC_sk,IND_avg,IND_sd,IND_r1,IND_kr,IND_sk
388,0.3515833333,0.0898563282,0.5317202589,2.6277583107,0.1175746638,0.1523333333,0.0764714907,0.6024500847,2.6467198784,0.4916972055,0.4960833333,0.0680171036,-0.0602511273,3.1631191455,0.1406325566,0.1195833333,0.0371684417,-0.0425016217,3.5150189342,0.5289456569
