Instance,FV_avg_avg,FV_avg_sd,FV_sd_avg,FV_sd_sd,FV_r1_avg,FV_r1_sd,FV_kr_avg,FV_kr_sd,FV_sk_avg,FV_sk_sd,FD_avg_avg,FD_avg_sd,FD_sd_avg,FD_sd_sd,FD_r1_avg,FD_r1_sd,FD_kr_avg,FD_kr_sd,FD_sk_avg,FD_sk_sd,IN_avg_avg,IN_avg_sd,IN_sd_avg,IN_sd_sd,IN_r1_avg,IN_r1_sd,IN_kr_avg,IN_kr_sd,IN_sk_avg,IN_sk_sd
24,0.4959848423,0.3006885810,0.0007565561,0.0005072938,0.5922167834,0.1997956614,2.3348392584,0.7905021628,0.0768829501,0.6257436040,-0.0000244002,0.0000858947,0.0001889264,0.0001233313,-0.1765324472,0.2864309061,2.5061567839,0.4823904304,0.0728821304,0.5618851191,0.4885000000,0.0515048541,0.1476725144,0.0325242752,-0.1659355399,0.4072270819,2.3634785704,0.5930502569,0.1917616068,0.4625357386
