Instance,FV_avg_avg,FV_avg_sd,FV_sd_avg,FV_sd_sd,FV_r1_avg,FV_r1_sd,FV_kr_avg,FV_kr_sd,FV_sk_avg,FV_sk_sd,FD_avg_avg,FD_avg_sd,FD_sd_avg,FD_sd_sd,FD_r1_avg,FD_r1_sd,FD_kr_avg,FD_kr_sd,FD_sk_avg,FD_sk_sd,IN_avg_avg,IN_avg_sd,IN_sd_avg,IN_sd_sd,IN_r1_avg,IN_r1_sd,IN_kr_avg,IN_kr_sd,IN_sk_avg,IN_sk_sd
155,0.4974302249,0.3016922900,0.0005734996,0.0004229179,0.8092374132,0.1584644497,2.7484663303,1.1229541277,-0.0189556397,0.7133534491,-0.0000015807,0.0000298831,0.0000606226,0.0000349802,-0.0009079612,0.1856245581,2.5588128193,0.5388561464,-0.0328982511,0.2080399813,0.4990000000,0.0323759170,0.1070934481,0.0134830769,0.0199828185,0.1910965640,2.8235415821,0.7874396777,-0.1637503699,0.4381533392
