Instance,INF_avg,INF_sd,INF_r1,INF_kr,INF_sk,SUP_avg,SUP_sd,SUP_r1,SUP_kr,SUP_sk,INC_avg,INC_sd,INC_r1,INC_kr,INC_sk,IND_avg,IND_sd,IND_r1,IND_kr,IND_sk
332,0.4178571429,0.1135579507,0.2862861799,3.5282133916,-0.6646553283,0.1946428571,0.0929086396,0.4265508879,2.2196774251,0.1898722517,0.3875000000,0.1123014120,-0.1822094692,3.4317268384,0.3132373005,0.2196428571,0.0556444159,0.2193018328,2.9562450084,0.5812168869
