Instance,FV_avg_avg,FV_avg_sd,FV_sd_avg,FV_sd_sd,FV_r1_avg,FV_r1_sd,FV_kr_avg,FV_kr_sd,FV_sk_avg,FV_sk_sd,FD_avg_avg,FD_avg_sd,FD_sd_avg,FD_sd_sd,FD_r1_avg,FD_r1_sd,FD_kr_avg,FD_kr_sd,FD_sk_avg,FD_sk_sd,IN_avg_avg,IN_avg_sd,IN_sd_avg,IN_sd_sd,IN_r1_avg,IN_r1_sd,IN_kr_avg,IN_kr_sd,IN_sk_avg,IN_sk_sd
402,0.4993041613,0.3036403965,0.0008608016,0.0005798101,0.9349034580,0.0442364649,2.6212625373,0.7078473523,-0.0041218597,0.4377388710,-0.0000006927,0.0000119640,0.0000288035,0.0000180820,0.0017067776,0.1036760691,2.9152255836,0.4605213354,-0.0848852436,0.1667132768,0.4958850000,0.0185233980,0.0493629651,0.0029492673,-0.0102360885,0.0907434858,2.9956121447,0.5722021682,-0.1293491194,0.2014308906
