Instance,INF_avg,INF_sd,INF_r1,INF_kr,INF_sk,SUP_avg,SUP_sd,SUP_r1,SUP_kr,SUP_sk,INC_avg,INC_sd,INC_r1,INC_kr,INC_sk,IND_avg,IND_sd,IND_r1,IND_kr,IND_sk
461,0.2508000000,0.0575791629,-0.0037300230,3.8727491913,0.1976086061,0.2924000000,0.0486440130,-0.0816639285,2.1599340311,0.0124170779,0.4568000000,0.0593781104,0.0007599751,2.7385592664,-0.2386397327,0.1100000000,0.0297321375,0.0695443645,2.7850576360,0.3469895860
