Instance,INF_avg,INF_sd,INF_r1,INF_kr,INF_sk,SUP_avg,SUP_sd,SUP_r1,SUP_kr,SUP_sk,INC_avg,INC_sd,INC_r1,INC_kr,INC_sk,IND_avg,IND_sd,IND_r1,IND_kr,IND_sk
89,0.2446500000,0.0305634995,0.1300764642,2.9605986029,0.3416657299,0.2704500000,0.0316235276,0.0671136556,2.7079184224,0.1860423467,0.4849000000,0.0363385470,0.0560361574,3.2486521426,-0.4352190852,0.0376500000,0.0093662960,-0.0986056997,2.7902190659,-0.0058334630
