Instance,INF_avg,INF_sd,INF_r1,INF_kr,INF_sk,SUP_avg,SUP_sd,SUP_r1,SUP_kr,SUP_sk,INC_avg,INC_sd,INC_r1,INC_kr,INC_sk,IND_avg,IND_sd,IND_r1,IND_kr,IND_sk
386,0.2310000000,0.0202237484,-0.2210162802,1.8364727614,-0.1635734579,0.2525000000,0.0225000000,-0.7543186180,2.8260631001,0.1053497942,0.5165000000,0.0274818122,-0.1189260882,1.4470895062,0.1992470611,0.0285000000,0.0100124922,-0.3356624563,2.6672533131,0.6396000016
