Instance,INF_avg,INF_sd,INF_r1,INF_kr,INF_sk,SUP_avg,SUP_sd,SUP_r1,SUP_kr,SUP_sk,INC_avg,INC_sd,INC_r1,INC_kr,INC_sk,IND_avg,IND_sd,IND_r1,IND_kr,IND_sk
385,0.3020000000,0.0501597448,0.1364721198,3.8680950660,0.8375150054,0.2680000000,0.0538144962,-0.3048306496,4.1502701383,-0.7675230715,0.4300000000,0.0500000000,-0.4328358209,2.5974400000,-0.7680000000,0.1260000000,0.0358329457,-0.2277413308,3.9496608146,-0.9764939356
