Instance,FV_avg_avg,FV_avg_sd,FV_sd_avg,FV_sd_sd,FV_r1_avg,FV_r1_sd,FV_kr_avg,FV_kr_sd,FV_sk_avg,FV_sk_sd,FD_avg_avg,FD_avg_sd,FD_sd_avg,FD_sd_sd,FD_r1_avg,FD_r1_sd,FD_kr_avg,FD_kr_sd,FD_sk_avg,FD_sk_sd,IN_avg_avg,IN_avg_sd,IN_sd_avg,IN_sd_sd,IN_r1_avg,IN_r1_sd,IN_kr_avg,IN_kr_sd,IN_sk_avg,IN_sk_sd
350,0.5018970477,0.3049882000,0.0001328903,0.0001019290,0.5092384661,0.2323865113,1.9565465420,0.3534941747,0.0097421793,0.3836832969,-0.0000039128,0.0000107924,0.0000109555,0.0000082191,0.0326308157,0.2948675981,2.6723621559,0.7131970059,-0.0438806254,0.5897917202,0.4867000000,0.0279983928,0.0458973164,0.0094676474,0.0329452453,0.2768333035,2.5342466917,0.8693764000,-0.2308774761,0.6100120574
