Instance,FV_avg_avg,FV_avg_sd,FV_sd_avg,FV_sd_sd,FV_r1_avg,FV_r1_sd,FV_kr_avg,FV_kr_sd,FV_sk_avg,FV_sk_sd,FD_avg_avg,FD_avg_sd,FD_sd_avg,FD_sd_sd,FD_r1_avg,FD_r1_sd,FD_kr_avg,FD_kr_sd,FD_sk_avg,FD_sk_sd,IN_avg_avg,IN_avg_sd,IN_sd_avg,IN_sd_sd,IN_r1_avg,IN_r1_sd,IN_kr_avg,IN_kr_sd,IN_sk_avg,IN_sk_sd
375,0.4982442385,0.3023861544,0.0001076326,0.0000890203,0.0514571509,0.4656466080,1.8914445085,0.4654207067,-0.0539411137,0.5025299706,0.0000024087,0.0000054050,0.0000109655,0.0000079525,-0.2335651701,0.3561188618,1.9318036430,0.4211476866,-0.0477925596,0.5172922933,0.5084000000,0.0272367399,0.0426818520,0.0172586068,-0.1949053450,0.4355592863,1.8601841727,0.5267643823,-0.1416718686,0.5962202394
