Instance,FV_avg_avg,FV_avg_sd,FV_sd_avg,FV_sd_sd,FV_r1_avg,FV_r1_sd,FV_kr_avg,FV_kr_sd,FV_sk_avg,FV_sk_sd,FD_avg_avg,FD_avg_sd,FD_sd_avg,FD_sd_sd,FD_r1_avg,FD_r1_sd,FD_kr_avg,FD_kr_sd,FD_sk_avg,FD_sk_sd,IN_avg_avg,IN_avg_sd,IN_sd_avg,IN_sd_sd,IN_r1_avg,IN_r1_sd,IN_kr_avg,IN_kr_sd,IN_sk_avg,IN_sk_sd
358,0.4985311242,0.3029916642,0.0003411529,0.0002536246,0.8882010440,0.0662597962,2.3029598881,0.4752204061,0.0100397540,0.4103322375,-0.0000014151,0.0000101913,0.0000145002,0.0000088484,-0.0167029262,0.1567229990,2.9435304776,0.5143656808,0.1018283926,0.3554919539,0.4905000000,0.0233984187,0.0515062325,0.0044465730,0.0258861746,0.1308815985,2.8992905980,0.5899555865,0.0423447519,0.3089766218
