Instance,FV_avg_avg,FV_avg_sd,FV_sd_avg,FV_sd_sd,FV_r1_avg,FV_r1_sd,FV_kr_avg,FV_kr_sd,FV_sk_avg,FV_sk_sd,FD_avg_avg,FD_avg_sd,FD_sd_avg,FD_sd_sd,FD_r1_avg,FD_r1_sd,FD_kr_avg,FD_kr_sd,FD_sk_avg,FD_sk_sd,IN_avg_avg,IN_avg_sd,IN_sd_avg,IN_sd_sd,IN_r1_avg,IN_r1_sd,IN_kr_avg,IN_kr_sd,IN_sk_avg,IN_sk_sd
87,0.4966097106,0.3004365779,0.0026587802,0.0016602445,0.5675906208,0.2284699945,2.2490129169,0.5419984997,0.0036540721,0.5249115273,-0.0000207901,0.0003150939,0.0003382958,0.0002263577,0.0390022930,0.1869465091,2.3898106580,0.6979785892,-0.1475556857,0.4831819066,0.4982000000,0.0551140635,0.0714080465,0.0177789453,-0.0649507032,0.2579577313,2.3492987231,0.6504911800,0.0865523024,0.5662820945
