Instance,INF_avg,INF_sd,INF_r1,INF_kr,INF_sk,SUP_avg,SUP_sd,SUP_r1,SUP_kr,SUP_sk,INC_avg,INC_sd,INC_r1,INC_kr,INC_sk,IND_avg,IND_sd,IND_r1,IND_kr,IND_sk
172,0.3200000000,0.1166190379,-0.5730337079,1.6280276817,0.3631734744,0.2400000000,0.0800000000,-0.0526315789,3.2500000000,1.5000000000,0.4400000000,0.1019803903,-0.1111111111,1.9556213018,0.2715454179,0.3200000000,0.1166190379,-0.6568047337,1.6280276817,0.3631734744
