Instance,FV_avg_avg,FV_avg_sd,FV_sd_avg,FV_sd_sd,FV_r1_avg,FV_r1_sd,FV_kr_avg,FV_kr_sd,FV_sk_avg,FV_sk_sd,FD_avg_avg,FD_avg_sd,FD_sd_avg,FD_sd_sd,FD_r1_avg,FD_r1_sd,FD_kr_avg,FD_kr_sd,FD_sk_avg,FD_sk_sd,IN_avg_avg,IN_avg_sd,IN_sd_avg,IN_sd_sd,IN_r1_avg,IN_r1_sd,IN_kr_avg,IN_kr_sd,IN_sk_avg,IN_sk_sd
441,0.4953679482,0.3014408458,0.0007138806,0.0005123267,0.1435331785,0.3844648577,2.0341851695,0.3679728506,-0.0419363180,0.5397084367,-0.0000164400,0.0002043665,0.0001649605,0.0001220354,-0.2062487738,0.3136596608,2.1045633900,0.5687772893,0.3083411854,0.6705595288,0.4900000000,0.0663324958,0.0933911898,0.0455860250,-0.1530436794,0.3384004189,1.8678516397,0.5624474643,0.2546615578,0.5692248646
