Instance,FV_avg_avg,FV_avg_sd,FV_sd_avg,FV_sd_sd,FV_r1_avg,FV_r1_sd,FV_kr_avg,FV_kr_sd,FV_sk_avg,FV_sk_sd,FD_avg_avg,FD_avg_sd,FD_sd_avg,FD_sd_sd,FD_r1_avg,FD_r1_sd,FD_kr_avg,FD_kr_sd,FD_sk_avg,FD_sk_sd,IN_avg_avg,IN_avg_sd,IN_sd_avg,IN_sd_sd,IN_r1_avg,IN_r1_sd,IN_kr_avg,IN_kr_sd,IN_sk_avg,IN_sk_sd
295,0.4986307448,0.3024334584,0.0005761365,0.0004593594,0.9495047630,0.0380704516,2.4308907843,0.5241128251,-0.2226511049,0.3987743434,0.0000004135,0.0000074570,0.0000200551,0.0000121625,0.0207271823,0.1092342007,2.9154452124,0.3934980492,-0.0117623169,0.2570646251,0.5038800000,0.0180211431,0.0706129476,0.0048985335,0.0096471996,0.1021482974,2.8238157733,0.3020676122,-0.0640129240,0.2017756624
