Instance,INF_avg,INF_sd,INF_r1,INF_kr,INF_sk,SUP_avg,SUP_sd,SUP_r1,SUP_kr,SUP_sk,INC_avg,INC_sd,INC_r1,INC_kr,INC_sk,IND_avg,IND_sd,IND_r1,IND_kr,IND_sk
484,0.3333333333,0.1374368542,-0.9736842105,2.6678200692,0.9273420957,0.1833333333,0.1067187373,-0.8240000000,1.9898869720,-0.4875668664,0.4833333333,0.1067187373,-0.6832579186,1.9898869720,-0.4875668664,0.3666666667,0.0942809042,-0.5681818182,2.3437500000,-0.4861359121
