Instance,FV_avg_avg,FV_avg_sd,FV_sd_avg,FV_sd_sd,FV_r1_avg,FV_r1_sd,FV_kr_avg,FV_kr_sd,FV_sk_avg,FV_sk_sd,FD_avg_avg,FD_avg_sd,FD_sd_avg,FD_sd_sd,FD_r1_avg,FD_r1_sd,FD_kr_avg,FD_kr_sd,FD_sk_avg,FD_sk_sd,IN_avg_avg,IN_avg_sd,IN_sd_avg,IN_sd_sd,IN_r1_avg,IN_r1_sd,IN_kr_avg,IN_kr_sd,IN_sk_avg,IN_sk_sd
318,0.4980275963,0.3026198190,0.0002221054,0.0001533279,0.4268532804,0.3365249626,2.4999818320,0.9653270736,-0.0400204862,0.7709820008,-0.0000160494,0.0000216240,0.0000565653,0.0000346755,-0.1456528018,0.4042107493,2.2433348310,0.5681701187,-0.1729452911,0.5598897272,0.4820000000,0.0667532771,0.1462114929,0.0306952657,-0.1209793168,0.2364885215,2.5648702295,0.8679356273,0.0762713223,0.6344351073
