Instance,INF_avg,INF_sd,INF_r1,INF_kr,INF_sk,SUP_avg,SUP_sd,SUP_r1,SUP_kr,SUP_sk,INC_avg,INC_sd,INC_r1,INC_kr,INC_sk,IND_avg,IND_sd,IND_r1,IND_kr,IND_sk
245,0.4866748768,0.1230519243,0.9060081093,2.0251276052,-0.2169224156,0.0775615764,0.0654566370,0.8906269828,3.3322600680,1.0718938982,0.4357635468,0.0705155767,0.7279784315,2.3460969432,-0.1340587461,0.0415270936,0.0114956837,0.1018235183,2.6117832154,0.0328378993
