Instance,FV_avg_avg,FV_avg_sd,FV_sd_avg,FV_sd_sd,FV_r1_avg,FV_r1_sd,FV_kr_avg,FV_kr_sd,FV_sk_avg,FV_sk_sd,FD_avg_avg,FD_avg_sd,FD_sd_avg,FD_sd_sd,FD_r1_avg,FD_r1_sd,FD_kr_avg,FD_kr_sd,FD_sk_avg,FD_sk_sd,IN_avg_avg,IN_avg_sd,IN_sd_avg,IN_sd_sd,IN_r1_avg,IN_r1_sd,IN_kr_avg,IN_kr_sd,IN_sk_avg,IN_sk_sd
98,0.4972145145,0.3021062353,0.0003740212,0.0002730272,0.7416409157,0.2181335334,2.3227051953,0.4224018833,0.2499438264,0.3590693007,-0.0000019303,0.0000098976,0.0000434325,0.0000273718,-0.0494209595,0.1551151484,2.6867261663,0.5431365934,-0.0936438082,0.3865085705,0.4923000000,0.0259327978,0.1122811337,0.0116682051,-0.0283868718,0.1656005290,2.5298236934,0.3853269976,-0.1166364064,0.2904189748
