Instance,INF_avg,INF_sd,INF_r1,INF_kr,INF_sk,SUP_avg,SUP_sd,SUP_r1,SUP_kr,SUP_sk,INC_avg,INC_sd,INC_r1,INC_kr,INC_sk,IND_avg,IND_sd,IND_r1,IND_kr,IND_sk
242,0.4213793103,0.1047895802,0.7243338672,2.4076546471,-0.1286430163,0.0925862069,0.0666840296,0.8209893830,2.6529706029,0.6655741823,0.4860344828,0.0538176889,0.2502586335,2.8843123244,-0.5462955225,0.0756896552,0.0233498186,0.1778437007,3.0937898275,0.2336951784
