Instance,FV_avg_avg,FV_avg_sd,FV_sd_avg,FV_sd_sd,FV_r1_avg,FV_r1_sd,FV_kr_avg,FV_kr_sd,FV_sk_avg,FV_sk_sd,FD_avg_avg,FD_avg_sd,FD_sd_avg,FD_sd_sd,FD_r1_avg,FD_r1_sd,FD_kr_avg,FD_kr_sd,FD_sk_avg,FD_sk_sd,IN_avg_avg,IN_avg_sd,IN_sd_avg,IN_sd_sd,IN_r1_avg,IN_r1_sd,IN_kr_avg,IN_kr_sd,IN_sk_avg,IN_sk_sd
438,0.4996018140,0.3040727479,0.0001166531,0.0000848473,0.0204158237,0.3182118349,2.1966025115,0.5247633077,0.2069606568,0.6713120672,-0.0000063282,0.0000133325,0.0000286921,0.0000215244,-0.2151931568,0.3444124766,2.1177068578,0.4995985963,-0.0551803493,0.6829665971,0.4740000000,0.0571314274,0.0805755300,0.0341699278,-0.3203424993,0.4787124791,1.9305949612,0.4951632002,-0.0285902655,0.5610066294
