Instance,INF_avg,INF_sd,INF_r1,INF_kr,INF_sk,SUP_avg,SUP_sd,SUP_r1,SUP_kr,SUP_sk,INC_avg,INC_sd,INC_r1,INC_kr,INC_sk,IND_avg,IND_sd,IND_r1,IND_kr,IND_sk
272,0.2940000000,0.0644049688,0.0235930350,2.4824604392,0.0664790554,0.2992000000,0.0698524158,0.2311359956,2.8874887966,0.2080506948,0.4068000000,0.0701552564,-0.0908864961,3.6212042611,0.6614828899,0.1236000000,0.0391285062,0.0549909573,3.6605955473,0.4683587504
