Instance,INF_avg,INF_sd,INF_r1,INF_kr,INF_sk,SUP_avg,SUP_sd,SUP_r1,SUP_kr,SUP_sk,INC_avg,INC_sd,INC_r1,INC_kr,INC_sk,IND_avg,IND_sd,IND_r1,IND_kr,IND_sk
146,0.1888888889,0.1286204100,-0.4116182573,4.3710180441,1.1475267146,0.2222222222,0.1474055462,0.1562500000,2.1670971074,0.2381254369,0.5888888889,0.1662958839,-0.4030211480,1.8364955357,-0.2583127628,0.4444444444,0.0955813919,0.5015384615,2.1771365961,0.5403944288
