Instance,INF_avg,INF_sd,INF_r1,INF_kr,INF_sk,SUP_avg,SUP_sd,SUP_r1,SUP_kr,SUP_sk,INC_avg,INC_sd,INC_r1,INC_kr,INC_sk,IND_avg,IND_sd,IND_r1,IND_kr,IND_sk
403,0.2180000000,0.0541848687,-0.1414323313,2.0099674064,-0.1393956226,0.2800000000,0.0343511281,-0.2935779817,2.3944268888,-0.6809042911,0.5020000000,0.0271293199,0.1447368421,1.8632443289,0.4194883916,0.0650000000,0.0233452351,-0.6788321168,2.2174059423,0.3772649719
