Instance,INF_avg,INF_sd,INF_r1,INF_kr,INF_sk,SUP_avg,SUP_sd,SUP_r1,SUP_kr,SUP_sk,INC_avg,INC_sd,INC_r1,INC_kr,INC_sk,IND_avg,IND_sd,IND_r1,IND_kr,IND_sk
356,0.2300000000,0.0640312424,0.0024937656,2.2944675788,-0.3656751498,0.2600000000,0.1019803903,-0.1523437500,3.7307692308,0.8598938233,0.5100000000,0.0943398113,-0.1473565804,2.9714682490,-0.9146947998,0.4000000000,0.1000000000,-0.1111111111,2.2000000000,-0.6000000000
