Instance,INF_avg,INF_sd,INF_r1,INF_kr,INF_sk,SUP_avg,SUP_sd,SUP_r1,SUP_kr,SUP_sk,INC_avg,INC_sd,INC_r1,INC_kr,INC_sk,IND_avg,IND_sd,IND_r1,IND_kr,IND_sk
338,0.2436000000,0.0572279652,0.0586616339,3.7392065560,0.4436089690,0.2236000000,0.0552362200,-0.0382575638,3.2415441970,-0.0961139752,0.5328000000,0.0744859718,0.1053534001,3.5287233355,-0.5570015152,0.1156000000,0.0400579580,-0.0813098385,2.3902164131,0.1093121476
