Instance,INF_avg,INF_sd,INF_r1,INF_kr,INF_sk,SUP_avg,SUP_sd,SUP_r1,SUP_kr,SUP_sk,INC_avg,INC_sd,INC_r1,INC_kr,INC_sk,IND_avg,IND_sd,IND_r1,IND_kr,IND_sk
204,0.2568000000,0.0459321238,-0.0055859353,2.3913407245,-0.1388311318,0.2399000000,0.0443056430,0.1095358872,4.0670751887,0.5978841069,0.5033000000,0.0507947832,0.0907216787,3.0316452384,-0.1995253971,0.0682000000,0.0165154473,-0.0969920169,4.2705163047,0.8210740220
