Instance,INF_avg,INF_sd,INF_r1,INF_kr,INF_sk,SUP_avg,SUP_sd,SUP_r1,SUP_kr,SUP_sk,INC_avg,INC_sd,INC_r1,INC_kr,INC_sk,IND_avg,IND_sd,IND_r1,IND_kr,IND_sk
45,0.2800000000,0.1469693846,-0.3758389262,1.5781893004,0.3477670622,0.2200000000,0.1326649916,0.2465753425,2.2169421488,-0.3700366502,0.5000000000,0.1673320053,-0.9000000000,2.5000000000,0.7683612489,0.3800000000,0.0748331477,0.0740740741,1.8469387755,0.3436215967
