Instance,FV_avg_avg,FV_avg_sd,FV_sd_avg,FV_sd_sd,FV_r1_avg,FV_r1_sd,FV_kr_avg,FV_kr_sd,FV_sk_avg,FV_sk_sd,FD_avg_avg,FD_avg_sd,FD_sd_avg,FD_sd_sd,FD_r1_avg,FD_r1_sd,FD_kr_avg,FD_kr_sd,FD_sk_avg,FD_sk_sd,IN_avg_avg,IN_avg_sd,IN_sd_avg,IN_sd_sd,IN_r1_avg,IN_r1_sd,IN_kr_avg,IN_kr_sd,IN_sk_avg,IN_sk_sd
308,0.4941470992,0.3005049106,0.0008055503,0.0007378908,0.9378468490,0.0483860518,2.3412843367,0.4721460363,-0.0404330607,0.3942476213,0.0000023003,0.0000089860,0.0000239507,0.0000144828,0.0272913034,0.1000761113,2.9196055305,0.4601672293,0.0728248897,0.2441617674,0.5005300000,0.0214054923,0.0502054539,0.0033221072,0.0334613584,0.0968846874,2.8890729159,0.5358755766,-0.0235169714,0.1944248214
