Instance,FV_avg_avg,FV_avg_sd,FV_sd_avg,FV_sd_sd,FV_r1_avg,FV_r1_sd,FV_kr_avg,FV_kr_sd,FV_sk_avg,FV_sk_sd,FD_avg_avg,FD_avg_sd,FD_sd_avg,FD_sd_sd,FD_r1_avg,FD_r1_sd,FD_kr_avg,FD_kr_sd,FD_sk_avg,FD_sk_sd,IN_avg_avg,IN_avg_sd,IN_sd_avg,IN_sd_sd,IN_r1_avg,IN_r1_sd,IN_kr_avg,IN_kr_sd,IN_sk_avg,IN_sk_sd
276,0.5015278990,0.3040648258,0.0001814196,0.0001498027,0.1711288869,0.4605065139,1.9822590942,0.5421110038,0.0914722388,0.6617047968,-0.0000017775,0.0000141571,0.0000154355,0.0000123315,-0.0808741040,0.4136011002,1.8013184976,0.4259162742,-0.1044840616,0.4952949752,0.4991000000,0.0300896992,0.0402820446,0.0135704415,-0.2386429661,0.3438238855,2.0668556026,0.4422464947,0.0622139916,0.6274642998
