Instance,INF_avg,INF_sd,INF_r1,INF_kr,INF_sk,SUP_avg,SUP_sd,SUP_r1,SUP_kr,SUP_sk,INC_avg,INC_sd,INC_r1,INC_kr,INC_sk,IND_avg,IND_sd,IND_r1,IND_kr,IND_sk
298,0.0800000000,0.0748331477,-0.5217391304,1.8469387755,0.3436215967,0.3400000000,0.1356465997,-0.0655737705,2.9310018904,1.1731251294,0.5800000000,0.1469693846,-0.8918918919,2.8127572016,-1.1642636432,0.4800000000,0.1166190379,0.1011235955,1.6280276817,-0.3631734744
