Instance,INF_avg,INF_sd,INF_r1,INF_kr,INF_sk,SUP_avg,SUP_sd,SUP_r1,SUP_kr,SUP_sk,INC_avg,INC_sd,INC_r1,INC_kr,INC_sk,IND_avg,IND_sd,IND_r1,IND_kr,IND_sk
414,0.3000000000,0.1341640786,-0.4117647059,3.1481481481,0.7453559925,0.2200000000,0.1248999600,-0.0427807487,3.6074950690,0.5419722129,0.4800000000,0.1469693846,-0.4596949891,2.1954732510,-0.4082482905,0.3700000000,0.1100000000,-0.2833763997,2.7441431596,0.6130728775
