Instance,INF_avg,INF_sd,INF_r1,INF_kr,INF_sk,SUP_avg,SUP_sd,SUP_r1,SUP_kr,SUP_sk,INC_avg,INC_sd,INC_r1,INC_kr,INC_sk,IND_avg,IND_sd,IND_r1,IND_kr,IND_sk
125,0.1400000000,0.0374165739,-0.0144927536,1.8469387755,0.3436215967,0.2200000000,0.1288409873,-0.5306122449,2.3327768907,0.8163607337,0.6400000000,0.1240967365,-0.3944530046,1.7794737730,-0.1632576395,0.2200000000,0.0400000000,-0.5492957746,2.0781250000,-0.8437500000
