Instance,FV_avg_avg,FV_avg_sd,FV_sd_avg,FV_sd_sd,FV_r1_avg,FV_r1_sd,FV_kr_avg,FV_kr_sd,FV_sk_avg,FV_sk_sd,FD_avg_avg,FD_avg_sd,FD_sd_avg,FD_sd_sd,FD_r1_avg,FD_r1_sd,FD_kr_avg,FD_kr_sd,FD_sk_avg,FD_sk_sd,IN_avg_avg,IN_avg_sd,IN_sd_avg,IN_sd_sd,IN_r1_avg,IN_r1_sd,IN_kr_avg,IN_kr_sd,IN_sk_avg,IN_sk_sd
101,0.4915319975,0.3000321275,0.0006089294,0.0004467783,-0.0512786233,0.3509110370,2.1757655707,0.4754665637,-0.1892028212,0.6562232441,0.0000021610,0.0001295107,0.0001831489,0.0001208151,-0.3728020936,0.3248015158,2.1308134419,0.4582823167,-0.0463174206,0.6686525426,0.5100000000,0.0591607978,0.0938353644,0.0323252903,-0.3516557659,0.4097247026,1.8099478435,0.3594824374,0.0413154797,0.4455678972
