Instance,FV_avg_avg,FV_avg_sd,FV_sd_avg,FV_sd_sd,FV_r1_avg,FV_r1_sd,FV_kr_avg,FV_kr_sd,FV_sk_avg,FV_sk_sd,FD_avg_avg,FD_avg_sd,FD_sd_avg,FD_sd_sd,FD_r1_avg,FD_r1_sd,FD_kr_avg,FD_kr_sd,FD_sk_avg,FD_sk_sd,IN_avg_avg,IN_avg_sd,IN_sd_avg,IN_sd_sd,IN_r1_avg,IN_r1_sd,IN_kr_avg,IN_kr_sd,IN_sk_avg,IN_sk_sd
161,0.4936188383,0.2991363811,0.0012710331,0.0008343090,0.6805523418,0.1791469667,2.1501563050,0.6367951932,-0.0737768320,0.5054965361,-0.0000059065,0.0001235709,0.0000997299,0.0000667715,-0.1016682215,0.2828921854,2.3939526026,0.7470282471,-0.1800843084,0.6258853217,0.5022000000,0.0493179481,0.0474944968,0.0124568366,-0.1465358589,0.3089891539,2.5390613051,1.0182961835,-0.0779695141,0.7098194808
