Instance,FV_avg_avg,FV_avg_sd,FV_sd_avg,FV_sd_sd,FV_r1_avg,FV_r1_sd,FV_kr_avg,FV_kr_sd,FV_sk_avg,FV_sk_sd,FD_avg_avg,FD_avg_sd,FD_sd_avg,FD_sd_sd,FD_r1_avg,FD_r1_sd,FD_kr_avg,FD_kr_sd,FD_sk_avg,FD_sk_sd,IN_avg_avg,IN_avg_sd,IN_sd_avg,IN_sd_sd,IN_r1_avg,IN_r1_sd,IN_kr_avg,IN_kr_sd,IN_sk_avg,IN_sk_sd
259,0.4422267670,0.2688012685,0.0257472552,0.0152382318,0.9818809189,0.0089269026,2.1350119398,0.1435002702,0.6008083344,0.1148665007,-0.0006620641,0.0004036482,0.0002813229,0.0001669823,0.9613242705,0.0105544408,2.2853119023,0.2366363478,0.6526048211,0.1752437675,0.1548498406,0.0195410432,0.1394716767,0.0077844761,0.9465184401,0.0131422507,2.6346844837,0.3732262975,0.8740909417,0.2151390245
