Instance,FV_avg_avg,FV_avg_sd,FV_sd_avg,FV_sd_sd,FV_r1_avg,FV_r1_sd,FV_kr_avg,FV_kr_sd,FV_sk_avg,FV_sk_sd,FD_avg_avg,FD_avg_sd,FD_sd_avg,FD_sd_sd,FD_r1_avg,FD_r1_sd,FD_kr_avg,FD_kr_sd,FD_sk_avg,FD_sk_sd,IN_avg_avg,IN_avg_sd,IN_sd_avg,IN_sd_sd,IN_r1_avg,IN_r1_sd,IN_kr_avg,IN_kr_sd,IN_sk_avg,IN_sk_sd
414,0.4919291012,0.2971774108,0.0048156611,0.0038919816,0.9851766315,0.0145992342,1.8361193420,0.0847092524,0.1247312582,0.1246786225,-0.0000790135,0.0000611631,0.0000821535,0.0000512350,0.1529972365,0.1614519452,2.9570073138,0.4575560109,0.1523292268,0.3913529235,0.3749199775,0.0377732594,0.1666417878,0.0125763036,0.1090481846,0.1615075670,2.9252803036,0.3886455874,0.1122089694,0.3480876451
