Instance,FV_avg_avg,FV_avg_sd,FV_sd_avg,FV_sd_sd,FV_r1_avg,FV_r1_sd,FV_kr_avg,FV_kr_sd,FV_sk_avg,FV_sk_sd,FD_avg_avg,FD_avg_sd,FD_sd_avg,FD_sd_sd,FD_r1_avg,FD_r1_sd,FD_kr_avg,FD_kr_sd,FD_sk_avg,FD_sk_sd,IN_avg_avg,IN_avg_sd,IN_sd_avg,IN_sd_sd,IN_r1_avg,IN_r1_sd,IN_kr_avg,IN_kr_sd,IN_sk_avg,IN_sk_sd
49,0.4943381946,0.3007170652,0.0003155283,0.0002602529,0.1185981515,0.4146078717,2.0023725285,0.5017008750,0.0147924859,0.5897310401,-0.0000018708,0.0000297931,0.0000215907,0.0000139798,-0.1064890285,0.4419278073,1.9420000602,0.6330263034,0.0633303181,0.6799085347,0.5064000000,0.0261618042,0.0297307388,0.0107788297,-0.1596263023,0.4145349213,2.0634376794,0.5592915488,0.3610263136,0.6606219370
