Instance,INF_avg,INF_sd,INF_r1,INF_kr,INF_sk,SUP_avg,SUP_sd,SUP_r1,SUP_kr,SUP_sk,INC_avg,INC_sd,INC_r1,INC_kr,INC_sk,IND_avg,IND_sd,IND_r1,IND_kr,IND_sk
347,0.2330000000,0.0498096376,-0.3966527549,2.4782976985,0.3507428619,0.2400000000,0.0282842712,0.2187500000,1.4375000000,0.1060660172,0.5270000000,0.0431393092,-0.6615484080,2.7597028979,-0.1460347630,0.0830000000,0.0155241747,-0.0648423557,3.1586405193,-0.3464012398
