Instance,INF_avg,INF_sd,INF_r1,INF_kr,INF_sk,SUP_avg,SUP_sd,SUP_r1,SUP_kr,SUP_sk,INC_avg,INC_sd,INC_r1,INC_kr,INC_sk,IND_avg,IND_sd,IND_r1,IND_kr,IND_sk
299,0.2260000000,0.1261903324,0.0300385885,3.0531495970,0.3385754095,0.2810000000,0.1376190394,-0.1126776907,2.4359286859,0.2518379044,0.4930000000,0.1563681553,-0.2606040507,3.4626594393,0.4142468733,0.3700000000,0.1170469991,-0.1007231028,2.6299216794,0.2619198659
