Instance,INF_avg,INF_sd,INF_r1,INF_kr,INF_sk,SUP_avg,SUP_sd,SUP_r1,SUP_kr,SUP_sk,INC_avg,INC_sd,INC_r1,INC_kr,INC_sk,IND_avg,IND_sd,IND_r1,IND_kr,IND_sk
347,0.2204000000,0.0482062237,0.1977801074,2.4998640983,0.1468559770,0.2860000000,0.0398998747,0.1286194556,2.6919143456,-0.5962160260,0.4936000000,0.0426032863,-0.1988614520,3.1363935329,-0.6032729560,0.0668000000,0.0199439214,-0.3650284142,5.1346530110,1.0804712402
