Instance,INF_avg,INF_sd,INF_r1,INF_kr,INF_sk,SUP_avg,SUP_sd,SUP_r1,SUP_kr,SUP_sk,INC_avg,INC_sd,INC_r1,INC_kr,INC_sk,IND_avg,IND_sd,IND_r1,IND_kr,IND_sk
390,0.2326000000,0.0372053760,0.4802220418,2.6777153081,-0.0555258846,0.2152000000,0.0311923067,0.0830103016,2.1482110810,0.2547448002,0.5522000000,0.0337958577,-0.2129106057,2.6274957321,0.2768398796,0.0338000000,0.0094106323,-0.1934205023,2.0422845014,-0.1913306089
