Instance,INF_avg,INF_sd,INF_r1,INF_kr,INF_sk,SUP_avg,SUP_sd,SUP_r1,SUP_kr,SUP_sk,INC_avg,INC_sd,INC_r1,INC_kr,INC_sk,IND_avg,IND_sd,IND_r1,IND_kr,IND_sk
14,0.2380000000,0.0352278299,-0.0590937196,1.8332847428,0.2740077791,0.2310000000,0.0361109402,0.2930475504,1.5275097388,0.2503150122,0.5310000000,0.0354118624,0.3139544247,4.3305136482,1.6385448118,0.0350000000,0.0080622577,-0.0000000000,2.1597633136,-0.2862340029
