Instance,FV_avg_avg,FV_avg_sd,FV_sd_avg,FV_sd_sd,FV_r1_avg,FV_r1_sd,FV_kr_avg,FV_kr_sd,FV_sk_avg,FV_sk_sd,FD_avg_avg,FD_avg_sd,FD_sd_avg,FD_sd_sd,FD_r1_avg,FD_r1_sd,FD_kr_avg,FD_kr_sd,FD_sk_avg,FD_sk_sd,IN_avg_avg,IN_avg_sd,IN_sd_avg,IN_sd_sd,IN_r1_avg,IN_r1_sd,IN_kr_avg,IN_kr_sd,IN_sk_avg,IN_sk_sd
266,0.4945944940,0.3004712500,0.0017241503,0.0011514578,0.9245285378,0.0404809608,2.4981163340,0.4941782846,0.0619314982,0.3947203358,-0.0000164739,0.0000424677,0.0000936402,0.0000587238,0.1455236211,0.1342449396,2.9833385358,0.4766673208,-0.0523260946,0.2585042102,0.4951300000,0.0248196918,0.0754083512,0.0084880250,0.0903911102,0.1348420557,3.0087589472,0.5273028381,0.0395054739,0.2752897552
