Instance,INF_avg,INF_sd,INF_r1,INF_kr,INF_sk,SUP_avg,SUP_sd,SUP_r1,SUP_kr,SUP_sk,INC_avg,INC_sd,INC_r1,INC_kr,INC_sk,IND_avg,IND_sd,IND_r1,IND_kr,IND_sk
318,0.2840000000,0.1017054571,0.1479194105,2.6843874656,-0.7028165496,0.2360000000,0.0985088828,-0.1508912420,2.2886546475,0.0787839950,0.4800000000,0.1039230485,0.1174284653,2.9423868313,0.8606795680,0.2280000000,0.0825590698,0.1433591171,2.5534202870,0.6139863372
