Instance,INF_avg,INF_sd,INF_r1,INF_kr,INF_sk,SUP_avg,SUP_sd,SUP_r1,SUP_kr,SUP_sk,INC_avg,INC_sd,INC_r1,INC_kr,INC_sk,IND_avg,IND_sd,IND_r1,IND_kr,IND_sk
466,0.2600000000,0.1200000000,0.3786549708,1.6151620370,0.5451388889,0.2000000000,0.0894427191,-0.0666666667,1.9531250000,0.6288941187,0.5400000000,0.1157583690,0.5355191257,1.3968589886,0.2436882574,0.2100000000,0.0489897949,-0.1309523810,2.7291666667,0.8675276172
