Instance,INF_avg,INF_sd,INF_r1,INF_kr,INF_sk,SUP_avg,SUP_sd,SUP_r1,SUP_kr,SUP_sk,INC_avg,INC_sd,INC_r1,INC_kr,INC_sk,IND_avg,IND_sd,IND_r1,IND_kr,IND_sk
380,0.2640000000,0.0823650411,-0.5175189394,2.8111205055,0.5786481340,0.2140000000,0.0657571289,0.1002820737,2.2147042388,-0.7468404428,0.5220000000,0.0622575297,-0.2005957154,2.3430334167,0.7224560373,0.1260000000,0.0269072481,-0.0968921389,1.8014407375,-0.0640629209
