Instance,INF_avg,INF_sd,INF_r1,INF_kr,INF_sk,SUP_avg,SUP_sd,SUP_r1,SUP_kr,SUP_sk,INC_avg,INC_sd,INC_r1,INC_kr,INC_sk,IND_avg,IND_sd,IND_r1,IND_kr,IND_sk
383,0.2580000000,0.0923904757,0.0641234088,3.5231745761,0.2975026407,0.2180000000,0.0957914401,0.0897088146,2.5955549863,-0.2802513916,0.5240000000,0.0917823512,0.0115470361,2.5371912566,-0.3367312178,0.2480000000,0.0767854153,-0.2574105948,3.0679779222,-0.2642123191
