Instance,INF_avg,INF_sd,INF_r1,INF_kr,INF_sk,SUP_avg,SUP_sd,SUP_r1,SUP_kr,SUP_sk,INC_avg,INC_sd,INC_r1,INC_kr,INC_sk,IND_avg,IND_sd,IND_r1,IND_kr,IND_sk
236,0.2564000000,0.0596912054,0.0887638475,2.5921470943,0.3504172172,0.2732000000,0.0623679405,0.0202513487,2.6645177114,0.1252514299,0.4704000000,0.0614804034,0.0887699391,2.0219911587,0.1748130810,0.1138000000,0.0335493666,-0.1462586935,3.1592441843,-0.2294978058
