Instance,INF_avg,INF_sd,INF_r1,INF_kr,INF_sk,SUP_avg,SUP_sd,SUP_r1,SUP_kr,SUP_sk,INC_avg,INC_sd,INC_r1,INC_kr,INC_sk,IND_avg,IND_sd,IND_r1,IND_kr,IND_sk
343,0.2962000000,0.0244245778,-0.2540704350,2.5631355321,0.6307617014,0.2156000000,0.0320724181,0.1931679168,1.9953830008,-0.5621770689,0.4882000000,0.0357457690,0.1826666182,2.3083848675,0.3702444668,0.0362000000,0.0104192130,0.1409711212,2.1869818279,-0.2144301175
