Instance,INF_avg,INF_sd,INF_r1,INF_kr,INF_sk,SUP_avg,SUP_sd,SUP_r1,SUP_kr,SUP_sk,INC_avg,INC_sd,INC_r1,INC_kr,INC_sk,IND_avg,IND_sd,IND_r1,IND_kr,IND_sk
467,0.2950000000,0.0287228132,-0.5197568389,2.5261707989,0.5032426781,0.1990000000,0.0363180396,0.0274892121,2.3593855708,0.8477043409,0.5060000000,0.0322335229,0.7019800985,1.7940243867,0.0397723180,0.0365000000,0.0055000000,-0.1990008326,2.7441431596,-0.6130728775
