Instance,FV_avg_avg,FV_avg_sd,FV_sd_avg,FV_sd_sd,FV_r1_avg,FV_r1_sd,FV_kr_avg,FV_kr_sd,FV_sk_avg,FV_sk_sd,FD_avg_avg,FD_avg_sd,FD_sd_avg,FD_sd_sd,FD_r1_avg,FD_r1_sd,FD_kr_avg,FD_kr_sd,FD_sk_avg,FD_sk_sd,IN_avg_avg,IN_avg_sd,IN_sd_avg,IN_sd_sd,IN_r1_avg,IN_r1_sd,IN_kr_avg,IN_kr_sd,IN_sk_avg,IN_sk_sd
253,0.5014003435,0.3038409105,0.0016681793,0.0013982029,0.9482611679,0.0354979314,2.3943594021,0.4844342936,0.1342026570,0.3568027796,-0.0000038682,0.0000341961,0.0000632947,0.0000391624,0.0663988762,0.1100659751,2.8305277204,0.4145401008,0.0069679262,0.2354382202,0.5011000000,0.0255982421,0.0711084688,0.0053203069,0.0227022533,0.1275674970,2.8562613876,0.3164134948,0.0076660175,0.2311891495
