Instance,FV_avg_avg,FV_avg_sd,FV_sd_avg,FV_sd_sd,FV_r1_avg,FV_r1_sd,FV_kr_avg,FV_kr_sd,FV_sk_avg,FV_sk_sd,FD_avg_avg,FD_avg_sd,FD_sd_avg,FD_sd_sd,FD_r1_avg,FD_r1_sd,FD_kr_avg,FD_kr_sd,FD_sk_avg,FD_sk_sd,IN_avg_avg,IN_avg_sd,IN_sd_avg,IN_sd_sd,IN_r1_avg,IN_r1_sd,IN_kr_avg,IN_kr_sd,IN_sk_avg,IN_sk_sd
413,0.4984972696,0.3024100432,0.0002026770,0.0001640398,0.0860827749,0.3890228971,1.9747289625,0.5068125173,-0.1280433204,0.5877179261,-0.0000010035,0.0000158278,0.0000190055,0.0000136056,-0.1763782210,0.4080687236,2.1449649200,0.5354667636,0.0445604555,0.7487558834,0.4944000000,0.0328852551,0.0408301454,0.0102029030,-0.1340531591,0.3436489089,2.1443167937,0.3914388388,-0.1876390737,0.6229506050
