Instance,FV_avg_avg,FV_avg_sd,FV_sd_avg,FV_sd_sd,FV_r1_avg,FV_r1_sd,FV_kr_avg,FV_kr_sd,FV_sk_avg,FV_sk_sd,FD_avg_avg,FD_avg_sd,FD_sd_avg,FD_sd_sd,FD_r1_avg,FD_r1_sd,FD_kr_avg,FD_kr_sd,FD_sk_avg,FD_sk_sd,IN_avg_avg,IN_avg_sd,IN_sd_avg,IN_sd_sd,IN_r1_avg,IN_r1_sd,IN_kr_avg,IN_kr_sd,IN_sk_avg,IN_sk_sd
349,0.4994986067,0.3034728634,0.0003260773,0.0002576682,0.9254477313,0.0647735154,2.3457363444,0.4676762832,-0.1058169276,0.3482812469,0.0000006209,0.0000046028,0.0000107219,0.0000065293,-0.0247767820,0.0786132467,2.9045381684,0.3744640888,-0.0016057420,0.2143388627,0.5037450000,0.0166142853,0.0520159169,0.0042819260,-0.0036091460,0.0994014425,2.9291730506,0.3864560652,0.0702107498,0.2204211040
