Instance,INF_avg,INF_sd,INF_r1,INF_kr,INF_sk,SUP_avg,SUP_sd,SUP_r1,SUP_kr,SUP_sk,INC_avg,INC_sd,INC_r1,INC_kr,INC_sk,IND_avg,IND_sd,IND_r1,IND_kr,IND_sk
408,0.2238000000,0.0318207479,0.0637672889,3.3303450964,0.3887890147,0.2758000000,0.0343563677,-0.2537624871,2.1871476064,-0.1899587795,0.5004000000,0.0355926959,-0.0558650098,2.4004178732,0.1547946145,0.0412000000,0.0115568162,-0.2137656148,2.0227954795,0.3287636370
