Instance,INF_avg,INF_sd,INF_r1,INF_kr,INF_sk,SUP_avg,SUP_sd,SUP_r1,SUP_kr,SUP_sk,INC_avg,INC_sd,INC_r1,INC_kr,INC_sk,IND_avg,IND_sd,IND_r1,IND_kr,IND_sk
393,0.2800000000,0.0264575131,-0.2295081967,2.2000000000,0.2591756386,0.2070000000,0.0553263048,-0.2812901949,2.2959207643,0.0051726026,0.5130000000,0.0426731766,-0.4467047281,3.2697958198,0.1477842885,0.0720000000,0.0183303028,-0.2810945274,2.4846938776,0.6780341589
