Instance,FV_avg_avg,FV_avg_sd,FV_sd_avg,FV_sd_sd,FV_r1_avg,FV_r1_sd,FV_kr_avg,FV_kr_sd,FV_sk_avg,FV_sk_sd,FD_avg_avg,FD_avg_sd,FD_sd_avg,FD_sd_sd,FD_r1_avg,FD_r1_sd,FD_kr_avg,FD_kr_sd,FD_sk_avg,FD_sk_sd,IN_avg_avg,IN_avg_sd,IN_sd_avg,IN_sd_sd,IN_r1_avg,IN_r1_sd,IN_kr_avg,IN_kr_sd,IN_sk_avg,IN_sk_sd
460,0.4970481474,0.3021727418,0.0005522487,0.0004998840,0.2282480049,0.4065718877,1.7709627856,0.4660817058,-0.1263562113,0.5273326354,-0.0000031298,0.0000457553,0.0000753317,0.0000523197,-0.2358492332,0.3153739039,2.1259473028,0.5403269607,0.1780157282,0.6814368554,0.4836000000,0.0532450937,0.0602109301,0.0191479477,-0.1986057947,0.4323924089,1.9006489505,0.3865180287,0.0645450790,0.4716921610
