Instance,INF_avg,INF_sd,INF_r1,INF_kr,INF_sk,SUP_avg,SUP_sd,SUP_r1,SUP_kr,SUP_sk,INC_avg,INC_sd,INC_r1,INC_kr,INC_sk,IND_avg,IND_sd,IND_r1,IND_kr,IND_sk
376,0.2594000000,0.0399704891,0.1462890214,2.7343491667,0.1784566898,0.2266000000,0.0449047882,0.2731646567,3.5750263036,0.6101416629,0.5140000000,0.0475815090,0.0825254829,2.6241025609,0.0633838885,0.0688000000,0.0164487082,0.0975158006,3.2939743261,0.4619273171
