Instance,INF_avg,INF_sd,INF_r1,INF_kr,INF_sk,SUP_avg,SUP_sd,SUP_r1,SUP_kr,SUP_sk,INC_avg,INC_sd,INC_r1,INC_kr,INC_sk,IND_avg,IND_sd,IND_r1,IND_kr,IND_sk
400,0.2300000000,0.0927361850,-0.3524590164,2.4826933478,0.9704949588,0.3000000000,0.0632455532,-0.4285714286,1.5625000000,0.5929270613,0.4700000000,0.1435270009,-0.4518002323,1.4902912621,-0.5053005453,0.2100000000,0.0374165739,-0.5740740741,1.8469387755,-0.3436215967
