Instance,FV_avg_avg,FV_avg_sd,FV_sd_avg,FV_sd_sd,FV_r1_avg,FV_r1_sd,FV_kr_avg,FV_kr_sd,FV_sk_avg,FV_sk_sd,FD_avg_avg,FD_avg_sd,FD_sd_avg,FD_sd_sd,FD_r1_avg,FD_r1_sd,FD_kr_avg,FD_kr_sd,FD_sk_avg,FD_sk_sd,IN_avg_avg,IN_avg_sd,IN_sd_avg,IN_sd_sd,IN_r1_avg,IN_r1_sd,IN_kr_avg,IN_kr_sd,IN_sk_avg,IN_sk_sd
216,0.5011522457,0.3046984605,0.0005446773,0.0003700929,-0.0856339836,0.3841113910,1.9151610473,0.4652118589,0.0166307040,0.5706303370,-0.0000052593,0.0001513807,0.0002151602,0.0001604917,-0.2976904623,0.4000679779,1.6334210308,0.3894859116,0.0542380189,0.3894478782,0.4780000000,0.0616116872,0.1230034314,0.0398767585,-0.1385787739,0.3051549205,2.1233345207,0.5560225735,0.1446577649,0.7133126612
