Instance,FV_avg_avg,FV_avg_sd,FV_sd_avg,FV_sd_sd,FV_r1_avg,FV_r1_sd,FV_kr_avg,FV_kr_sd,FV_sk_avg,FV_sk_sd,FD_avg_avg,FD_avg_sd,FD_sd_avg,FD_sd_sd,FD_r1_avg,FD_r1_sd,FD_kr_avg,FD_kr_sd,FD_sk_avg,FD_sk_sd,IN_avg_avg,IN_avg_sd,IN_sd_avg,IN_sd_sd,IN_r1_avg,IN_r1_sd,IN_kr_avg,IN_kr_sd,IN_sk_avg,IN_sk_sd
99,0.4661086374,0.2839785872,0.0164013046,0.0095100161,0.9766955570,0.0101763704,1.9506846951,0.1731649662,0.3669086178,0.1358587104,-0.0005163512,0.0003088346,0.0003203538,0.0001968187,0.5860080799,0.1361151150,2.6739815794,0.6434075706,0.2000996582,0.3871418932,0.2791831665,0.0362045307,0.1461621466,0.0161104991,0.5266417536,0.1645671580,2.7685381897,0.9619181340,0.3629241128,0.4052809669
