Instance,FV_avg_avg,FV_avg_sd,FV_sd_avg,FV_sd_sd,FV_r1_avg,FV_r1_sd,FV_kr_avg,FV_kr_sd,FV_sk_avg,FV_sk_sd,FD_avg_avg,FD_avg_sd,FD_sd_avg,FD_sd_sd,FD_r1_avg,FD_r1_sd,FD_kr_avg,FD_kr_sd,FD_sk_avg,FD_sk_sd,IN_avg_avg,IN_avg_sd,IN_sd_avg,IN_sd_sd,IN_r1_avg,IN_r1_sd,IN_kr_avg,IN_kr_sd,IN_sk_avg,IN_sk_sd
21,0.4968603497,0.3019791694,0.0003800795,0.0002550175,0.5806781088,0.2239945750,2.3572824278,0.9079786981,-0.3855894894,0.5419560884,0.0000001221,0.0000170608,0.0000266344,0.0000154271,-0.1505000234,0.2163831853,2.3927037596,0.6675637359,0.0339354680,0.5523442688,0.4994500000,0.0203014162,0.0444903320,0.0112098331,-0.1487122273,0.2619663079,2.3234562079,0.6132592417,0.0764542549,0.4919982234
