Instance,FV_avg_avg,FV_avg_sd,FV_sd_avg,FV_sd_sd,FV_r1_avg,FV_r1_sd,FV_kr_avg,FV_kr_sd,FV_sk_avg,FV_sk_sd,FD_avg_avg,FD_avg_sd,FD_sd_avg,FD_sd_sd,FD_r1_avg,FD_r1_sd,FD_kr_avg,FD_kr_sd,FD_sk_avg,FD_sk_sd,IN_avg_avg,IN_avg_sd,IN_sd_avg,IN_sd_sd,IN_r1_avg,IN_r1_sd,IN_kr_avg,IN_kr_sd,IN_sk_avg,IN_sk_sd
66,0.4980787605,0.3022266962,0.0001880943,0.0001322712,0.2387142064,0.4793985603,1.7794508969,0.4943248293,-0.0551256651,0.5489029400,0.0000037180,0.0000176472,0.0000219826,0.0000143479,-0.2811126659,0.3527449887,2.1090617371,0.4771155927,-0.1049356085,0.7140683363,0.5155000000,0.0252655892,0.0374638697,0.0153902068,-0.2987206593,0.3861221914,2.0196916892,0.5297630057,-0.0597707038,0.6248343999
