Instance,INF_avg,INF_sd,INF_r1,INF_kr,INF_sk,SUP_avg,SUP_sd,SUP_r1,SUP_kr,SUP_sk,INC_avg,INC_sd,INC_r1,INC_kr,INC_sk,IND_avg,IND_sd,IND_r1,IND_kr,IND_sk
133,0.3586666667,0.0994562997,0.4647200723,2.2176609957,0.1117819741,0.1711111111,0.0834857865,0.6203704468,2.5110855151,0.3795880292,0.4702222222,0.0711957829,0.1725717001,3.3431332754,-0.0691559945,0.1160000000,0.0371423687,0.1699685749,3.0535458072,0.2722874821
