Instance,FV_avg_avg,FV_avg_sd,FV_sd_avg,FV_sd_sd,FV_r1_avg,FV_r1_sd,FV_kr_avg,FV_kr_sd,FV_sk_avg,FV_sk_sd,FD_avg_avg,FD_avg_sd,FD_sd_avg,FD_sd_sd,FD_r1_avg,FD_r1_sd,FD_kr_avg,FD_kr_sd,FD_sk_avg,FD_sk_sd,IN_avg_avg,IN_avg_sd,IN_sd_avg,IN_sd_sd,IN_r1_avg,IN_r1_sd,IN_kr_avg,IN_kr_sd,IN_sk_avg,IN_sk_sd
500,0.4998457758,0.3034151954,0.0004037888,0.0003297776,0.8129924352,0.1507175497,2.3846656764,0.6698558644,0.0311340393,0.5065751541,-0.0000028251,0.0000097075,0.0000130577,0.0000082054,-0.1303812393,0.1932244682,3.1134587369,1.0819349110,-0.0343619103,0.6122895421,0.4929400000,0.0176106899,0.0335325440,0.0059319892,-0.0279298422,0.2529153386,2.7142958038,0.7734977041,-0.1230961835,0.3357123738
