Instance,INF_avg,INF_sd,INF_r1,INF_kr,INF_sk,SUP_avg,SUP_sd,SUP_r1,SUP_kr,SUP_sk,INC_avg,INC_sd,INC_r1,INC_kr,INC_sk,IND_avg,IND_sd,IND_r1,IND_kr,IND_sk
325,0.2408000000,0.0695079852,-0.0763705825,2.6559650790,-0.4509458436,0.1980000000,0.0568858506,0.1645386778,2.6710890003,0.2263331632,0.5612000000,0.0785274474,0.3041831204,2.8184340852,0.3278483267,0.1400000000,0.0395979797,-0.3589743590,3.0664306539,0.6493837786
