Instance,FV_avg_avg,FV_avg_sd,FV_sd_avg,FV_sd_sd,FV_r1_avg,FV_r1_sd,FV_kr_avg,FV_kr_sd,FV_sk_avg,FV_sk_sd,FD_avg_avg,FD_avg_sd,FD_sd_avg,FD_sd_sd,FD_r1_avg,FD_r1_sd,FD_kr_avg,FD_kr_sd,FD_sk_avg,FD_sk_sd,IN_avg_avg,IN_avg_sd,IN_sd_avg,IN_sd_sd,IN_r1_avg,IN_r1_sd,IN_kr_avg,IN_kr_sd,IN_sk_avg,IN_sk_sd
28,0.4978135032,0.3020702074,0.0007774430,0.0005368217,0.7867188156,0.1645902808,2.1980161601,0.4506091135,0.0312663538,0.4120934247,-0.0000145743,0.0000502761,0.0001381240,0.0000859767,0.0407310909,0.2122117929,2.7606606044,0.8039986269,0.0404991666,0.4291224810,0.4944000000,0.0500783386,0.1608470989,0.0234309792,0.0005717209,0.2064611031,2.5808563730,0.5092931066,0.0743720902,0.3433260145
