Instance,FV_avg_avg,FV_avg_sd,FV_sd_avg,FV_sd_sd,FV_r1_avg,FV_r1_sd,FV_kr_avg,FV_kr_sd,FV_sk_avg,FV_sk_sd,FD_avg_avg,FD_avg_sd,FD_sd_avg,FD_sd_sd,FD_r1_avg,FD_r1_sd,FD_kr_avg,FD_kr_sd,FD_sk_avg,FD_sk_sd,IN_avg_avg,IN_avg_sd,IN_sd_avg,IN_sd_sd,IN_r1_avg,IN_r1_sd,IN_kr_avg,IN_kr_sd,IN_sk_avg,IN_sk_sd
435,0.4975257934,0.3024590552,0.0001930149,0.0001353222,0.4909411529,0.2780056365,2.3754195456,0.7531969747,0.0598531443,0.5373501091,0.0000002196,0.0000092941,0.0000224309,0.0000147693,-0.0113309137,0.3152862141,2.5393141427,0.6888590608,0.1370426456,0.5316053291,0.5071000000,0.0300830517,0.0599698545,0.0128924996,-0.0670693615,0.3555151994,2.3885994194,0.6173729655,0.2174772226,0.4429605240
