Instance,FV_avg_avg,FV_avg_sd,FV_sd_avg,FV_sd_sd,FV_r1_avg,FV_r1_sd,FV_kr_avg,FV_kr_sd,FV_sk_avg,FV_sk_sd,FD_avg_avg,FD_avg_sd,FD_sd_avg,FD_sd_sd,FD_r1_avg,FD_r1_sd,FD_kr_avg,FD_kr_sd,FD_sk_avg,FD_sk_sd,IN_avg_avg,IN_avg_sd,IN_sd_avg,IN_sd_sd,IN_r1_avg,IN_r1_sd,IN_kr_avg,IN_kr_sd,IN_sk_avg,IN_sk_sd
422,0.4997942229,0.3034739134,0.0000841632,0.0000550169,0.2304221730,0.3578514248,1.7743191639,0.4108742867,0.1363970187,0.4114246823,0.0000002696,0.0000048205,0.0000068529,0.0000065306,-0.2232321348,0.4427166144,2.0718365365,0.5086030848,-0.0161190093,0.6636124348,0.4943500000,0.0204041050,0.0316860547,0.0109313283,-0.2880532193,0.4142462023,1.8958241546,0.4257882185,0.1089199125,0.5581212025
