Instance,FV_avg_avg,FV_avg_sd,FV_sd_avg,FV_sd_sd,FV_r1_avg,FV_r1_sd,FV_kr_avg,FV_kr_sd,FV_sk_avg,FV_sk_sd,FD_avg_avg,FD_avg_sd,FD_sd_avg,FD_sd_sd,FD_r1_avg,FD_r1_sd,FD_kr_avg,FD_kr_sd,FD_sk_avg,FD_sk_sd,IN_avg_avg,IN_avg_sd,IN_sd_avg,IN_sd_sd,IN_r1_avg,IN_r1_sd,IN_kr_avg,IN_kr_sd,IN_sk_avg,IN_sk_sd
380,0.4543300609,0.2852055851,0.0223043655,0.0135254169,0.9966183183,0.0018082484,1.9536960027,0.0989533743,0.4081565774,0.0956640721,-0.0001044779,0.0000616711,0.0000539007,0.0000326004,0.9432618868,0.0066334872,2.0584263731,0.1268771091,0.3946106336,0.1100201345,0.2129890729,0.0193871067,0.1417866104,0.0055654481,0.9193866736,0.0129956494,2.2273021676,0.1178250907,0.5716903221,0.0968518616
