Instance,INF_avg,INF_sd,INF_r1,INF_kr,INF_sk,SUP_avg,SUP_sd,SUP_r1,SUP_kr,SUP_sk,INC_avg,INC_sd,INC_r1,INC_kr,INC_sk,IND_avg,IND_sd,IND_r1,IND_kr,IND_sk
447,0.2570000000,0.1058347769,0.0103391180,2.8510158753,0.4107586218,0.2630000000,0.0999049548,-0.0352383917,2.6156441754,-0.0741672763,0.4800000000,0.1157583690,0.0526976161,3.2370238360,0.3268517103,0.2170000000,0.0675351760,0.0413196289,2.2898128086,-0.0000779150
