Instance,FV_avg_avg,FV_avg_sd,FV_sd_avg,FV_sd_sd,FV_r1_avg,FV_r1_sd,FV_kr_avg,FV_kr_sd,FV_sk_avg,FV_sk_sd,FD_avg_avg,FD_avg_sd,FD_sd_avg,FD_sd_sd,FD_r1_avg,FD_r1_sd,FD_kr_avg,FD_kr_sd,FD_sk_avg,FD_sk_sd,IN_avg_avg,IN_avg_sd,IN_sd_avg,IN_sd_sd,IN_r1_avg,IN_r1_sd,IN_kr_avg,IN_kr_sd,IN_sk_avg,IN_sk_sd
343,0.4924611672,0.2998569485,0.0005204022,0.0003750985,0.4961855142,0.2804957342,2.2721455511,0.7438679890,-0.3095567851,0.5273775598,-0.0000030114,0.0000605942,0.0000917394,0.0000653125,-0.1792122048,0.2943446807,2.3454567156,0.6224032467,-0.0236731779,0.5589585889,0.4897500000,0.0403879623,0.0934081852,0.0240033526,-0.0197803588,0.3888054337,1.9334084213,0.4235492858,-0.0352400601,0.2916626721
