Instance,INF_avg,INF_sd,INF_r1,INF_kr,INF_sk,SUP_avg,SUP_sd,SUP_r1,SUP_kr,SUP_sk,INC_avg,INC_sd,INC_r1,INC_kr,INC_sk,IND_avg,IND_sd,IND_r1,IND_kr,IND_sk
191,0.2400000000,0.1288409873,0.1089108911,2.9853389461,0.4600795887,0.2610000000,0.1392084768,-0.0564969594,2.7289175139,0.3397912445,0.4990000000,0.1526400996,-0.1164810607,2.5170791327,0.3880083423,0.3790000000,0.1151477312,-0.0203171151,2.8367672950,0.1012468518
