Instance,INF_avg,INF_sd,INF_r1,INF_kr,INF_sk,SUP_avg,SUP_sd,SUP_r1,SUP_kr,SUP_sk,INC_avg,INC_sd,INC_r1,INC_kr,INC_sk,IND_avg,IND_sd,IND_r1,IND_kr,IND_sk
227,0.2035000000,0.0846330314,0.0850772384,3.0440882989,0.1748553824,0.2610000000,0.0955458005,0.0269217197,3.0061274577,0.3897011490,0.5355000000,0.1143011374,0.2117983740,2.5929742834,-0.1740320117,0.2390000000,0.0598247440,0.0643239317,4.2814618758,0.4994471162
