Instance,INF_avg,INF_sd,INF_r1,INF_kr,INF_sk,SUP_avg,SUP_sd,SUP_r1,SUP_kr,SUP_sk,INC_avg,INC_sd,INC_r1,INC_kr,INC_sk,IND_avg,IND_sd,IND_r1,IND_kr,IND_sk
450,0.4182170543,0.0957584948,0.8918663450,1.9672006020,-0.2809266728,0.0785077519,0.0661877317,0.9068571412,2.7171816698,0.8890050290,0.5032751938,0.0441437689,0.5028563899,2.7290145360,-0.1347493128,0.0463953488,0.0126211454,0.1288632116,2.9049874095,0.0617164467
