Instance,INF_avg,INF_sd,INF_r1,INF_kr,INF_sk,SUP_avg,SUP_sd,SUP_r1,SUP_kr,SUP_sk,INC_avg,INC_sd,INC_r1,INC_kr,INC_sk,IND_avg,IND_sd,IND_r1,IND_kr,IND_sk
283,0.3110638298,0.0778223302,0.2879760986,2.5620789062,0.4207542217,0.1468085106,0.0719664929,0.3842241989,2.7426562169,0.5994435347,0.5421276596,0.0791695237,-0.0650233361,2.4413759451,-0.2085896447,0.1289361702,0.0386602244,0.2043537479,2.4397769357,0.5402723163
