Instance,INF_avg,INF_sd,INF_r1,INF_kr,INF_sk,SUP_avg,SUP_sd,SUP_r1,SUP_kr,SUP_sk,INC_avg,INC_sd,INC_r1,INC_kr,INC_sk,IND_avg,IND_sd,IND_r1,IND_kr,IND_sk
286,0.2419000000,0.0451374567,-0.0255708081,3.2058413804,0.2521679167,0.2611000000,0.0427994159,0.2024872141,3.0997335428,-0.0481665824,0.4970000000,0.0523354564,0.0737861734,3.0072547484,-0.2518507297,0.0688000000,0.0196102014,0.0643496990,2.5704651385,-0.0867033643
