Instance,INF_avg,INF_sd,INF_r1,INF_kr,INF_sk,SUP_avg,SUP_sd,SUP_r1,SUP_kr,SUP_sk,INC_avg,INC_sd,INC_r1,INC_kr,INC_sk,IND_avg,IND_sd,IND_r1,IND_kr,IND_sk
258,0.2620000000,0.0428952212,-0.3022871554,2.7752741021,0.5528131765,0.2576000000,0.0494190247,-0.2693807592,2.5880046300,-0.1305960783,0.4804000000,0.0445851993,-0.4531598621,3.6857718366,0.6694765260,0.0620000000,0.0149666295,-0.1235549133,1.8316326531,0.0859053992
