Instance,INF_avg,INF_sd,INF_r1,INF_kr,INF_sk,SUP_avg,SUP_sd,SUP_r1,SUP_kr,SUP_sk,INC_avg,INC_sd,INC_r1,INC_kr,INC_sk,IND_avg,IND_sd,IND_r1,IND_kr,IND_sk
386,0.2800000000,0.1148912529,0.2328684051,2.8016528926,0.3956310363,0.2420000000,0.1386939076,-0.0522652844,2.0575139382,0.0757804967,0.4780000000,0.1591100248,0.2284355766,2.4623822540,0.0053385906,0.3600000000,0.1095445115,-0.1631016043,2.5200000000,0.3834057903
