Instance,INF_avg,INF_sd,INF_r1,INF_kr,INF_sk,SUP_avg,SUP_sd,SUP_r1,SUP_kr,SUP_sk,INC_avg,INC_sd,INC_r1,INC_kr,INC_sk,IND_avg,IND_sd,IND_r1,IND_kr,IND_sk
77,0.2086000000,0.0363323547,-0.0568654540,2.8767811080,0.2328372475,0.2792000000,0.0499135252,-0.1503932139,2.7684631995,-0.2053855905,0.5122000000,0.0517026112,-0.0901009004,3.0217506824,-0.1139829090,0.0718000000,0.0196662147,0.0704727883,3.2855413344,-0.2043537344
