Instance,INF_avg,INF_sd,INF_r1,INF_kr,INF_sk,SUP_avg,SUP_sd,SUP_r1,SUP_kr,SUP_sk,INC_avg,INC_sd,INC_r1,INC_kr,INC_sk,IND_avg,IND_sd,IND_r1,IND_kr,IND_sk
467,0.2904000000,0.0540725439,0.0444398174,2.0737286283,0.2847025923,0.2576000000,0.0517130544,0.2841490947,2.3574798034,0.2851071143,0.4520000000,0.0636867333,-0.1767722593,2.3521410315,0.3571475714,0.0624000000,0.0163168624,0.1100242033,4.0957883575,0.6052316003
