Instance,INF_avg,INF_sd,INF_r1,INF_kr,INF_sk,SUP_avg,SUP_sd,SUP_r1,SUP_kr,SUP_sk,INC_avg,INC_sd,INC_r1,INC_kr,INC_sk,IND_avg,IND_sd,IND_r1,IND_kr,IND_sk
347,0.2376000000,0.0358641883,-0.1216506857,3.6951950569,0.5301273931,0.2206000000,0.0340975072,0.2653300959,2.8656681587,0.5060658459,0.5418000000,0.0282800283,-0.0571697688,4.6623623528,1.0549681936,0.0440000000,0.0106770783,0.3066337332,2.7317636196,0.3105521375
