Instance,FV_avg_avg,FV_avg_sd,FV_sd_avg,FV_sd_sd,FV_r1_avg,FV_r1_sd,FV_kr_avg,FV_kr_sd,FV_sk_avg,FV_sk_sd,FD_avg_avg,FD_avg_sd,FD_sd_avg,FD_sd_sd,FD_r1_avg,FD_r1_sd,FD_kr_avg,FD_kr_sd,FD_sk_avg,FD_sk_sd,IN_avg_avg,IN_avg_sd,IN_sd_avg,IN_sd_sd,IN_r1_avg,IN_r1_sd,IN_kr_avg,IN_kr_sd,IN_sk_avg,IN_sk_sd
409,0.4960610385,0.3008960341,0.0013037010,0.0008746476,0.8706851148,0.0661137634,2.0323697521,0.4696649513,-0.0832194253,0.4661254322,0.0000207252,0.0000310505,0.0000425256,0.0000278497,0.1841955014,0.1960254233,2.8325177962,0.5845256671,-0.2032254302,0.4037624068,0.5098400000,0.0245306013,0.0377073659,0.0048967904,0.0812329598,0.1871919464,2.5625937044,0.5239213251,-0.0846687876,0.4517018522
