Instance,INF_avg,INF_sd,INF_r1,INF_kr,INF_sk,SUP_avg,SUP_sd,SUP_r1,SUP_kr,SUP_sk,INC_avg,INC_sd,INC_r1,INC_kr,INC_sk,IND_avg,IND_sd,IND_r1,IND_kr,IND_sk
234,0.2200000000,0.0748331477,-0.4814814815,1.8469387755,-0.3436215967,0.3600000000,0.1200000000,-0.2500000000,3.2500000000,1.5000000000,0.4200000000,0.1720465053,-1.0175438596,2.6519357195,-1.0179522960,0.4000000000,0.1095445115,-0.3333333333,2.5000000000,0.9128709292
