Instance,INF_avg,INF_sd,INF_r1,INF_kr,INF_sk,SUP_avg,SUP_sd,SUP_r1,SUP_kr,SUP_sk,INC_avg,INC_sd,INC_r1,INC_kr,INC_sk,IND_avg,IND_sd,IND_r1,IND_kr,IND_sk
395,0.2788000000,0.0596536671,0.2312343557,3.5803355968,-0.1725421940,0.2368000000,0.0627834373,0.2100880558,3.8077422567,0.6405181455,0.4844000000,0.0560414133,-0.0439424972,2.5378291299,-0.2042069678,0.1096000000,0.0310457727,0.0017737218,4.5478299286,1.0318654366
