Instance,INF_avg,INF_sd,INF_r1,INF_kr,INF_sk,SUP_avg,SUP_sd,SUP_r1,SUP_kr,SUP_sk,INC_avg,INC_sd,INC_r1,INC_kr,INC_sk,IND_avg,IND_sd,IND_r1,IND_kr,IND_sk
129,0.2312000000,0.0509368236,0.0870532388,3.0095378644,-0.4184527162,0.2520000000,0.0527636238,0.2477876106,3.1072136346,0.3058533486,0.5168000000,0.0532706298,-0.0716970537,5.3953846004,-1.2632510930,0.1024000000,0.0267252689,-0.3740220311,2.4738987166,-0.4210102779
