Instance,INF_avg,INF_sd,INF_r1,INF_kr,INF_sk,SUP_avg,SUP_sd,SUP_r1,SUP_kr,SUP_sk,INC_avg,INC_sd,INC_r1,INC_kr,INC_sk,IND_avg,IND_sd,IND_r1,IND_kr,IND_sk
371,0.2296000000,0.0332842305,0.1685259867,4.1419444286,-0.7981462746,0.2392000000,0.0313585714,0.1518490056,2.2853117264,0.0817393141,0.5312000000,0.0382956917,0.0330875600,2.4455837916,-0.2115513577,0.0636000000,0.0185213390,-0.0725726489,3.5454052615,0.9393964743
