Instance,FV_avg_avg,FV_avg_sd,FV_sd_avg,FV_sd_sd,FV_r1_avg,FV_r1_sd,FV_kr_avg,FV_kr_sd,FV_sk_avg,FV_sk_sd,FD_avg_avg,FD_avg_sd,FD_sd_avg,FD_sd_sd,FD_r1_avg,FD_r1_sd,FD_kr_avg,FD_kr_sd,FD_sk_avg,FD_sk_sd,IN_avg_avg,IN_avg_sd,IN_sd_avg,IN_sd_sd,IN_r1_avg,IN_r1_sd,IN_kr_avg,IN_kr_sd,IN_sk_avg,IN_sk_sd
218,0.4988043526,0.3024323871,0.0020161786,0.0014733732,0.9558451186,0.0318734896,2.4407485041,0.6044933335,-0.0363851331,0.5951532645,-0.0000182529,0.0000576006,0.0000822786,0.0000496852,0.0614718585,0.1377937720,2.9997906846,0.4254570784,0.0095401033,0.2466389549,0.4890300000,0.0293694586,0.0732741805,0.0056025422,0.0467757286,0.1274211142,3.2800217637,0.4819028773,-0.0711733632,0.3123332220
