Instance,INF_avg,INF_sd,INF_r1,INF_kr,INF_sk,SUP_avg,SUP_sd,SUP_r1,SUP_kr,SUP_sk,INC_avg,INC_sd,INC_r1,INC_kr,INC_sk,IND_avg,IND_sd,IND_r1,IND_kr,IND_sk
40,0.2724000000,0.0514221742,0.0410680773,2.4813818106,0.5162633025,0.1858000000,0.0270436684,0.3132183971,4.0568490676,0.6372638850,0.5418000000,0.0479140898,-0.0236097938,1.9848667723,0.1969291959,0.0440000000,0.0066332496,-0.1328480437,1.9070247934,0.3700366502
