Instance,FV_avg_avg,FV_avg_sd,FV_sd_avg,FV_sd_sd,FV_r1_avg,FV_r1_sd,FV_kr_avg,FV_kr_sd,FV_sk_avg,FV_sk_sd,FD_avg_avg,FD_avg_sd,FD_sd_avg,FD_sd_sd,FD_r1_avg,FD_r1_sd,FD_kr_avg,FD_kr_sd,FD_sk_avg,FD_sk_sd,IN_avg_avg,IN_avg_sd,IN_sd_avg,IN_sd_sd,IN_r1_avg,IN_r1_sd,IN_kr_avg,IN_kr_sd,IN_sk_avg,IN_sk_sd
246,0.4967765769,0.3024164844,0.0017649225,0.0014093436,0.5183530635,0.2424511629,2.2232493126,0.5284923595,-0.0598078273,0.5557933916,0.0000352322,0.0001895091,0.0001495722,0.0001111977,0.0055676916,0.3719400289,2.3617841722,0.7360356128,-0.1814113251,0.4165317874,0.4982500000,0.0508909373,0.0478395640,0.0127642515,-0.0826983149,0.3722158627,2.1434545647,0.4758296444,-0.0245121901,0.3774016299
