Instance,FV_avg_avg,FV_avg_sd,FV_sd_avg,FV_sd_sd,FV_r1_avg,FV_r1_sd,FV_kr_avg,FV_kr_sd,FV_sk_avg,FV_sk_sd,FD_avg_avg,FD_avg_sd,FD_sd_avg,FD_sd_sd,FD_r1_avg,FD_r1_sd,FD_kr_avg,FD_kr_sd,FD_sk_avg,FD_sk_sd,IN_avg_avg,IN_avg_sd,IN_sd_avg,IN_sd_sd,IN_r1_avg,IN_r1_sd,IN_kr_avg,IN_kr_sd,IN_sk_avg,IN_sk_sd
443,0.4558102383,0.2870630244,0.0202259668,0.0121051163,0.9888341313,0.0069452749,2.2274108993,0.1604685399,0.6409176999,0.1238377381,-0.0003161240,0.0001854335,0.0001223406,0.0000740830,0.9549481272,0.0151432688,2.7826851435,0.2894430209,0.8682588592,0.1487395121,0.1557775834,0.0289497491,0.1315477328,0.0086547715,0.9473625803,0.0117735172,2.9913010575,0.3806983752,0.9828602096,0.1823933721
