Instance,FV_avg_avg,FV_avg_sd,FV_sd_avg,FV_sd_sd,FV_r1_avg,FV_r1_sd,FV_kr_avg,FV_kr_sd,FV_sk_avg,FV_sk_sd,FD_avg_avg,FD_avg_sd,FD_sd_avg,FD_sd_sd,FD_r1_avg,FD_r1_sd,FD_kr_avg,FD_kr_sd,FD_sk_avg,FD_sk_sd,IN_avg_avg,IN_avg_sd,IN_sd_avg,IN_sd_sd,IN_r1_avg,IN_r1_sd,IN_kr_avg,IN_kr_sd,IN_sk_avg,IN_sk_sd
496,0.4910320709,0.2983240215,0.0027833412,0.0021324898,0.9289327523,0.0558998370,2.3744230555,0.6092378225,-0.0625154690,0.4043366454,-0.0000050989,0.0000506577,0.0002079845,0.0001298318,0.1316899805,0.1319352096,2.8967294387,0.3373152282,-0.1270951415,0.2192570487,0.4980750000,0.0266201404,0.1174560621,0.0112020528,0.0872743490,0.1112303277,2.7444224012,0.2813667888,-0.1103333852,0.1937944520
