Instance,FV_avg_avg,FV_avg_sd,FV_sd_avg,FV_sd_sd,FV_r1_avg,FV_r1_sd,FV_kr_avg,FV_kr_sd,FV_sk_avg,FV_sk_sd,FD_avg_avg,FD_avg_sd,FD_sd_avg,FD_sd_sd,FD_r1_avg,FD_r1_sd,FD_kr_avg,FD_kr_sd,FD_sk_avg,FD_sk_sd,IN_avg_avg,IN_avg_sd,IN_sd_avg,IN_sd_sd,IN_r1_avg,IN_r1_sd,IN_kr_avg,IN_kr_sd,IN_sk_avg,IN_sk_sd
233,0.4988455986,0.3023332899,0.0002336938,0.0001893727,0.4052884778,0.3639871140,2.5737888622,0.9676466956,0.0328409169,0.7103339792,0.0000084403,0.0000255461,0.0000691588,0.0000454225,-0.0439336819,0.3005963482,2.4272406497,0.6927483163,0.0411548491,0.5270155807,0.5155000000,0.0442125548,0.1569480811,0.0319734238,-0.0103520904,0.2998928063,2.1402250839,0.4575504072,0.0901637678,0.4667260745
