Instance,FV_avg_avg,FV_avg_sd,FV_sd_avg,FV_sd_sd,FV_r1_avg,FV_r1_sd,FV_kr_avg,FV_kr_sd,FV_sk_avg,FV_sk_sd,FD_avg_avg,FD_avg_sd,FD_sd_avg,FD_sd_sd,FD_r1_avg,FD_r1_sd,FD_kr_avg,FD_kr_sd,FD_sk_avg,FD_sk_sd,IN_avg_avg,IN_avg_sd,IN_sd_avg,IN_sd_sd,IN_r1_avg,IN_r1_sd,IN_kr_avg,IN_kr_sd,IN_sk_avg,IN_sk_sd
448,0.5024186029,0.3048895234,0.0002442271,0.0002105479,0.5746930790,0.2833495051,2.2264998251,0.4452537410,-0.2054703841,0.5529974570,-0.0000006642,0.0000142333,0.0000157004,0.0000103640,-0.1203814615,0.2074496924,2.3765161261,0.5332802734,0.0150180496,0.5978530879,0.5047500000,0.0278637309,0.0451463853,0.0117623932,-0.0179926590,0.2975298781,2.6171297494,0.7812254411,-0.0271040686,0.6377495950
