Instance,INF_avg,INF_sd,INF_r1,INF_kr,INF_sk,SUP_avg,SUP_sd,SUP_r1,SUP_kr,SUP_sk,INC_avg,INC_sd,INC_r1,INC_kr,INC_sk,IND_avg,IND_sd,IND_r1,IND_kr,IND_sk
171,0.3000000000,0.0774596669,-0.1666666667,1.6666666667,0.0000000000,0.2000000000,0.0894427191,-0.2500000000,3.1250000000,0.8385254916,0.5000000000,0.1341640786,-0.1666666667,3.1481481481,-0.7453559925,0.3500000000,0.1024695077,-0.2195121951,1.8707482993,0.0000000000
