Instance,INF_avg,INF_sd,INF_r1,INF_kr,INF_sk,SUP_avg,SUP_sd,SUP_r1,SUP_kr,SUP_sk,INC_avg,INC_sd,INC_r1,INC_kr,INC_sk,IND_avg,IND_sd,IND_r1,IND_kr,IND_sk
387,0.2728000000,0.0687906970,0.2253865075,2.7273718853,0.0821676044,0.1968000000,0.0705248892,0.3731546277,2.3382098685,0.1571977511,0.5304000000,0.0627043858,0.0074177068,2.2453711960,0.0968661397,0.1252000000,0.0392550634,0.0428314797,2.8379949554,0.0552221749
