Instance,FV_avg_avg,FV_avg_sd,FV_sd_avg,FV_sd_sd,FV_r1_avg,FV_r1_sd,FV_kr_avg,FV_kr_sd,FV_sk_avg,FV_sk_sd,FD_avg_avg,FD_avg_sd,FD_sd_avg,FD_sd_sd,FD_r1_avg,FD_r1_sd,FD_kr_avg,FD_kr_sd,FD_sk_avg,FD_sk_sd,IN_avg_avg,IN_avg_sd,IN_sd_avg,IN_sd_sd,IN_r1_avg,IN_r1_sd,IN_kr_avg,IN_kr_sd,IN_sk_avg,IN_sk_sd
66,0.5014248029,0.3045302397,0.0005544600,0.0004732187,0.7805764115,0.1590244216,2.3676326354,0.5851927918,-0.0096172979,0.4931012761,-0.0000083696,0.0000203384,0.0000409467,0.0000260847,-0.0855931150,0.2462915469,2.6418586452,0.7364397786,-0.0550593793,0.4416470138,0.4931200000,0.0218260761,0.0675183812,0.0114872193,-0.0953614210,0.2152311708,2.6939036081,0.5287207439,-0.0504253371,0.3229236559
