Instance,INF_avg,INF_sd,INF_r1,INF_kr,INF_sk,SUP_avg,SUP_sd,SUP_r1,SUP_kr,SUP_sk,INC_avg,INC_sd,INC_r1,INC_kr,INC_sk,IND_avg,IND_sd,IND_r1,IND_kr,IND_sk
313,0.2480000000,0.0692531588,-0.1170714454,4.9124875400,0.7941996438,0.2330000000,0.0791264810,0.0061932649,3.1528509057,0.5686673452,0.5190000000,0.0915914843,0.0887377144,2.8968469927,-0.2961264448,0.2420000000,0.0750732975,-0.0075511458,3.1754482111,0.1318229083
