Instance,INF_avg,INF_sd,INF_r1,INF_kr,INF_sk,SUP_avg,SUP_sd,SUP_r1,SUP_kr,SUP_sk,INC_avg,INC_sd,INC_r1,INC_kr,INC_sk,IND_avg,IND_sd,IND_r1,IND_kr,IND_sk
423,0.2184000000,0.0571090186,-0.4376964778,2.3855110605,0.3898847263,0.3040000000,0.0627375486,-0.2658950114,2.3953004164,0.4369733082,0.4776000000,0.0543529208,-0.2622940408,2.8274202232,-0.3875882071,0.1024000000,0.0336190422,0.2361527464,2.3366630798,0.1139137620
