Instance,FV_avg_avg,FV_avg_sd,FV_sd_avg,FV_sd_sd,FV_r1_avg,FV_r1_sd,FV_kr_avg,FV_kr_sd,FV_sk_avg,FV_sk_sd,FD_avg_avg,FD_avg_sd,FD_sd_avg,FD_sd_sd,FD_r1_avg,FD_r1_sd,FD_kr_avg,FD_kr_sd,FD_sk_avg,FD_sk_sd,IN_avg_avg,IN_avg_sd,IN_sd_avg,IN_sd_sd,IN_r1_avg,IN_r1_sd,IN_kr_avg,IN_kr_sd,IN_sk_avg,IN_sk_sd
37,0.5016784932,0.3045673847,0.0009310380,0.0007905290,0.5072532168,0.3208291288,2.2295287268,0.8598315829,-0.1731136568,0.6420547853,-0.0000069703,0.0000592798,0.0000922471,0.0000576766,-0.0663807233,0.3377572086,2.5881687448,0.7852169354,-0.2177035622,0.5874431408,0.4942000000,0.0348132159,0.0621435796,0.0158926244,-0.1171656791,0.3298905312,2.7798394661,1.1509795123,-0.1407959323,0.7315241106
