Instance,INF_avg,INF_sd,INF_r1,INF_kr,INF_sk,SUP_avg,SUP_sd,SUP_r1,SUP_kr,SUP_sk,INC_avg,INC_sd,INC_r1,INC_kr,INC_sk,IND_avg,IND_sd,IND_r1,IND_kr,IND_sk
426,0.2380000000,0.0201494417,0.6428571429,1.5460336334,-0.1474206282,0.2180000000,0.0524022900,-0.8673916572,1.8363467434,0.6364566204,0.5440000000,0.0478957201,-0.8494179497,1.4315123262,0.1197566839,0.0390000000,0.0101980390,-0.6570327553,1.3731508876,-0.1527442976
