Instance,FV_avg_avg,FV_avg_sd,FV_sd_avg,FV_sd_sd,FV_r1_avg,FV_r1_sd,FV_kr_avg,FV_kr_sd,FV_sk_avg,FV_sk_sd,FD_avg_avg,FD_avg_sd,FD_sd_avg,FD_sd_sd,FD_r1_avg,FD_r1_sd,FD_kr_avg,FD_kr_sd,FD_sk_avg,FD_sk_sd,IN_avg_avg,IN_avg_sd,IN_sd_avg,IN_sd_sd,IN_r1_avg,IN_r1_sd,IN_kr_avg,IN_kr_sd,IN_sk_avg,IN_sk_sd
201,0.4923317756,0.3001146214,0.0026720573,0.0023704774,0.8519226385,0.0892322003,2.4381668103,0.4895915546,-0.0622479760,0.4367922864,0.0000325046,0.0001025572,0.0001503410,0.0001016351,0.2407384806,0.2229727462,2.7811737421,0.4235487883,0.0453206140,0.3638205394,0.5047700000,0.0269126197,0.0586080665,0.0125519936,0.1578727274,0.1896291924,2.7412573253,0.5156259499,0.0177863695,0.3337687923
