Instance,INF_avg,INF_sd,INF_r1,INF_kr,INF_sk,SUP_avg,SUP_sd,SUP_r1,SUP_kr,SUP_sk,INC_avg,INC_sd,INC_r1,INC_kr,INC_sk,IND_avg,IND_sd,IND_r1,IND_kr,IND_sk
221,0.3200000000,0.1142365966,0.1367626675,3.1245871317,0.2978291504,0.2275000000,0.0970502447,-0.0041229858,2.5117930084,0.1869683264,0.4525000000,0.1134405130,-0.0319314070,2.8566980251,0.2309974407,0.2190000000,0.0684762733,0.0570771663,2.6662610127,0.2752166326
