Instance,FV_avg_avg,FV_avg_sd,FV_sd_avg,FV_sd_sd,FV_r1_avg,FV_r1_sd,FV_kr_avg,FV_kr_sd,FV_sk_avg,FV_sk_sd,FD_avg_avg,FD_avg_sd,FD_sd_avg,FD_sd_sd,FD_r1_avg,FD_r1_sd,FD_kr_avg,FD_kr_sd,FD_sk_avg,FD_sk_sd,IN_avg_avg,IN_avg_sd,IN_sd_avg,IN_sd_sd,IN_r1_avg,IN_r1_sd,IN_kr_avg,IN_kr_sd,IN_sk_avg,IN_sk_sd
11,0.4804507393,0.2915742411,0.0108095854,0.0069888755,0.9938497790,0.0044364799,1.8619786436,0.0787365866,0.2509471809,0.0872808501,-0.0001077729,0.0000668127,0.0000588214,0.0000352806,0.4506548491,0.0983705627,3.0496776311,0.4611767757,0.2307954776,0.2388197839,0.2860477232,0.0362010775,0.1256683353,0.0094429040,0.4027317804,0.1024364166,3.0840240018,0.5293189771,0.4218426828,0.2446829131
