Instance,FV_avg_avg,FV_avg_sd,FV_sd_avg,FV_sd_sd,FV_r1_avg,FV_r1_sd,FV_kr_avg,FV_kr_sd,FV_sk_avg,FV_sk_sd,FD_avg_avg,FD_avg_sd,FD_sd_avg,FD_sd_sd,FD_r1_avg,FD_r1_sd,FD_kr_avg,FD_kr_sd,FD_sk_avg,FD_sk_sd,IN_avg_avg,IN_avg_sd,IN_sd_avg,IN_sd_sd,IN_r1_avg,IN_r1_sd,IN_kr_avg,IN_kr_sd,IN_sk_avg,IN_sk_sd
443,0.4993949347,0.3032733048,0.0008542940,0.0006802383,0.8794113912,0.1221360641,2.3525590372,0.6066544281,0.0476232044,0.5619147923,-0.0000098472,0.0000150475,0.0000663588,0.0000409791,0.0634908692,0.1063308442,2.8784103241,0.4435018514,0.0964467207,0.2557231571,0.4865000000,0.0184078787,0.1087568147,0.0089919548,0.0444901630,0.1166298056,2.7640898450,0.4681579622,0.0372263117,0.3054851227
