Instance,FV_avg_avg,FV_avg_sd,FV_sd_avg,FV_sd_sd,FV_r1_avg,FV_r1_sd,FV_kr_avg,FV_kr_sd,FV_sk_avg,FV_sk_sd,FD_avg_avg,FD_avg_sd,FD_sd_avg,FD_sd_sd,FD_r1_avg,FD_r1_sd,FD_kr_avg,FD_kr_sd,FD_sk_avg,FD_sk_sd,IN_avg_avg,IN_avg_sd,IN_sd_avg,IN_sd_sd,IN_r1_avg,IN_r1_sd,IN_kr_avg,IN_kr_sd,IN_sk_avg,IN_sk_sd
294,0.4946547984,0.3008321475,0.0011423378,0.0009474475,0.7772219812,0.1695093433,2.4193127000,0.7211839926,0.0303210113,0.5726866451,-0.0000125560,0.0000449957,0.0001198762,0.0000717406,-0.0231589497,0.2035085902,2.6803438806,0.6413246088,0.0443021867,0.4409071867,0.4973000000,0.0300418042,0.1103054305,0.0144191542,-0.0197480739,0.1471812581,3.0226378333,0.7964884677,0.0796529986,0.5280288650
