Instance,FV_avg_avg,FV_avg_sd,FV_sd_avg,FV_sd_sd,FV_r1_avg,FV_r1_sd,FV_kr_avg,FV_kr_sd,FV_sk_avg,FV_sk_sd,FD_avg_avg,FD_avg_sd,FD_sd_avg,FD_sd_sd,FD_r1_avg,FD_r1_sd,FD_kr_avg,FD_kr_sd,FD_sk_avg,FD_sk_sd,IN_avg_avg,IN_avg_sd,IN_sd_avg,IN_sd_sd,IN_r1_avg,IN_r1_sd,IN_kr_avg,IN_kr_sd,IN_sk_avg,IN_sk_sd
450,0.4977842422,0.3026194127,0.0001439498,0.0001288442,0.2018144703,0.3811071181,1.7826852768,0.4483105805,0.0515207120,0.4268164721,-0.0000049032,0.0000163148,0.0000251164,0.0000172441,-0.2427442796,0.2582439638,2.2009173832,0.3956766387,0.0982513056,0.5962689883,0.4834000000,0.0334251402,0.0625509069,0.0181819705,-0.2548661953,0.4304071537,2.0381514165,0.4506670834,-0.0217808978,0.6038042983
