Instance,INF_avg,INF_sd,INF_r1,INF_kr,INF_sk,SUP_avg,SUP_sd,SUP_r1,SUP_kr,SUP_sk,INC_avg,INC_sd,INC_r1,INC_kr,INC_sk,IND_avg,IND_sd,IND_r1,IND_kr,IND_sk
473,0.3126530612,0.0927312445,0.2961490506,2.5743694933,0.1571027668,0.1571428571,0.0875983412,0.7065644243,2.5253010412,0.3264416229,0.5302040816,0.0696489681,-0.0614217021,2.4488442028,0.1144924440,0.1212244898,0.0390516483,0.1669736565,2.9899130166,0.5062735091
