Instance,FV_avg_avg,FV_avg_sd,FV_sd_avg,FV_sd_sd,FV_r1_avg,FV_r1_sd,FV_kr_avg,FV_kr_sd,FV_sk_avg,FV_sk_sd,FD_avg_avg,FD_avg_sd,FD_sd_avg,FD_sd_sd,FD_r1_avg,FD_r1_sd,FD_kr_avg,FD_kr_sd,FD_sk_avg,FD_sk_sd,IN_avg_avg,IN_avg_sd,IN_sd_avg,IN_sd_sd,IN_r1_avg,IN_r1_sd,IN_kr_avg,IN_kr_sd,IN_sk_avg,IN_sk_sd
198,0.4926862149,0.3000225138,0.0010927033,0.0009302834,0.9427728671,0.0475600905,2.1886142884,0.5171881775,-0.0061344160,0.3585762024,0.0000060814,0.0000195455,0.0000228889,0.0000139140,0.1259330941,0.1254414896,2.8247491300,0.4174762218,0.0574370727,0.1939483555,0.5058825000,0.0220373505,0.0373458293,0.0026744917,0.0957334163,0.1252577396,2.8505273941,0.4972317943,0.0928270279,0.2047153445
