Instance,FV_avg_avg,FV_avg_sd,FV_sd_avg,FV_sd_sd,FV_r1_avg,FV_r1_sd,FV_kr_avg,FV_kr_sd,FV_sk_avg,FV_sk_sd,FD_avg_avg,FD_avg_sd,FD_sd_avg,FD_sd_sd,FD_r1_avg,FD_r1_sd,FD_kr_avg,FD_kr_sd,FD_sk_avg,FD_sk_sd,IN_avg_avg,IN_avg_sd,IN_sd_avg,IN_sd_sd,IN_r1_avg,IN_r1_sd,IN_kr_avg,IN_kr_sd,IN_sk_avg,IN_sk_sd
465,0.4994163486,0.3026562549,0.0005838397,0.0004270688,0.2136513862,0.3750793351,1.9022940763,0.5532951857,0.0081818208,0.5750410269,-0.0000345543,0.0000968227,0.0001817294,0.0001183692,-0.2993856040,0.3895842880,1.8919627627,0.4122023922,0.1670587235,0.4444145125,0.4660000000,0.0580000000,0.1275451665,0.0425703007,-0.2559051394,0.3039882501,1.9906546347,0.4040535296,0.0354050716,0.5030274887
