Instance,INF_avg,INF_sd,INF_r1,INF_kr,INF_sk,SUP_avg,SUP_sd,SUP_r1,SUP_kr,SUP_sk,INC_avg,INC_sd,INC_r1,INC_kr,INC_sk,IND_avg,IND_sd,IND_r1,IND_kr,IND_sk
432,0.2800000000,0.1720465053,-0.4769647696,2.6519357195,1.0179522960,0.1800000000,0.1720465053,-0.4013840830,2.6519357195,1.0179522960,0.5400000000,0.1959591794,-0.9230769231,1.1666666667,-0.4082482905,0.3400000000,0.0800000000,-0.5492957746,2.0781250000,-0.8437500000
