Instance,FV_avg_avg,FV_avg_sd,FV_sd_avg,FV_sd_sd,FV_r1_avg,FV_r1_sd,FV_kr_avg,FV_kr_sd,FV_sk_avg,FV_sk_sd,FD_avg_avg,FD_avg_sd,FD_sd_avg,FD_sd_sd,FD_r1_avg,FD_r1_sd,FD_kr_avg,FD_kr_sd,FD_sk_avg,FD_sk_sd,IN_avg_avg,IN_avg_sd,IN_sd_avg,IN_sd_sd,IN_r1_avg,IN_r1_sd,IN_kr_avg,IN_kr_sd,IN_sk_avg,IN_sk_sd
303,0.4940168559,0.3009667897,0.0010873882,0.0006818821,0.7952735890,0.1209277092,2.4208883817,0.5761985871,0.0538514209,0.4745226867,0.0000169955,0.0000623701,0.0000502826,0.0000333364,0.0424938996,0.2408956581,2.6180546057,0.5751124310,-0.0410162749,0.3877975007,0.5034600000,0.0370968516,0.0373261071,0.0070009808,0.0219014356,0.1858240120,2.9288771044,1.0300219547,-0.1330146370,0.4753080586
