Instance,FV_avg_avg,FV_avg_sd,FV_sd_avg,FV_sd_sd,FV_r1_avg,FV_r1_sd,FV_kr_avg,FV_kr_sd,FV_sk_avg,FV_sk_sd,FD_avg_avg,FD_avg_sd,FD_sd_avg,FD_sd_sd,FD_r1_avg,FD_r1_sd,FD_kr_avg,FD_kr_sd,FD_sk_avg,FD_sk_sd,IN_avg_avg,IN_avg_sd,IN_sd_avg,IN_sd_sd,IN_r1_avg,IN_r1_sd,IN_kr_avg,IN_kr_sd,IN_sk_avg,IN_sk_sd
0,0.4997546469,0.3034663000,0.0001151167,0.0001017640,0.0292935550,0.4069319494,2.0348747658,0.4418153093,-0.0942403795,0.5870003239,0.0000015094,0.0000084630,0.0000121864,0.0000085667,-0.2025407409,0.4260714555,1.9964133392,0.5036798673,0.0778496734,0.6394446835,0.5018000000,0.0238905839,0.0443685253,0.0189059241,-0.2640120749,0.3987351558,1.8881783119,0.4536988367,-0.0939501102,0.5177809808
