Instance,INF_avg,INF_sd,INF_r1,INF_kr,INF_sk,SUP_avg,SUP_sd,SUP_r1,SUP_kr,SUP_sk,INC_avg,INC_sd,INC_r1,INC_kr,INC_sk,IND_avg,IND_sd,IND_r1,IND_kr,IND_sk
20,0.2810000000,0.0413884042,0.2014404471,2.6122962041,0.1032464283,0.2456000000,0.0358418750,0.0161378645,2.0601226178,0.2120244088,0.4734000000,0.0430632094,0.1298539664,3.0008507598,-0.2315930783,0.0632000000,0.0171394282,-0.0726372766,2.3364891708,-0.1455574368
