Instance,FV_avg_avg,FV_avg_sd,FV_sd_avg,FV_sd_sd,FV_r1_avg,FV_r1_sd,FV_kr_avg,FV_kr_sd,FV_sk_avg,FV_sk_sd,FD_avg_avg,FD_avg_sd,FD_sd_avg,FD_sd_sd,FD_r1_avg,FD_r1_sd,FD_kr_avg,FD_kr_sd,FD_sk_avg,FD_sk_sd,IN_avg_avg,IN_avg_sd,IN_sd_avg,IN_sd_sd,IN_r1_avg,IN_r1_sd,IN_kr_avg,IN_kr_sd,IN_sk_avg,IN_sk_sd
95,0.4930716215,0.2996918090,0.0019722446,0.0014112497,0.8525772165,0.0979535307,2.2630958915,0.2388752173,-0.0744547901,0.3329796624,-0.0000220390,0.0000787689,0.0002250285,0.0001449963,0.1281866641,0.2394167345,2.8026748737,0.5809226852,-0.0142386069,0.2083768271,0.4885500000,0.0433341378,0.1191325718,0.0089989070,0.1216913469,0.2176589850,2.7381710732,0.4193189941,0.1411889604,0.3145440994
