Instance,INF_avg,INF_sd,INF_r1,INF_kr,INF_sk,SUP_avg,SUP_sd,SUP_r1,SUP_kr,SUP_sk,INC_avg,INC_sd,INC_r1,INC_kr,INC_sk,IND_avg,IND_sd,IND_r1,IND_kr,IND_sk
347,0.2216000000,0.0473015856,-0.0786046569,3.0200788479,0.2673627483,0.2536000000,0.0562053378,-0.1258185129,2.6660218380,0.0150697719,0.5248000000,0.0820302383,-0.3842030071,2.9336335487,0.7425517703,0.1112000000,0.0325355191,-0.2164819687,2.1782604627,0.3387684468
