Instance,FV_avg_avg,FV_avg_sd,FV_sd_avg,FV_sd_sd,FV_r1_avg,FV_r1_sd,FV_kr_avg,FV_kr_sd,FV_sk_avg,FV_sk_sd,FD_avg_avg,FD_avg_sd,FD_sd_avg,FD_sd_sd,FD_r1_avg,FD_r1_sd,FD_kr_avg,FD_kr_sd,FD_sk_avg,FD_sk_sd,IN_avg_avg,IN_avg_sd,IN_sd_avg,IN_sd_sd,IN_r1_avg,IN_r1_sd,IN_kr_avg,IN_kr_sd,IN_sk_avg,IN_sk_sd
464,0.4935800645,0.3000507720,0.0036260566,0.0024287053,0.9281190603,0.0486403937,2.7200771689,0.7098452610,-0.2228191712,0.4965171520,0.0000233534,0.0000888668,0.0003143475,0.0001932113,0.1388812190,0.1257010236,2.9830053085,0.5192501852,-0.0532083584,0.2423055494,0.5084000000,0.0326682568,0.1235841711,0.0139347641,0.1374504370,0.1372118589,2.8921936317,0.4018295050,-0.0302349298,0.2449497533
