Instance,INF_avg,INF_sd,INF_r1,INF_kr,INF_sk,SUP_avg,SUP_sd,SUP_r1,SUP_kr,SUP_sk,INC_avg,INC_sd,INC_r1,INC_kr,INC_sk,IND_avg,IND_sd,IND_r1,IND_kr,IND_sk
63,0.2532000000,0.0565133613,0.0572860406,3.1298895102,-0.4554978819,0.2384000000,0.0620760824,-0.0632926530,2.7020987911,0.1067722340,0.5084000000,0.0597447906,-0.1664447597,2.8313887434,-0.2197486303,0.1064000000,0.0328487443,-0.0192117699,2.2544399556,0.1845187723
