Instance,FV_avg_avg,FV_avg_sd,FV_sd_avg,FV_sd_sd,FV_r1_avg,FV_r1_sd,FV_kr_avg,FV_kr_sd,FV_sk_avg,FV_sk_sd,FD_avg_avg,FD_avg_sd,FD_sd_avg,FD_sd_sd,FD_r1_avg,FD_r1_sd,FD_kr_avg,FD_kr_sd,FD_sk_avg,FD_sk_sd,IN_avg_avg,IN_avg_sd,IN_sd_avg,IN_sd_sd,IN_r1_avg,IN_r1_sd,IN_kr_avg,IN_kr_sd,IN_sk_avg,IN_sk_sd
37,0.4984174508,0.3030316335,0.0013631026,0.0010262139,0.7778551756,0.1652499941,2.2459826074,0.5517840057,-0.0860087893,0.4363710884,0.0000009965,0.0000504308,0.0000792387,0.0000526058,0.0397968016,0.2220383007,2.8272963589,0.7096749331,-0.0654091344,0.4010462671,0.5007600000,0.0238538550,0.0490662766,0.0079822617,-0.0586182699,0.2483583519,2.6840136882,0.5742190364,-0.0597306330,0.3508303480
