Instance,FV_avg_avg,FV_avg_sd,FV_sd_avg,FV_sd_sd,FV_r1_avg,FV_r1_sd,FV_kr_avg,FV_kr_sd,FV_sk_avg,FV_sk_sd,FD_avg_avg,FD_avg_sd,FD_sd_avg,FD_sd_sd,FD_r1_avg,FD_r1_sd,FD_kr_avg,FD_kr_sd,FD_sk_avg,FD_sk_sd,IN_avg_avg,IN_avg_sd,IN_sd_avg,IN_sd_sd,IN_r1_avg,IN_r1_sd,IN_kr_avg,IN_kr_sd,IN_sk_avg,IN_sk_sd
480,0.5003179136,0.3041049115,0.0002545487,0.0001490754,0.7735160979,0.1506817179,2.3669602437,0.8070110451,-0.0916757034,0.5342619714,-0.0000025411,0.0000124823,0.0000476364,0.0000304529,-0.0656373099,0.1547542595,2.8450010486,0.6293971361,-0.0198726178,0.4250490434,0.4990000000,0.0339145986,0.1490631126,0.0169996605,-0.0297790946,0.1629741368,2.6921881803,0.4657098022,-0.0114512575,0.4209336209
