Instance,INF_avg,INF_sd,INF_r1,INF_kr,INF_sk,SUP_avg,SUP_sd,SUP_r1,SUP_kr,SUP_sk,INC_avg,INC_sd,INC_r1,INC_kr,INC_sk,IND_avg,IND_sd,IND_r1,IND_kr,IND_sk
486,0.2650000000,0.1444818328,0.0313665712,2.5525949299,0.1474606794,0.2570000000,0.1576419995,0.0137058124,2.4820310800,0.5297392499,0.4780000000,0.1603620903,0.0237702227,2.5495081891,-0.0029331661,0.3490000000,0.1081619157,0.1108003756,3.1451807370,0.4525084727
