Instance,FV_avg_avg,FV_avg_sd,FV_sd_avg,FV_sd_sd,FV_r1_avg,FV_r1_sd,FV_kr_avg,FV_kr_sd,FV_sk_avg,FV_sk_sd,FD_avg_avg,FD_avg_sd,FD_sd_avg,FD_sd_sd,FD_r1_avg,FD_r1_sd,FD_kr_avg,FD_kr_sd,FD_sk_avg,FD_sk_sd,IN_avg_avg,IN_avg_sd,IN_sd_avg,IN_sd_sd,IN_r1_avg,IN_r1_sd,IN_kr_avg,IN_kr_sd,IN_sk_avg,IN_sk_sd
22,0.5002689604,0.3034396615,0.0002315327,0.0001373447,0.1878585709,0.4635882414,1.9482449978,0.4141143436,-0.1421656791,0.4892657430,0.0000143108,0.0000368401,0.0000556312,0.0000441032,-0.2977371625,0.3919525625,2.0251524484,0.3385530431,0.0328122400,0.5176370585,0.5110000000,0.0546717477,0.0908149661,0.0263180913,-0.3735454369,0.3319609459,2.0402180244,0.4396160476,0.0983358840,0.5143645200
