Instance,INF_avg,INF_sd,INF_r1,INF_kr,INF_sk,SUP_avg,SUP_sd,SUP_r1,SUP_kr,SUP_sk,INC_avg,INC_sd,INC_r1,INC_kr,INC_sk,IND_avg,IND_sd,IND_r1,IND_kr,IND_sk
8,0.2770000000,0.1427270122,0.1766818254,2.2281130009,0.1815193323,0.2530000000,0.1330075186,0.2043779875,2.3035822775,0.0120074660,0.4700000000,0.1526433752,-0.0462150361,2.8702867984,0.0910984796,0.3760000000,0.1225724276,-0.0142555783,3.2774959426,0.2039349763
