Instance,FV_avg_avg,FV_avg_sd,FV_sd_avg,FV_sd_sd,FV_r1_avg,FV_r1_sd,FV_kr_avg,FV_kr_sd,FV_sk_avg,FV_sk_sd,FD_avg_avg,FD_avg_sd,FD_sd_avg,FD_sd_sd,FD_r1_avg,FD_r1_sd,FD_kr_avg,FD_kr_sd,FD_sk_avg,FD_sk_sd,IN_avg_avg,IN_avg_sd,IN_sd_avg,IN_sd_sd,IN_r1_avg,IN_r1_sd,IN_kr_avg,IN_kr_sd,IN_sk_avg,IN_sk_sd
39,0.5003343335,0.3040226810,0.0005490579,0.0005609365,0.8782244563,0.0930267396,2.3242308918,0.4456220084,-0.0302017754,0.5689431211,-0.0000035530,0.0000174526,0.0000521477,0.0000324919,-0.0955732520,0.1853175314,2.4296393402,0.3952517029,0.0224226750,0.3548295182,0.4962000000,0.0284949118,0.1103787486,0.0148368412,-0.0525099186,0.1679878554,2.6790564133,0.5448606840,0.1424232483,0.3652752396
