Instance,INF_avg,INF_sd,INF_r1,INF_kr,INF_sk,SUP_avg,SUP_sd,SUP_r1,SUP_kr,SUP_sk,INC_avg,INC_sd,INC_r1,INC_kr,INC_sk,IND_avg,IND_sd,IND_r1,IND_kr,IND_sk
265,0.2800000000,0.0400000000,-0.0000000000,2.0500000000,-0.0000000000,0.2400000000,0.0726636085,0.0800000000,1.8939393939,0.5504818826,0.4800000000,0.0669328021,0.6774193548,1.4094387755,0.4802257805,0.1200000000,0.0252982213,0.0000000000,2.5000000000,0.0000000000
