Instance,INF_avg,INF_sd,INF_r1,INF_kr,INF_sk,SUP_avg,SUP_sd,SUP_r1,SUP_kr,SUP_sk,INC_avg,INC_sd,INC_r1,INC_kr,INC_sk,IND_avg,IND_sd,IND_r1,IND_kr,IND_sk
24,0.2340000000,0.1002197585,-0.1636251999,2.2017241223,0.1452483074,0.2830000000,0.1075220908,0.1405169184,2.6013831134,0.2389452715,0.4830000000,0.1249439875,0.0619940531,3.1448895889,-0.1917077094,0.2065000000,0.0684306218,-0.0154336116,2.7750831272,0.0925646816
