Instance,FV_avg_avg,FV_avg_sd,FV_sd_avg,FV_sd_sd,FV_r1_avg,FV_r1_sd,FV_kr_avg,FV_kr_sd,FV_sk_avg,FV_sk_sd,FD_avg_avg,FD_avg_sd,FD_sd_avg,FD_sd_sd,FD_r1_avg,FD_r1_sd,FD_kr_avg,FD_kr_sd,FD_sk_avg,FD_sk_sd,IN_avg_avg,IN_avg_sd,IN_sd_avg,IN_sd_sd,IN_r1_avg,IN_r1_sd,IN_kr_avg,IN_kr_sd,IN_sk_avg,IN_sk_sd
131,0.4981964613,0.3029177289,0.0007047058,0.0006256598,0.8361497278,0.1481911991,2.1980658725,0.7002694783,0.0429267930,0.5681777757,-0.0000050289,0.0000197164,0.0000459522,0.0000312932,-0.0957954326,0.2159457823,2.6749037690,0.6416721760,-0.0459622410,0.3369623780,0.4912000000,0.0262577988,0.0669318945,0.0087412525,-0.0302825602,0.1447810674,2.9322850370,0.7640123282,-0.0092165930,0.4720304184
