Instance,FV_avg_avg,FV_avg_sd,FV_sd_avg,FV_sd_sd,FV_r1_avg,FV_r1_sd,FV_kr_avg,FV_kr_sd,FV_sk_avg,FV_sk_sd,FD_avg_avg,FD_avg_sd,FD_sd_avg,FD_sd_sd,FD_r1_avg,FD_r1_sd,FD_kr_avg,FD_kr_sd,FD_sk_avg,FD_sk_sd,IN_avg_avg,IN_avg_sd,IN_sd_avg,IN_sd_sd,IN_r1_avg,IN_r1_sd,IN_kr_avg,IN_kr_sd,IN_sk_avg,IN_sk_sd
97,0.4974473920,0.3023728372,0.0003773511,0.0002839485,0.8216964059,0.1270668501,2.4678019364,0.5339594624,0.2303007975,0.5075619191,0.0000086904,0.0000170840,0.0000450360,0.0000281807,-0.0121601588,0.1657106903,3.2055808700,0.8193363306,-0.2162603866,0.5583248012,0.5130000000,0.0279821372,0.1108790297,0.0174310293,-0.0451828107,0.1702461112,3.3142667308,0.8921732856,-0.1015597001,0.4518775979
