Instance,FV_avg_avg,FV_avg_sd,FV_sd_avg,FV_sd_sd,FV_r1_avg,FV_r1_sd,FV_kr_avg,FV_kr_sd,FV_sk_avg,FV_sk_sd,FD_avg_avg,FD_avg_sd,FD_sd_avg,FD_sd_sd,FD_r1_avg,FD_r1_sd,FD_kr_avg,FD_kr_sd,FD_sk_avg,FD_sk_sd,IN_avg_avg,IN_avg_sd,IN_sd_avg,IN_sd_sd,IN_r1_avg,IN_r1_sd,IN_kr_avg,IN_kr_sd,IN_sk_avg,IN_sk_sd
35,0.4991242268,0.3025463527,0.0005144605,0.0004221452,0.9414137526,0.0475330101,2.2538262294,0.4209138033,-0.1581966321,0.4060434841,-0.0000018427,0.0000048751,0.0000095275,0.0000057387,0.0440375248,0.1057302571,2.9344315559,0.4226991437,-0.0157549275,0.2472252554,0.4922050000,0.0136563072,0.0356067990,0.0020060203,0.0102268066,0.1397703200,2.8304670073,0.4760087785,0.0049246706,0.2435164994
