Instance,INF_avg,INF_sd,INF_r1,INF_kr,INF_sk,SUP_avg,SUP_sd,SUP_r1,SUP_kr,SUP_sk,INC_avg,INC_sd,INC_r1,INC_kr,INC_sk,IND_avg,IND_sd,IND_r1,IND_kr,IND_sk
100,0.1980000000,0.1043839068,0.0554262513,2.3074886633,0.1058444591,0.2560000000,0.0822435408,-0.1827591147,3.5221625882,0.7784210874,0.5460000000,0.1080925529,0.0495179637,3.1009762851,-0.0393743747,0.2420000000,0.0757363849,-0.1893337473,2.6185553474,0.1339152829
