Instance,INF_avg,INF_sd,INF_r1,INF_kr,INF_sk,SUP_avg,SUP_sd,SUP_r1,SUP_kr,SUP_sk,INC_avg,INC_sd,INC_r1,INC_kr,INC_sk,IND_avg,IND_sd,IND_r1,IND_kr,IND_sk
25,0.2680000000,0.1406271666,-0.1433914001,2.5512516888,0.1694558573,0.2450000000,0.1194780315,-0.0181870001,3.5869997945,0.6987486555,0.4870000000,0.1425868157,-0.1523768962,2.5014694935,0.0638531587,0.3540000000,0.1043264108,-0.0586982397,2.8297443178,-0.0005918157
