Instance,FV_avg_avg,FV_avg_sd,FV_sd_avg,FV_sd_sd,FV_r1_avg,FV_r1_sd,FV_kr_avg,FV_kr_sd,FV_sk_avg,FV_sk_sd,FD_avg_avg,FD_avg_sd,FD_sd_avg,FD_sd_sd,FD_r1_avg,FD_r1_sd,FD_kr_avg,FD_kr_sd,FD_sk_avg,FD_sk_sd,IN_avg_avg,IN_avg_sd,IN_sd_avg,IN_sd_sd,IN_r1_avg,IN_r1_sd,IN_kr_avg,IN_kr_sd,IN_sk_avg,IN_sk_sd
174,0.4996621357,0.3040021062,0.0005603186,0.0004477848,0.8162253877,0.1506038504,2.3277287853,0.5060241686,-0.0862620279,0.4441700903,-0.0000026025,0.0000221501,0.0000564915,0.0000356041,-0.0308158444,0.2097812181,2.5838749622,0.5313221679,-0.0004066147,0.4186797000,0.4942000000,0.0255882786,0.1036186155,0.0149927491,0.0001227065,0.2485094630,2.6282774446,0.3657290846,-0.0519903786,0.4163614327
