Instance,FV_avg_avg,FV_avg_sd,FV_sd_avg,FV_sd_sd,FV_r1_avg,FV_r1_sd,FV_kr_avg,FV_kr_sd,FV_sk_avg,FV_sk_sd,FD_avg_avg,FD_avg_sd,FD_sd_avg,FD_sd_sd,FD_r1_avg,FD_r1_sd,FD_kr_avg,FD_kr_sd,FD_sk_avg,FD_sk_sd,IN_avg_avg,IN_avg_sd,IN_sd_avg,IN_sd_sd,IN_r1_avg,IN_r1_sd,IN_kr_avg,IN_kr_sd,IN_sk_avg,IN_sk_sd
503,0.4834745344,0.2934976741,0.0064582451,0.0043690622,0.7966839279,0.1236604194,2.4173109455,0.6042364170,0.0927813798,0.3400604160,-0.0000973662,0.0004918567,0.0005615263,0.0003518095,0.4182490260,0.2660661814,2.6123021460,0.6942060997,0.0400939684,0.4114890372,0.4877600000,0.0594641943,0.0722292357,0.0132033899,0.3479203164,0.2916407813,2.7305422845,0.8500910415,0.0957321682,0.3572073826
