Instance,INF_avg,INF_sd,INF_r1,INF_kr,INF_sk,SUP_avg,SUP_sd,SUP_r1,SUP_kr,SUP_sk,INC_avg,INC_sd,INC_r1,INC_kr,INC_sk,IND_avg,IND_sd,IND_r1,IND_kr,IND_sk
225,0.2750000000,0.0559016994,-0.0612244898,3.1760000000,-0.6439875775,0.2800000000,0.0979795897,-0.6527196653,2.3873697917,0.0095683193,0.4450000000,0.0820060973,-0.5321680922,2.7116402482,0.1604740590,0.1900000000,0.0624499800,-0.6978609626,2.0295857988,0.0739053018
