Instance,FV_avg_avg,FV_avg_sd,FV_sd_avg,FV_sd_sd,FV_r1_avg,FV_r1_sd,FV_kr_avg,FV_kr_sd,FV_sk_avg,FV_sk_sd,FD_avg_avg,FD_avg_sd,FD_sd_avg,FD_sd_sd,FD_r1_avg,FD_r1_sd,FD_kr_avg,FD_kr_sd,FD_sk_avg,FD_sk_sd,IN_avg_avg,IN_avg_sd,IN_sd_avg,IN_sd_sd,IN_r1_avg,IN_r1_sd,IN_kr_avg,IN_kr_sd,IN_sk_avg,IN_sk_sd
74,0.4633427838,0.2806449861,0.0170180563,0.0105621599,0.9929344456,0.0023293999,1.9908154684,0.0709999917,0.4537452873,0.0796150758,-0.0002080833,0.0001298855,0.0000972884,0.0000600486,0.8799251459,0.0395121043,2.5044627135,0.3750617480,0.6122343722,0.1570666254,0.2110185479,0.0192952196,0.1346611074,0.0071712793,0.8317795675,0.0317250525,2.8293137965,0.3404228090,0.7721833875,0.1585417084
