Instance,FV_avg_avg,FV_avg_sd,FV_sd_avg,FV_sd_sd,FV_r1_avg,FV_r1_sd,FV_kr_avg,FV_kr_sd,FV_sk_avg,FV_sk_sd,FD_avg_avg,FD_avg_sd,FD_sd_avg,FD_sd_sd,FD_r1_avg,FD_r1_sd,FD_kr_avg,FD_kr_sd,FD_sk_avg,FD_sk_sd,IN_avg_avg,IN_avg_sd,IN_sd_avg,IN_sd_sd,IN_r1_avg,IN_r1_sd,IN_kr_avg,IN_kr_sd,IN_sk_avg,IN_sk_sd
463,0.4948470082,0.3014403661,0.0017961168,0.0012559234,0.9324180032,0.0425911109,2.5466587434,0.7582355099,0.1892010900,0.4052868968,0.0000037575,0.0000346250,0.0001228561,0.0000754355,0.0712460152,0.1225447597,3.1065333661,0.7575419921,0.0370707555,0.2445648311,0.5021250000,0.0282413150,0.1154320686,0.0077201056,0.0541227997,0.1325147000,2.8710821307,0.3733310560,0.0302775886,0.3030824912
