Instance,INF_avg,INF_sd,INF_r1,INF_kr,INF_sk,SUP_avg,SUP_sd,SUP_r1,SUP_kr,SUP_sk,INC_avg,INC_sd,INC_r1,INC_kr,INC_sk,IND_avg,IND_sd,IND_r1,IND_kr,IND_sk
246,0.2104000000,0.0350119979,0.2381811929,2.6052940274,-0.1748888182,0.2890000000,0.0420238028,0.2116038460,2.7092577938,-0.0837577413,0.5006000000,0.0404924684,0.0357028362,3.2187114249,-0.0758598439,0.0374000000,0.0119682914,0.1100720348,3.3531494879,0.7378054686
