Instance,FV_avg_avg,FV_avg_sd,FV_sd_avg,FV_sd_sd,FV_r1_avg,FV_r1_sd,FV_kr_avg,FV_kr_sd,FV_sk_avg,FV_sk_sd,FD_avg_avg,FD_avg_sd,FD_sd_avg,FD_sd_sd,FD_r1_avg,FD_r1_sd,FD_kr_avg,FD_kr_sd,FD_sk_avg,FD_sk_sd,IN_avg_avg,IN_avg_sd,IN_sd_avg,IN_sd_sd,IN_r1_avg,IN_r1_sd,IN_kr_avg,IN_kr_sd,IN_sk_avg,IN_sk_sd
412,0.4997777240,0.3031440745,0.0002467772,0.0001639626,0.5784280108,0.2571479822,2.3920665936,0.5741617026,-0.1896509190,0.5781412474,-0.0000013629,0.0000134701,0.0000198594,0.0000132588,0.0432473532,0.2081435135,2.3370625108,0.6332259312,-0.1547783431,0.4356044177,0.4968500000,0.0262702779,0.0460213031,0.0097718810,-0.0126402190,0.2341962819,2.3431772467,0.5489550216,-0.1244261365,0.4536198750
