Instance,INF_avg,INF_sd,INF_r1,INF_kr,INF_sk,SUP_avg,SUP_sd,SUP_r1,SUP_kr,SUP_sk,INC_avg,INC_sd,INC_r1,INC_kr,INC_sk,IND_avg,IND_sd,IND_r1,IND_kr,IND_sk
105,0.2110000000,0.1441492282,-0.0403378423,3.5928870161,0.8089275719,0.2730000000,0.1247838131,0.0230834974,3.0320625296,0.3658933594,0.5160000000,0.1501465950,0.0839981829,2.9563356522,-0.0609198810,0.3590000000,0.1241732660,0.0231288318,2.7030297192,0.2483292326
