Instance,FV_avg_avg,FV_avg_sd,FV_sd_avg,FV_sd_sd,FV_r1_avg,FV_r1_sd,FV_kr_avg,FV_kr_sd,FV_sk_avg,FV_sk_sd,FD_avg_avg,FD_avg_sd,FD_sd_avg,FD_sd_sd,FD_r1_avg,FD_r1_sd,FD_kr_avg,FD_kr_sd,FD_sk_avg,FD_sk_sd,IN_avg_avg,IN_avg_sd,IN_sd_avg,IN_sd_sd,IN_r1_avg,IN_r1_sd,IN_kr_avg,IN_kr_sd,IN_sk_avg,IN_sk_sd
410,0.4946053959,0.3009439554,0.0007081308,0.0006636797,0.5142399537,0.3868653607,2.3213715299,0.8418175541,0.0085873570,0.6304954209,0.0000023838,0.0000427867,0.0001003712,0.0000758128,-0.0157038985,0.3603565649,2.6698316970,0.6109898545,-0.0257950106,0.6669846941,0.4877500000,0.0452071620,0.1046269687,0.0249388737,-0.0407727372,0.3351533377,2.4758254732,0.6691002944,0.0660339953,0.6009370390
