Instance,FV_avg_avg,FV_avg_sd,FV_sd_avg,FV_sd_sd,FV_r1_avg,FV_r1_sd,FV_kr_avg,FV_kr_sd,FV_sk_avg,FV_sk_sd,FD_avg_avg,FD_avg_sd,FD_sd_avg,FD_sd_sd,FD_r1_avg,FD_r1_sd,FD_kr_avg,FD_kr_sd,FD_sk_avg,FD_sk_sd,IN_avg_avg,IN_avg_sd,IN_sd_avg,IN_sd_sd,IN_r1_avg,IN_r1_sd,IN_kr_avg,IN_kr_sd,IN_sk_avg,IN_sk_sd
372,0.4932349532,0.2996578147,0.0019309318,0.0014038610,0.8913408576,0.0886386515,2.6690531737,1.1016305026,-0.2331703414,0.6464400235,-0.0000004593,0.0000670273,0.0000716891,0.0000449614,0.0751491860,0.1617449182,2.8414705065,0.5257730590,-0.0742969412,0.2760523469,0.5003600000,0.0291856540,0.0514038643,0.0052259669,0.0584868572,0.1191260591,2.9571446333,0.5684508570,-0.1015909551,0.2909050182
