Instance,INF_avg,INF_sd,INF_r1,INF_kr,INF_sk,SUP_avg,SUP_sd,SUP_r1,SUP_kr,SUP_sk,INC_avg,INC_sd,INC_r1,INC_kr,INC_sk,IND_avg,IND_sd,IND_r1,IND_kr,IND_sk
228,0.2200000000,0.0632455532,0.7058823529,1.3480000000,-0.0000000000,0.3040000000,0.0598665182,-0.0960960961,1.5061383929,-0.0590599619,0.4760000000,0.0427083130,-0.7075664622,1.7206832872,0.1380231722,0.1040000000,0.0080000000,-0.3157894737,3.2500000000,1.5000000000
