Instance,INF_avg,INF_sd,INF_r1,INF_kr,INF_sk,SUP_avg,SUP_sd,SUP_r1,SUP_kr,SUP_sk,INC_avg,INC_sd,INC_r1,INC_kr,INC_sk,IND_avg,IND_sd,IND_r1,IND_kr,IND_sk
408,0.2640000000,0.1162067124,0.1186545506,2.7837874262,0.5767626957,0.2400000000,0.1496662955,-0.3252148997,2.8609693878,0.5870202278,0.4960000000,0.1561537704,0.1627076826,2.1020935375,0.0033280339,0.3760000000,0.1209297317,-0.0815727185,3.1063854747,-0.0753462134
