Instance,INF_avg,INF_sd,INF_r1,INF_kr,INF_sk,SUP_avg,SUP_sd,SUP_r1,SUP_kr,SUP_sk,INC_avg,INC_sd,INC_r1,INC_kr,INC_sk,IND_avg,IND_sd,IND_r1,IND_kr,IND_sk
472,0.2526315789,0.1601592006,0.1955829878,4.0888491340,0.9515796043,0.2578947368,0.1350079509,0.0199980200,2.3212322503,0.0248834418,0.4894736842,0.1552408548,-0.0264539845,2.6060166468,-0.2464410113,0.3421052632,0.1310515747,0.1810344828,2.2478355879,0.5930867883
