Instance,INF_avg,INF_sd,INF_r1,INF_kr,INF_sk,SUP_avg,SUP_sd,SUP_r1,SUP_kr,SUP_sk,INC_avg,INC_sd,INC_r1,INC_kr,INC_sk,IND_avg,IND_sd,IND_r1,IND_kr,IND_sk
183,0.2464000000,0.0523740394,0.1484882354,3.9404009712,0.5982809693,0.2280000000,0.0527636238,0.2385491746,2.1321839080,0.3215381357,0.5256000000,0.0592000000,-0.1033052374,2.2549347415,-0.3108502951,0.1272000000,0.0387318990,-0.2746183173,2.2886281436,0.1793901938
