Instance,FV_avg_avg,FV_avg_sd,FV_sd_avg,FV_sd_sd,FV_r1_avg,FV_r1_sd,FV_kr_avg,FV_kr_sd,FV_sk_avg,FV_sk_sd,FD_avg_avg,FD_avg_sd,FD_sd_avg,FD_sd_sd,FD_r1_avg,FD_r1_sd,FD_kr_avg,FD_kr_sd,FD_sk_avg,FD_sk_sd,IN_avg_avg,IN_avg_sd,IN_sd_avg,IN_sd_sd,IN_r1_avg,IN_r1_sd,IN_kr_avg,IN_kr_sd,IN_sk_avg,IN_sk_sd
495,0.4846418076,0.2954639145,0.0023952243,0.0017397862,0.7826239544,0.1503666482,2.2657182040,0.4140738106,-0.0092411840,0.4222721492,0.0000209106,0.0001444601,0.0003136541,0.0002025273,0.0482474700,0.1893184911,2.7870449691,0.8511844788,-0.0580004701,0.4906266790,0.4969000000,0.0439384797,0.1096416476,0.0149502208,-0.0226567275,0.2171762027,2.7717425779,0.9097965177,-0.1294072264,0.4507049425
