Instance,FV_avg_avg,FV_avg_sd,FV_sd_avg,FV_sd_sd,FV_r1_avg,FV_r1_sd,FV_kr_avg,FV_kr_sd,FV_sk_avg,FV_sk_sd,FD_avg_avg,FD_avg_sd,FD_sd_avg,FD_sd_sd,FD_r1_avg,FD_r1_sd,FD_kr_avg,FD_kr_sd,FD_sk_avg,FD_sk_sd,IN_avg_avg,IN_avg_sd,IN_sd_avg,IN_sd_sd,IN_r1_avg,IN_r1_sd,IN_kr_avg,IN_kr_sd,IN_sk_avg,IN_sk_sd
317,0.4635837017,0.2817146892,0.0165122531,0.0100108597,0.9968604854,0.0010952333,1.9938352016,0.0678218958,0.4282343486,0.0721301561,-0.0000652358,0.0000398405,0.0000346870,0.0000208515,0.8488447750,0.0231123942,2.2251637192,0.1179670917,0.3177847340,0.1254306158,0.2567743349,0.0200412138,0.1396821398,0.0066740906,0.8157178082,0.0293190756,2.2711016778,0.1539180695,0.4209377326,0.1194729549
