Instance,FV_avg_avg,FV_avg_sd,FV_sd_avg,FV_sd_sd,FV_r1_avg,FV_r1_sd,FV_kr_avg,FV_kr_sd,FV_sk_avg,FV_sk_sd,FD_avg_avg,FD_avg_sd,FD_sd_avg,FD_sd_sd,FD_r1_avg,FD_r1_sd,FD_kr_avg,FD_kr_sd,FD_sk_avg,FD_sk_sd,IN_avg_avg,IN_avg_sd,IN_sd_avg,IN_sd_sd,IN_r1_avg,IN_r1_sd,IN_kr_avg,IN_kr_sd,IN_sk_avg,IN_sk_sd
369,0.4987964211,0.3029181920,0.0004491817,0.0003534414,0.8295924437,0.0903755325,2.3293033886,0.5767207889,-0.1156926902,0.5033046354,0.0000015628,0.0000199312,0.0000777235,0.0000461578,-0.1376326801,0.1520843132,2.6122686579,0.5236648187,0.0910907739,0.3575003970,0.4936000000,0.0309166622,0.1521447388,0.0183078797,-0.0620977273,0.1800114287,2.5713447312,0.6390790286,-0.0393473625,0.4381183025
