Instance,FV_avg_avg,FV_avg_sd,FV_sd_avg,FV_sd_sd,FV_r1_avg,FV_r1_sd,FV_kr_avg,FV_kr_sd,FV_sk_avg,FV_sk_sd,FD_avg_avg,FD_avg_sd,FD_sd_avg,FD_sd_sd,FD_r1_avg,FD_r1_sd,FD_kr_avg,FD_kr_sd,FD_sk_avg,FD_sk_sd,IN_avg_avg,IN_avg_sd,IN_sd_avg,IN_sd_sd,IN_r1_avg,IN_r1_sd,IN_kr_avg,IN_kr_sd,IN_sk_avg,IN_sk_sd
343,0.4741588646,0.2868173380,0.0124061245,0.0080697603,0.9852380772,0.0044261540,1.9575242735,0.1113874630,0.3509208070,0.1113981765,-0.0002496063,0.0001684341,0.0001609189,0.0000989020,0.6286893780,0.0700333853,2.5784316802,0.3730756543,0.2138070530,0.3057146823,0.2963686496,0.0438770722,0.1480737810,0.0099404449,0.5313245057,0.0977537316,2.6352161565,0.3131791127,0.3665118822,0.2799045635
