Instance,FV_avg_avg,FV_avg_sd,FV_sd_avg,FV_sd_sd,FV_r1_avg,FV_r1_sd,FV_kr_avg,FV_kr_sd,FV_sk_avg,FV_sk_sd,FD_avg_avg,FD_avg_sd,FD_sd_avg,FD_sd_sd,FD_r1_avg,FD_r1_sd,FD_kr_avg,FD_kr_sd,FD_sk_avg,FD_sk_sd,IN_avg_avg,IN_avg_sd,IN_sd_avg,IN_sd_sd,IN_r1_avg,IN_r1_sd,IN_kr_avg,IN_kr_sd,IN_sk_avg,IN_sk_sd
96,0.5023017321,0.3043814638,0.0004352849,0.0003442077,0.1183807578,0.3522477971,1.9833741856,0.5071461154,-0.1082964433,0.6425664195,-0.0000257291,0.0000593491,0.0000546839,0.0000381084,-0.2797413836,0.3484411422,1.9485685888,0.3757476194,-0.0343525115,0.5867904678,0.4714000000,0.0614267043,0.0661724285,0.0223161311,-0.1764793925,0.3461248497,2.2408967556,0.5348582895,-0.0962878393,0.8022902106
