Instance,INF_avg,INF_sd,INF_r1,INF_kr,INF_sk,SUP_avg,SUP_sd,SUP_r1,SUP_kr,SUP_sk,INC_avg,INC_sd,INC_r1,INC_kr,INC_sk,IND_avg,IND_sd,IND_r1,IND_kr,IND_sk
481,0.2420000000,0.0541848687,-0.1544289847,2.2159975945,0.4411177496,0.2620000000,0.0481248377,0.0114408295,4.4288347786,-1.3987800364,0.4960000000,0.0632771681,-0.0120240481,3.8509412665,1.1853090029,0.0740000000,0.0149666295,-0.2769784173,3.7123724490,1.2671046380
