Instance,INF_avg,INF_sd,INF_r1,INF_kr,INF_sk,SUP_avg,SUP_sd,SUP_r1,SUP_kr,SUP_sk,INC_avg,INC_sd,INC_r1,INC_kr,INC_sk,IND_avg,IND_sd,IND_r1,IND_kr,IND_sk
460,0.2620000000,0.1340000000,-0.1937221372,2.9491727532,0.4662541603,0.2360000000,0.1292439554,0.0886241102,2.4085744484,0.3100258376,0.5020000000,0.1503196594,-0.0532874961,2.5116227058,-0.0340290928,0.3800000000,0.1113552873,0.0348612008,3.2351716961,0.5735782226
