Instance,INF_avg,INF_sd,INF_r1,INF_kr,INF_sk,SUP_avg,SUP_sd,SUP_r1,SUP_kr,SUP_sk,INC_avg,INC_sd,INC_r1,INC_kr,INC_sk,IND_avg,IND_sd,IND_r1,IND_kr,IND_sk
206,0.2852500000,0.0490885679,0.5386887306,2.5116077561,0.0059513062,0.2081500000,0.0365284478,0.1644292672,3.7246328207,0.3297660721,0.5066000000,0.0508914531,0.4856463645,2.8863925284,0.0832034035,0.0353500000,0.0107994213,0.1618509461,2.8204558337,0.3086505090
