Instance,INF_avg,INF_sd,INF_r1,INF_kr,INF_sk,SUP_avg,SUP_sd,SUP_r1,SUP_kr,SUP_sk,INC_avg,INC_sd,INC_r1,INC_kr,INC_sk,IND_avg,IND_sd,IND_r1,IND_kr,IND_sk
125,0.2376500000,0.0297443692,0.1586594378,2.6516220581,0.0340693223,0.2248000000,0.0292653379,0.0553166093,3.1222617027,-0.4527748281,0.5375500000,0.0338193362,0.0552643794,2.6693830092,0.1215073766,0.0374000000,0.0099368003,-0.0516088822,3.0741287149,0.4002895918
