Instance,INF_avg,INF_sd,INF_r1,INF_kr,INF_sk,SUP_avg,SUP_sd,SUP_r1,SUP_kr,SUP_sk,INC_avg,INC_sd,INC_r1,INC_kr,INC_sk,IND_avg,IND_sd,IND_r1,IND_kr,IND_sk
415,0.2820000000,0.1485799448,0.0116133832,2.3792986662,-0.0737988556,0.2380000000,0.1271062548,0.0745628056,2.2526980534,0.1087610829,0.4800000000,0.1697056275,0.0033407572,2.7401620370,0.3019935211,0.3740000000,0.1035567477,-0.0893137477,2.5987532140,0.3188063312
