Instance,FV_avg_avg,FV_avg_sd,FV_sd_avg,FV_sd_sd,FV_r1_avg,FV_r1_sd,FV_kr_avg,FV_kr_sd,FV_sk_avg,FV_sk_sd,FD_avg_avg,FD_avg_sd,FD_sd_avg,FD_sd_sd,FD_r1_avg,FD_r1_sd,FD_kr_avg,FD_kr_sd,FD_sk_avg,FD_sk_sd,IN_avg_avg,IN_avg_sd,IN_sd_avg,IN_sd_sd,IN_r1_avg,IN_r1_sd,IN_kr_avg,IN_kr_sd,IN_sk_avg,IN_sk_sd
450,0.5010702671,0.3042348175,0.0001853568,0.0001690963,0.1694093411,0.3782229082,1.9870424471,0.4297998667,0.1760612408,0.4971307051,0.0000002955,0.0000118897,0.0000153392,0.0000138528,-0.2600977325,0.4216907444,1.9397524963,0.4512411135,-0.1608351441,0.5240819273,0.4965000000,0.0227233360,0.0435174699,0.0128308150,-0.1046700099,0.4081907472,1.9753033600,0.4688394487,0.1425728692,0.5925366121
