Instance,INF_avg,INF_sd,INF_r1,INF_kr,INF_sk,SUP_avg,SUP_sd,SUP_r1,SUP_kr,SUP_sk,INC_avg,INC_sd,INC_r1,INC_kr,INC_sk,IND_avg,IND_sd,IND_r1,IND_kr,IND_sk
94,0.2360000000,0.1024890238,-0.0020528346,3.0751889970,0.4634382550,0.2900000000,0.0721110255,-0.1115668581,1.9452662722,0.0320019344,0.4740000000,0.1141227409,-0.3425932197,2.9073987015,0.2277064700,0.2220000000,0.0617737808,0.1513278696,4.0581662118,1.0287077938
