Instance,INF_avg,INF_sd,INF_r1,INF_kr,INF_sk,SUP_avg,SUP_sd,SUP_r1,SUP_kr,SUP_sk,INC_avg,INC_sd,INC_r1,INC_kr,INC_sk,IND_avg,IND_sd,IND_r1,IND_kr,IND_sk
103,0.2745000000,0.0241298570,0.1314483830,1.7931682976,0.4082675822,0.2945000000,0.0296184064,0.1160275644,1.7243821429,0.2291328160,0.4310000000,0.0321558704,0.0081521739,2.6240155786,-0.1151306936,0.0425000000,0.0060207973,0.1929824561,2.5980975030,0.6872729367
