Instance,FV_avg_avg,FV_avg_sd,FV_sd_avg,FV_sd_sd,FV_r1_avg,FV_r1_sd,FV_kr_avg,FV_kr_sd,FV_sk_avg,FV_sk_sd,FD_avg_avg,FD_avg_sd,FD_sd_avg,FD_sd_sd,FD_r1_avg,FD_r1_sd,FD_kr_avg,FD_kr_sd,FD_sk_avg,FD_sk_sd,IN_avg_avg,IN_avg_sd,IN_sd_avg,IN_sd_sd,IN_r1_avg,IN_r1_sd,IN_kr_avg,IN_kr_sd,IN_sk_avg,IN_sk_sd
263,0.4966104620,0.3020013579,0.0003209257,0.0002198103,0.0834726048,0.4788912072,2.0440456580,0.5135806471,0.0172829962,0.5869854495,-0.0000090632,0.0000289691,0.0000325739,0.0000209222,-0.2685171789,0.4582073814,1.9342505737,0.5636749526,-0.1065063048,0.5711283358,0.4875000000,0.0356195171,0.0454458141,0.0143762991,-0.1319753415,0.4749623741,1.8334939662,0.4722310572,-0.1378147163,0.5045982479
