Instance,INF_avg,INF_sd,INF_r1,INF_kr,INF_sk,SUP_avg,SUP_sd,SUP_r1,SUP_kr,SUP_sk,INC_avg,INC_sd,INC_r1,INC_kr,INC_sk,IND_avg,IND_sd,IND_r1,IND_kr,IND_sk
90,0.2682000000,0.0487315093,0.2667767294,2.9360433901,0.1850025299,0.2450000000,0.0386393582,0.0031413613,3.7933778037,0.1092070908,0.4868000000,0.0543485050,0.2128563444,2.5933277267,-0.3192571914,0.0692000000,0.0168333003,0.0718410129,2.3081661667,-0.0250370870
