Instance,FV_avg_avg,FV_avg_sd,FV_sd_avg,FV_sd_sd,FV_r1_avg,FV_r1_sd,FV_kr_avg,FV_kr_sd,FV_sk_avg,FV_sk_sd,FD_avg_avg,FD_avg_sd,FD_sd_avg,FD_sd_sd,FD_r1_avg,FD_r1_sd,FD_kr_avg,FD_kr_sd,FD_sk_avg,FD_sk_sd,IN_avg_avg,IN_avg_sd,IN_sd_avg,IN_sd_sd,IN_r1_avg,IN_r1_sd,IN_kr_avg,IN_kr_sd,IN_sk_avg,IN_sk_sd
318,0.4987820658,0.3032279124,0.0004043780,0.0002963163,0.8010643620,0.1334700993,2.3049982104,0.6050824444,0.0323007309,0.4888959548,0.0000005590,0.0000114909,0.0000285326,0.0000179678,-0.0629659189,0.1914009168,2.9385727776,0.9937125078,-0.2134555916,0.4394859266,0.5028800000,0.0208881210,0.0674938016,0.0085778058,-0.0129054651,0.1726306394,3.2820693839,1.4546227499,-0.2926824429,0.5137981422
