Instance,INF_avg,INF_sd,INF_r1,INF_kr,INF_sk,SUP_avg,SUP_sd,SUP_r1,SUP_kr,SUP_sk,INC_avg,INC_sd,INC_r1,INC_kr,INC_sk,IND_avg,IND_sd,IND_r1,IND_kr,IND_sk
53,0.2490000000,0.1438714704,-0.2067436786,2.4265318980,0.2114167016,0.2590000000,0.1241732660,-0.1037391436,2.9967891472,0.2796669196,0.4920000000,0.1494523335,-0.2639227445,2.4757606670,-0.1148606295,0.3730000000,0.1263764219,-0.1622274812,3.3393264201,0.5466493511
