Instance,FV_avg_avg,FV_avg_sd,FV_sd_avg,FV_sd_sd,FV_r1_avg,FV_r1_sd,FV_kr_avg,FV_kr_sd,FV_sk_avg,FV_sk_sd,FD_avg_avg,FD_avg_sd,FD_sd_avg,FD_sd_sd,FD_r1_avg,FD_r1_sd,FD_kr_avg,FD_kr_sd,FD_sk_avg,FD_sk_sd,IN_avg_avg,IN_avg_sd,IN_sd_avg,IN_sd_sd,IN_r1_avg,IN_r1_sd,IN_kr_avg,IN_kr_sd,IN_sk_avg,IN_sk_sd
172,0.4952410777,0.3008458504,0.0004333516,0.0002965955,-0.0183784138,0.5033015299,1.6751027226,0.3407912725,-0.0138287475,0.3918270337,-0.0000015352,0.0000758752,0.0000488427,0.0000329124,-0.2151412641,0.3970920631,1.7501633642,0.4572245325,-0.0262123691,0.4829276831,0.4913000000,0.0391830320,0.0369216119,0.0132964121,-0.0726733528,0.4953843910,1.9256102541,0.4834629225,0.0472335504,0.5964485675
