Instance,FV_avg_avg,FV_avg_sd,FV_sd_avg,FV_sd_sd,FV_r1_avg,FV_r1_sd,FV_kr_avg,FV_kr_sd,FV_sk_avg,FV_sk_sd,FD_avg_avg,FD_avg_sd,FD_sd_avg,FD_sd_sd,FD_r1_avg,FD_r1_sd,FD_kr_avg,FD_kr_sd,FD_sk_avg,FD_sk_sd,IN_avg_avg,IN_avg_sd,IN_sd_avg,IN_sd_sd,IN_r1_avg,IN_r1_sd,IN_kr_avg,IN_kr_sd,IN_sk_avg,IN_sk_sd
122,0.4997743009,0.3029784672,0.0005811046,0.0003430889,0.8788949349,0.0693285119,2.4365536025,0.5770344553,0.1157282792,0.3900083792,-0.0000034414,0.0000165595,0.0000845252,0.0000526072,-0.0097135820,0.1382181839,2.9710699229,0.7339453038,-0.1051190416,0.3100837150,0.4986000000,0.0190798323,0.1566882440,0.0149262920,-0.0340958422,0.1087411509,2.5812186746,0.2671037421,-0.0272959011,0.2424884894
