Instance,INF_avg,INF_sd,INF_r1,INF_kr,INF_sk,SUP_avg,SUP_sd,SUP_r1,SUP_kr,SUP_sk,INC_avg,INC_sd,INC_r1,INC_kr,INC_sk,IND_avg,IND_sd,IND_r1,IND_kr,IND_sk
259,0.2690000000,0.0415932687,0.3980475804,2.4945364028,0.6834142741,0.2508000000,0.0280955512,-0.0706403335,3.1060181133,-0.4200191266,0.4802000000,0.0289302610,0.1368059421,2.5100253401,-0.5396658694,0.0294000000,0.0090906545,-0.1658082019,3.4295831932,0.4578598677
