Instance,INF_avg,INF_sd,INF_r1,INF_kr,INF_sk,SUP_avg,SUP_sd,SUP_r1,SUP_kr,SUP_sk,INC_avg,INC_sd,INC_r1,INC_kr,INC_sk,IND_avg,IND_sd,IND_r1,IND_kr,IND_sk
34,0.4505747126,0.1008396510,0.5172364627,2.8686531616,-0.1394498368,0.1202298851,0.0695135315,0.4306957987,5.7592674919,1.2912381621,0.4291954023,0.0738314077,0.2984055730,2.3155921679,-0.1059639076,0.1144827586,0.0317591012,-0.0202002640,2.7443925694,0.0958240287
