Instance,INF_avg,INF_sd,INF_r1,INF_kr,INF_sk,SUP_avg,SUP_sd,SUP_r1,SUP_kr,SUP_sk,INC_avg,INC_sd,INC_r1,INC_kr,INC_sk,IND_avg,IND_sd,IND_r1,IND_kr,IND_sk
498,0.2360000000,0.1228983320,0.0280875981,2.8064930605,0.4213383439,0.2200000000,0.1363818170,0.0566863646,2.6937218176,0.3216775426,0.5440000000,0.1669251329,-0.0311499808,2.8242471183,-0.2371928854,0.3760000000,0.1217538500,0.0131543304,3.5596068160,0.5990163087
