Instance,FV_avg_avg,FV_avg_sd,FV_sd_avg,FV_sd_sd,FV_r1_avg,FV_r1_sd,FV_kr_avg,FV_kr_sd,FV_sk_avg,FV_sk_sd,FD_avg_avg,FD_avg_sd,FD_sd_avg,FD_sd_sd,FD_r1_avg,FD_r1_sd,FD_kr_avg,FD_kr_sd,FD_sk_avg,FD_sk_sd,IN_avg_avg,IN_avg_sd,IN_sd_avg,IN_sd_sd,IN_r1_avg,IN_r1_sd,IN_kr_avg,IN_kr_sd,IN_sk_avg,IN_sk_sd
63,0.5000717186,0.3035986480,0.0002638605,0.0002084905,0.7819080349,0.1344424751,2.5217844706,0.9881190211,-0.0845511903,0.6229750561,-0.0000001975,0.0000167170,0.0000502923,0.0000320219,-0.0981155242,0.2289700672,2.8763850591,0.6731768947,0.1412937881,0.3538443312,0.4942000000,0.0349279258,0.1615748542,0.0161234766,-0.0568049702,0.1691723906,2.8697675540,0.6910193610,0.1164447564,0.4370592268
