Instance,FV_avg_avg,FV_avg_sd,FV_sd_avg,FV_sd_sd,FV_r1_avg,FV_r1_sd,FV_kr_avg,FV_kr_sd,FV_sk_avg,FV_sk_sd,FD_avg_avg,FD_avg_sd,FD_sd_avg,FD_sd_sd,FD_r1_avg,FD_r1_sd,FD_kr_avg,FD_kr_sd,FD_sk_avg,FD_sk_sd,IN_avg_avg,IN_avg_sd,IN_sd_avg,IN_sd_sd,IN_r1_avg,IN_r1_sd,IN_kr_avg,IN_kr_sd,IN_sk_avg,IN_sk_sd
139,0.4987020159,0.3025751705,0.0007863481,0.0005304714,0.7731433643,0.1137593597,2.3397846208,0.7026651324,-0.0576737023,0.4881303392,-0.0000054093,0.0000357579,0.0000316047,0.0000193633,0.0632792501,0.1460633215,2.6383936275,0.4824975916,-0.1699052803,0.4110576205,0.4959700000,0.0317842272,0.0351992421,0.0066772268,0.0063404853,0.1604150847,3.0962244938,0.6998235142,-0.0677071435,0.5967118100
