Instance,FV_avg_avg,FV_avg_sd,FV_sd_avg,FV_sd_sd,FV_r1_avg,FV_r1_sd,FV_kr_avg,FV_kr_sd,FV_sk_avg,FV_sk_sd,FD_avg_avg,FD_avg_sd,FD_sd_avg,FD_sd_sd,FD_r1_avg,FD_r1_sd,FD_kr_avg,FD_kr_sd,FD_sk_avg,FD_sk_sd,IN_avg_avg,IN_avg_sd,IN_sd_avg,IN_sd_sd,IN_r1_avg,IN_r1_sd,IN_kr_avg,IN_kr_sd,IN_sk_avg,IN_sk_sd
79,0.4989212878,0.3013824451,0.0012626031,0.0011058519,0.1889869176,0.3231454730,1.8684156418,0.4738547075,0.0447211151,0.5795391452,-0.0000793755,0.0002277550,0.0001243406,0.0000969420,-0.1647993120,0.4020628814,2.0338366369,0.4780448940,-0.1230653967,0.6057304565,0.4827000000,0.0424889397,0.0421169393,0.0149185596,-0.2539347136,0.4603643539,1.9583680782,0.5683501063,-0.0256806739,0.6252852294
