Instance,FV_avg_avg,FV_avg_sd,FV_sd_avg,FV_sd_sd,FV_r1_avg,FV_r1_sd,FV_kr_avg,FV_kr_sd,FV_sk_avg,FV_sk_sd,FD_avg_avg,FD_avg_sd,FD_sd_avg,FD_sd_sd,FD_r1_avg,FD_r1_sd,FD_kr_avg,FD_kr_sd,FD_sk_avg,FD_sk_sd,IN_avg_avg,IN_avg_sd,IN_sd_avg,IN_sd_sd,IN_r1_avg,IN_r1_sd,IN_kr_avg,IN_kr_sd,IN_sk_avg,IN_sk_sd
228,0.4980262306,0.3024172441,0.0004065263,0.0002958010,0.1624225799,0.2696999542,1.8626274014,0.4721548460,0.0462984193,0.5506379234,-0.0000114725,0.0001113020,0.0000610471,0.0000510075,-0.0648656327,0.4620435380,2.0408524632,0.4968306008,0.1803269266,0.6612006631,0.4936000000,0.0633217182,0.0487745458,0.0217472685,-0.1036626725,0.5028537474,2.1631290241,0.5448345524,0.1762937209,0.7104037471
