Instance,FV_avg_avg,FV_avg_sd,FV_sd_avg,FV_sd_sd,FV_r1_avg,FV_r1_sd,FV_kr_avg,FV_kr_sd,FV_sk_avg,FV_sk_sd,FD_avg_avg,FD_avg_sd,FD_sd_avg,FD_sd_sd,FD_r1_avg,FD_r1_sd,FD_kr_avg,FD_kr_sd,FD_sk_avg,FD_sk_sd,IN_avg_avg,IN_avg_sd,IN_sd_avg,IN_sd_sd,IN_r1_avg,IN_r1_sd,IN_kr_avg,IN_kr_sd,IN_sk_avg,IN_sk_sd
25,0.4619152532,0.2806883988,0.0185059141,0.0115372132,0.9924922017,0.0030535463,1.9825018010,0.0864819601,0.3989075439,0.0921803102,-0.0002155993,0.0001312388,0.0001089153,0.0000672041,0.8649693339,0.0388429254,2.3377076294,0.1809518093,0.4795155099,0.1286758671,0.2276010893,0.0280561008,0.1395749972,0.0122526171,0.8184190553,0.0601474764,2.5683860273,0.2446106284,0.6211321669,0.1850192621
