Instance,FV_avg_avg,FV_avg_sd,FV_sd_avg,FV_sd_sd,FV_r1_avg,FV_r1_sd,FV_kr_avg,FV_kr_sd,FV_sk_avg,FV_sk_sd,FD_avg_avg,FD_avg_sd,FD_sd_avg,FD_sd_sd,FD_r1_avg,FD_r1_sd,FD_kr_avg,FD_kr_sd,FD_sk_avg,FD_sk_sd,IN_avg_avg,IN_avg_sd,IN_sd_avg,IN_sd_sd,IN_r1_avg,IN_r1_sd,IN_kr_avg,IN_kr_sd,IN_sk_avg,IN_sk_sd
75,0.4986476510,0.3030672174,0.0008790527,0.0006053035,0.8021702740,0.1872173299,2.4955738314,1.0464675452,-0.1017403273,0.5178987929,0.0000215423,0.0000538727,0.0001363936,0.0000852488,-0.0581990094,0.1857606558,2.9341225232,0.8671456612,-0.0036651990,0.4651486806,0.5050000000,0.0395550250,0.1485237783,0.0221604891,-0.0754961522,0.1732816399,2.8092677271,0.4758368709,0.1638065125,0.3746312940
