Instance,FV_avg_avg,FV_avg_sd,FV_sd_avg,FV_sd_sd,FV_r1_avg,FV_r1_sd,FV_kr_avg,FV_kr_sd,FV_sk_avg,FV_sk_sd,FD_avg_avg,FD_avg_sd,FD_sd_avg,FD_sd_sd,FD_r1_avg,FD_r1_sd,FD_kr_avg,FD_kr_sd,FD_sk_avg,FD_sk_sd,IN_avg_avg,IN_avg_sd,IN_sd_avg,IN_sd_sd,IN_r1_avg,IN_r1_sd,IN_kr_avg,IN_kr_sd,IN_sk_avg,IN_sk_sd
36,0.4980319631,0.3022371649,0.0020416667,0.0014314972,0.8935750368,0.0824537272,2.2317493258,0.4552962345,-0.0623679003,0.3987247574,0.0000281380,0.0000479806,0.0001287713,0.0000831829,0.0513885354,0.1356965087,2.7893960994,0.3908071175,-0.0346255967,0.2938663381,0.5115000000,0.0219668386,0.0726111603,0.0076699025,0.0027045170,0.1419044811,2.9000234721,0.4134170042,-0.0503293121,0.2915270905
