Instance,FV_avg_avg,FV_avg_sd,FV_sd_avg,FV_sd_sd,FV_r1_avg,FV_r1_sd,FV_kr_avg,FV_kr_sd,FV_sk_avg,FV_sk_sd,FD_avg_avg,FD_avg_sd,FD_sd_avg,FD_sd_sd,FD_r1_avg,FD_r1_sd,FD_kr_avg,FD_kr_sd,FD_sk_avg,FD_sk_sd,IN_avg_avg,IN_avg_sd,IN_sd_avg,IN_sd_sd,IN_r1_avg,IN_r1_sd,IN_kr_avg,IN_kr_sd,IN_sk_avg,IN_sk_sd
313,0.4999230703,0.3035214727,0.0004389431,0.0002762144,0.9532772244,0.0281603592,2.2164558928,0.3824348616,0.0709678464,0.3067461167,0.0000010544,0.0000047805,0.0000121839,0.0000073906,-0.0228200495,0.0608911010,2.8669958655,0.4269210808,-0.0532970712,0.2486364669,0.5058350000,0.0135827197,0.0484631244,0.0036384170,-0.0173317984,0.0656544040,2.8125372806,0.3019515669,-0.0370260297,0.1680310568
