Instance,FV_avg_avg,FV_avg_sd,FV_sd_avg,FV_sd_sd,FV_r1_avg,FV_r1_sd,FV_kr_avg,FV_kr_sd,FV_sk_avg,FV_sk_sd,FD_avg_avg,FD_avg_sd,FD_sd_avg,FD_sd_sd,FD_r1_avg,FD_r1_sd,FD_kr_avg,FD_kr_sd,FD_sk_avg,FD_sk_sd,IN_avg_avg,IN_avg_sd,IN_sd_avg,IN_sd_sd,IN_r1_avg,IN_r1_sd,IN_kr_avg,IN_kr_sd,IN_sk_avg,IN_sk_sd
403,0.4995778210,0.3033898900,0.0003845827,0.0002387589,0.9288993315,0.0502358395,2.3952051189,0.6565262178,-0.1835529404,0.3808899922,0.0000012895,0.0000046543,0.0000370320,0.0000225093,-0.0075850436,0.0800231900,2.8996540914,0.5168950283,-0.0342938664,0.2629717012,0.5050000000,0.0158429795,0.1586141338,0.0132497758,0.0016831406,0.0791638714,2.6635773883,0.3177280306,0.0033026141,0.1788872635
