Instance,INF_avg,INF_sd,INF_r1,INF_kr,INF_sk,SUP_avg,SUP_sd,SUP_r1,SUP_kr,SUP_sk,INC_avg,INC_sd,INC_r1,INC_kr,INC_sk,IND_avg,IND_sd,IND_r1,IND_kr,IND_sk
96,0.2944000000,0.0506817521,0.3574299199,2.8829186018,0.2040875699,0.2826000000,0.0492670275,0.1481745868,2.8241966974,0.1728503994,0.4230000000,0.0513127664,-0.0197189153,2.8629331274,-0.3288072401,0.0556000000,0.0160199875,-0.2194208219,3.1046922905,0.2414844924
