Instance,FV_avg_avg,FV_avg_sd,FV_sd_avg,FV_sd_sd,FV_r1_avg,FV_r1_sd,FV_kr_avg,FV_kr_sd,FV_sk_avg,FV_sk_sd,FD_avg_avg,FD_avg_sd,FD_sd_avg,FD_sd_sd,FD_r1_avg,FD_r1_sd,FD_kr_avg,FD_kr_sd,FD_sk_avg,FD_sk_sd,IN_avg_avg,IN_avg_sd,IN_sd_avg,IN_sd_sd,IN_r1_avg,IN_r1_sd,IN_kr_avg,IN_kr_sd,IN_sk_avg,IN_sk_sd
159,0.4575720906,0.2774017014,0.0189667799,0.0115376706,0.9801924411,0.0058326869,2.1609657598,0.1143566215,0.6006886094,0.0825227272,-0.0005305011,0.0003283911,0.0002433013,0.0001469181,0.9361417065,0.0133046893,2.2381860358,0.1269061990,0.5926008915,0.0797995153,0.1795738057,0.0191931244,0.1448416885,0.0097991335,0.9182499230,0.0194651979,2.5530945830,0.2722815169,0.8137086856,0.1324261560
