Instance,INF_avg,INF_sd,INF_r1,INF_kr,INF_sk,SUP_avg,SUP_sd,SUP_r1,SUP_kr,SUP_sk,INC_avg,INC_sd,INC_r1,INC_kr,INC_sk,IND_avg,IND_sd,IND_r1,IND_kr,IND_sk
262,0.2254000000,0.0358446649,0.1535486574,2.3426085142,-0.0762544346,0.2738000000,0.0501952189,0.2092797918,2.3368376698,-0.0556484816,0.5008000000,0.0516852010,0.1273824411,2.7098865125,0.0949391253,0.0614000000,0.0193917508,0.0216752890,2.3352443648,-0.0990269712
