Instance,FV_avg_avg,FV_avg_sd,FV_sd_avg,FV_sd_sd,FV_r1_avg,FV_r1_sd,FV_kr_avg,FV_kr_sd,FV_sk_avg,FV_sk_sd,FD_avg_avg,FD_avg_sd,FD_sd_avg,FD_sd_sd,FD_r1_avg,FD_r1_sd,FD_kr_avg,FD_kr_sd,FD_sk_avg,FD_sk_sd,IN_avg_avg,IN_avg_sd,IN_sd_avg,IN_sd_sd,IN_r1_avg,IN_r1_sd,IN_kr_avg,IN_kr_sd,IN_sk_avg,IN_sk_sd
429,0.4918899881,0.2987038799,0.0020940537,0.0015753708,0.8867546817,0.0767260198,2.4556637965,0.4258188314,-0.0427423160,0.4290928395,0.0000076776,0.0000622035,0.0002775305,0.0001739249,-0.0334048716,0.1636510227,2.7754363869,0.5636831916,-0.0669138950,0.2606588081,0.5009000000,0.0332774699,0.1625046775,0.0159383121,0.0014871480,0.1144299892,2.7317850877,0.5708812120,-0.0555028042,0.2317771203
