Instance,FV_avg_avg,FV_avg_sd,FV_sd_avg,FV_sd_sd,FV_r1_avg,FV_r1_sd,FV_kr_avg,FV_kr_sd,FV_sk_avg,FV_sk_sd,FD_avg_avg,FD_avg_sd,FD_sd_avg,FD_sd_sd,FD_r1_avg,FD_r1_sd,FD_kr_avg,FD_kr_sd,FD_sk_avg,FD_sk_sd,IN_avg_avg,IN_avg_sd,IN_sd_avg,IN_sd_sd,IN_r1_avg,IN_r1_sd,IN_kr_avg,IN_kr_sd,IN_sk_avg,IN_sk_sd
387,0.4955528788,0.3009468353,0.0009685440,0.0006478489,0.9263093271,0.0426858769,2.5559836834,0.4765325274,-0.0945565170,0.4829752875,-0.0000030416,0.0000221364,0.0000841333,0.0000494865,0.0677456004,0.0901542368,2.9144147279,0.3301396327,-0.0366067744,0.2608507514,0.4945000000,0.0228429420,0.1171678484,0.0064919409,0.0630338305,0.1159452289,2.7752700296,0.3519190329,0.0075946676,0.2301148670
