Instance,INF_avg,INF_sd,INF_r1,INF_kr,INF_sk,SUP_avg,SUP_sd,SUP_r1,SUP_kr,SUP_sk,INC_avg,INC_sd,INC_r1,INC_kr,INC_sk,IND_avg,IND_sd,IND_r1,IND_kr,IND_sk
504,0.2694000000,0.0509866649,0.4529325100,2.5901301774,-0.1083044872,0.2583000000,0.0487504872,0.5435255511,3.1103587710,-0.0524929139,0.4723000000,0.0455105482,0.2119152140,2.4146244493,0.1699942772,0.0361000000,0.0099141313,0.1813269495,2.4333570429,0.2481497526
