Instance,FV_avg_avg,FV_avg_sd,FV_sd_avg,FV_sd_sd,FV_r1_avg,FV_r1_sd,FV_kr_avg,FV_kr_sd,FV_sk_avg,FV_sk_sd,FD_avg_avg,FD_avg_sd,FD_sd_avg,FD_sd_sd,FD_r1_avg,FD_r1_sd,FD_kr_avg,FD_kr_sd,FD_sk_avg,FD_sk_sd,IN_avg_avg,IN_avg_sd,IN_sd_avg,IN_sd_sd,IN_r1_avg,IN_r1_sd,IN_kr_avg,IN_kr_sd,IN_sk_avg,IN_sk_sd
456,0.4634204045,0.2802600687,0.0157030572,0.0095120407,0.9797347256,0.0058505192,2.1587237917,0.1224305938,0.5885330780,0.0820709660,-0.0004286279,0.0002739255,0.0001978428,0.0001207995,0.8594265954,0.0373022508,2.4051321017,0.2809188302,0.5564037257,0.1430869502,0.2073350081,0.0259743048,0.1399626164,0.0121648554,0.8280374773,0.0434983083,2.6735383365,0.5671194820,0.7206857130,0.2286911725
