Instance,INF_avg,INF_sd,INF_r1,INF_kr,INF_sk,SUP_avg,SUP_sd,SUP_r1,SUP_kr,SUP_sk,INC_avg,INC_sd,INC_r1,INC_kr,INC_sk,IND_avg,IND_sd,IND_r1,IND_kr,IND_sk
432,0.2510000000,0.0419404340,0.0716272799,2.3000034582,0.2055217234,0.2206000000,0.0427509064,0.0494846494,2.8456771067,-0.1219706844,0.5284000000,0.0449381798,0.3167636923,2.3521652437,-0.1692848392,0.0724000000,0.0221864824,-0.2144249707,3.8796141271,0.6631259843
