Instance,FV_avg_avg,FV_avg_sd,FV_sd_avg,FV_sd_sd,FV_r1_avg,FV_r1_sd,FV_kr_avg,FV_kr_sd,FV_sk_avg,FV_sk_sd,FD_avg_avg,FD_avg_sd,FD_sd_avg,FD_sd_sd,FD_r1_avg,FD_r1_sd,FD_kr_avg,FD_kr_sd,FD_sk_avg,FD_sk_sd,IN_avg_avg,IN_avg_sd,IN_sd_avg,IN_sd_sd,IN_r1_avg,IN_r1_sd,IN_kr_avg,IN_kr_sd,IN_sk_avg,IN_sk_sd
172,0.4882904069,0.2972719974,0.0019724259,0.0015655978,0.9229283184,0.0559296391,2.4160276130,0.5239931029,-0.0467666175,0.4137777945,-0.0000186167,0.0000456233,0.0001464984,0.0000885441,0.1202961992,0.1122769815,3.3819670791,0.7033421334,0.0608081662,0.2851808123,0.4883000000,0.0213690196,0.1159880351,0.0074666402,0.0772310307,0.1193170284,3.1229741311,0.6486513281,0.0033471346,0.2507047805
