Instance,INF_avg,INF_sd,INF_r1,INF_kr,INF_sk,SUP_avg,SUP_sd,SUP_r1,SUP_kr,SUP_sk,INC_avg,INC_sd,INC_r1,INC_kr,INC_sk,IND_avg,IND_sd,IND_r1,IND_kr,IND_sk
206,0.2550000000,0.0722841615,0.1208791209,2.4783544333,0.6195643428,0.2550000000,0.0722841615,0.0959878111,1.5992536801,-0.1747489172,0.4900000000,0.0916515139,0.4538834951,2.5059523810,0.5884089540,0.2000000000,0.0806225775,-0.4400000000,1.9822485207,0.7155850072
