Instance,INF_avg,INF_sd,INF_r1,INF_kr,INF_sk,SUP_avg,SUP_sd,SUP_r1,SUP_kr,SUP_sk,INC_avg,INC_sd,INC_r1,INC_kr,INC_sk,IND_avg,IND_sd,IND_r1,IND_kr,IND_sk
113,0.2114000000,0.0514591100,0.2239837876,2.7243828977,0.4059382139,0.2905000000,0.0497870465,0.3321147028,3.2534281483,0.6436429846,0.4981000000,0.0622204950,0.3092793486,2.4388562395,-0.1706918456,0.0651000000,0.0176915234,0.2837727526,2.4814616195,-0.0381772974
