Instance,FV_avg_avg,FV_avg_sd,FV_sd_avg,FV_sd_sd,FV_r1_avg,FV_r1_sd,FV_kr_avg,FV_kr_sd,FV_sk_avg,FV_sk_sd,FD_avg_avg,FD_avg_sd,FD_sd_avg,FD_sd_sd,FD_r1_avg,FD_r1_sd,FD_kr_avg,FD_kr_sd,FD_sk_avg,FD_sk_sd,IN_avg_avg,IN_avg_sd,IN_sd_avg,IN_sd_sd,IN_r1_avg,IN_r1_sd,IN_kr_avg,IN_kr_sd,IN_sk_avg,IN_sk_sd
427,0.4984376634,0.3023378338,0.0003629096,0.0003133356,0.8935033853,0.0803432949,2.3603762872,0.5404666966,-0.0299184243,0.4273811003,0.0000002095,0.0000080561,0.0000129163,0.0000075015,-0.0412202479,0.1415850260,2.9699568588,0.6821039861,-0.0053884851,0.3562609124,0.5028800000,0.0179357074,0.0491954008,0.0050228019,-0.0162224009,0.1350529810,2.6730116588,0.4432051304,0.0098146488,0.2521945137
