Instance,FV_avg_avg,FV_avg_sd,FV_sd_avg,FV_sd_sd,FV_r1_avg,FV_r1_sd,FV_kr_avg,FV_kr_sd,FV_sk_avg,FV_sk_sd,FD_avg_avg,FD_avg_sd,FD_sd_avg,FD_sd_sd,FD_r1_avg,FD_r1_sd,FD_kr_avg,FD_kr_sd,FD_sk_avg,FD_sk_sd,IN_avg_avg,IN_avg_sd,IN_sd_avg,IN_sd_sd,IN_r1_avg,IN_r1_sd,IN_kr_avg,IN_kr_sd,IN_sk_avg,IN_sk_sd
71,0.4981480989,0.3017161070,0.0010428924,0.0006611192,0.8223425916,0.1631169134,2.4273559561,0.4935388504,-0.0417864509,0.5529364510,0.0000016934,0.0000692964,0.0001342572,0.0000842291,-0.0825381967,0.1790160084,2.6962843484,0.7260869700,0.0434780289,0.4565224314,0.5055000000,0.0417654163,0.1084844171,0.0130969934,-0.0161619835,0.1904799225,3.0033461285,1.0144833612,-0.1104588508,0.5208887852
