Instance,FV_avg_avg,FV_avg_sd,FV_sd_avg,FV_sd_sd,FV_r1_avg,FV_r1_sd,FV_kr_avg,FV_kr_sd,FV_sk_avg,FV_sk_sd,FD_avg_avg,FD_avg_sd,FD_sd_avg,FD_sd_sd,FD_r1_avg,FD_r1_sd,FD_kr_avg,FD_kr_sd,FD_sk_avg,FD_sk_sd,IN_avg_avg,IN_avg_sd,IN_sd_avg,IN_sd_sd,IN_r1_avg,IN_r1_sd,IN_kr_avg,IN_kr_sd,IN_sk_avg,IN_sk_sd
136,0.4950022335,0.3008775893,0.0014125787,0.0009535086,0.9345071821,0.0353445502,2.3077795033,0.4114311817,0.0415430971,0.3727356534,0.0000067402,0.0000395075,0.0001449038,0.0000848700,0.0927484735,0.1119493193,3.0380148265,0.4599486958,0.0512207858,0.2398329980,0.5077500000,0.0294378583,0.1611246732,0.0117128008,0.0603379916,0.1066506899,2.7080951838,0.3166894510,0.0737700441,0.1840622237
