Instance,FV_avg_avg,FV_avg_sd,FV_sd_avg,FV_sd_sd,FV_r1_avg,FV_r1_sd,FV_kr_avg,FV_kr_sd,FV_sk_avg,FV_sk_sd,FD_avg_avg,FD_avg_sd,FD_sd_avg,FD_sd_sd,FD_r1_avg,FD_r1_sd,FD_kr_avg,FD_kr_sd,FD_sk_avg,FD_sk_sd,IN_avg_avg,IN_avg_sd,IN_sd_avg,IN_sd_sd,IN_r1_avg,IN_r1_sd,IN_kr_avg,IN_kr_sd,IN_sk_avg,IN_sk_sd
454,0.5003864895,0.3035692622,0.0003841335,0.0002791605,0.9523754065,0.0256014667,2.4335544216,0.5840581322,-0.0141057456,0.4783218442,0.0000001376,0.0000053614,0.0000110440,0.0000069099,0.0844859543,0.1016450747,2.8991847413,0.4695762447,0.0134988727,0.2197412711,0.4994150000,0.0168283771,0.0517090268,0.0047528986,0.0453629135,0.1034160485,2.8446912949,0.4492923309,-0.0271955831,0.1958717797
