Instance,FV_avg_avg,FV_avg_sd,FV_sd_avg,FV_sd_sd,FV_r1_avg,FV_r1_sd,FV_kr_avg,FV_kr_sd,FV_sk_avg,FV_sk_sd,FD_avg_avg,FD_avg_sd,FD_sd_avg,FD_sd_sd,FD_r1_avg,FD_r1_sd,FD_kr_avg,FD_kr_sd,FD_sk_avg,FD_sk_sd,IN_avg_avg,IN_avg_sd,IN_sd_avg,IN_sd_sd,IN_r1_avg,IN_r1_sd,IN_kr_avg,IN_kr_sd,IN_sk_avg,IN_sk_sd
435,0.4986471218,0.3030706509,0.0001353780,0.0001010615,0.2215552874,0.3424936541,1.9205258477,0.4612899531,0.0114334890,0.4785390691,0.0000054358,0.0000255215,0.0000311570,0.0000224020,-0.2623808632,0.3157722526,1.8634200766,0.4699603961,0.1133308117,0.4989547404,0.4990000000,0.0424146201,0.0958105521,0.0303370748,-0.3714005225,0.2853237643,1.9243146215,0.3998169698,-0.0464110431,0.5090226398
