Instance,INF_avg,INF_sd,INF_r1,INF_kr,INF_sk,SUP_avg,SUP_sd,SUP_r1,SUP_kr,SUP_sk,INC_avg,INC_sd,INC_r1,INC_kr,INC_sk,IND_avg,IND_sd,IND_r1,IND_kr,IND_sk
492,0.2620000000,0.1332516416,-0.0765362435,2.8184026051,0.1348494600,0.2840000000,0.1412232276,-0.1989255261,4.2920784695,0.7318895712,0.4540000000,0.1519341963,0.0614338911,3.2240948587,0.0179422676,0.3710000000,0.1218974979,0.0383587917,2.5666953324,0.3683162573
