Instance,INF_avg,INF_sd,INF_r1,INF_kr,INF_sk,SUP_avg,SUP_sd,SUP_r1,SUP_kr,SUP_sk,INC_avg,INC_sd,INC_r1,INC_kr,INC_sk,IND_avg,IND_sd,IND_r1,IND_kr,IND_sk
442,0.2700000000,0.1513274595,-0.1104289097,2.8406971644,0.1350493908,0.2460000000,0.1417180299,0.0122944315,2.3292403731,0.3341473929,0.4840000000,0.1460958589,0.1537846482,2.3215521175,-0.0677914353,0.3700000000,0.0964365076,0.1661279897,3.4807492196,0.0936601531
