Instance,FV_avg_avg,FV_avg_sd,FV_sd_avg,FV_sd_sd,FV_r1_avg,FV_r1_sd,FV_kr_avg,FV_kr_sd,FV_sk_avg,FV_sk_sd,FD_avg_avg,FD_avg_sd,FD_sd_avg,FD_sd_sd,FD_r1_avg,FD_r1_sd,FD_kr_avg,FD_kr_sd,FD_sk_avg,FD_sk_sd,IN_avg_avg,IN_avg_sd,IN_sd_avg,IN_sd_sd,IN_r1_avg,IN_r1_sd,IN_kr_avg,IN_kr_sd,IN_sk_avg,IN_sk_sd
108,0.4929621700,0.2998293230,0.0006717756,0.0005746282,-0.0236749887,0.5112871412,1.7896557534,0.3560367718,0.0388533492,0.3719602651,0.0000191642,0.0000916263,0.0000812159,0.0000582697,-0.3560868045,0.4760862270,1.9702464919,0.4727991454,0.1151285162,0.5353354823,0.5046000000,0.0469770157,0.0451021303,0.0128762513,-0.1931784017,0.4980642495,1.9697315442,0.5081880778,0.0409439553,0.6483996949
