Instance,FV_avg_avg,FV_avg_sd,FV_sd_avg,FV_sd_sd,FV_r1_avg,FV_r1_sd,FV_kr_avg,FV_kr_sd,FV_sk_avg,FV_sk_sd,FD_avg_avg,FD_avg_sd,FD_sd_avg,FD_sd_sd,FD_r1_avg,FD_r1_sd,FD_kr_avg,FD_kr_sd,FD_sk_avg,FD_sk_sd,IN_avg_avg,IN_avg_sd,IN_sd_avg,IN_sd_sd,IN_r1_avg,IN_r1_sd,IN_kr_avg,IN_kr_sd,IN_sk_avg,IN_sk_sd
450,0.4508671206,0.2825678658,0.0222044577,0.0137139277,0.9946722282,0.0019855087,2.0789261549,0.1054505992,0.5325968154,0.1278746807,-0.0001488534,0.0000950951,0.0000732448,0.0000442953,0.9332322606,0.0396488723,2.2063539692,0.1069170567,0.5195681244,0.1487444584,0.2070441755,0.0572070405,0.1391414064,0.0184113188,0.9083718114,0.0798970512,2.4273217239,0.1512243017,0.6798803234,0.1880110890
