Instance,INF_avg,INF_sd,INF_r1,INF_kr,INF_sk,SUP_avg,SUP_sd,SUP_r1,SUP_kr,SUP_sk,INC_avg,INC_sd,INC_r1,INC_kr,INC_sk,IND_avg,IND_sd,IND_r1,IND_kr,IND_sk
132,0.2480000000,0.0601331855,-0.1612576065,1.5216931631,-0.2543027659,0.2720000000,0.0370944740,-0.0139860140,1.5091941590,-0.1579875514,0.4800000000,0.0456070170,-0.4615384615,2.5000000000,-0.6071940134,0.0840000000,0.0195959179,0.5238095238,1.1666666667,-0.4082482905
