Instance,INF_avg,INF_sd,INF_r1,INF_kr,INF_sk,SUP_avg,SUP_sd,SUP_r1,SUP_kr,SUP_sk,INC_avg,INC_sd,INC_r1,INC_kr,INC_sk,IND_avg,IND_sd,IND_r1,IND_kr,IND_sk
252,0.3849230769,0.0852168831,0.2442678696,2.4681685097,0.1077156310,0.1238461538,0.0636865475,0.5481733796,2.8839173766,0.5707082805,0.4912307692,0.0712526964,-0.1978298602,2.4680573720,0.0112876264,0.1187692308,0.0363532960,0.0219144505,3.0520111498,0.3680333683
