Instance,FV_avg_avg,FV_avg_sd,FV_sd_avg,FV_sd_sd,FV_r1_avg,FV_r1_sd,FV_kr_avg,FV_kr_sd,FV_sk_avg,FV_sk_sd,FD_avg_avg,FD_avg_sd,FD_sd_avg,FD_sd_sd,FD_r1_avg,FD_r1_sd,FD_kr_avg,FD_kr_sd,FD_sk_avg,FD_sk_sd,IN_avg_avg,IN_avg_sd,IN_sd_avg,IN_sd_sd,IN_r1_avg,IN_r1_sd,IN_kr_avg,IN_kr_sd,IN_sk_avg,IN_sk_sd
240,0.4539586852,0.2772473970,0.0225241019,0.0133048082,0.9818858434,0.0079154674,2.0155521094,0.2061886906,0.4614868906,0.1399544067,-0.0006298072,0.0003685729,0.0003095938,0.0001844531,0.8791167955,0.0275352576,2.2170218516,0.3282843775,0.4263981667,0.1812626334,0.2045426006,0.0179268978,0.1414060366,0.0113700559,0.8243905579,0.0357620501,2.6388109787,0.6897728894,0.6986709647,0.2656346065
