Instance,INF_avg,INF_sd,INF_r1,INF_kr,INF_sk,SUP_avg,SUP_sd,SUP_r1,SUP_kr,SUP_sk,INC_avg,INC_sd,INC_r1,INC_kr,INC_sk,IND_avg,IND_sd,IND_r1,IND_kr,IND_sk
225,0.2576000000,0.0282885136,-0.1542618426,2.6472455194,0.0179149732,0.2492000000,0.0292807104,0.2554288609,4.1649087086,0.7970079849,0.4932000000,0.0318395980,-0.1189956332,3.0120422905,0.6368213685,0.0338000000,0.0097241966,-0.0767266112,5.5702843842,0.7309726553
