Instance,FV_avg_avg,FV_avg_sd,FV_sd_avg,FV_sd_sd,FV_r1_avg,FV_r1_sd,FV_kr_avg,FV_kr_sd,FV_sk_avg,FV_sk_sd,FD_avg_avg,FD_avg_sd,FD_sd_avg,FD_sd_sd,FD_r1_avg,FD_r1_sd,FD_kr_avg,FD_kr_sd,FD_sk_avg,FD_sk_sd,IN_avg_avg,IN_avg_sd,IN_sd_avg,IN_sd_sd,IN_r1_avg,IN_r1_sd,IN_kr_avg,IN_kr_sd,IN_sk_avg,IN_sk_sd
264,0.4977441540,0.3028336025,0.0008321118,0.0006734764,0.8783354039,0.1098227172,2.2747505703,0.5610360621,-0.0756262836,0.3954096097,0.0000031847,0.0000176685,0.0000445091,0.0000280867,-0.0654284888,0.1679122287,2.8495649241,0.5755771098,-0.0805223540,0.2804567112,0.4986800000,0.0206169251,0.0724882004,0.0062177810,-0.0320636391,0.1483101181,2.7613047073,0.5135929290,-0.1181561869,0.2637667835
