Instance,INF_avg,INF_sd,INF_r1,INF_kr,INF_sk,SUP_avg,SUP_sd,SUP_r1,SUP_kr,SUP_sk,INC_avg,INC_sd,INC_r1,INC_kr,INC_sk,IND_avg,IND_sd,IND_r1,IND_kr,IND_sk
47,0.3090909091,0.1564059139,-0.0394316163,1.5187180424,-0.1508077476,0.2909090909,0.1311109555,-0.4620253165,3.2871671598,-0.8000483599,0.4000000000,0.1279204298,0.2352941176,1.8333333333,-0.2605786533,0.3454545455,0.1075650870,0.2262190248,1.7906122449,0.3368543387
