Instance,FV_avg_avg,FV_avg_sd,FV_sd_avg,FV_sd_sd,FV_r1_avg,FV_r1_sd,FV_kr_avg,FV_kr_sd,FV_sk_avg,FV_sk_sd,FD_avg_avg,FD_avg_sd,FD_sd_avg,FD_sd_sd,FD_r1_avg,FD_r1_sd,FD_kr_avg,FD_kr_sd,FD_sk_avg,FD_sk_sd,IN_avg_avg,IN_avg_sd,IN_sd_avg,IN_sd_sd,IN_r1_avg,IN_r1_sd,IN_kr_avg,IN_kr_sd,IN_sk_avg,IN_sk_sd
257,0.4952292027,0.3011341929,0.0005476990,0.0004404462,0.9470820627,0.0354262458,2.2218784347,0.4500135698,-0.0080934297,0.4096627480,0.0000015965,0.0000060973,0.0000414997,0.0000255422,0.0072242123,0.0861747117,2.9294895326,0.2782093545,-0.0945546219,0.1843439710,0.5037000000,0.0215130193,0.1549638925,0.0109403846,0.0129226780,0.0918501519,2.7099072313,0.4377452939,-0.0102000088,0.1544434910
