Instance,INF_avg,INF_sd,INF_r1,INF_kr,INF_sk,SUP_avg,SUP_sd,SUP_r1,SUP_kr,SUP_sk,INC_avg,INC_sd,INC_r1,INC_kr,INC_sk,IND_avg,IND_sd,IND_r1,IND_kr,IND_sk
398,0.2683000000,0.0332957955,0.1897900703,2.6428512766,-0.2623445597,0.2345000000,0.0308747470,0.0808981721,2.6866527468,-0.0303248041,0.4972000000,0.0386414285,-0.0134457073,2.1809935968,0.0449669555,0.0378000000,0.0099075729,0.0350400316,2.5657347019,0.6976708661
