Instance,INF_avg,INF_sd,INF_r1,INF_kr,INF_sk,SUP_avg,SUP_sd,SUP_r1,SUP_kr,SUP_sk,INC_avg,INC_sd,INC_r1,INC_kr,INC_sk,IND_avg,IND_sd,IND_r1,IND_kr,IND_sk
496,0.3600000000,0.1496662955,-0.4028776978,1.9904336735,-0.1932871482,0.1900000000,0.0943398113,-0.3723284589,2.9714682490,0.9146947998,0.4500000000,0.1118033989,-0.0612244898,1.6400000000,0.2146625258,0.3700000000,0.1004987562,0.2715920916,1.7544358396,0.0354666721
