Instance,FV_avg_avg,FV_avg_sd,FV_sd_avg,FV_sd_sd,FV_r1_avg,FV_r1_sd,FV_kr_avg,FV_kr_sd,FV_sk_avg,FV_sk_sd,FD_avg_avg,FD_avg_sd,FD_sd_avg,FD_sd_sd,FD_r1_avg,FD_r1_sd,FD_kr_avg,FD_kr_sd,FD_sk_avg,FD_sk_sd,IN_avg_avg,IN_avg_sd,IN_sd_avg,IN_sd_sd,IN_r1_avg,IN_r1_sd,IN_kr_avg,IN_kr_sd,IN_sk_avg,IN_sk_sd
365,0.4547398390,0.2758239038,0.0209123910,0.0133457659,0.9912888479,0.0043108953,1.9470449631,0.0732477614,0.3929187781,0.0815737262,-0.0002407271,0.0001490650,0.0001230105,0.0000777706,0.8428194479,0.0619306288,2.1858371228,0.1941221756,0.2959601960,0.1378317679,0.2203454601,0.0279967445,0.1366571911,0.0163016771,0.8087496406,0.0637441115,2.4597061952,0.3591793145,0.5514035469,0.1939605318
