Instance,FV_avg_avg,FV_avg_sd,FV_sd_avg,FV_sd_sd,FV_r1_avg,FV_r1_sd,FV_kr_avg,FV_kr_sd,FV_sk_avg,FV_sk_sd,FD_avg_avg,FD_avg_sd,FD_sd_avg,FD_sd_sd,FD_r1_avg,FD_r1_sd,FD_kr_avg,FD_kr_sd,FD_sk_avg,FD_sk_sd,IN_avg_avg,IN_avg_sd,IN_sd_avg,IN_sd_sd,IN_r1_avg,IN_r1_sd,IN_kr_avg,IN_kr_sd,IN_sk_avg,IN_sk_sd
73,0.4972983962,0.3020807003,0.0012907534,0.0009731004,0.8823489595,0.0781599041,2.4589991677,0.5241157476,0.0044704992,0.5148760763,0.0000112270,0.0000449099,0.0000455578,0.0000301275,0.1651289558,0.2029486878,2.8183090415,0.3850500210,-0.0100302044,0.2250725923,0.5000500000,0.0341400718,0.0386083695,0.0047378062,0.1352415650,0.1777518948,2.6283978360,0.5831088342,0.0272145345,0.2381651264
