Instance,FV_avg_avg,FV_avg_sd,FV_sd_avg,FV_sd_sd,FV_r1_avg,FV_r1_sd,FV_kr_avg,FV_kr_sd,FV_sk_avg,FV_sk_sd,FD_avg_avg,FD_avg_sd,FD_sd_avg,FD_sd_sd,FD_r1_avg,FD_r1_sd,FD_kr_avg,FD_kr_sd,FD_sk_avg,FD_sk_sd,IN_avg_avg,IN_avg_sd,IN_sd_avg,IN_sd_sd,IN_r1_avg,IN_r1_sd,IN_kr_avg,IN_kr_sd,IN_sk_avg,IN_sk_sd
26,0.5005386420,0.3041672456,0.0002380083,0.0001747677,0.2443176789,0.3527490482,1.9114240298,0.5108544166,0.1224321138,0.5433954862,-0.0000026612,0.0000293623,0.0000468160,0.0000341303,-0.1745220502,0.3277791334,2.0786487597,0.5345547059,0.0952519977,0.7104214591,0.4970000000,0.0547813837,0.0834718343,0.0335030278,-0.1321183286,0.3099407228,2.0672009222,0.4772898302,-0.0770589431,0.5951096672
