Instance,FV_avg_avg,FV_avg_sd,FV_sd_avg,FV_sd_sd,FV_r1_avg,FV_r1_sd,FV_kr_avg,FV_kr_sd,FV_sk_avg,FV_sk_sd,FD_avg_avg,FD_avg_sd,FD_sd_avg,FD_sd_sd,FD_r1_avg,FD_r1_sd,FD_kr_avg,FD_kr_sd,FD_sk_avg,FD_sk_sd,IN_avg_avg,IN_avg_sd,IN_sd_avg,IN_sd_sd,IN_r1_avg,IN_r1_sd,IN_kr_avg,IN_kr_sd,IN_sk_avg,IN_sk_sd
111,0.4883688475,0.2958200720,0.0047342417,0.0036097376,0.9645729719,0.0536340455,1.8918770441,0.1044791490,0.1919030422,0.1438690499,-0.0001319839,0.0000931938,0.0001363145,0.0000810442,0.1361542031,0.2263209148,3.1248091724,0.8634310053,0.0366228582,0.6052711580,0.3728285009,0.0386795794,0.1714683962,0.0216174121,0.0546953143,0.2232181466,2.9470317257,0.5005691983,0.0403705820,0.4581085313
