Instance,FV_avg_avg,FV_avg_sd,FV_sd_avg,FV_sd_sd,FV_r1_avg,FV_r1_sd,FV_kr_avg,FV_kr_sd,FV_sk_avg,FV_sk_sd,FD_avg_avg,FD_avg_sd,FD_sd_avg,FD_sd_sd,FD_r1_avg,FD_r1_sd,FD_kr_avg,FD_kr_sd,FD_sk_avg,FD_sk_sd,IN_avg_avg,IN_avg_sd,IN_sd_avg,IN_sd_sd,IN_r1_avg,IN_r1_sd,IN_kr_avg,IN_kr_sd,IN_sk_avg,IN_sk_sd
234,0.4972044411,0.3024948226,0.0003466109,0.0002439232,0.7637149329,0.1463770185,2.7283779372,0.6313242842,0.0271185580,0.6449916475,0.0000003460,0.0000108970,0.0000277028,0.0000173906,-0.0711905378,0.1905059952,2.6034645462,0.4326305642,-0.0286660641,0.3635263978,0.4980400000,0.0210363115,0.0696197778,0.0102916735,-0.0560662828,0.2038255527,2.8040148563,0.5710017340,-0.0881452024,0.3847008335
