Instance,FV_avg_avg,FV_avg_sd,FV_sd_avg,FV_sd_sd,FV_r1_avg,FV_r1_sd,FV_kr_avg,FV_kr_sd,FV_sk_avg,FV_sk_sd,FD_avg_avg,FD_avg_sd,FD_sd_avg,FD_sd_sd,FD_r1_avg,FD_r1_sd,FD_kr_avg,FD_kr_sd,FD_sk_avg,FD_sk_sd,IN_avg_avg,IN_avg_sd,IN_sd_avg,IN_sd_sd,IN_r1_avg,IN_r1_sd,IN_kr_avg,IN_kr_sd,IN_sk_avg,IN_sk_sd
333,0.4918595955,0.3006469227,0.0018777142,0.0013894077,0.8269303960,0.1210709661,2.2165099038,0.3899861372,-0.1736696071,0.4100000453,0.0000168264,0.0001083613,0.0002207560,0.0001422371,0.0637802340,0.1631353127,2.6579643593,0.6095822681,-0.1484638230,0.4230441253,0.4994000000,0.0423891496,0.1130139332,0.0114302628,-0.0094330154,0.2645579580,2.6176539764,0.3865942246,-0.0782457985,0.2983921435
