Instance,FV_avg_avg,FV_avg_sd,FV_sd_avg,FV_sd_sd,FV_r1_avg,FV_r1_sd,FV_kr_avg,FV_kr_sd,FV_sk_avg,FV_sk_sd,FD_avg_avg,FD_avg_sd,FD_sd_avg,FD_sd_sd,FD_r1_avg,FD_r1_sd,FD_kr_avg,FD_kr_sd,FD_sk_avg,FD_sk_sd,IN_avg_avg,IN_avg_sd,IN_sd_avg,IN_sd_sd,IN_r1_avg,IN_r1_sd,IN_kr_avg,IN_kr_sd,IN_sk_avg,IN_sk_sd
217,0.4513289260,0.2749916956,0.0204611041,0.0128007962,0.9740078498,0.0122081540,2.2164835403,0.2542524840,0.6301132495,0.1551226647,-0.0008460661,0.0005003374,0.0003249824,0.0002062150,0.8972158881,0.0267381160,3.0627151356,0.8382961761,0.8671962449,0.3063068099,0.1549870625,0.0253197935,0.1278386439,0.0125702784,0.8777593657,0.0331415576,3.4058632758,0.9263362804,1.0503162281,0.3156620383
