Instance,FV_avg_avg,FV_avg_sd,FV_sd_avg,FV_sd_sd,FV_r1_avg,FV_r1_sd,FV_kr_avg,FV_kr_sd,FV_sk_avg,FV_sk_sd,FD_avg_avg,FD_avg_sd,FD_sd_avg,FD_sd_sd,FD_r1_avg,FD_r1_sd,FD_kr_avg,FD_kr_sd,FD_sk_avg,FD_sk_sd,IN_avg_avg,IN_avg_sd,IN_sd_avg,IN_sd_sd,IN_r1_avg,IN_r1_sd,IN_kr_avg,IN_kr_sd,IN_sk_avg,IN_sk_sd
408,0.4992215545,0.3030923483,0.0004067655,0.0003475514,0.8082762139,0.1176464517,2.2911825149,0.5371376999,-0.0400327266,0.4442687345,0.0000002098,0.0000114315,0.0000183305,0.0000123440,-0.0448445632,0.2131298683,2.7754930771,0.5373658579,0.0420571590,0.4330743460,0.4963200000,0.0234440952,0.0465890478,0.0058217370,-0.0299890989,0.1788892347,2.9496882458,0.8362954484,-0.1805845301,0.4316549344
