Instance,INF_avg,INF_sd,INF_r1,INF_kr,INF_sk,SUP_avg,SUP_sd,SUP_r1,SUP_kr,SUP_sk,INC_avg,INC_sd,INC_r1,INC_kr,INC_sk,IND_avg,IND_sd,IND_r1,IND_kr,IND_sk
441,0.2370000000,0.0215870331,0.0688437776,2.0809095765,0.0393655488,0.2160000000,0.0165529454,-0.0817717206,2.6655921999,-1.0688992367,0.5470000000,0.0248193473,0.5762711864,1.3240850059,0.0062791400,0.0470000000,0.0067823300,-0.1061946903,2.9310018904,1.1731251294
