Instance,INF_avg,INF_sd,INF_r1,INF_kr,INF_sk,SUP_avg,SUP_sd,SUP_r1,SUP_kr,SUP_sk,INC_avg,INC_sd,INC_r1,INC_kr,INC_sk,IND_avg,IND_sd,IND_r1,IND_kr,IND_sk
478,0.6134302326,0.0932216090,0.8309097006,3.3103528405,-0.7352134730,0.0906686047,0.0697586416,0.8562971352,4.6848289028,1.4089867900,0.2959011628,0.0402849819,0.2912200478,2.7486400589,0.0744875871,0.0324709302,0.0087020629,-0.1909501409,2.5900061702,0.0792253109
