Instance,FV_avg_avg,FV_avg_sd,FV_sd_avg,FV_sd_sd,FV_r1_avg,FV_r1_sd,FV_kr_avg,FV_kr_sd,FV_sk_avg,FV_sk_sd,FD_avg_avg,FD_avg_sd,FD_sd_avg,FD_sd_sd,FD_r1_avg,FD_r1_sd,FD_kr_avg,FD_kr_sd,FD_sk_avg,FD_sk_sd,IN_avg_avg,IN_avg_sd,IN_sd_avg,IN_sd_sd,IN_r1_avg,IN_r1_sd,IN_kr_avg,IN_kr_sd,IN_sk_avg,IN_sk_sd
355,0.4927230256,0.2996552731,0.0020867523,0.0016071677,0.8763142878,0.0822804347,2.3922228035,0.6082822736,0.0813684432,0.4682529850,-0.0000062154,0.0000835165,0.0001263428,0.0000778239,0.0632335787,0.1722979622,2.9750509249,0.3095569452,0.0461854267,0.2804863339,0.4987000000,0.0414023912,0.0727616020,0.0065039435,0.0253677607,0.1280303035,2.8649539728,0.3306547699,0.0789557260,0.2539296028
