Instance,INF_avg,INF_sd,INF_r1,INF_kr,INF_sk,SUP_avg,SUP_sd,SUP_r1,SUP_kr,SUP_sk,INC_avg,INC_sd,INC_r1,INC_kr,INC_sk,IND_avg,IND_sd,IND_r1,IND_kr,IND_sk
321,0.2160000000,0.1339552164,-0.1221015372,2.5173632775,0.1808018361,0.2790000000,0.1343837788,-0.0058296629,2.7786911861,0.0646842050,0.5050000000,0.1416862732,-0.1515380310,2.5166227519,-0.0039552068,0.3700000000,0.1081665383,-0.1019604333,2.6445321061,0.2370513659
