Instance,INF_avg,INF_sd,INF_r1,INF_kr,INF_sk,SUP_avg,SUP_sd,SUP_r1,SUP_kr,SUP_sk,INC_avg,INC_sd,INC_r1,INC_kr,INC_sk,IND_avg,IND_sd,IND_r1,IND_kr,IND_sk
446,0.2629000000,0.0372570799,0.2171245928,5.9746021698,0.9130938907,0.2300000000,0.0327871926,0.1162352941,2.8662628448,0.0804341297,0.5071000000,0.0394726488,0.2023214424,2.4892421584,0.0025571877,0.0391000000,0.0108944940,0.2415011732,3.6555793406,0.8458119965
