Instance,INF_avg,INF_sd,INF_r1,INF_kr,INF_sk,SUP_avg,SUP_sd,SUP_r1,SUP_kr,SUP_sk,INC_avg,INC_sd,INC_r1,INC_kr,INC_sk,IND_avg,IND_sd,IND_r1,IND_kr,IND_sk
419,0.3650000000,0.1705139290,0.1065883304,3.1548889558,0.5175290736,0.2990000000,0.1596840631,0.0431543266,3.0740019501,0.2373647566,0.3360000000,0.1596997182,0.0599959556,2.8573241248,0.3434614081,0.3240000000,0.1030727898,0.0416490869,4.1502122950,0.8230234716
