Instance,FV_avg_avg,FV_avg_sd,FV_sd_avg,FV_sd_sd,FV_r1_avg,FV_r1_sd,FV_kr_avg,FV_kr_sd,FV_sk_avg,FV_sk_sd,FD_avg_avg,FD_avg_sd,FD_sd_avg,FD_sd_sd,FD_r1_avg,FD_r1_sd,FD_kr_avg,FD_kr_sd,FD_sk_avg,FD_sk_sd,IN_avg_avg,IN_avg_sd,IN_sd_avg,IN_sd_sd,IN_r1_avg,IN_r1_sd,IN_kr_avg,IN_kr_sd,IN_sk_avg,IN_sk_sd
380,0.5012853211,0.3041493845,0.0003588766,0.0002591182,0.9104799302,0.0770382661,2.1953594241,0.5033232620,0.0352222954,0.3364927400,-0.0000006974,0.0000076728,0.0000386166,0.0000225826,-0.0508009548,0.0882655557,2.8492256783,0.4374368255,0.0933975216,0.2882915599,0.4989000000,0.0230084767,0.1535905286,0.0113731929,0.0018264159,0.1157074709,2.8554096296,0.4623904971,0.2130886014,0.2472019921
