Instance,INF_avg,INF_sd,INF_r1,INF_kr,INF_sk,SUP_avg,SUP_sd,SUP_r1,SUP_kr,SUP_sk,INC_avg,INC_sd,INC_r1,INC_kr,INC_sk,IND_avg,IND_sd,IND_r1,IND_kr,IND_sk
266,0.2690000000,0.1270393640,0.0081033907,2.8726368979,0.1856899836,0.2430000000,0.1328570661,-0.0322098747,2.5104702707,-0.1051086080,0.4880000000,0.1626530049,-0.0515443696,2.9989147102,0.0962421023,0.3740000000,0.1253953747,-0.0846079822,2.4831625235,0.2252088047
