Instance,INF_avg,INF_sd,INF_r1,INF_kr,INF_sk,SUP_avg,SUP_sd,SUP_r1,SUP_kr,SUP_sk,INC_avg,INC_sd,INC_r1,INC_kr,INC_sk,IND_avg,IND_sd,IND_r1,IND_kr,IND_sk
155,0.2796000000,0.0333742416,0.3315100303,3.5662504705,-0.1975416659,0.2383000000,0.0318058171,0.0376396863,2.6911642912,0.4449599764,0.4821000000,0.0340307214,0.2204914011,3.0240547451,-0.3385565071,0.0380000000,0.0084852814,0.1312306393,3.2997685185,0.6138079698
