Instance,INF_avg,INF_sd,INF_r1,INF_kr,INF_sk,SUP_avg,SUP_sd,SUP_r1,SUP_kr,SUP_sk,INC_avg,INC_sd,INC_r1,INC_kr,INC_sk,IND_avg,IND_sd,IND_r1,IND_kr,IND_sk
384,0.2392000000,0.0656000000,-0.0608090574,2.2756806043,-0.0393602821,0.2648000000,0.0625536570,-0.1533629118,2.8552813842,0.6243527005,0.4960000000,0.0644980620,-0.1514343941,3.7403550296,0.7742629778,0.1056000000,0.0280114262,0.1195673679,2.3798011544,0.1930230722
