Instance,INF_avg,INF_sd,INF_r1,INF_kr,INF_sk,SUP_avg,SUP_sd,SUP_r1,SUP_kr,SUP_sk,INC_avg,INC_sd,INC_r1,INC_kr,INC_sk,IND_avg,IND_sd,IND_r1,IND_kr,IND_sk
278,0.4468750000,0.0799780243,0.0014314343,2.2312848902,0.1020079830,0.1375000000,0.0649519053,-0.1189710611,2.4650205761,-0.3849001795,0.4156250000,0.0842591798,-0.2904017173,2.6181288066,0.4429127325,0.2218750000,0.0558142847,0.1426657736,2.7534025806,0.6960920685
