Instance,INF_avg,INF_sd,INF_r1,INF_kr,INF_sk,SUP_avg,SUP_sd,SUP_r1,SUP_kr,SUP_sk,INC_avg,INC_sd,INC_r1,INC_kr,INC_sk,IND_avg,IND_sd,IND_r1,IND_kr,IND_sk
448,0.2425000000,0.0962743476,0.0800630706,2.8819518490,0.3140258782,0.2130000000,0.1001548801,0.0623351693,3.0570878467,0.4918053338,0.5445000000,0.1150858375,-0.0023068157,2.9684560880,-0.4412206823,0.2370000000,0.0776595133,-0.0585294758,2.7061617832,0.0852028664
