Instance,INF_avg,INF_sd,INF_r1,INF_kr,INF_sk,SUP_avg,SUP_sd,SUP_r1,SUP_kr,SUP_sk,INC_avg,INC_sd,INC_r1,INC_kr,INC_sk,IND_avg,IND_sd,IND_r1,IND_kr,IND_sk
38,0.3754824561,0.0853975977,0.8522532519,2.1620590712,0.0347803172,0.1131578947,0.0936064999,0.9404770751,2.4688136071,0.7649775883,0.5113596491,0.0425491722,0.3076429919,3.2258987487,-0.2855671170,0.0455263158,0.0134158917,0.3046135423,3.6215924052,0.4421461984
