Instance,INF_avg,INF_sd,INF_r1,INF_kr,INF_sk,SUP_avg,SUP_sd,SUP_r1,SUP_kr,SUP_sk,INC_avg,INC_sd,INC_r1,INC_kr,INC_sk,IND_avg,IND_sd,IND_r1,IND_kr,IND_sk
243,0.1900000000,0.0734846923,0.6308724832,1.5781893004,0.3477670622,0.3600000000,0.0489897949,-0.4705882353,2.7291666667,0.8675276172,0.4500000000,0.0707106781,0.1666666667,1.7000000000,0.0000000000,0.2300000000,0.0748331477,-0.1038961039,2.1339285714,-0.7301958931
