Instance,FV_avg_avg,FV_avg_sd,FV_sd_avg,FV_sd_sd,FV_r1_avg,FV_r1_sd,FV_kr_avg,FV_kr_sd,FV_sk_avg,FV_sk_sd,FD_avg_avg,FD_avg_sd,FD_sd_avg,FD_sd_sd,FD_r1_avg,FD_r1_sd,FD_kr_avg,FD_kr_sd,FD_sk_avg,FD_sk_sd,IN_avg_avg,IN_avg_sd,IN_sd_avg,IN_sd_sd,IN_r1_avg,IN_r1_sd,IN_kr_avg,IN_kr_sd,IN_sk_avg,IN_sk_sd
389,0.4984042056,0.3030168979,0.0002303359,0.0001493850,0.5415156785,0.2943819957,2.3721422618,0.7206798203,-0.1356197447,0.6106987269,-0.0000028295,0.0000198461,0.0000481069,0.0000326754,0.0311928007,0.4095525444,2.4494609143,1.0808719921,-0.0464970337,0.6968460565,0.4965000000,0.0403143895,0.0998794358,0.0271403448,-0.0826460147,0.2755845495,2.3384742125,0.7467344235,0.0911109220,0.5085930310
