Instance,INF_avg,INF_sd,INF_r1,INF_kr,INF_sk,SUP_avg,SUP_sd,SUP_r1,SUP_kr,SUP_sk,INC_avg,INC_sd,INC_r1,INC_kr,INC_sk,IND_avg,IND_sd,IND_r1,IND_kr,IND_sk
74,0.2660000000,0.1358086890,-0.0380186561,2.8712250288,0.4872903925,0.2900000000,0.1431782106,-0.0000489740,2.9999524093,0.2984511898,0.4440000000,0.1395134402,-0.0971538929,3.3980395943,0.3113869410,0.3570000000,0.1133622512,-0.1377353300,3.4632251126,0.6502430717
