Instance,FV_avg_avg,FV_avg_sd,FV_sd_avg,FV_sd_sd,FV_r1_avg,FV_r1_sd,FV_kr_avg,FV_kr_sd,FV_sk_avg,FV_sk_sd,FD_avg_avg,FD_avg_sd,FD_sd_avg,FD_sd_sd,FD_r1_avg,FD_r1_sd,FD_kr_avg,FD_kr_sd,FD_sk_avg,FD_sk_sd,IN_avg_avg,IN_avg_sd,IN_sd_avg,IN_sd_sd,IN_r1_avg,IN_r1_sd,IN_kr_avg,IN_kr_sd,IN_sk_avg,IN_sk_sd
59,0.4629169040,0.2816213007,0.0138899445,0.0086682448,0.9801752914,0.0080020607,1.9489035525,0.1215446820,0.3577085525,0.1197401314,-0.0004176766,0.0002487718,0.0002496462,0.0001570804,0.6024293123,0.1102256516,2.5554465135,0.4607514067,0.2183275500,0.2616702194,0.2746241511,0.0252186362,0.1427989631,0.0129388287,0.5342806332,0.1357395526,2.7453326652,0.4855973100,0.3966806345,0.2366318589
