Instance,INF_avg,INF_sd,INF_r1,INF_kr,INF_sk,SUP_avg,SUP_sd,SUP_r1,SUP_kr,SUP_sk,INC_avg,INC_sd,INC_r1,INC_kr,INC_sk,IND_avg,IND_sd,IND_r1,IND_kr,IND_sk
450,0.2536000000,0.0462713734,-0.0902890529,3.0840536466,-0.0206915470,0.2526000000,0.0471300329,0.0508816079,2.6325502740,0.1847099534,0.4938000000,0.0450506382,0.0356575710,2.4226848587,0.1101150236,0.0594000000,0.0161752898,-0.0507891657,2.5583562724,0.0687998407
