Instance,FV_avg_avg,FV_avg_sd,FV_sd_avg,FV_sd_sd,FV_r1_avg,FV_r1_sd,FV_kr_avg,FV_kr_sd,FV_sk_avg,FV_sk_sd,FD_avg_avg,FD_avg_sd,FD_sd_avg,FD_sd_sd,FD_r1_avg,FD_r1_sd,FD_kr_avg,FD_kr_sd,FD_sk_avg,FD_sk_sd,IN_avg_avg,IN_avg_sd,IN_sd_avg,IN_sd_sd,IN_r1_avg,IN_r1_sd,IN_kr_avg,IN_kr_sd,IN_sk_avg,IN_sk_sd
211,0.4833126221,0.2947118751,0.0099206909,0.0064495009,0.9949058942,0.0020933141,1.8849511189,0.0624336788,0.2583829813,0.0926920163,-0.0000773562,0.0000455058,0.0000514157,0.0000311911,0.5422589524,0.0829430834,2.7102078762,0.2805824220,0.1576271147,0.2254181645,0.3012096093,0.0276571379,0.1371074475,0.0105013171,0.4581791736,0.0876705335,2.9123665594,0.6220281213,0.3791949440,0.2688057626
