Instance,INF_avg,INF_sd,INF_r1,INF_kr,INF_sk,SUP_avg,SUP_sd,SUP_r1,SUP_kr,SUP_sk,INC_avg,INC_sd,INC_r1,INC_kr,INC_sk,IND_avg,IND_sd,IND_r1,IND_kr,IND_sk
215,0.3501492537,0.0999327018,0.5957078143,1.9713294851,0.0328633709,0.1241791045,0.0911313511,0.6709302084,3.0717891127,0.8754988507,0.5256716418,0.0735298473,0.2198633657,2.5778856305,0.0027109567,0.1328358209,0.0338039108,0.0983345400,2.9797293820,0.4783995814
