Instance,INF_avg,INF_sd,INF_r1,INF_kr,INF_sk,SUP_avg,SUP_sd,SUP_r1,SUP_kr,SUP_sk,INC_avg,INC_sd,INC_r1,INC_kr,INC_sk,IND_avg,IND_sd,IND_r1,IND_kr,IND_sk
358,0.4170388350,0.0976841972,0.7276974957,2.5199752417,-0.3516842105,0.1062135922,0.0704440356,0.7805836307,3.4562126803,0.9621993983,0.4767475728,0.0552189320,0.0279426275,2.7298951987,-0.0016480240,0.0689320388,0.0194043645,-0.0011682801,2.9423269429,0.2742410256
