Instance,FV_avg_avg,FV_avg_sd,FV_sd_avg,FV_sd_sd,FV_r1_avg,FV_r1_sd,FV_kr_avg,FV_kr_sd,FV_sk_avg,FV_sk_sd,FD_avg_avg,FD_avg_sd,FD_sd_avg,FD_sd_sd,FD_r1_avg,FD_r1_sd,FD_kr_avg,FD_kr_sd,FD_sk_avg,FD_sk_sd,IN_avg_avg,IN_avg_sd,IN_sd_avg,IN_sd_sd,IN_r1_avg,IN_r1_sd,IN_kr_avg,IN_kr_sd,IN_sk_avg,IN_sk_sd
77,0.4981288158,0.3029776725,0.0006700881,0.0004795756,0.8780158994,0.0839005147,2.4033365977,0.4847644016,0.0092388182,0.4708885517,-0.0000044484,0.0000154396,0.0000654422,0.0000390734,-0.0410722825,0.1286471242,2.8614291478,0.5560035123,-0.0243767650,0.3346916777,0.4890000000,0.0283249007,0.1137149904,0.0100300027,-0.0512104020,0.1181068193,2.6925684822,0.4048593371,0.0100070760,0.2555629500
