Instance,INF_avg,INF_sd,INF_r1,INF_kr,INF_sk,SUP_avg,SUP_sd,SUP_r1,SUP_kr,SUP_sk,INC_avg,INC_sd,INC_r1,INC_kr,INC_sk,IND_avg,IND_sd,IND_r1,IND_kr,IND_sk
176,0.3500000000,0.0167332005,-0.3000000000,1.2755102041,-0.2561204163,0.2060000000,0.0640624695,-0.5564965916,1.9714727039,-0.0467380054,0.4440000000,0.0496386946,-0.6116793138,2.1044126328,0.0749572335,0.0600000000,0.0200000000,-0.7500000000,2.0500000000,-0.0000000000
