Instance,FV_avg_avg,FV_avg_sd,FV_sd_avg,FV_sd_sd,FV_r1_avg,FV_r1_sd,FV_kr_avg,FV_kr_sd,FV_sk_avg,FV_sk_sd,FD_avg_avg,FD_avg_sd,FD_sd_avg,FD_sd_sd,FD_r1_avg,FD_r1_sd,FD_kr_avg,FD_kr_sd,FD_sk_avg,FD_sk_sd,IN_avg_avg,IN_avg_sd,IN_sd_avg,IN_sd_sd,IN_r1_avg,IN_r1_sd,IN_kr_avg,IN_kr_sd,IN_sk_avg,IN_sk_sd
106,0.5022752254,0.3054990704,0.0002619135,0.0002096797,-0.0940700732,0.4185253930,1.9286533464,0.4879937267,-0.0064399579,0.5683851195,0.0000005201,0.0000503601,0.0000851127,0.0000723952,-0.3436772558,0.4137907113,1.9485614044,0.5078324588,-0.0852973833,0.6024541224,0.4930000000,0.0842080756,0.1265419763,0.0463371151,-0.1367405389,0.4059407287,2.1571071393,0.5301402248,0.1812823295,0.6816803892
