Instance,FV_avg_avg,FV_avg_sd,FV_sd_avg,FV_sd_sd,FV_r1_avg,FV_r1_sd,FV_kr_avg,FV_kr_sd,FV_sk_avg,FV_sk_sd,FD_avg_avg,FD_avg_sd,FD_sd_avg,FD_sd_sd,FD_r1_avg,FD_r1_sd,FD_kr_avg,FD_kr_sd,FD_sk_avg,FD_sk_sd,IN_avg_avg,IN_avg_sd,IN_sd_avg,IN_sd_sd,IN_r1_avg,IN_r1_sd,IN_kr_avg,IN_kr_sd,IN_sk_avg,IN_sk_sd
400,0.5024669624,0.3038643208,0.0004698366,0.0003671409,-0.1071895144,0.5429174094,1.9990797563,0.5991909097,-0.3548962742,0.6363393061,0.0000163531,0.0000786583,0.0001226977,0.0000988425,-0.0938749873,0.4700330941,1.7050391982,0.4144201608,0.0789647737,0.4285825895,0.5040000000,0.0765767589,0.1077401727,0.0355254161,-0.1992945034,0.4148073909,1.9341148092,0.3459300944,0.0103849523,0.5184843026
