Instance,INF_avg,INF_sd,INF_r1,INF_kr,INF_sk,SUP_avg,SUP_sd,SUP_r1,SUP_kr,SUP_sk,INC_avg,INC_sd,INC_r1,INC_kr,INC_sk,IND_avg,IND_sd,IND_r1,IND_kr,IND_sk
458,0.2580000000,0.0354400903,0.0414959463,1.8770360867,0.4345720837,0.2450000000,0.0315436206,0.0359116022,2.5083962526,0.6069604023,0.4970000000,0.0315594677,-0.2380665260,2.2546027483,0.2335426568,0.0350000000,0.0059160798,-0.4285714286,2.5510204082,-0.3622089663
