Instance,INF_avg,INF_sd,INF_r1,INF_kr,INF_sk,SUP_avg,SUP_sd,SUP_r1,SUP_kr,SUP_sk,INC_avg,INC_sd,INC_r1,INC_kr,INC_sk,IND_avg,IND_sd,IND_r1,IND_kr,IND_sk
376,0.2200000000,0.1122497216,-1.0087976540,2.3760393046,0.1315095000,0.3400000000,0.1392838828,-1.0028011204,1.4252843023,0.0399688047,0.4400000000,0.0800000000,-0.4890282132,2.5908203125,-0.5507812500,0.1700000000,0.0400000000,0.1447368421,2.0781250000,-0.8437500000
