Instance,INF_avg,INF_sd,INF_r1,INF_kr,INF_sk,SUP_avg,SUP_sd,SUP_r1,SUP_kr,SUP_sk,INC_avg,INC_sd,INC_r1,INC_kr,INC_sk,IND_avg,IND_sd,IND_r1,IND_kr,IND_sk
305,0.2128000000,0.0642196232,-0.2779233468,2.3788505353,-0.4850440830,0.1888000000,0.0645179045,0.2245671234,2.8091203029,-0.0483060507,0.5984000000,0.0587659766,0.2447885779,3.3910662485,-0.1012068041,0.1376000000,0.0368000000,-0.1047471026,1.7409734456,0.1766663927
