Instance,FV_avg_avg,FV_avg_sd,FV_sd_avg,FV_sd_sd,FV_r1_avg,FV_r1_sd,FV_kr_avg,FV_kr_sd,FV_sk_avg,FV_sk_sd,FD_avg_avg,FD_avg_sd,FD_sd_avg,FD_sd_sd,FD_r1_avg,FD_r1_sd,FD_kr_avg,FD_kr_sd,FD_sk_avg,FD_sk_sd,IN_avg_avg,IN_avg_sd,IN_sd_avg,IN_sd_sd,IN_r1_avg,IN_r1_sd,IN_kr_avg,IN_kr_sd,IN_sk_avg,IN_sk_sd
208,0.4970388086,0.3025077536,0.0006718225,0.0004607812,0.5982515244,0.2754726494,2.1414915893,0.5500627892,0.0778754636,0.4978148604,0.0000054510,0.0000765725,0.0001494831,0.0000927746,-0.1337731838,0.2725655245,2.1047928690,0.3642822797,0.0125700362,0.4304694944,0.4965000000,0.0646741834,0.1565358216,0.0353770626,-0.2084305304,0.3223152189,2.1781740525,0.5819054430,0.1138353341,0.5323795036
