Instance,FV_avg_avg,FV_avg_sd,FV_sd_avg,FV_sd_sd,FV_r1_avg,FV_r1_sd,FV_kr_avg,FV_kr_sd,FV_sk_avg,FV_sk_sd,FD_avg_avg,FD_avg_sd,FD_sd_avg,FD_sd_sd,FD_r1_avg,FD_r1_sd,FD_kr_avg,FD_kr_sd,FD_sk_avg,FD_sk_sd,IN_avg_avg,IN_avg_sd,IN_sd_avg,IN_sd_sd,IN_r1_avg,IN_r1_sd,IN_kr_avg,IN_kr_sd,IN_sk_avg,IN_sk_sd
446,0.4904969646,0.2975275367,0.0017267548,0.0010380958,0.7332774118,0.1400564628,2.4384435778,0.4354973219,0.0218317436,0.3703352400,-0.0000062491,0.0000794321,0.0000819221,0.0000470044,0.0409726710,0.1904617989,2.8307801478,0.7710033013,-0.0424182192,0.4504260831,0.5059800000,0.0332366605,0.0360131539,0.0055060648,0.0064564447,0.1807388681,2.6363730417,0.5690760777,0.0211375835,0.3950673981
