Instance,INF_avg,INF_sd,INF_r1,INF_kr,INF_sk,SUP_avg,SUP_sd,SUP_r1,SUP_kr,SUP_sk,INC_avg,INC_sd,INC_r1,INC_kr,INC_sk,IND_avg,IND_sd,IND_r1,IND_kr,IND_sk
283,0.2230000000,0.1377352533,-0.0088590722,3.1607033628,0.5697849083,0.2810000000,0.1301499136,-0.1242888163,2.9661647948,0.3276689307,0.4960000000,0.1561537704,-0.2216287508,2.6292560502,-0.1700070644,0.3550000000,0.1071214264,0.0340549160,2.7835305509,0.2849371674
