Instance,FV_avg_avg,FV_avg_sd,FV_sd_avg,FV_sd_sd,FV_r1_avg,FV_r1_sd,FV_kr_avg,FV_kr_sd,FV_sk_avg,FV_sk_sd,FD_avg_avg,FD_avg_sd,FD_sd_avg,FD_sd_sd,FD_r1_avg,FD_r1_sd,FD_kr_avg,FD_kr_sd,FD_sk_avg,FD_sk_sd,IN_avg_avg,IN_avg_sd,IN_sd_avg,IN_sd_sd,IN_r1_avg,IN_r1_sd,IN_kr_avg,IN_kr_sd,IN_sk_avg,IN_sk_sd
474,0.4940195218,0.2998002550,0.0023337188,0.0015249166,0.9583456461,0.0378141054,2.4511446977,0.6497738503,0.1868015399,0.5798966199,0.0000032701,0.0000377007,0.0001957603,0.0001188124,0.0047456166,0.0944764396,2.8621450394,0.3370396382,0.0481355179,0.2905117173,0.5027500000,0.0237083846,0.1581162651,0.0135866370,0.0137672044,0.0952163251,2.6732060658,0.3010248134,0.0290280480,0.2081616273
