Instance,FV_avg_avg,FV_avg_sd,FV_sd_avg,FV_sd_sd,FV_r1_avg,FV_r1_sd,FV_kr_avg,FV_kr_sd,FV_sk_avg,FV_sk_sd,FD_avg_avg,FD_avg_sd,FD_sd_avg,FD_sd_sd,FD_r1_avg,FD_r1_sd,FD_kr_avg,FD_kr_sd,FD_sk_avg,FD_sk_sd,IN_avg_avg,IN_avg_sd,IN_sd_avg,IN_sd_sd,IN_r1_avg,IN_r1_sd,IN_kr_avg,IN_kr_sd,IN_sk_avg,IN_sk_sd
188,0.4604399527,0.2800801293,0.0176403267,0.0106936161,0.9926139430,0.0025490801,1.9874195349,0.0523191125,0.4217888666,0.0566904257,-0.0002034373,0.0001229885,0.0000940637,0.0000579291,0.8478771709,0.0346110204,2.4855869294,0.1928410102,0.5410322691,0.1349694556,0.2169482516,0.0199431446,0.1320859358,0.0072295300,0.8022722042,0.0371649912,2.7329235862,0.3003753839,0.6902631562,0.1588294412
