Instance,FV_avg_avg,FV_avg_sd,FV_sd_avg,FV_sd_sd,FV_r1_avg,FV_r1_sd,FV_kr_avg,FV_kr_sd,FV_sk_avg,FV_sk_sd,FD_avg_avg,FD_avg_sd,FD_sd_avg,FD_sd_sd,FD_r1_avg,FD_r1_sd,FD_kr_avg,FD_kr_sd,FD_sk_avg,FD_sk_sd,IN_avg_avg,IN_avg_sd,IN_sd_avg,IN_sd_sd,IN_r1_avg,IN_r1_sd,IN_kr_avg,IN_kr_sd,IN_sk_avg,IN_sk_sd
341,0.4618073541,0.2791564325,0.0172743693,0.0117052781,0.9764382645,0.0149279723,1.8956289421,0.1860497780,0.3073815656,0.1872177720,-0.0005714363,0.0003864033,0.0003690793,0.0002331299,0.6539513605,0.0832435621,2.6517069765,0.5220961411,0.1415668036,0.4402111136,0.2766519862,0.0425921336,0.1475100726,0.0158196942,0.5330306829,0.1413981600,2.7296184669,0.5164119871,0.3576050578,0.3994361155
