Instance,INF_avg,INF_sd,INF_r1,INF_kr,INF_sk,SUP_avg,SUP_sd,SUP_r1,SUP_kr,SUP_sk,INC_avg,INC_sd,INC_r1,INC_kr,INC_sk,IND_avg,IND_sd,IND_r1,IND_kr,IND_sk
276,0.2700000000,0.0244948974,0.0384615385,1.1666666667,0.4082482905,0.2300000000,0.0748331477,-0.6883116883,2.1339285714,-0.7301958931,0.5000000000,0.0836660027,-0.4615384615,2.5000000000,0.7683612489,0.2200000000,0.0871779789,0.3800539084,1.7957063712,0.0543353054
