Instance,FV_avg_avg,FV_avg_sd,FV_sd_avg,FV_sd_sd,FV_r1_avg,FV_r1_sd,FV_kr_avg,FV_kr_sd,FV_sk_avg,FV_sk_sd,FD_avg_avg,FD_avg_sd,FD_sd_avg,FD_sd_sd,FD_r1_avg,FD_r1_sd,FD_kr_avg,FD_kr_sd,FD_sk_avg,FD_sk_sd,IN_avg_avg,IN_avg_sd,IN_sd_avg,IN_sd_sd,IN_r1_avg,IN_r1_sd,IN_kr_avg,IN_kr_sd,IN_sk_avg,IN_sk_sd
144,0.4966051992,0.3015553265,0.0004511800,0.0003260700,0.8163685007,0.1202484630,2.3598790538,0.4861623409,0.0314459480,0.5074285348,0.0000018695,0.0000133465,0.0000203509,0.0000119089,-0.0412402909,0.2443973550,3.0087018309,1.3837450377,-0.0766988507,0.5745263805,0.4996800000,0.0234965870,0.0478002091,0.0073313037,-0.0598041845,0.2126316597,2.8221909179,0.5859781652,0.0888129674,0.4220683768
