Instance,FV_avg_avg,FV_avg_sd,FV_sd_avg,FV_sd_sd,FV_r1_avg,FV_r1_sd,FV_kr_avg,FV_kr_sd,FV_sk_avg,FV_sk_sd,FD_avg_avg,FD_avg_sd,FD_sd_avg,FD_sd_sd,FD_r1_avg,FD_r1_sd,FD_kr_avg,FD_kr_sd,FD_sk_avg,FD_sk_sd,IN_avg_avg,IN_avg_sd,IN_sd_avg,IN_sd_sd,IN_r1_avg,IN_r1_sd,IN_kr_avg,IN_kr_sd,IN_sk_avg,IN_sk_sd
54,0.4885746339,0.2969407286,0.0057188229,0.0043122131,0.9892726028,0.0057014661,1.8352078130,0.0697416972,0.1337545781,0.0861481563,-0.0000685026,0.0000473572,0.0000855106,0.0000517042,0.0386573703,0.2413610595,2.9492444715,0.6757025641,-0.1430381477,0.3516603130,0.3888860002,0.0391412249,0.1640580154,0.0147690240,0.0728269461,0.1502969882,2.9035351791,0.9147909889,-0.0610309011,0.5022407754
