Instance,INF_avg,INF_sd,INF_r1,INF_kr,INF_sk,SUP_avg,SUP_sd,SUP_r1,SUP_kr,SUP_sk,INC_avg,INC_sd,INC_r1,INC_kr,INC_sk,IND_avg,IND_sd,IND_r1,IND_kr,IND_sk
311,0.2120000000,0.0587877538,-0.2035315985,2.5234053498,0.9620295363,0.3200000000,0.0219089023,-0.1666666667,2.5000000000,-0.9128709292,0.4680000000,0.0411825206,-0.2737642586,2.0685297259,-0.4068404933,0.1000000000,0.0521536192,0.1200000000,1.6003460208,0.4060402882
