Instance,FV_avg_avg,FV_avg_sd,FV_sd_avg,FV_sd_sd,FV_r1_avg,FV_r1_sd,FV_kr_avg,FV_kr_sd,FV_sk_avg,FV_sk_sd,FD_avg_avg,FD_avg_sd,FD_sd_avg,FD_sd_sd,FD_r1_avg,FD_r1_sd,FD_kr_avg,FD_kr_sd,FD_sk_avg,FD_sk_sd,IN_avg_avg,IN_avg_sd,IN_sd_avg,IN_sd_sd,IN_r1_avg,IN_r1_sd,IN_kr_avg,IN_kr_sd,IN_sk_avg,IN_sk_sd
159,0.4731405672,0.2863822693,0.0120543951,0.0075226442,0.9815594687,0.0067981461,1.9106790235,0.1039906814,0.3142519252,0.1081895471,-0.0003004260,0.0001952610,0.0001981857,0.0001229327,0.5578595604,0.1171061176,2.6399286235,0.4710108005,0.2747831183,0.2436881025,0.2976316410,0.0338356027,0.1461339266,0.0069160052,0.4982302865,0.1506906000,2.9034958916,0.6856692536,0.3540473195,0.3973094552
