Instance,INF_avg,INF_sd,INF_r1,INF_kr,INF_sk,SUP_avg,SUP_sd,SUP_r1,SUP_kr,SUP_sk,INC_avg,INC_sd,INC_r1,INC_kr,INC_sk,IND_avg,IND_sd,IND_r1,IND_kr,IND_sk
271,0.2282000000,0.0543944850,0.2032449517,2.8782845911,0.0049902751,0.2882000000,0.0428340986,-0.0307325162,2.4830530057,0.1956162252,0.4836000000,0.0550911971,0.0103556152,2.4694397337,0.1252058183,0.0582000000,0.0210418630,0.1127670461,2.7575628744,0.0447309839
