Instance,FV_avg_avg,FV_avg_sd,FV_sd_avg,FV_sd_sd,FV_r1_avg,FV_r1_sd,FV_kr_avg,FV_kr_sd,FV_sk_avg,FV_sk_sd,FD_avg_avg,FD_avg_sd,FD_sd_avg,FD_sd_sd,FD_r1_avg,FD_r1_sd,FD_kr_avg,FD_kr_sd,FD_sk_avg,FD_sk_sd,IN_avg_avg,IN_avg_sd,IN_sd_avg,IN_sd_sd,IN_r1_avg,IN_r1_sd,IN_kr_avg,IN_kr_sd,IN_sk_avg,IN_sk_sd
14,0.4952412774,0.3019646393,0.0006630831,0.0005602699,0.4918087021,0.2883570456,2.1925666422,0.7578944598,0.1323815011,0.5637058575,0.0000094276,0.0000507012,0.0000473252,0.0000303056,0.0667379009,0.2515320580,2.0673001812,0.4086246314,0.0662968875,0.3687903674,0.4943000000,0.0401871870,0.0501233952,0.0094944853,0.0171650450,0.3190894497,2.0516361934,0.3952512134,-0.0493680691,0.4268495973
