Instance,FV_avg_avg,FV_avg_sd,FV_sd_avg,FV_sd_sd,FV_r1_avg,FV_r1_sd,FV_kr_avg,FV_kr_sd,FV_sk_avg,FV_sk_sd,FD_avg_avg,FD_avg_sd,FD_sd_avg,FD_sd_sd,FD_r1_avg,FD_r1_sd,FD_kr_avg,FD_kr_sd,FD_sk_avg,FD_sk_sd,IN_avg_avg,IN_avg_sd,IN_sd_avg,IN_sd_sd,IN_r1_avg,IN_r1_sd,IN_kr_avg,IN_kr_sd,IN_sk_avg,IN_sk_sd
143,0.4867300999,0.2955173451,0.0064657388,0.0047850806,0.9598709437,0.0217633093,1.8713272376,0.1255594660,0.2067969306,0.1232849927,-0.0002454528,0.0001705789,0.0002571614,0.0001643094,0.2191357880,0.3864640519,3.0076360005,0.8448451433,-0.1253826762,0.4312153681,0.3595900707,0.0456636243,0.1782025062,0.0224364908,0.0935666263,0.3814567557,2.9285875639,0.7095910881,0.2038109878,0.4045968708
