Instance,FV_avg_avg,FV_avg_sd,FV_sd_avg,FV_sd_sd,FV_r1_avg,FV_r1_sd,FV_kr_avg,FV_kr_sd,FV_sk_avg,FV_sk_sd,FD_avg_avg,FD_avg_sd,FD_sd_avg,FD_sd_sd,FD_r1_avg,FD_r1_sd,FD_kr_avg,FD_kr_sd,FD_sk_avg,FD_sk_sd,IN_avg_avg,IN_avg_sd,IN_sd_avg,IN_sd_sd,IN_r1_avg,IN_r1_sd,IN_kr_avg,IN_kr_sd,IN_sk_avg,IN_sk_sd
27,0.4996189623,0.3032659295,0.0004093686,0.0003056977,0.7938306252,0.1317632780,2.4263618258,0.5909905661,-0.1074981960,0.5369853644,-0.0000009344,0.0000227819,0.0000327755,0.0000201716,0.0680961625,0.2044233263,2.6068536652,0.6605333354,-0.1072693511,0.3295187386,0.5087600000,0.0343184848,0.0721994860,0.0122285823,0.0372291039,0.2197077038,2.7752628910,0.6098269211,-0.0040523486,0.4109774164
