Instance,INF_avg,INF_sd,INF_r1,INF_kr,INF_sk,SUP_avg,SUP_sd,SUP_r1,SUP_kr,SUP_sk,INC_avg,INC_sd,INC_r1,INC_kr,INC_sk,IND_avg,IND_sd,IND_r1,IND_kr,IND_sk
135,0.2912000000,0.0625024800,0.1103857980,2.8603244397,0.5169136963,0.3316000000,0.0490044896,-0.0846370470,2.9468283318,-0.2679354909,0.3772000000,0.0722229880,0.1565541014,2.4339344744,-0.2408173175,0.1088000000,0.0268804762,-0.1477214224,2.3622941675,-0.0945826595
