Instance,INF_avg,INF_sd,INF_r1,INF_kr,INF_sk,SUP_avg,SUP_sd,SUP_r1,SUP_kr,SUP_sk,INC_avg,INC_sd,INC_r1,INC_kr,INC_sk,IND_avg,IND_sd,IND_r1,IND_kr,IND_sk
77,0.2880000000,0.0438862165,-0.2349347862,2.6057378455,0.3828933012,0.1550000000,0.0238746728,-0.3741496599,2.1398891967,0.6944156901,0.5570000000,0.0350142828,-0.2557774843,2.3313006129,-0.3415991227,0.0415000000,0.0100124922,-0.6092389246,2.5777016312,1.0042317781
