Instance,FV_avg_avg,FV_avg_sd,FV_sd_avg,FV_sd_sd,FV_r1_avg,FV_r1_sd,FV_kr_avg,FV_kr_sd,FV_sk_avg,FV_sk_sd,FD_avg_avg,FD_avg_sd,FD_sd_avg,FD_sd_sd,FD_r1_avg,FD_r1_sd,FD_kr_avg,FD_kr_sd,FD_sk_avg,FD_sk_sd,IN_avg_avg,IN_avg_sd,IN_sd_avg,IN_sd_sd,IN_r1_avg,IN_r1_sd,IN_kr_avg,IN_kr_sd,IN_sk_avg,IN_sk_sd
163,0.4934526525,0.3007721314,0.0006903075,0.0004561121,0.8838577513,0.0823063028,2.2034416046,0.5667155224,-0.0104165949,0.4239605079,-0.0000009741,0.0000218659,0.0000638227,0.0000408818,0.0056325957,0.1644537273,2.9070300458,0.4397388762,0.0257538476,0.2870816487,0.5040000000,0.0219863594,0.1094635770,0.0117611778,-0.0057129852,0.1792908419,2.9057556273,0.4839306227,0.0169431084,0.3564856647
