Instance,INF_avg,INF_sd,INF_r1,INF_kr,INF_sk,SUP_avg,SUP_sd,SUP_r1,SUP_kr,SUP_sk,INC_avg,INC_sd,INC_r1,INC_kr,INC_sk,IND_avg,IND_sd,IND_r1,IND_kr,IND_sk
167,0.3261904762,0.1136889180,-0.0558947007,3.1169690674,-0.4400354239,0.1714285714,0.0894046826,0.2121799010,2.5725577184,0.4083070169,0.5023809524,0.1163016642,-0.0860485613,2.5169063881,0.1769567938,0.2357142857,0.0663256585,-0.1171743599,3.1116550643,0.5337500795
