Instance,FV_avg_avg,FV_avg_sd,FV_sd_avg,FV_sd_sd,FV_r1_avg,FV_r1_sd,FV_kr_avg,FV_kr_sd,FV_sk_avg,FV_sk_sd,FD_avg_avg,FD_avg_sd,FD_sd_avg,FD_sd_sd,FD_r1_avg,FD_r1_sd,FD_kr_avg,FD_kr_sd,FD_sk_avg,FD_sk_sd,IN_avg_avg,IN_avg_sd,IN_sd_avg,IN_sd_sd,IN_r1_avg,IN_r1_sd,IN_kr_avg,IN_kr_sd,IN_sk_avg,IN_sk_sd
62,0.4996383717,0.3027932721,0.0007355333,0.0005189676,0.9163935590,0.0664063220,2.1879349905,0.5170312310,-0.0671596018,0.4716270563,-0.0000010771,0.0000085893,0.0000358496,0.0000218730,-0.0319087898,0.1335961162,2.7999012476,0.3867866513,0.0735799084,0.2507858758,0.5001600000,0.0139504265,0.0676110970,0.0064884179,-0.0327784300,0.1375934434,2.8988482851,0.4382586782,0.0075252352,0.2979710648
