Instance,INF_avg,INF_sd,INF_r1,INF_kr,INF_sk,SUP_avg,SUP_sd,SUP_r1,SUP_kr,SUP_sk,INC_avg,INC_sd,INC_r1,INC_kr,INC_sk,IND_avg,IND_sd,IND_r1,IND_kr,IND_sk
206,0.2206000000,0.0389953843,0.7542235013,2.5470366229,-0.1081381219,0.2514000000,0.0475503943,0.5225561775,2.4281594950,-0.4725377364,0.5280000000,0.0548270006,0.5671517728,1.7151040567,0.1847218413,0.0362000000,0.0116000000,-0.2521047541,2.6316018669,-0.2153532330
