Instance,FV_avg_avg,FV_avg_sd,FV_sd_avg,FV_sd_sd,FV_r1_avg,FV_r1_sd,FV_kr_avg,FV_kr_sd,FV_sk_avg,FV_sk_sd,FD_avg_avg,FD_avg_sd,FD_sd_avg,FD_sd_sd,FD_r1_avg,FD_r1_sd,FD_kr_avg,FD_kr_sd,FD_sk_avg,FD_sk_sd,IN_avg_avg,IN_avg_sd,IN_sd_avg,IN_sd_sd,IN_r1_avg,IN_r1_sd,IN_kr_avg,IN_kr_sd,IN_sk_avg,IN_sk_sd
363,0.4982730151,0.3023815938,0.0009760964,0.0006725684,0.0328183090,0.4859010011,1.9366796649,0.5215750445,0.0965359092,0.5882898242,0.0000002173,0.0001645127,0.0001146061,0.0000880004,-0.0521219603,0.4447399887,2.0965186636,0.3903618672,-0.2815341696,0.5344251212,0.4963000000,0.0542006458,0.0450304685,0.0189171063,-0.1816423248,0.5112377315,1.8715760590,0.4404786272,0.1186825679,0.5667309161
