Instance,FV_avg_avg,FV_avg_sd,FV_sd_avg,FV_sd_sd,FV_r1_avg,FV_r1_sd,FV_kr_avg,FV_kr_sd,FV_sk_avg,FV_sk_sd,FD_avg_avg,FD_avg_sd,FD_sd_avg,FD_sd_sd,FD_r1_avg,FD_r1_sd,FD_kr_avg,FD_kr_sd,FD_sk_avg,FD_sk_sd,IN_avg_avg,IN_avg_sd,IN_sd_avg,IN_sd_sd,IN_r1_avg,IN_r1_sd,IN_kr_avg,IN_kr_sd,IN_sk_avg,IN_sk_sd
156,0.4851714411,0.2940800175,0.0070602738,0.0054105581,0.9694209631,0.0209682613,1.8716971276,0.0959377656,0.2088484471,0.1311269226,-0.0002263453,0.0001490355,0.0002241332,0.0001399428,0.2023010070,0.2485536668,2.7992273243,0.7488560888,0.0321117713,0.4153555406,0.3473353727,0.0425357084,0.1690408014,0.0151435460,0.1031928216,0.1931029318,2.7939946911,0.4666101655,0.1447518450,0.4428602498
