Instance,FV_avg_avg,FV_avg_sd,FV_sd_avg,FV_sd_sd,FV_r1_avg,FV_r1_sd,FV_kr_avg,FV_kr_sd,FV_sk_avg,FV_sk_sd,FD_avg_avg,FD_avg_sd,FD_sd_avg,FD_sd_sd,FD_r1_avg,FD_r1_sd,FD_kr_avg,FD_kr_sd,FD_sk_avg,FD_sk_sd,IN_avg_avg,IN_avg_sd,IN_sd_avg,IN_sd_sd,IN_r1_avg,IN_r1_sd,IN_kr_avg,IN_kr_sd,IN_sk_avg,IN_sk_sd
125,0.4981754175,0.3034833491,0.0001719385,0.0001177510,-0.0367944390,0.5072133802,1.7890550091,0.3147700984,0.0219412208,0.4761085172,0.0000077556,0.0000209783,0.0000284550,0.0000220398,-0.2766620562,0.3755116634,2.1415942924,0.4909090085,0.1807845370,0.6578679919,0.5012000000,0.0439654410,0.0523141986,0.0165174037,-0.1738989421,0.4499799972,1.9358817809,0.5624460683,0.1018130448,0.6096597918
