Instance,FV_avg_avg,FV_avg_sd,FV_sd_avg,FV_sd_sd,FV_r1_avg,FV_r1_sd,FV_kr_avg,FV_kr_sd,FV_sk_avg,FV_sk_sd,FD_avg_avg,FD_avg_sd,FD_sd_avg,FD_sd_sd,FD_r1_avg,FD_r1_sd,FD_kr_avg,FD_kr_sd,FD_sk_avg,FD_sk_sd,IN_avg_avg,IN_avg_sd,IN_sd_avg,IN_sd_sd,IN_r1_avg,IN_r1_sd,IN_kr_avg,IN_kr_sd,IN_sk_avg,IN_sk_sd
74,0.4990984035,0.3036125676,0.0002282308,0.0001949855,0.4936711342,0.3255441517,2.1320492941,0.6841972399,-0.1203656261,0.5374046422,0.0000030872,0.0000124248,0.0000219315,0.0000140882,-0.1047916250,0.2820130841,2.6009947934,0.8032392950,-0.0314923391,0.5828585081,0.5044000000,0.0253049402,0.0471050214,0.0077082399,-0.0959300190,0.3009605476,2.3405592437,0.5443903082,0.0615239992,0.4207062556
