Instance,FV_avg_avg,FV_avg_sd,FV_sd_avg,FV_sd_sd,FV_r1_avg,FV_r1_sd,FV_kr_avg,FV_kr_sd,FV_sk_avg,FV_sk_sd,FD_avg_avg,FD_avg_sd,FD_sd_avg,FD_sd_sd,FD_r1_avg,FD_r1_sd,FD_kr_avg,FD_kr_sd,FD_sk_avg,FD_sk_sd,IN_avg_avg,IN_avg_sd,IN_sd_avg,IN_sd_sd,IN_r1_avg,IN_r1_sd,IN_kr_avg,IN_kr_sd,IN_sk_avg,IN_sk_sd
17,0.4915631789,0.2988651990,0.0011759151,0.0009206654,0.0452811055,0.4459159761,1.9426437452,0.4670107310,0.1567971652,0.5618963133,0.0000658126,0.0001893550,0.0003268055,0.0002204669,-0.2160936228,0.3635390116,2.0251869369,0.4968135507,0.0747269853,0.5907637368,0.5105000000,0.0507419944,0.1042144770,0.0296537145,-0.2115238601,0.3445033804,2.0204749343,0.5088144701,0.1522952571,0.5638623167
