Instance,INF_avg,INF_sd,INF_r1,INF_kr,INF_sk,SUP_avg,SUP_sd,SUP_r1,SUP_kr,SUP_sk,INC_avg,INC_sd,INC_r1,INC_kr,INC_sk,IND_avg,IND_sd,IND_r1,IND_kr,IND_sk
92,0.2750000000,0.1472243186,-0.0769677607,3.1512034897,0.4359799509,0.2820000000,0.1388380351,0.0037752766,2.4287257230,-0.1245268568,0.4430000000,0.1401820245,0.0714529239,2.4659730572,0.2307002891,0.3550000000,0.1098863049,-0.0332302455,2.8024510371,0.1441354256
