Instance,FV_avg_avg,FV_avg_sd,FV_sd_avg,FV_sd_sd,FV_r1_avg,FV_r1_sd,FV_kr_avg,FV_kr_sd,FV_sk_avg,FV_sk_sd,FD_avg_avg,FD_avg_sd,FD_sd_avg,FD_sd_sd,FD_r1_avg,FD_r1_sd,FD_kr_avg,FD_kr_sd,FD_sk_avg,FD_sk_sd,IN_avg_avg,IN_avg_sd,IN_sd_avg,IN_sd_sd,IN_r1_avg,IN_r1_sd,IN_kr_avg,IN_kr_sd,IN_sk_avg,IN_sk_sd
152,0.4997091759,0.3036396339,0.0001542122,0.0001325001,0.2550631574,0.3743528694,1.8633476288,0.4351566767,-0.0673587848,0.4889381082,-0.0000014497,0.0000100756,0.0000109190,0.0000083779,-0.1715074190,0.4841141063,1.8780918442,0.5043720040,-0.0163023591,0.5466814601,0.4908000000,0.0294645550,0.0362040908,0.0171015734,-0.3974049878,0.3182327572,2.2021291642,0.4933317117,0.0029942543,0.7447081715
