Instance,INF_avg,INF_sd,INF_r1,INF_kr,INF_sk,SUP_avg,SUP_sd,SUP_r1,SUP_kr,SUP_sk,INC_avg,INC_sd,INC_r1,INC_kr,INC_sk,IND_avg,IND_sd,IND_r1,IND_kr,IND_sk
254,0.2860000000,0.0407921561,-0.0887872955,2.4886857433,0.4925296447,0.2580000000,0.0487442304,-0.3471989967,2.3910315274,-0.2619320616,0.4560000000,0.0465188134,-0.2277701778,2.0254372508,-0.3235230325,0.0640000000,0.0120000000,-0.5277777778,2.4398148148,-0.4583333333
