Instance,FV_avg_avg,FV_avg_sd,FV_sd_avg,FV_sd_sd,FV_r1_avg,FV_r1_sd,FV_kr_avg,FV_kr_sd,FV_sk_avg,FV_sk_sd,FD_avg_avg,FD_avg_sd,FD_sd_avg,FD_sd_sd,FD_r1_avg,FD_r1_sd,FD_kr_avg,FD_kr_sd,FD_sk_avg,FD_sk_sd,IN_avg_avg,IN_avg_sd,IN_sd_avg,IN_sd_sd,IN_r1_avg,IN_r1_sd,IN_kr_avg,IN_kr_sd,IN_sk_avg,IN_sk_sd
257,0.4990938510,0.3030136692,0.0002989939,0.0002214877,0.8641512917,0.0894933688,2.3029669341,0.5203742270,-0.0188798512,0.4175496526,0.0000026116,0.0000076950,0.0000189790,0.0000113047,-0.0088536460,0.1371960672,2.9484651395,0.5980592382,-0.0914380187,0.3450084419,0.5068400000,0.0245398941,0.0726023437,0.0073148948,-0.0658682468,0.1277819342,2.6396659680,0.4090179290,-0.0377843723,0.3003339050
