Instance,FV_avg_avg,FV_avg_sd,FV_sd_avg,FV_sd_sd,FV_r1_avg,FV_r1_sd,FV_kr_avg,FV_kr_sd,FV_sk_avg,FV_sk_sd,FD_avg_avg,FD_avg_sd,FD_sd_avg,FD_sd_sd,FD_r1_avg,FD_r1_sd,FD_kr_avg,FD_kr_sd,FD_sk_avg,FD_sk_sd,IN_avg_avg,IN_avg_sd,IN_sd_avg,IN_sd_sd,IN_r1_avg,IN_r1_sd,IN_kr_avg,IN_kr_sd,IN_sk_avg,IN_sk_sd
168,0.4904231073,0.2987200127,0.0043082575,0.0036370057,0.9430296228,0.2168007864,1.8230094240,0.0546032599,0.0933397396,0.0551718190,-0.0000188395,0.0000187006,0.0000269422,0.0000183188,0.0933645251,0.1644911531,2.9772535230,0.5129493706,-0.0835681136,0.3379158570,0.4024429544,0.0973471660,0.1541112147,0.0388007769,0.0773292875,0.1311058993,2.8556266732,0.3585169890,-0.0676030204,0.3241833040
