Instance,INF_avg,INF_sd,INF_r1,INF_kr,INF_sk,SUP_avg,SUP_sd,SUP_r1,SUP_kr,SUP_sk,INC_avg,INC_sd,INC_r1,INC_kr,INC_sk,IND_avg,IND_sd,IND_r1,IND_kr,IND_sk
367,0.2150000000,0.0807774721,-0.0152284264,2.7383185802,-0.3500463846,0.2400000000,0.1337908816,-0.4030184461,2.6942667208,0.1202577132,0.5450000000,0.1273773920,-0.1827118115,1.8264367843,0.0029031815,0.2450000000,0.0722841615,0.2991366176,1.5992536801,0.1747489172
