Instance,FV_avg_avg,FV_avg_sd,FV_sd_avg,FV_sd_sd,FV_r1_avg,FV_r1_sd,FV_kr_avg,FV_kr_sd,FV_sk_avg,FV_sk_sd,FD_avg_avg,FD_avg_sd,FD_sd_avg,FD_sd_sd,FD_r1_avg,FD_r1_sd,FD_kr_avg,FD_kr_sd,FD_sk_avg,FD_sk_sd,IN_avg_avg,IN_avg_sd,IN_sd_avg,IN_sd_sd,IN_r1_avg,IN_r1_sd,IN_kr_avg,IN_kr_sd,IN_sk_avg,IN_sk_sd
187,0.4979678419,0.3032567720,0.0002364957,0.0001964089,0.8131177037,0.1753825740,2.5484477306,0.7938104722,0.2399794019,0.6234941680,-0.0000014976,0.0000051348,0.0000243334,0.0000154721,-0.0570699529,0.2029136288,2.6963864003,0.5914995867,0.1732048835,0.4113729888,0.4914000000,0.0167702117,0.1071858143,0.0120830964,-0.1068727027,0.1789266134,2.7733551677,0.9217539470,0.0912968689,0.3896353186
