Instance,FV_avg_avg,FV_avg_sd,FV_sd_avg,FV_sd_sd,FV_r1_avg,FV_r1_sd,FV_kr_avg,FV_kr_sd,FV_sk_avg,FV_sk_sd,FD_avg_avg,FD_avg_sd,FD_sd_avg,FD_sd_sd,FD_r1_avg,FD_r1_sd,FD_kr_avg,FD_kr_sd,FD_sk_avg,FD_sk_sd,IN_avg_avg,IN_avg_sd,IN_sd_avg,IN_sd_sd,IN_r1_avg,IN_r1_sd,IN_kr_avg,IN_kr_sd,IN_sk_avg,IN_sk_sd
231,0.4931238378,0.2988909432,0.0009539416,0.0006147844,0.8044663405,0.1382286475,2.2977239030,0.4572790589,0.0745839859,0.4576420687,0.0000082079,0.0000562071,0.0000494106,0.0000313299,0.2219498838,0.2677168843,2.7721524249,0.7089690081,0.0667909329,0.4398908879,0.5053800000,0.0361897168,0.0461251447,0.0105133738,0.1769332990,0.3282003473,2.7895161724,0.7189701806,-0.1159626135,0.5012277592
