Instance,FV_avg_avg,FV_avg_sd,FV_sd_avg,FV_sd_sd,FV_r1_avg,FV_r1_sd,FV_kr_avg,FV_kr_sd,FV_sk_avg,FV_sk_sd,FD_avg_avg,FD_avg_sd,FD_sd_avg,FD_sd_sd,FD_r1_avg,FD_r1_sd,FD_kr_avg,FD_kr_sd,FD_sk_avg,FD_sk_sd,IN_avg_avg,IN_avg_sd,IN_sd_avg,IN_sd_sd,IN_r1_avg,IN_r1_sd,IN_kr_avg,IN_kr_sd,IN_sk_avg,IN_sk_sd
441,0.4871013165,0.2970139420,0.0028766505,0.0018332755,0.9458673698,0.0322380564,2.3400228426,0.5958313706,-0.1077983425,0.4405994143,0.0000276197,0.0000786566,0.0001351052,0.0000815032,0.1079691471,0.1693945883,2.8848420324,0.3835616610,-0.0184970033,0.1977523370,0.5057100000,0.0328664860,0.0731995640,0.0051003754,0.0517430155,0.1651859460,2.8912975590,0.3567997789,0.0483758349,0.2174228124
