Instance,FV_avg_avg,FV_avg_sd,FV_sd_avg,FV_sd_sd,FV_r1_avg,FV_r1_sd,FV_kr_avg,FV_kr_sd,FV_sk_avg,FV_sk_sd,FD_avg_avg,FD_avg_sd,FD_sd_avg,FD_sd_sd,FD_r1_avg,FD_r1_sd,FD_kr_avg,FD_kr_sd,FD_sk_avg,FD_sk_sd,IN_avg_avg,IN_avg_sd,IN_sd_avg,IN_sd_sd,IN_r1_avg,IN_r1_sd,IN_kr_avg,IN_kr_sd,IN_sk_avg,IN_sk_sd
275,0.4979436856,0.3026983682,0.0003262410,0.0002170902,0.9428988981,0.0460642944,2.5579199145,0.6485100236,0.1536963526,0.5325020321,-0.0000003501,0.0000046444,0.0000310982,0.0000192389,-0.0129319588,0.0998308824,2.9125163984,0.3922069217,-0.0624850817,0.2712342875,0.4986000000,0.0189325117,0.1603083423,0.0105278393,-0.0207726375,0.0891066348,2.7464827908,0.2370546669,-0.0434514163,0.1600787909
