Instance,INF_avg,INF_sd,INF_r1,INF_kr,INF_sk,SUP_avg,SUP_sd,SUP_r1,SUP_kr,SUP_sk,INC_avg,INC_sd,INC_r1,INC_kr,INC_sk,IND_avg,IND_sd,IND_r1,IND_kr,IND_sk
321,0.2632000000,0.0261488049,-0.1565911542,3.0222694261,0.5315099611,0.2562000000,0.0298087236,0.2142862306,3.2546812641,-0.1842629815,0.4806000000,0.0336844178,-0.0099190429,3.3444024324,0.4296851429,0.0350000000,0.0119163753,0.2957746479,2.1548303908,-0.0177291836
