Instance,FV_avg_avg,FV_avg_sd,FV_sd_avg,FV_sd_sd,FV_r1_avg,FV_r1_sd,FV_kr_avg,FV_kr_sd,FV_sk_avg,FV_sk_sd,FD_avg_avg,FD_avg_sd,FD_sd_avg,FD_sd_sd,FD_r1_avg,FD_r1_sd,FD_kr_avg,FD_kr_sd,FD_sk_avg,FD_sk_sd,IN_avg_avg,IN_avg_sd,IN_sd_avg,IN_sd_sd,IN_r1_avg,IN_r1_sd,IN_kr_avg,IN_kr_sd,IN_sk_avg,IN_sk_sd
161,0.4988387327,0.3038164532,0.0019681153,0.0012327003,0.8454113766,0.0867703297,2.2653274072,0.6384184059,0.1138866648,0.4510895687,-0.0000541817,0.0000628880,0.0003436292,0.0002093868,-0.0868395313,0.1577289883,2.8859831291,0.8676795806,0.0445761816,0.4358012673,0.4816000000,0.0280399715,0.1487447204,0.0187138494,-0.0617992639,0.2170688382,2.5580320230,0.5196080337,0.0595270548,0.3689326865
