Instance,INF_avg,INF_sd,INF_r1,INF_kr,INF_sk,SUP_avg,SUP_sd,SUP_r1,SUP_kr,SUP_sk,INC_avg,INC_sd,INC_r1,INC_kr,INC_sk,IND_avg,IND_sd,IND_r1,IND_kr,IND_sk
422,0.2534000000,0.0696307403,0.0371648615,2.7466197838,0.1593795427,0.2264000000,0.0625383083,0.1571861018,2.1880378278,0.2361745341,0.5202000000,0.0729106302,-0.0322804096,2.9841947160,0.0873356292,0.1080000000,0.0339411255,0.2393269364,3.2100694444,0.1104854346
