Instance,INF_avg,INF_sd,INF_r1,INF_kr,INF_sk,SUP_avg,SUP_sd,SUP_r1,SUP_kr,SUP_sk,INC_avg,INC_sd,INC_r1,INC_kr,INC_sk,IND_avg,IND_sd,IND_r1,IND_kr,IND_sk
369,0.2242000000,0.0485011340,-0.1768334468,4.8630546318,0.7203492277,0.2876000000,0.0480233277,0.1895485333,4.8781261835,0.8521528085,0.4882000000,0.0550886558,0.1913263740,3.5997877797,-0.7320603085,0.0632000000,0.0193328736,0.0578142836,3.3066988999,0.6724652128
