Instance,INF_avg,INF_sd,INF_r1,INF_kr,INF_sk,SUP_avg,SUP_sd,SUP_r1,SUP_kr,SUP_sk,INC_avg,INC_sd,INC_r1,INC_kr,INC_sk,IND_avg,IND_sd,IND_r1,IND_kr,IND_sk
460,0.2408000000,0.0631138654,0.0901320377,2.7124204815,0.5398432443,0.2920000000,0.0660908466,0.2061281337,3.1020810691,-0.3079344479,0.4672000000,0.0884316685,0.2126642169,2.9208492801,0.4548498132,0.1112000000,0.0400319872,0.0067028356,2.9702798207,0.3009813559
