Instance,FV_avg_avg,FV_avg_sd,FV_sd_avg,FV_sd_sd,FV_r1_avg,FV_r1_sd,FV_kr_avg,FV_kr_sd,FV_sk_avg,FV_sk_sd,FD_avg_avg,FD_avg_sd,FD_sd_avg,FD_sd_sd,FD_r1_avg,FD_r1_sd,FD_kr_avg,FD_kr_sd,FD_sk_avg,FD_sk_sd,IN_avg_avg,IN_avg_sd,IN_sd_avg,IN_sd_sd,IN_r1_avg,IN_r1_sd,IN_kr_avg,IN_kr_sd,IN_sk_avg,IN_sk_sd
475,0.4968500985,0.3023979453,0.0015733408,0.0013464023,0.9335223421,0.0477295959,2.9062351309,1.2028325036,0.0993669585,0.7137189231,-0.0000188211,0.0000425457,0.0000802409,0.0000503690,0.2137608422,0.1943849644,2.9714651530,0.5004242336,0.0087867690,0.3069355601,0.4876100000,0.0257164130,0.0812673454,0.0093473293,0.1753811506,0.1384901068,2.8242333808,0.3445506275,0.0015677948,0.2326205694
