Instance,FV_avg_avg,FV_avg_sd,FV_sd_avg,FV_sd_sd,FV_r1_avg,FV_r1_sd,FV_kr_avg,FV_kr_sd,FV_sk_avg,FV_sk_sd,FD_avg_avg,FD_avg_sd,FD_sd_avg,FD_sd_sd,FD_r1_avg,FD_r1_sd,FD_kr_avg,FD_kr_sd,FD_sk_avg,FD_sk_sd,IN_avg_avg,IN_avg_sd,IN_sd_avg,IN_sd_sd,IN_r1_avg,IN_r1_sd,IN_kr_avg,IN_kr_sd,IN_sk_avg,IN_sk_sd
351,0.4906836511,0.2987101006,0.0057431978,0.0038995639,0.9962859835,0.0043505877,1.8114894163,0.0416952744,0.1071744343,0.1099245167,-0.0000405515,0.0000259955,0.0000516745,0.0000324796,0.1187504202,0.0964625614,2.9113871528,0.4999940779,0.0407800017,0.2711582891,0.3901339816,0.0278682404,0.1599811292,0.0104858927,0.0796011077,0.1343496303,2.8547833388,0.6031602142,0.0914237269,0.2427482924
