Instance,FV_avg_avg,FV_avg_sd,FV_sd_avg,FV_sd_sd,FV_r1_avg,FV_r1_sd,FV_kr_avg,FV_kr_sd,FV_sk_avg,FV_sk_sd,FD_avg_avg,FD_avg_sd,FD_sd_avg,FD_sd_sd,FD_r1_avg,FD_r1_sd,FD_kr_avg,FD_kr_sd,FD_sk_avg,FD_sk_sd,IN_avg_avg,IN_avg_sd,IN_sd_avg,IN_sd_sd,IN_r1_avg,IN_r1_sd,IN_kr_avg,IN_kr_sd,IN_sk_avg,IN_sk_sd
376,0.4996031997,0.3035127404,0.0004311102,0.0002864670,0.8428333808,0.0801182523,2.5278125602,0.5763127719,-0.0999927946,0.4672136493,0.0000041252,0.0000128738,0.0000687514,0.0000401209,-0.0135310170,0.1225707537,2.8263194109,0.5488808850,0.0394300502,0.3056212973,0.5060000000,0.0204450483,0.1593298062,0.0109550377,-0.0359398153,0.1112896144,2.8518086841,0.6054783987,0.0262172774,0.2548448598
