Instance,FV_avg_avg,FV_avg_sd,FV_sd_avg,FV_sd_sd,FV_r1_avg,FV_r1_sd,FV_kr_avg,FV_kr_sd,FV_sk_avg,FV_sk_sd,FD_avg_avg,FD_avg_sd,FD_sd_avg,FD_sd_sd,FD_r1_avg,FD_r1_sd,FD_kr_avg,FD_kr_sd,FD_sk_avg,FD_sk_sd,IN_avg_avg,IN_avg_sd,IN_sd_avg,IN_sd_sd,IN_r1_avg,IN_r1_sd,IN_kr_avg,IN_kr_sd,IN_sk_avg,IN_sk_sd
454,0.4992708110,0.3034338297,0.0000668287,0.0000458577,0.0733829083,0.4691156010,1.9521881773,0.5467056390,-0.2624135638,0.6287002112,-0.0000017508,0.0000090465,0.0000077714,0.0000053717,-0.3061415169,0.3887888968,2.0147081861,0.4950706786,0.0957619318,0.6036456288,0.5066000000,0.0316234091,0.0405574499,0.0173635613,-0.2243726609,0.3739194454,2.0321505264,0.5003237705,0.1683484781,0.6774675915
