Instance,FV_avg_avg,FV_avg_sd,FV_sd_avg,FV_sd_sd,FV_r1_avg,FV_r1_sd,FV_kr_avg,FV_kr_sd,FV_sk_avg,FV_sk_sd,FD_avg_avg,FD_avg_sd,FD_sd_avg,FD_sd_sd,FD_r1_avg,FD_r1_sd,FD_kr_avg,FD_kr_sd,FD_sk_avg,FD_sk_sd,IN_avg_avg,IN_avg_sd,IN_sd_avg,IN_sd_sd,IN_r1_avg,IN_r1_sd,IN_kr_avg,IN_kr_sd,IN_sk_avg,IN_sk_sd
365,0.4991199454,0.3032893760,0.0006591915,0.0005133058,0.8510315898,0.1153653667,2.3012590357,0.5053941283,0.0174898749,0.4163927562,0.0000019473,0.0000262673,0.0001009803,0.0000635877,0.0523857877,0.2446448638,2.6907189290,0.4555855271,-0.0946690063,0.3244829018,0.5024000000,0.0444414221,0.1612554697,0.0132617307,0.0817861855,0.2429283056,2.4189348800,0.2827539170,-0.0304518030,0.3082101343
