Instance,FV_avg_avg,FV_avg_sd,FV_sd_avg,FV_sd_sd,FV_r1_avg,FV_r1_sd,FV_kr_avg,FV_kr_sd,FV_sk_avg,FV_sk_sd,FD_avg_avg,FD_avg_sd,FD_sd_avg,FD_sd_sd,FD_r1_avg,FD_r1_sd,FD_kr_avg,FD_kr_sd,FD_sk_avg,FD_sk_sd,IN_avg_avg,IN_avg_sd,IN_sd_avg,IN_sd_sd,IN_r1_avg,IN_r1_sd,IN_kr_avg,IN_kr_sd,IN_sk_avg,IN_sk_sd
217,0.4965273784,0.3010591061,0.0028459054,0.0026336765,0.9393074682,0.0370085915,2.2973331374,0.6100614258,-0.0530332875,0.4010733234,0.0000240787,0.0000810007,0.0001234383,0.0000784026,0.4653681535,0.1571054470,2.7438762450,0.4921088917,-0.0074014192,0.1999564077,0.5031950000,0.0360845739,0.0671321545,0.0085158282,0.3608484490,0.1734462256,2.5955170148,0.2990906688,0.0005304607,0.1803075009
