Instance,FV_avg_avg,FV_avg_sd,FV_sd_avg,FV_sd_sd,FV_r1_avg,FV_r1_sd,FV_kr_avg,FV_kr_sd,FV_sk_avg,FV_sk_sd,FD_avg_avg,FD_avg_sd,FD_sd_avg,FD_sd_sd,FD_r1_avg,FD_r1_sd,FD_kr_avg,FD_kr_sd,FD_sk_avg,FD_sk_sd,IN_avg_avg,IN_avg_sd,IN_sd_avg,IN_sd_sd,IN_r1_avg,IN_r1_sd,IN_kr_avg,IN_kr_sd,IN_sk_avg,IN_sk_sd
97,0.5000628065,0.3038418713,0.0001616190,0.0001140123,0.1709264054,0.3343885228,2.0983250536,0.4233657154,0.0760293565,0.6313404621,0.0000023352,0.0000201607,0.0000255345,0.0000169902,-0.2131114808,0.4012710313,2.2163460115,0.3609888174,0.0610942966,0.6875883706,0.5020000000,0.0442809214,0.0643949126,0.0167479919,-0.2364624359,0.3209646181,2.1561863705,0.4106215338,-0.2481587589,0.5563021481
