Instance,FV_avg_avg,FV_avg_sd,FV_sd_avg,FV_sd_sd,FV_r1_avg,FV_r1_sd,FV_kr_avg,FV_kr_sd,FV_sk_avg,FV_sk_sd,FD_avg_avg,FD_avg_sd,FD_sd_avg,FD_sd_sd,FD_r1_avg,FD_r1_sd,FD_kr_avg,FD_kr_sd,FD_sk_avg,FD_sk_sd,IN_avg_avg,IN_avg_sd,IN_sd_avg,IN_sd_sd,IN_r1_avg,IN_r1_sd,IN_kr_avg,IN_kr_sd,IN_sk_avg,IN_sk_sd
344,0.4999385030,0.3041215908,0.0012079547,0.0009534444,0.4781630899,0.2776599583,2.2851593133,0.7459586833,-0.1481203890,0.5464619722,0.0000132220,0.0001714322,0.0002390069,0.0001554489,-0.0554095238,0.2474261080,2.4344051866,0.6567625157,0.2617218429,0.3962383026,0.4985000000,0.0563937053,0.1061679545,0.0290837660,-0.0358811839,0.3344975322,2.2671652976,0.6359054218,0.1787049808,0.4431314883
