Instance,INF_avg,INF_sd,INF_r1,INF_kr,INF_sk,SUP_avg,SUP_sd,SUP_r1,SUP_kr,SUP_sk,INC_avg,INC_sd,INC_r1,INC_kr,INC_sk,IND_avg,IND_sd,IND_r1,IND_kr,IND_sk
463,0.4788235294,0.1120512323,0.4870437932,2.0634339563,-0.1842506778,0.1188235294,0.0832112139,0.5632269786,4.0687501492,1.0478518749,0.4023529412,0.0837032160,0.1276035048,2.4287081205,0.3585952015,0.1101960784,0.0305177670,0.0426413923,2.2650994941,0.2628841875
