Instance,FV_avg_avg,FV_avg_sd,FV_sd_avg,FV_sd_sd,FV_r1_avg,FV_r1_sd,FV_kr_avg,FV_kr_sd,FV_sk_avg,FV_sk_sd,FD_avg_avg,FD_avg_sd,FD_sd_avg,FD_sd_sd,FD_r1_avg,FD_r1_sd,FD_kr_avg,FD_kr_sd,FD_sk_avg,FD_sk_sd,IN_avg_avg,IN_avg_sd,IN_sd_avg,IN_sd_sd,IN_r1_avg,IN_r1_sd,IN_kr_avg,IN_kr_sd,IN_sk_avg,IN_sk_sd
64,0.4475408073,0.2742787292,0.0240489258,0.0146407885,0.9943667942,0.0019451948,2.0662361491,0.0895115078,0.5245179798,0.0784024884,-0.0001856189,0.0001110077,0.0000899668,0.0000548246,0.9421034169,0.0093182278,2.1964309867,0.1419021411,0.5266188383,0.1057696764,0.1954415786,0.0181986212,0.1412312877,0.0078757950,0.9229538891,0.0116183391,2.3592048075,0.1789863108,0.6831129034,0.1233199831
