Instance,FV_avg_avg,FV_avg_sd,FV_sd_avg,FV_sd_sd,FV_r1_avg,FV_r1_sd,FV_kr_avg,FV_kr_sd,FV_sk_avg,FV_sk_sd,FD_avg_avg,FD_avg_sd,FD_sd_avg,FD_sd_sd,FD_r1_avg,FD_r1_sd,FD_kr_avg,FD_kr_sd,FD_sk_avg,FD_sk_sd,IN_avg_avg,IN_avg_sd,IN_sd_avg,IN_sd_sd,IN_r1_avg,IN_r1_sd,IN_kr_avg,IN_kr_sd,IN_sk_avg,IN_sk_sd
469,0.4921279184,0.2996867847,0.0010068038,0.0007815622,0.4439903409,0.2776114087,2.3296539091,0.6452749293,-0.0388421060,0.5225589620,-0.0000143253,0.0000768463,0.0000665794,0.0000467038,0.0146365192,0.2303069930,2.2446804423,0.3844608047,-0.0389862069,0.4375059284,0.4926500000,0.0298391940,0.0336668777,0.0090493836,-0.0708655603,0.2343297159,2.4339442717,0.6910236195,-0.1644875412,0.5832109894
