Instance,INF_avg,INF_sd,INF_r1,INF_kr,INF_sk,SUP_avg,SUP_sd,SUP_r1,SUP_kr,SUP_sk,INC_avg,INC_sd,INC_r1,INC_kr,INC_sk,IND_avg,IND_sd,IND_r1,IND_kr,IND_sk
288,0.2920000000,0.0863481326,-0.7372881356,1.5006815377,-0.4867013312,0.1720000000,0.0601331855,-0.0749330955,2.5789411857,-1.0701908065,0.5360000000,0.0813879598,0.1988950276,1.2296786389,-0.2115471545,0.1400000000,0.0334664011,-0.3000000000,1.2755102041,0.2561204163
