Instance,INF_avg,INF_sd,INF_r1,INF_kr,INF_sk,SUP_avg,SUP_sd,SUP_r1,SUP_kr,SUP_sk,INC_avg,INC_sd,INC_r1,INC_kr,INC_sk,IND_avg,IND_sd,IND_r1,IND_kr,IND_sk
246,0.2080000000,0.0328024389,0.2022714981,2.5976285568,0.2454709123,0.2460000000,0.0427083130,0.7641206675,2.4240246999,-0.7477282121,0.5460000000,0.0645290632,0.8665765918,2.9191311834,0.9863526884,0.0600000000,0.0134164079,-0.1764705882,3.1481481481,0.7453559925
