Instance,INF_avg,INF_sd,INF_r1,INF_kr,INF_sk,SUP_avg,SUP_sd,SUP_r1,SUP_kr,SUP_sk,INC_avg,INC_sd,INC_r1,INC_kr,INC_sk,IND_avg,IND_sd,IND_r1,IND_kr,IND_sk
383,0.2465000000,0.0362318920,-0.2224932348,2.6330553210,-0.0623010337,0.2412000000,0.0467178767,0.0808776977,5.8137964329,1.0386064213,0.5123000000,0.0478509143,0.0416191628,3.0050148463,-0.3787822133,0.0685000000,0.0207062792,0.0340384762,2.3330867241,0.0521242991
