Instance,INF_avg,INF_sd,INF_r1,INF_kr,INF_sk,SUP_avg,SUP_sd,SUP_r1,SUP_kr,SUP_sk,INC_avg,INC_sd,INC_r1,INC_kr,INC_sk,IND_avg,IND_sd,IND_r1,IND_kr,IND_sk
55,0.2516000000,0.0429585847,0.0327087486,2.8047747135,-0.1506380678,0.2346000000,0.0483408730,0.1616196571,2.5930965256,0.1862018616,0.5138000000,0.0479954164,-0.1651347328,2.7708407513,-0.0413842501,0.0608000000,0.0192707032,0.1603870934,2.5698480854,-0.0798975087
