Instance,INF_avg,INF_sd,INF_r1,INF_kr,INF_sk,SUP_avg,SUP_sd,SUP_r1,SUP_kr,SUP_sk,INC_avg,INC_sd,INC_r1,INC_kr,INC_sk,IND_avg,IND_sd,IND_r1,IND_kr,IND_sk
135,0.2620000000,0.0933059484,0.0587420440,2.5269558309,0.4245313750,0.2520000000,0.1012225271,-0.0158610118,2.3172962114,0.1335575410,0.4860000000,0.1257139610,0.0946273714,2.2205577551,-0.0067888627,0.2225000000,0.0633936117,-0.1183606098,3.1547808799,0.3771886852
