Instance,FV_avg_avg,FV_avg_sd,FV_sd_avg,FV_sd_sd,FV_r1_avg,FV_r1_sd,FV_kr_avg,FV_kr_sd,FV_sk_avg,FV_sk_sd,FD_avg_avg,FD_avg_sd,FD_sd_avg,FD_sd_sd,FD_r1_avg,FD_r1_sd,FD_kr_avg,FD_kr_sd,FD_sk_avg,FD_sk_sd,IN_avg_avg,IN_avg_sd,IN_sd_avg,IN_sd_sd,IN_r1_avg,IN_r1_sd,IN_kr_avg,IN_kr_sd,IN_sk_avg,IN_sk_sd
33,0.4954661646,0.3015924261,0.0001857876,0.0001583641,0.4754413564,0.3375973951,2.2880040738,0.7113025954,-0.0015851905,0.5470119926,-0.0000000611,0.0000120849,0.0000222308,0.0000146693,-0.0232209506,0.3548911918,2.8462503883,0.8670272005,-0.2299327381,0.6529783821,0.4986000000,0.0260852449,0.0717904251,0.0161162918,-0.0416297981,0.4277687993,2.4844452526,0.6578442330,0.0751378608,0.6050337961
