Instance,INF_avg,INF_sd,INF_r1,INF_kr,INF_sk,SUP_avg,SUP_sd,SUP_r1,SUP_kr,SUP_sk,INC_avg,INC_sd,INC_r1,INC_kr,INC_sk,IND_avg,IND_sd,IND_r1,IND_kr,IND_sk
115,0.3120000000,0.0370944740,0.1144901610,1.2948151873,-0.0786411249,0.2210000000,0.0348425028,-0.6411238825,2.1318839242,-0.8089591505,0.4670000000,0.0201494417,-0.0316529894,1.2184352933,-0.4026563426,0.0430000000,0.0081240384,-0.6871165644,2.2685950413,-0.1790421687
