Instance,INF_avg,INF_sd,INF_r1,INF_kr,INF_sk,SUP_avg,SUP_sd,SUP_r1,SUP_kr,SUP_sk,INC_avg,INC_sd,INC_r1,INC_kr,INC_sk,IND_avg,IND_sd,IND_r1,IND_kr,IND_sk
261,0.3696380090,0.0760141402,0.5702192065,2.5786801765,0.0012235396,0.1211764706,0.0688264299,0.7607646841,2.5177237506,0.5374681210,0.5091855204,0.0521160120,-0.0418711655,2.5361831224,0.1995601194,0.0749773756,0.0217060668,0.0585501526,2.8446565545,0.2327032380
