Instance,FV_avg_avg,FV_avg_sd,FV_sd_avg,FV_sd_sd,FV_r1_avg,FV_r1_sd,FV_kr_avg,FV_kr_sd,FV_sk_avg,FV_sk_sd,FD_avg_avg,FD_avg_sd,FD_sd_avg,FD_sd_sd,FD_r1_avg,FD_r1_sd,FD_kr_avg,FD_kr_sd,FD_sk_avg,FD_sk_sd,IN_avg_avg,IN_avg_sd,IN_sd_avg,IN_sd_sd,IN_r1_avg,IN_r1_sd,IN_kr_avg,IN_kr_sd,IN_sk_avg,IN_sk_sd
216,0.4655255195,0.2826114787,0.0156057193,0.0097653880,0.9650757084,0.0234078777,2.3939790030,0.1639184881,0.7574439202,0.0877952412,-0.0006851608,0.0004159405,0.0002535818,0.0001563497,0.8793567697,0.0534359738,3.0479080255,0.4658026358,0.9004615513,0.1753236358,0.1556951495,0.0196191465,0.1273180368,0.0131339981,0.8931913900,0.0277022320,2.9538389509,0.4991976484,0.9338741586,0.2282572077
