Instance,FV_avg_avg,FV_avg_sd,FV_sd_avg,FV_sd_sd,FV_r1_avg,FV_r1_sd,FV_kr_avg,FV_kr_sd,FV_sk_avg,FV_sk_sd,FD_avg_avg,FD_avg_sd,FD_sd_avg,FD_sd_sd,FD_r1_avg,FD_r1_sd,FD_kr_avg,FD_kr_sd,FD_sk_avg,FD_sk_sd,IN_avg_avg,IN_avg_sd,IN_sd_avg,IN_sd_sd,IN_r1_avg,IN_r1_sd,IN_kr_avg,IN_kr_sd,IN_sk_avg,IN_sk_sd
275,0.4973434786,0.3025997969,0.0000944918,0.0000743545,0.1741891353,0.4405716540,1.6587560495,0.3557719185,0.0395625732,0.4741803780,-0.0000062978,0.0000142096,0.0000258999,0.0000178312,-0.2598870640,0.3564857027,2.0682321767,0.4984238339,0.1133372273,0.6840988424,0.4810000000,0.0598247440,0.1424213376,0.0384208614,-0.2112187965,0.3745497517,2.2149026831,0.4817222740,0.1613036827,0.6656118050
