Instance,FV_avg_avg,FV_avg_sd,FV_sd_avg,FV_sd_sd,FV_r1_avg,FV_r1_sd,FV_kr_avg,FV_kr_sd,FV_sk_avg,FV_sk_sd,FD_avg_avg,FD_avg_sd,FD_sd_avg,FD_sd_sd,FD_r1_avg,FD_r1_sd,FD_kr_avg,FD_kr_sd,FD_sk_avg,FD_sk_sd,IN_avg_avg,IN_avg_sd,IN_sd_avg,IN_sd_sd,IN_r1_avg,IN_r1_sd,IN_kr_avg,IN_kr_sd,IN_sk_avg,IN_sk_sd
415,0.5020687363,0.3048472631,0.0009807968,0.0006908430,0.9415613959,0.0319759927,2.5991943148,0.5167660828,-0.1726483713,0.4546986916,0.0000025588,0.0000211564,0.0000325705,0.0000195660,0.0546306232,0.1458349494,3.1087756699,0.4421683155,-0.0503588846,0.1947822298,0.5000600000,0.0207670027,0.0516558411,0.0032866511,0.0352175963,0.1175898213,2.8551990247,0.4583168995,-0.0482151041,0.2196213760
