Instance,INF_avg,INF_sd,INF_r1,INF_kr,INF_sk,SUP_avg,SUP_sd,SUP_r1,SUP_kr,SUP_sk,INC_avg,INC_sd,INC_r1,INC_kr,INC_sk,IND_avg,IND_sd,IND_r1,IND_kr,IND_sk
119,0.2300000000,0.0812403840,-0.7857142857,1.4421487603,0.3804646085,0.2500000000,0.0836660027,-0.4615384615,1.2755102041,0.2561204163,0.5200000000,0.0678232998,0.0983606557,2.9310018904,1.1731251294,0.2600000000,0.0374165739,-0.3888888889,1.8469387755,-0.3436215967
