Instance,INF_avg,INF_sd,INF_r1,INF_kr,INF_sk,SUP_avg,SUP_sd,SUP_r1,SUP_kr,SUP_sk,INC_avg,INC_sd,INC_r1,INC_kr,INC_sk,IND_avg,IND_sd,IND_r1,IND_kr,IND_sk
347,0.2640000000,0.0725534286,0.0058046190,2.5871619811,0.1126096027,0.2252000000,0.0671487900,0.1425969378,3.2064295929,0.5033491028,0.5108000000,0.0759167966,-0.0663685572,2.9997517203,0.3942246845,0.1068000000,0.0331324614,-0.0893055056,2.2333783716,0.1102859384
