Instance,FV_avg_avg,FV_avg_sd,FV_sd_avg,FV_sd_sd,FV_r1_avg,FV_r1_sd,FV_kr_avg,FV_kr_sd,FV_sk_avg,FV_sk_sd,FD_avg_avg,FD_avg_sd,FD_sd_avg,FD_sd_sd,FD_r1_avg,FD_r1_sd,FD_kr_avg,FD_kr_sd,FD_sk_avg,FD_sk_sd,IN_avg_avg,IN_avg_sd,IN_sd_avg,IN_sd_sd,IN_r1_avg,IN_r1_sd,IN_kr_avg,IN_kr_sd,IN_sk_avg,IN_sk_sd
273,0.4985885506,0.3040573727,0.0005472274,0.0003633394,0.9016569609,0.0495736702,2.3193929144,0.4808453997,0.0309824505,0.4023566491,0.0000023054,0.0000142965,0.0000235400,0.0000146456,0.0290945993,0.0996259480,2.9602833519,0.5956371995,0.0561479581,0.3306843921,0.5049000000,0.0197744785,0.0502017260,0.0034564006,0.0077290105,0.1351781932,3.0023823060,0.4367352357,0.0966060787,0.3263990482
