Instance,FV_avg_avg,FV_avg_sd,FV_sd_avg,FV_sd_sd,FV_r1_avg,FV_r1_sd,FV_kr_avg,FV_kr_sd,FV_sk_avg,FV_sk_sd,FD_avg_avg,FD_avg_sd,FD_sd_avg,FD_sd_sd,FD_r1_avg,FD_r1_sd,FD_kr_avg,FD_kr_sd,FD_sk_avg,FD_sk_sd,IN_avg_avg,IN_avg_sd,IN_sd_avg,IN_sd_sd,IN_r1_avg,IN_r1_sd,IN_kr_avg,IN_kr_sd,IN_sk_avg,IN_sk_sd
480,0.4964293588,0.3013879755,0.0005977813,0.0004860869,0.9348176097,0.0532240272,2.5832675175,0.6127787227,0.2819480571,0.3914662638,-0.0000001570,0.0000086207,0.0000223994,0.0000145084,0.0086912437,0.1129744457,2.8577210796,0.3215053921,-0.0464432674,0.2117734952,0.4975500000,0.0201588566,0.0728861940,0.0041256188,-0.0121952189,0.1012781122,2.7869916360,0.2597137266,-0.0902750166,0.2008259794
