Instance,FV_avg_avg,FV_avg_sd,FV_sd_avg,FV_sd_sd,FV_r1_avg,FV_r1_sd,FV_kr_avg,FV_kr_sd,FV_sk_avg,FV_sk_sd,FD_avg_avg,FD_avg_sd,FD_sd_avg,FD_sd_sd,FD_r1_avg,FD_r1_sd,FD_kr_avg,FD_kr_sd,FD_sk_avg,FD_sk_sd,IN_avg_avg,IN_avg_sd,IN_sd_avg,IN_sd_sd,IN_r1_avg,IN_r1_sd,IN_kr_avg,IN_kr_sd,IN_sk_avg,IN_sk_sd
479,0.4931462095,0.3005133231,0.0003027779,0.0002462774,0.1415527655,0.4139460325,1.7914657835,0.4832453364,-0.0690805208,0.5350563934,0.0000010371,0.0000536685,0.0001098837,0.0000815472,-0.1266593085,0.3240670160,1.9397580534,0.5369796242,-0.0181682462,0.6302384813,0.4950000000,0.0592874354,0.1339013901,0.0450601569,-0.1700805343,0.4703133690,1.7627219844,0.5120190498,-0.1424936030,0.5192438340
