Instance,FV_avg_avg,FV_avg_sd,FV_sd_avg,FV_sd_sd,FV_r1_avg,FV_r1_sd,FV_kr_avg,FV_kr_sd,FV_sk_avg,FV_sk_sd,FD_avg_avg,FD_avg_sd,FD_sd_avg,FD_sd_sd,FD_r1_avg,FD_r1_sd,FD_kr_avg,FD_kr_sd,FD_sk_avg,FD_sk_sd,IN_avg_avg,IN_avg_sd,IN_sd_avg,IN_sd_sd,IN_r1_avg,IN_r1_sd,IN_kr_avg,IN_kr_sd,IN_sk_avg,IN_sk_sd
458,0.4995018067,0.3038199762,0.0001887826,0.0001570259,0.1314436379,0.3689048525,2.0062149245,0.4952777645,-0.1271665984,0.6130306224,-0.0000031959,0.0000182070,0.0000137649,0.0000101342,-0.1849547865,0.3255308349,1.9542880783,0.4193161340,0.0538566037,0.4528680470,0.4995000000,0.0242002066,0.0291487587,0.0109064141,-0.2243805608,0.4374230678,1.8574662407,0.3439069475,0.0424427154,0.4959716073
