Instance,FV_avg_avg,FV_avg_sd,FV_sd_avg,FV_sd_sd,FV_r1_avg,FV_r1_sd,FV_kr_avg,FV_kr_sd,FV_sk_avg,FV_sk_sd,FD_avg_avg,FD_avg_sd,FD_sd_avg,FD_sd_sd,FD_r1_avg,FD_r1_sd,FD_kr_avg,FD_kr_sd,FD_sk_avg,FD_sk_sd,IN_avg_avg,IN_avg_sd,IN_sd_avg,IN_sd_sd,IN_r1_avg,IN_r1_sd,IN_kr_avg,IN_kr_sd,IN_sk_avg,IN_sk_sd
287,0.4672820224,0.2827853908,0.0144499918,0.0092455821,0.9894686998,0.0037612263,2.0482768044,0.0889599731,0.4627452693,0.0706104453,-0.0002687676,0.0001650294,0.0000948843,0.0000597203,0.7934722372,0.0550404606,3.5393689410,0.6044138589,0.8571696362,0.2066743274,0.1802857247,0.0165127199,0.1114183629,0.0082636503,0.7541095972,0.0585965029,3.7790102942,0.7755310816,1.0077662270,0.2047197225
