Instance,INF_avg,INF_sd,INF_r1,INF_kr,INF_sk,SUP_avg,SUP_sd,SUP_r1,SUP_kr,SUP_sk,INC_avg,INC_sd,INC_r1,INC_kr,INC_sk,IND_avg,IND_sd,IND_r1,IND_kr,IND_sk
124,0.4174193548,0.1047567918,0.4619826471,2.1968884753,0.1295904119,0.1277419355,0.0795434423,0.4635065507,4.3907829415,1.1361544814,0.4548387097,0.0833132824,0.0782043057,2.8922589941,-0.0919295157,0.1087096774,0.0353089530,-0.0353203709,2.4740121209,-0.1130902010
