Instance,INF_avg,INF_sd,INF_r1,INF_kr,INF_sk,SUP_avg,SUP_sd,SUP_r1,SUP_kr,SUP_sk,INC_avg,INC_sd,INC_r1,INC_kr,INC_sk,IND_avg,IND_sd,IND_r1,IND_kr,IND_sk
409,0.2760000000,0.0656658206,0.0976182489,2.7261712578,0.0484829617,0.2234000000,0.0628684341,0.1214045830,2.9057016846,0.1540777360,0.5006000000,0.0754429586,0.0434531946,2.5586673666,0.1097239700,0.1176000000,0.0380820168,-0.1224826308,3.2311870321,0.4065967623
