Instance,FV_avg_avg,FV_avg_sd,FV_sd_avg,FV_sd_sd,FV_r1_avg,FV_r1_sd,FV_kr_avg,FV_kr_sd,FV_sk_avg,FV_sk_sd,FD_avg_avg,FD_avg_sd,FD_sd_avg,FD_sd_sd,FD_r1_avg,FD_r1_sd,FD_kr_avg,FD_kr_sd,FD_sk_avg,FD_sk_sd,IN_avg_avg,IN_avg_sd,IN_sd_avg,IN_sd_sd,IN_r1_avg,IN_r1_sd,IN_kr_avg,IN_kr_sd,IN_sk_avg,IN_sk_sd
505,0.4907107108,0.2983457159,0.0063350405,0.0045771394,0.8686459142,0.0699109085,2.5808968449,0.4519196778,-0.1744441593,0.4848155561,0.0000262579,0.0004397481,0.0004946809,0.0003179447,0.2374702611,0.1745125172,2.7679598475,0.5042594975,0.0424887286,0.3089723194,0.5020200000,0.0471139003,0.0780637360,0.0079657470,0.1795270383,0.1283506110,2.8283612066,0.4664315316,0.0962014884,0.2712220013
