Instance,FV_avg_avg,FV_avg_sd,FV_sd_avg,FV_sd_sd,FV_r1_avg,FV_r1_sd,FV_kr_avg,FV_kr_sd,FV_sk_avg,FV_sk_sd,FD_avg_avg,FD_avg_sd,FD_sd_avg,FD_sd_sd,FD_r1_avg,FD_r1_sd,FD_kr_avg,FD_kr_sd,FD_sk_avg,FD_sk_sd,IN_avg_avg,IN_avg_sd,IN_sd_avg,IN_sd_sd,IN_r1_avg,IN_r1_sd,IN_kr_avg,IN_kr_sd,IN_sk_avg,IN_sk_sd
243,0.4983238079,0.3018223306,0.0002754358,0.0001852110,0.4748131878,0.2054926938,2.2454386917,0.6375557543,0.0206998639,0.5718218425,-0.0000080231,0.0000363313,0.0000351869,0.0000203202,-0.0186096009,0.2407662343,2.5343515567,0.7264664539,-0.1894619159,0.5661981984,0.4990000000,0.0360027777,0.0653383560,0.0133303876,0.0314337765,0.2695033884,2.3729056053,1.0108154576,-0.0410688737,0.6603771937
