Instance,INF_avg,INF_sd,INF_r1,INF_kr,INF_sk,SUP_avg,SUP_sd,SUP_r1,SUP_kr,SUP_sk,INC_avg,INC_sd,INC_r1,INC_kr,INC_sk,IND_avg,IND_sd,IND_r1,IND_kr,IND_sk
309,0.2544000000,0.0682395780,-0.1480080644,3.5788882153,0.7714050030,0.3136000000,0.0675798787,0.0464818666,2.5523594130,0.1149213030,0.4320000000,0.0752595509,0.2404705350,2.3417121517,-0.2549369542,0.0920000000,0.0277128129,-0.2614155251,3.1250000000,-0.6134346610
