Instance,FV_avg_avg,FV_avg_sd,FV_sd_avg,FV_sd_sd,FV_r1_avg,FV_r1_sd,FV_kr_avg,FV_kr_sd,FV_sk_avg,FV_sk_sd,FD_avg_avg,FD_avg_sd,FD_sd_avg,FD_sd_sd,FD_r1_avg,FD_r1_sd,FD_kr_avg,FD_kr_sd,FD_sk_avg,FD_sk_sd,IN_avg_avg,IN_avg_sd,IN_sd_avg,IN_sd_sd,IN_r1_avg,IN_r1_sd,IN_kr_avg,IN_kr_sd,IN_sk_avg,IN_sk_sd
282,0.5014005339,0.3040346112,0.0005752851,0.0004302162,0.5700337123,0.2179399306,2.1311428517,0.6575404677,-0.1592871581,0.4534645666,-0.0000039336,0.0000390059,0.0000650303,0.0000419042,-0.0258982533,0.2165209837,2.8288542053,0.9153762934,0.1249555915,0.7568979138,0.5034000000,0.0347108052,0.0684965938,0.0124826533,-0.0692518561,0.2473470179,2.4682087000,0.6070393367,0.3094960711,0.4688485762
