Instance,INF_avg,INF_sd,INF_r1,INF_kr,INF_sk,SUP_avg,SUP_sd,SUP_r1,SUP_kr,SUP_sk,INC_avg,INC_sd,INC_r1,INC_kr,INC_sk,IND_avg,IND_sd,IND_r1,IND_kr,IND_sk
381,0.2200000000,0.1600000000,-0.3621794872,1.8950195312,0.1113281250,0.2400000000,0.1562049935,0.0293040293,1.7433485622,0.1070472275,0.5400000000,0.1356465997,0.0664556962,2.6474480151,0.2115471545,0.4300000000,0.0458257569,0.0049751244,1.7619047619,0.8728715609
