Instance,INF_avg,INF_sd,INF_r1,INF_kr,INF_sk,SUP_avg,SUP_sd,SUP_r1,SUP_kr,SUP_sk,INC_avg,INC_sd,INC_r1,INC_kr,INC_sk,IND_avg,IND_sd,IND_r1,IND_kr,IND_sk
50,0.2850000000,0.0178885438,-0.6153846154,2.3486328125,0.3930588242,0.2170000000,0.0224944438,-0.1311914324,1.9155196925,0.6989868399,0.4980000000,0.0290860791,-0.2956204380,1.4081032141,0.3752617726,0.0340000000,0.0037416574,0.4117647059,1.8469387755,0.3436215967
