Instance,INF_avg,INF_sd,INF_r1,INF_kr,INF_sk,SUP_avg,SUP_sd,SUP_r1,SUP_kr,SUP_sk,INC_avg,INC_sd,INC_r1,INC_kr,INC_sk,IND_avg,IND_sd,IND_r1,IND_kr,IND_sk
417,0.2454000000,0.0421051066,0.1105087370,4.0534656030,0.2682344760,0.2490000000,0.0464435141,-0.0562662954,2.8760615727,0.0240769841,0.5056000000,0.0504444249,0.2771473023,2.7122772317,0.5823678902,0.0680000000,0.0184390889,0.0757000475,2.2481660900,0.0650791373
