Instance,FV_avg_avg,FV_avg_sd,FV_sd_avg,FV_sd_sd,FV_r1_avg,FV_r1_sd,FV_kr_avg,FV_kr_sd,FV_sk_avg,FV_sk_sd,FD_avg_avg,FD_avg_sd,FD_sd_avg,FD_sd_sd,FD_r1_avg,FD_r1_sd,FD_kr_avg,FD_kr_sd,FD_sk_avg,FD_sk_sd,IN_avg_avg,IN_avg_sd,IN_sd_avg,IN_sd_sd,IN_r1_avg,IN_r1_sd,IN_kr_avg,IN_kr_sd,IN_sk_avg,IN_sk_sd
447,0.4976283215,0.3026778845,0.0004180074,0.0002849183,0.8626127572,0.1027844715,2.6039018857,0.7695051114,-0.0134059519,0.5762912544,0.0000001275,0.0000108807,0.0000611186,0.0000366886,0.0011937188,0.1189834480,2.8179194354,0.3867079660,0.0535691711,0.2937258306,0.5000000000,0.0274517759,0.1581028041,0.0144880416,-0.0262219929,0.1343387409,2.6038582135,0.4465770634,0.0369560819,0.2319033142
