Instance,INF_avg,INF_sd,INF_r1,INF_kr,INF_sk,SUP_avg,SUP_sd,SUP_r1,SUP_kr,SUP_sk,INC_avg,INC_sd,INC_r1,INC_kr,INC_sk,IND_avg,IND_sd,IND_r1,IND_kr,IND_sk
84,0.2358000000,0.0288679753,-0.1107129200,2.1192899602,-0.1334547322,0.2760000000,0.0222710575,0.2788297509,3.6029526535,-0.6050815719,0.4882000000,0.0342601810,0.0875950335,2.7302490792,-0.3633347531,0.0410000000,0.0091651514,0.1853263459,2.5187074830,0.4052617962
