Instance,FV_avg_avg,FV_avg_sd,FV_sd_avg,FV_sd_sd,FV_r1_avg,FV_r1_sd,FV_kr_avg,FV_kr_sd,FV_sk_avg,FV_sk_sd,FD_avg_avg,FD_avg_sd,FD_sd_avg,FD_sd_sd,FD_r1_avg,FD_r1_sd,FD_kr_avg,FD_kr_sd,FD_sk_avg,FD_sk_sd,IN_avg_avg,IN_avg_sd,IN_sd_avg,IN_sd_sd,IN_r1_avg,IN_r1_sd,IN_kr_avg,IN_kr_sd,IN_sk_avg,IN_sk_sd
143,0.4958517792,0.3014982523,0.0017253390,0.0012262380,0.8742164155,0.0804567444,2.4492423806,0.6194314023,-0.1099109413,0.4757640807,-0.0000099731,0.0000463633,0.0000753870,0.0000482988,0.1532955216,0.1815171222,3.1687603407,0.5534854180,0.0598406237,0.3393219083,0.4865000000,0.0249423736,0.0532265532,0.0054554587,0.0953150879,0.1269406728,2.9733279170,0.4878540149,-0.0349887032,0.3468600331
