Instance,FV_avg_avg,FV_avg_sd,FV_sd_avg,FV_sd_sd,FV_r1_avg,FV_r1_sd,FV_kr_avg,FV_kr_sd,FV_sk_avg,FV_sk_sd,FD_avg_avg,FD_avg_sd,FD_sd_avg,FD_sd_sd,FD_r1_avg,FD_r1_sd,FD_kr_avg,FD_kr_sd,FD_sk_avg,FD_sk_sd,IN_avg_avg,IN_avg_sd,IN_sd_avg,IN_sd_sd,IN_r1_avg,IN_r1_sd,IN_kr_avg,IN_kr_sd,IN_sk_avg,IN_sk_sd
285,0.5007305606,0.3039000288,0.0003929402,0.0002807069,0.8048920260,0.1664640656,2.6184110964,1.1517771623,-0.1037327784,0.4916548397,-0.0000013963,0.0000261479,0.0000346624,0.0000209023,0.2100886137,0.2990040817,2.6239594325,0.6570061474,0.0045433044,0.4402432954,0.4851200000,0.0543955292,0.0777371364,0.0088005472,0.1854293849,0.1734324104,2.4705889101,0.2920836402,-0.0775451643,0.3338974092
