Instance,INF_avg,INF_sd,INF_r1,INF_kr,INF_sk,SUP_avg,SUP_sd,SUP_r1,SUP_kr,SUP_sk,INC_avg,INC_sd,INC_r1,INC_kr,INC_sk,IND_avg,IND_sd,IND_r1,IND_kr,IND_sk
495,0.4160000000,0.0725534286,0.2789523509,2.9538437376,0.0608292943,0.2380000000,0.0547357287,-0.3459740953,2.1431280871,0.0462472178,0.3460000000,0.0663626401,0.3941417804,1.6900637766,0.0975566137,0.1080000000,0.0348711915,0.0229885057,1.5100415512,-0.0588632475
