Instance,INF_avg,INF_sd,INF_r1,INF_kr,INF_sk,SUP_avg,SUP_sd,SUP_r1,SUP_kr,SUP_sk,INC_avg,INC_sd,INC_r1,INC_kr,INC_sk,IND_avg,IND_sd,IND_r1,IND_kr,IND_sk
384,0.2546000000,0.0362331340,0.2677076971,2.4734415648,0.2605825730,0.2200000000,0.0336005952,0.2222715173,2.8694157806,0.0019770623,0.5254000000,0.0342175394,-0.0162450670,2.5437878726,-0.1153194114,0.0351000000,0.0099744674,0.2617737543,2.4255242293,0.1840582488
