Instance,FV_avg_avg,FV_avg_sd,FV_sd_avg,FV_sd_sd,FV_r1_avg,FV_r1_sd,FV_kr_avg,FV_kr_sd,FV_sk_avg,FV_sk_sd,FD_avg_avg,FD_avg_sd,FD_sd_avg,FD_sd_sd,FD_r1_avg,FD_r1_sd,FD_kr_avg,FD_kr_sd,FD_sk_avg,FD_sk_sd,IN_avg_avg,IN_avg_sd,IN_sd_avg,IN_sd_sd,IN_r1_avg,IN_r1_sd,IN_kr_avg,IN_kr_sd,IN_sk_avg,IN_sk_sd
414,0.4610928129,0.2944468256,0.0169678801,0.0106352338,0.9898879996,0.0055706530,2.2416537533,0.2831974243,0.6376407016,0.1949445377,-0.0002073935,0.0001275712,0.0000859534,0.0000536910,0.9441652216,0.0621618123,2.5210956236,0.3797490735,0.7069803358,0.2691067455,0.1680973293,0.0645204744,0.1303206907,0.0222634561,0.9243541599,0.1123035620,2.7468778675,0.3891230965,0.8846169212,0.2661726122
