Instance,INF_avg,INF_sd,INF_r1,INF_kr,INF_sk,SUP_avg,SUP_sd,SUP_r1,SUP_kr,SUP_sk,INC_avg,INC_sd,INC_r1,INC_kr,INC_sk,IND_avg,IND_sd,IND_r1,IND_kr,IND_sk
495,0.4400000000,0.1155854662,0.5644916540,2.2372620029,0.0808174044,0.0800000000,0.0509901951,0.4824561404,2.6248520710,0.3620605572,0.4800000000,0.0867179336,0.4133333333,2.1836803984,-0.4011538631,0.1130000000,0.0420832508,0.2682488959,2.2884144800,-0.0169865767
