Instance,INF_avg,INF_sd,INF_r1,INF_kr,INF_sk,SUP_avg,SUP_sd,SUP_r1,SUP_kr,SUP_sk,INC_avg,INC_sd,INC_r1,INC_kr,INC_sk,IND_avg,IND_sd,IND_r1,IND_kr,IND_sk
249,0.2160000000,0.0445421149,0.1340782123,2.7036940687,1.1210847078,0.2400000000,0.0456070170,-0.2692307692,1.4349112426,0.0000000000,0.5440000000,0.0542586399,-1.0772442589,1.9651465028,-0.1514485311,0.1280000000,0.0574108004,0.0204678363,1.8296257894,0.4078932113
