Instance,INF_avg,INF_sd,INF_r1,INF_kr,INF_sk,SUP_avg,SUP_sd,SUP_r1,SUP_kr,SUP_sk,INC_avg,INC_sd,INC_r1,INC_kr,INC_sk,IND_avg,IND_sd,IND_r1,IND_kr,IND_sk
431,0.2680000000,0.0350998575,0.1167444746,3.0641866251,0.1887009545,0.2556000000,0.0384270738,0.4730112809,3.2309478497,-0.4489221321,0.4764000000,0.0426032863,0.3569038750,3.1114090912,0.7316891954,0.0372000000,0.0121720992,-0.2615249028,2.0990858636,0.2974883989
