Instance,FV_avg_avg,FV_avg_sd,FV_sd_avg,FV_sd_sd,FV_r1_avg,FV_r1_sd,FV_kr_avg,FV_kr_sd,FV_sk_avg,FV_sk_sd,FD_avg_avg,FD_avg_sd,FD_sd_avg,FD_sd_sd,FD_r1_avg,FD_r1_sd,FD_kr_avg,FD_kr_sd,FD_sk_avg,FD_sk_sd,IN_avg_avg,IN_avg_sd,IN_sd_avg,IN_sd_sd,IN_r1_avg,IN_r1_sd,IN_kr_avg,IN_kr_sd,IN_sk_avg,IN_sk_sd
452,0.4979591547,0.3027959737,0.0002877568,0.0002306195,0.4619684519,0.4042418337,2.1656553545,0.7008201276,-0.0283258225,0.5388530129,0.0000056647,0.0000189576,0.0000403254,0.0000257321,-0.0529923475,0.2933319200,2.5306429171,0.7111570184,0.2182148198,0.5534155161,0.5111000000,0.0276656827,0.0674179148,0.0200056181,-0.2008006678,0.3153061806,2.6361464701,0.7545586838,0.1480504332,0.5927636746
