Instance,FV_avg_avg,FV_avg_sd,FV_sd_avg,FV_sd_sd,FV_r1_avg,FV_r1_sd,FV_kr_avg,FV_kr_sd,FV_sk_avg,FV_sk_sd,FD_avg_avg,FD_avg_sd,FD_sd_avg,FD_sd_sd,FD_r1_avg,FD_r1_sd,FD_kr_avg,FD_kr_sd,FD_sk_avg,FD_sk_sd,IN_avg_avg,IN_avg_sd,IN_sd_avg,IN_sd_sd,IN_r1_avg,IN_r1_sd,IN_kr_avg,IN_kr_sd,IN_sk_avg,IN_sk_sd
25,0.4989432578,0.3033103556,0.0007454555,0.0006047740,0.8697209631,0.1284000679,2.4001365957,0.6613133459,-0.0426255490,0.4419112314,0.0000052878,0.0000146589,0.0000821780,0.0000495874,0.0091082086,0.1376297497,2.7489790733,0.4838641199,-0.0532822063,0.3099329206,0.4987000000,0.0341483528,0.1569717550,0.0179462565,0.0039810070,0.1489642719,2.6585766516,0.4010971690,0.0514814888,0.2384359454
