Instance,FV_avg_avg,FV_avg_sd,FV_sd_avg,FV_sd_sd,FV_r1_avg,FV_r1_sd,FV_kr_avg,FV_kr_sd,FV_sk_avg,FV_sk_sd,FD_avg_avg,FD_avg_sd,FD_sd_avg,FD_sd_sd,FD_r1_avg,FD_r1_sd,FD_kr_avg,FD_kr_sd,FD_sk_avg,FD_sk_sd,IN_avg_avg,IN_avg_sd,IN_sd_avg,IN_sd_sd,IN_r1_avg,IN_r1_sd,IN_kr_avg,IN_kr_sd,IN_sk_avg,IN_sk_sd
444,0.4993628030,0.3037054907,0.0002570898,0.0001540877,0.8927185007,0.0791995853,2.4459280385,0.6378604920,-0.0187809279,0.4544622145,0.0000018328,0.0000098065,0.0000326160,0.0000206009,-0.0251865152,0.1262904129,2.8480354256,0.4091704788,-0.1186950124,0.2817932524,0.4906000000,0.0382575483,0.1574065488,0.0145319783,-0.0533855985,0.1307958532,2.8354895358,0.5008176532,0.1096468250,0.2458926348
