Instance,INF_avg,INF_sd,INF_r1,INF_kr,INF_sk,SUP_avg,SUP_sd,SUP_r1,SUP_kr,SUP_sk,INC_avg,INC_sd,INC_r1,INC_kr,INC_sk,IND_avg,IND_sd,IND_r1,IND_kr,IND_sk
406,0.2760000000,0.0527636238,-0.5477560414,1.8008323424,0.3476794476,0.3280000000,0.0863481326,-0.4226898445,2.0809095765,0.0393655488,0.3960000000,0.0823650411,0.2321160580,1.4727883588,-0.2522136166,0.1000000000,0.0219089023,0.2000000000,2.5000000000,-0.9128709292
