Instance,INF_avg,INF_sd,INF_r1,INF_kr,INF_sk,SUP_avg,SUP_sd,SUP_r1,SUP_kr,SUP_sk,INC_avg,INC_sd,INC_r1,INC_kr,INC_sk,IND_avg,IND_sd,IND_r1,IND_kr,IND_sk
424,0.2740000000,0.1035567477,0.1499527218,3.6301940201,0.0081473690,0.1880000000,0.0897552227,0.2759545142,2.6854377846,0.5694401604,0.5380000000,0.0924986486,-0.0577161140,3.4069275139,0.5809114093,0.2490000000,0.0784155597,-0.0907039223,2.7971789148,0.2197283140
