Instance,INF_avg,INF_sd,INF_r1,INF_kr,INF_sk,SUP_avg,SUP_sd,SUP_r1,SUP_kr,SUP_sk,INC_avg,INC_sd,INC_r1,INC_kr,INC_sk,IND_avg,IND_sd,IND_r1,IND_kr,IND_sk
471,0.2216000000,0.0395656417,-0.1661746229,2.3921762398,-0.2621702813,0.2744000000,0.0417209779,-0.0080385616,2.5552203520,-0.2156619740,0.5040000000,0.0460434577,-0.2088329033,2.1815165539,0.1718638855,0.0716000000,0.0162923295,0.0400079175,3.0209150156,0.2408970408
