Instance,FV_avg_avg,FV_avg_sd,FV_sd_avg,FV_sd_sd,FV_r1_avg,FV_r1_sd,FV_kr_avg,FV_kr_sd,FV_sk_avg,FV_sk_sd,FD_avg_avg,FD_avg_sd,FD_sd_avg,FD_sd_sd,FD_r1_avg,FD_r1_sd,FD_kr_avg,FD_kr_sd,FD_sk_avg,FD_sk_sd,IN_avg_avg,IN_avg_sd,IN_sd_avg,IN_sd_sd,IN_r1_avg,IN_r1_sd,IN_kr_avg,IN_kr_sd,IN_sk_avg,IN_sk_sd
337,0.5002403193,0.3032927768,0.0002005212,0.0001383463,0.1818306870,0.4058727300,1.8751015845,0.5111042528,0.1916509874,0.5671011593,0.0000036129,0.0000123711,0.0000131744,0.0000099924,-0.2058923079,0.4421524237,1.9543743257,0.5658372693,-0.1569381516,0.5985261728,0.5037000000,0.0244910188,0.0293024405,0.0106708471,-0.2343215283,0.2871553272,2.0236924073,0.5687246049,-0.1513680270,0.6503086409
