Instance,INF_avg,INF_sd,INF_r1,INF_kr,INF_sk,SUP_avg,SUP_sd,SUP_r1,SUP_kr,SUP_sk,INC_avg,INC_sd,INC_r1,INC_kr,INC_sk,IND_avg,IND_sd,IND_r1,IND_kr,IND_sk
8,0.2308000000,0.0225246532,0.2148522610,2.5875711979,-0.4382331693,0.2736000000,0.0355111250,0.4685325866,3.3766661227,0.4665848407,0.4956000000,0.0471236671,0.5297539365,3.2067211344,0.0605633347,0.0436000000,0.0133056379,-0.0889006058,2.5150147967,0.2000789484
