Instance,FV_avg_avg,FV_avg_sd,FV_sd_avg,FV_sd_sd,FV_r1_avg,FV_r1_sd,FV_kr_avg,FV_kr_sd,FV_sk_avg,FV_sk_sd,FD_avg_avg,FD_avg_sd,FD_sd_avg,FD_sd_sd,FD_r1_avg,FD_r1_sd,FD_kr_avg,FD_kr_sd,FD_sk_avg,FD_sk_sd,IN_avg_avg,IN_avg_sd,IN_sd_avg,IN_sd_sd,IN_r1_avg,IN_r1_sd,IN_kr_avg,IN_kr_sd,IN_sk_avg,IN_sk_sd
256,0.4531605615,0.3128669035,0.0223012927,0.0143604633,0.9952902239,0.0021619758,2.1725480989,0.1536419993,0.6025928152,0.1507705448,-0.0001126175,0.0000698965,0.0000537609,0.0000344936,0.9712775354,0.0054037047,2.2535568940,0.3072603295,0.5991102134,0.2288895229,0.1798530823,0.0290592306,0.1427258841,0.0064681277,0.9651356526,0.0070649264,2.3774883017,0.2946924366,0.7376236392,0.2259822494
