Instance,INF_avg,INF_sd,INF_r1,INF_kr,INF_sk,SUP_avg,SUP_sd,SUP_r1,SUP_kr,SUP_sk,INC_avg,INC_sd,INC_r1,INC_kr,INC_sk,IND_avg,IND_sd,IND_r1,IND_kr,IND_sk
153,0.2364000000,0.0604899992,0.1626443559,2.4783191642,0.0030916348,0.2518000000,0.0657324882,-0.0335355558,2.6667465386,0.0671869819,0.5118000000,0.0747312518,-0.0291607349,2.4946716305,0.1547274931,0.1228000000,0.0348734856,-0.0687094379,2.6232171308,-0.0225809184
