Instance,FV_avg_avg,FV_avg_sd,FV_sd_avg,FV_sd_sd,FV_r1_avg,FV_r1_sd,FV_kr_avg,FV_kr_sd,FV_sk_avg,FV_sk_sd,FD_avg_avg,FD_avg_sd,FD_sd_avg,FD_sd_sd,FD_r1_avg,FD_r1_sd,FD_kr_avg,FD_kr_sd,FD_sk_avg,FD_sk_sd,IN_avg_avg,IN_avg_sd,IN_sd_avg,IN_sd_sd,IN_r1_avg,IN_r1_sd,IN_kr_avg,IN_kr_sd,IN_sk_avg,IN_sk_sd
480,0.4969452616,0.3021257864,0.0003155723,0.0002037840,0.8670108827,0.0881437250,2.1853054815,0.4347598355,0.0989491091,0.4321585043,0.0000011249,0.0000120584,0.0000148611,0.0000090437,0.0026955583,0.1722873554,2.8219862760,0.5254627912,0.0917366517,0.3025701817,0.5040800000,0.0351373533,0.0471968544,0.0064169256,-0.0002693938,0.1797538425,2.7857861652,0.7172065825,0.1328982612,0.4011734297
