Instance,FV_avg_avg,FV_avg_sd,FV_sd_avg,FV_sd_sd,FV_r1_avg,FV_r1_sd,FV_kr_avg,FV_kr_sd,FV_sk_avg,FV_sk_sd,FD_avg_avg,FD_avg_sd,FD_sd_avg,FD_sd_sd,FD_r1_avg,FD_r1_sd,FD_kr_avg,FD_kr_sd,FD_sk_avg,FD_sk_sd,IN_avg_avg,IN_avg_sd,IN_sd_avg,IN_sd_sd,IN_r1_avg,IN_r1_sd,IN_kr_avg,IN_kr_sd,IN_sk_avg,IN_sk_sd
411,0.5022661253,0.3055129995,0.0010831810,0.0008082050,0.8957610250,0.0887958746,2.2842785482,0.3661489468,-0.0507937477,0.3761561661,0.0000068698,0.0000376288,0.0001308831,0.0000796957,-0.0019750569,0.1186516607,2.9200625588,0.4905907342,-0.0670598876,0.2929885364,0.5069000000,0.0435452638,0.1637069717,0.0128929210,-0.0286153610,0.1065980535,2.5753242607,0.3101012638,0.0019898443,0.2842824128
