Instance,INF_avg,INF_sd,INF_r1,INF_kr,INF_sk,SUP_avg,SUP_sd,SUP_r1,SUP_kr,SUP_sk,INC_avg,INC_sd,INC_r1,INC_kr,INC_sk,IND_avg,IND_sd,IND_r1,IND_kr,IND_sk
402,0.2500000000,0.0894427191,-0.0000000000,1.2500000000,-0.0000000000,0.2200000000,0.0979795897,0.0996784566,2.4361979167,-0.5677202789,0.5300000000,0.0600000000,-0.1111111111,1.3981481481,0.1111111111,0.1900000000,0.0583095189,-0.2337662338,2.6660899654,1.1500493357
