Instance,INF_avg,INF_sd,INF_r1,INF_kr,INF_sk,SUP_avg,SUP_sd,SUP_r1,SUP_kr,SUP_sk,INC_avg,INC_sd,INC_r1,INC_kr,INC_sk,IND_avg,IND_sd,IND_r1,IND_kr,IND_sk
165,0.2087000000,0.0330727985,0.2563392049,2.1527437031,-0.2328779736,0.2683000000,0.0354768939,-0.1983343622,2.9167024715,-0.2269500316,0.5230000000,0.0423083916,0.2434613526,2.8054018289,0.1113531620,0.0352000000,0.0094847246,0.0042090856,2.7275591681,0.5930483188
