Instance,FV_avg_avg,FV_avg_sd,FV_sd_avg,FV_sd_sd,FV_r1_avg,FV_r1_sd,FV_kr_avg,FV_kr_sd,FV_sk_avg,FV_sk_sd,FD_avg_avg,FD_avg_sd,FD_sd_avg,FD_sd_sd,FD_r1_avg,FD_r1_sd,FD_kr_avg,FD_kr_sd,FD_sk_avg,FD_sk_sd,IN_avg_avg,IN_avg_sd,IN_sd_avg,IN_sd_sd,IN_r1_avg,IN_r1_sd,IN_kr_avg,IN_kr_sd,IN_sk_avg,IN_sk_sd
296,0.4968284267,0.3019952283,0.0005536652,0.0003491409,0.9296173924,0.0488674394,2.6715591760,0.8922022597,0.1423618403,0.5181683488,0.0000023544,0.0000125974,0.0000648073,0.0000387405,0.0549957593,0.1209030131,3.0119033886,0.4733657690,-0.1282783922,0.2425723998,0.5063000000,0.0277093847,0.1660969750,0.0086194480,0.0560435226,0.1365347867,2.6968468960,0.4303092488,-0.0027660234,0.1698373632
