Instance,FV_avg_avg,FV_avg_sd,FV_sd_avg,FV_sd_sd,FV_r1_avg,FV_r1_sd,FV_kr_avg,FV_kr_sd,FV_sk_avg,FV_sk_sd,FD_avg_avg,FD_avg_sd,FD_sd_avg,FD_sd_sd,FD_r1_avg,FD_r1_sd,FD_kr_avg,FD_kr_sd,FD_sk_avg,FD_sk_sd,IN_avg_avg,IN_avg_sd,IN_sd_avg,IN_sd_sd,IN_r1_avg,IN_r1_sd,IN_kr_avg,IN_kr_sd,IN_sk_avg,IN_sk_sd
165,0.4977307436,0.3020008940,0.0003930765,0.0002661028,0.0929837327,0.3922120841,1.7638967736,0.5056796192,-0.0222301601,0.5602853907,-0.0000039788,0.0000415496,0.0000512219,0.0000289313,-0.1739126885,0.4044975995,2.0226619830,0.5648677927,0.0020757473,0.6955464274,0.5003000000,0.0318576521,0.0463628572,0.0142998418,-0.1272119985,0.3898255798,2.0468178778,0.5470280473,0.0745954048,0.6788694782
