Instance,FV_avg_avg,FV_avg_sd,FV_sd_avg,FV_sd_sd,FV_r1_avg,FV_r1_sd,FV_kr_avg,FV_kr_sd,FV_sk_avg,FV_sk_sd,FD_avg_avg,FD_avg_sd,FD_sd_avg,FD_sd_sd,FD_r1_avg,FD_r1_sd,FD_kr_avg,FD_kr_sd,FD_sk_avg,FD_sk_sd,IN_avg_avg,IN_avg_sd,IN_sd_avg,IN_sd_sd,IN_r1_avg,IN_r1_sd,IN_kr_avg,IN_kr_sd,IN_sk_avg,IN_sk_sd
106,0.4971117999,0.3021715249,0.0011959988,0.0007982191,0.9595684602,0.0324509896,2.3213261337,0.7062502164,0.1002928235,0.4112195435,-0.0000062930,0.0000149995,0.0000320987,0.0000192816,0.0949971121,0.1077639843,2.9516744121,0.4781111133,0.0025926054,0.2747998365,0.4958600000,0.0228322666,0.0525723583,0.0034198155,0.0659402785,0.0853865431,2.8433379823,0.3664918520,-0.0508473605,0.2229274458
