Instance,INF_avg,INF_sd,INF_r1,INF_kr,INF_sk,SUP_avg,SUP_sd,SUP_r1,SUP_kr,SUP_sk,INC_avg,INC_sd,INC_r1,INC_kr,INC_sk,IND_avg,IND_sd,IND_r1,IND_kr,IND_sk
15,0.2420000000,0.1218031198,-0.0670199380,2.5065971218,0.0202404877,0.2800000000,0.1523154621,-0.0798033283,2.5552913199,0.5772955238,0.4780000000,0.1526957760,-0.0393998498,3.4170160255,-0.4355014248,0.3700000000,0.0921954446,0.0804055647,2.6675432526,0.0153127382
