Instance,FV_avg_avg,FV_avg_sd,FV_sd_avg,FV_sd_sd,FV_r1_avg,FV_r1_sd,FV_kr_avg,FV_kr_sd,FV_sk_avg,FV_sk_sd,FD_avg_avg,FD_avg_sd,FD_sd_avg,FD_sd_sd,FD_r1_avg,FD_r1_sd,FD_kr_avg,FD_kr_sd,FD_sk_avg,FD_sk_sd,IN_avg_avg,IN_avg_sd,IN_sd_avg,IN_sd_sd,IN_r1_avg,IN_r1_sd,IN_kr_avg,IN_kr_sd,IN_sk_avg,IN_sk_sd
465,0.4965356879,0.3012594163,0.0005659065,0.0003468549,0.0827905485,0.4923700913,1.8410302110,0.4654963967,-0.1154165340,0.5314961922,-0.0000094277,0.0000797381,0.0000968473,0.0000741843,-0.0616436838,0.4383940461,2.1199450771,0.5129784307,-0.2462331903,0.6157930466,0.5070000000,0.0451995575,0.0613618186,0.0198677433,-0.1852717810,0.4184628771,2.0074509969,0.5265394619,0.0396878196,0.6317451629
