Instance,FV_avg_avg,FV_avg_sd,FV_sd_avg,FV_sd_sd,FV_r1_avg,FV_r1_sd,FV_kr_avg,FV_kr_sd,FV_sk_avg,FV_sk_sd,FD_avg_avg,FD_avg_sd,FD_sd_avg,FD_sd_sd,FD_r1_avg,FD_r1_sd,FD_kr_avg,FD_kr_sd,FD_sk_avg,FD_sk_sd,IN_avg_avg,IN_avg_sd,IN_sd_avg,IN_sd_sd,IN_r1_avg,IN_r1_sd,IN_kr_avg,IN_kr_sd,IN_sk_avg,IN_sk_sd
309,0.4946396243,0.3006926745,0.0008735587,0.0007325114,0.7181708798,0.1788125855,2.4056813844,0.5457610432,-0.1025977401,0.4852755724,0.0000067452,0.0000320492,0.0000740956,0.0000474297,-0.0055854550,0.1540778447,2.5344688234,0.6416993402,0.0539172512,0.3511574516,0.5029200000,0.0211073826,0.0706866014,0.0086577350,-0.0061204660,0.1524255845,2.5899125738,0.5245111355,0.0580101336,0.4785352665
