Instance,FV_avg_avg,FV_avg_sd,FV_sd_avg,FV_sd_sd,FV_r1_avg,FV_r1_sd,FV_kr_avg,FV_kr_sd,FV_sk_avg,FV_sk_sd,FD_avg_avg,FD_avg_sd,FD_sd_avg,FD_sd_sd,FD_r1_avg,FD_r1_sd,FD_kr_avg,FD_kr_sd,FD_sk_avg,FD_sk_sd,IN_avg_avg,IN_avg_sd,IN_sd_avg,IN_sd_sd,IN_r1_avg,IN_r1_sd,IN_kr_avg,IN_kr_sd,IN_sk_avg,IN_sk_sd
332,0.4976638699,0.3025229916,0.0010107318,0.0006257761,0.5605242075,0.2801049774,1.9734565850,0.5680724841,-0.0496114159,0.4059630812,-0.0000024179,0.0000807177,0.0001710139,0.0001107428,-0.1075138854,0.2337223678,2.6243408634,1.0413636716,-0.0501168164,0.7257343849,0.4932500000,0.0518959295,0.1065437510,0.0186327430,-0.1459970913,0.2456044538,2.3175409094,0.4807543578,-0.0959404977,0.4541647811
