Instance,INF_avg,INF_sd,INF_r1,INF_kr,INF_sk,SUP_avg,SUP_sd,SUP_r1,SUP_kr,SUP_sk,INC_avg,INC_sd,INC_r1,INC_kr,INC_sk,IND_avg,IND_sd,IND_r1,IND_kr,IND_sk
442,0.2700000000,0.0842614977,0.1298145506,2.7230708193,0.6117775872,0.2550000000,0.1171537451,-0.0333406933,1.6891018942,0.4393833912,0.4750000000,0.1078192933,-0.1304347826,1.8435657301,0.0000000000,0.2250000000,0.0844097151,-0.1076923077,2.5807940905,0.5611726210
