Instance,FV_avg_avg,FV_avg_sd,FV_sd_avg,FV_sd_sd,FV_r1_avg,FV_r1_sd,FV_kr_avg,FV_kr_sd,FV_sk_avg,FV_sk_sd,FD_avg_avg,FD_avg_sd,FD_sd_avg,FD_sd_sd,FD_r1_avg,FD_r1_sd,FD_kr_avg,FD_kr_sd,FD_sk_avg,FD_sk_sd,IN_avg_avg,IN_avg_sd,IN_sd_avg,IN_sd_sd,IN_r1_avg,IN_r1_sd,IN_kr_avg,IN_kr_sd,IN_sk_avg,IN_sk_sd
370,0.5006710220,0.3039181597,0.0003399134,0.0003435680,0.5321283310,0.3615941791,2.2196741733,0.7808063610,0.0599833621,0.6040553583,0.0000059373,0.0000390648,0.0000737824,0.0000447664,-0.1135385985,0.2639504671,2.5220043154,0.9440924791,-0.0655826598,0.6638335170,0.5150000000,0.0514295635,0.1548247035,0.0325470610,-0.1439601039,0.3049146681,2.2305929030,0.6011873304,0.1581751354,0.4859616142
