Instance,FV_avg_avg,FV_avg_sd,FV_sd_avg,FV_sd_sd,FV_r1_avg,FV_r1_sd,FV_kr_avg,FV_kr_sd,FV_sk_avg,FV_sk_sd,FD_avg_avg,FD_avg_sd,FD_sd_avg,FD_sd_sd,FD_r1_avg,FD_r1_sd,FD_kr_avg,FD_kr_sd,FD_sk_avg,FD_sk_sd,IN_avg_avg,IN_avg_sd,IN_sd_avg,IN_sd_sd,IN_r1_avg,IN_r1_sd,IN_kr_avg,IN_kr_sd,IN_sk_avg,IN_sk_sd
234,0.4964282104,0.3017712492,0.0004554175,0.0002967495,0.8816173711,0.0583001785,2.5373470890,0.5974222889,-0.0203643495,0.4791100673,-0.0000029265,0.0000113963,0.0000134371,0.0000080431,-0.0114469407,0.1251843984,3.0425027492,0.6755704629,-0.0101189698,0.3595214579,0.5031350000,0.0241261119,0.0347841842,0.0030476266,-0.0065043727,0.1718049754,2.8438066991,0.4806061109,0.0937269219,0.2930385915
