Instance,FV_avg_avg,FV_avg_sd,FV_sd_avg,FV_sd_sd,FV_r1_avg,FV_r1_sd,FV_kr_avg,FV_kr_sd,FV_sk_avg,FV_sk_sd,FD_avg_avg,FD_avg_sd,FD_sd_avg,FD_sd_sd,FD_r1_avg,FD_r1_sd,FD_kr_avg,FD_kr_sd,FD_sk_avg,FD_sk_sd,IN_avg_avg,IN_avg_sd,IN_sd_avg,IN_sd_sd,IN_r1_avg,IN_r1_sd,IN_kr_avg,IN_kr_sd,IN_sk_avg,IN_sk_sd
274,0.4990177877,0.3029159317,0.0004268279,0.0002736551,0.8959782123,0.0635797740,2.3304548537,0.3114688144,-0.0040990787,0.4721385759,-0.0000029222,0.0000092048,0.0000125849,0.0000078333,-0.0255126776,0.1331212513,3.1378224815,0.7907382644,-0.0096533639,0.3926224431,0.4963000000,0.0179879404,0.0349552332,0.0028063629,0.0287070978,0.1390001271,2.7556208469,0.3843451792,-0.0488240301,0.2640480337
