Instance,FV_avg_avg,FV_avg_sd,FV_sd_avg,FV_sd_sd,FV_r1_avg,FV_r1_sd,FV_kr_avg,FV_kr_sd,FV_sk_avg,FV_sk_sd,FD_avg_avg,FD_avg_sd,FD_sd_avg,FD_sd_sd,FD_r1_avg,FD_r1_sd,FD_kr_avg,FD_kr_sd,FD_sk_avg,FD_sk_sd,IN_avg_avg,IN_avg_sd,IN_sd_avg,IN_sd_sd,IN_r1_avg,IN_r1_sd,IN_kr_avg,IN_kr_sd,IN_sk_avg,IN_sk_sd
97,0.4982745735,0.3029927685,0.0004494596,0.0002814133,0.8982507092,0.0679018573,2.7009812467,0.7547464485,0.1727769567,0.5691285944,0.0000074036,0.0000154973,0.0000597975,0.0000343535,0.0146739561,0.1539147450,2.9740812783,0.5800434289,-0.0156656790,0.3815416903,0.5168000000,0.0289855136,0.1600863848,0.0181645091,0.0632692692,0.1332396715,2.8630125301,0.4356421032,-0.0168137734,0.2705393808
