Instance,INF_avg,INF_sd,INF_r1,INF_kr,INF_sk,SUP_avg,SUP_sd,SUP_r1,SUP_kr,SUP_sk,INC_avg,INC_sd,INC_r1,INC_kr,INC_sk,IND_avg,IND_sd,IND_r1,IND_kr,IND_sk
C,0.2717000000,0.0500810343,0.5397816283,3.1880010495,0.0171065003,0.2610500000,0.0377179997,0.1354612138,2.7514490201,0.4237607044,0.4672500000,0.0518477338,0.4542688039,2.2425437487,0.0473867336,0.0350500000,0.0111241854,-0.1417294859,3.9598118618,0.7392815981
