Instance,FV_avg_avg,FV_avg_sd,FV_sd_avg,FV_sd_sd,FV_r1_avg,FV_r1_sd,FV_kr_avg,FV_kr_sd,FV_sk_avg,FV_sk_sd,FD_avg_avg,FD_avg_sd,FD_sd_avg,FD_sd_sd,FD_r1_avg,FD_r1_sd,FD_kr_avg,FD_kr_sd,FD_sk_avg,FD_sk_sd,IN_avg_avg,IN_avg_sd,IN_sd_avg,IN_sd_sd,IN_r1_avg,IN_r1_sd,IN_kr_avg,IN_kr_sd,IN_sk_avg,IN_sk_sd
422,0.5001691004,0.3042718506,0.0000838712,0.0000653430,0.0038573388,0.4484823553,2.0023969063,0.5744356364,-0.0056753624,0.6677763686,0.0000002130,0.0000065986,0.0000089084,0.0000061801,-0.1734601862,0.4842100572,1.9246526610,0.4739205928,-0.0937215190,0.6033670888,0.4948000000,0.0227279564,0.0424193184,0.0170587639,-0.3295116958,0.3787006974,1.8622546716,0.4073950236,0.0070056360,0.4947020679
