Instance,FV_avg_avg,FV_avg_sd,FV_sd_avg,FV_sd_sd,FV_r1_avg,FV_r1_sd,FV_kr_avg,FV_kr_sd,FV_sk_avg,FV_sk_sd,FD_avg_avg,FD_avg_sd,FD_sd_avg,FD_sd_sd,FD_r1_avg,FD_r1_sd,FD_kr_avg,FD_kr_sd,FD_sk_avg,FD_sk_sd,IN_avg_avg,IN_avg_sd,IN_sd_avg,IN_sd_sd,IN_r1_avg,IN_r1_sd,IN_kr_avg,IN_kr_sd,IN_sk_avg,IN_sk_sd
159,0.4978159192,0.3020608334,0.0019723186,0.0015454069,0.9359572346,0.0349968314,2.4482872344,0.4981576414,-0.1990539024,0.4056873064,0.0000042716,0.0000407334,0.0001932874,0.0001188191,-0.0089784090,0.1132749487,2.8188080682,0.2848264840,-0.0997899213,0.2063835758,0.5029000000,0.0291185508,0.1602054518,0.0121619583,-0.0022324518,0.0906665210,2.7525448104,0.3895349389,-0.0738141614,0.2150150747
