Instance,INF_avg,INF_sd,INF_r1,INF_kr,INF_sk,SUP_avg,SUP_sd,SUP_r1,SUP_kr,SUP_sk,INC_avg,INC_sd,INC_r1,INC_kr,INC_sk,IND_avg,IND_sd,IND_r1,IND_kr,IND_sk
102,0.2570000000,0.0128840987,-0.6383812010,1.5489185658,-0.0252482701,0.2590000000,0.0251793566,0.5351043643,2.5989959100,0.8787429836,0.4840000000,0.0321558704,-0.3198757764,2.4309661078,-0.3540539511,0.0340000000,0.0080000000,0.4351464435,1.4189453125,0.0351562500
