Instance,INF_avg,INF_sd,INF_r1,INF_kr,INF_sk,SUP_avg,SUP_sd,SUP_r1,SUP_kr,SUP_sk,INC_avg,INC_sd,INC_r1,INC_kr,INC_sk,IND_avg,IND_sd,IND_r1,IND_kr,IND_sk
315,0.2080000000,0.0297657521,-0.0953608247,3.1864646444,-0.8465650552,0.2715000000,0.0231354706,-0.1363098338,2.3845420507,-0.7428980353,0.5205000000,0.0318158765,-0.0802661417,1.7079060711,-0.2051194726,0.0280000000,0.0067823300,0.2105263158,4.3487712665,1.2308198079
