Instance,INF_avg,INF_sd,INF_r1,INF_kr,INF_sk,SUP_avg,SUP_sd,SUP_r1,SUP_kr,SUP_sk,INC_avg,INC_sd,INC_r1,INC_kr,INC_sk,IND_avg,IND_sd,IND_r1,IND_kr,IND_sk
233,0.2000000000,0.0774596669,-0.1818181818,2.9166666667,-1.2909944487,0.3100000000,0.0734846923,-0.8700787402,1.5781893004,-0.3477670622,0.4900000000,0.0800000000,-0.4435146444,1.4189453125,0.0351562500,0.2200000000,0.0678232998,-0.1504424779,2.9310018904,1.1731251294
