Instance,FV_avg_avg,FV_avg_sd,FV_sd_avg,FV_sd_sd,FV_r1_avg,FV_r1_sd,FV_kr_avg,FV_kr_sd,FV_sk_avg,FV_sk_sd,FD_avg_avg,FD_avg_sd,FD_sd_avg,FD_sd_sd,FD_r1_avg,FD_r1_sd,FD_kr_avg,FD_kr_sd,FD_sk_avg,FD_sk_sd,IN_avg_avg,IN_avg_sd,IN_sd_avg,IN_sd_sd,IN_r1_avg,IN_r1_sd,IN_kr_avg,IN_kr_sd,IN_sk_avg,IN_sk_sd
350,0.4980561273,0.3033448638,0.0001359253,0.0001040600,0.5013585568,0.3196201007,2.2620680380,0.6919514322,0.0511976376,0.5785333252,0.0000029135,0.0000173259,0.0000262578,0.0000185355,-0.1577317225,0.2153210889,2.6100866446,1.1228183636,0.1126095312,0.7313434633,0.5132500000,0.0397578609,0.1060078790,0.0356171249,-0.2128963134,0.2095727548,2.6039591185,1.0800319406,0.1695807097,0.6553773013
