Instance,FV_avg_avg,FV_avg_sd,FV_sd_avg,FV_sd_sd,FV_r1_avg,FV_r1_sd,FV_kr_avg,FV_kr_sd,FV_sk_avg,FV_sk_sd,FD_avg_avg,FD_avg_sd,FD_sd_avg,FD_sd_sd,FD_r1_avg,FD_r1_sd,FD_kr_avg,FD_kr_sd,FD_sk_avg,FD_sk_sd,IN_avg_avg,IN_avg_sd,IN_sd_avg,IN_sd_sd,IN_r1_avg,IN_r1_sd,IN_kr_avg,IN_kr_sd,IN_sk_avg,IN_sk_sd
499,0.4633637319,0.2853410921,0.0154108146,0.0089064845,0.9936078207,0.0027693812,2.1585584553,0.1581753107,0.5483355217,0.1189241440,-0.0001343943,0.0000763225,0.0000603323,0.0000348271,0.9260657336,0.0186821332,2.4201638074,0.2073224399,0.5820368824,0.1450451936,0.1987500608,0.0346884092,0.1361945449,0.0076574589,0.9165785433,0.0190752215,2.4701968834,0.1570756735,0.6936237630,0.1435493350
