Instance,FV_avg_avg,FV_avg_sd,FV_sd_avg,FV_sd_sd,FV_r1_avg,FV_r1_sd,FV_kr_avg,FV_kr_sd,FV_sk_avg,FV_sk_sd,FD_avg_avg,FD_avg_sd,FD_sd_avg,FD_sd_sd,FD_r1_avg,FD_r1_sd,FD_kr_avg,FD_kr_sd,FD_sk_avg,FD_sk_sd,IN_avg_avg,IN_avg_sd,IN_sd_avg,IN_sd_sd,IN_r1_avg,IN_r1_sd,IN_kr_avg,IN_kr_sd,IN_sk_avg,IN_sk_sd
200,0.4961904861,0.3004520054,0.0005093386,0.0004880196,0.0904864142,0.4485561775,1.8466695314,0.5161586779,0.0239716135,0.5972163728,0.0000005593,0.0000379197,0.0000272227,0.0000192032,-0.2840142310,0.3705419557,1.7441012645,0.4072249400,0.0634965836,0.4505870630,0.4979500000,0.0291212551,0.0301343815,0.0124466481,-0.1401751986,0.4186821230,2.0058321390,0.5097167885,0.0001576412,0.6232290416
