Instance,INF_avg,INF_sd,INF_r1,INF_kr,INF_sk,SUP_avg,SUP_sd,SUP_r1,SUP_kr,SUP_sk,INC_avg,INC_sd,INC_r1,INC_kr,INC_sk,IND_avg,IND_sd,IND_r1,IND_kr,IND_sk
235,0.2100000000,0.1090871211,-0.0056127222,2.9353153026,0.9567559103,0.2750000000,0.0602079729,-0.1515151515,3.7395957194,-0.0000000000,0.5150000000,0.0708872344,0.0204897551,2.0122521720,-0.3284594510,0.2050000000,0.0788986692,-0.0044194456,2.6660376446,0.9040114610
