Instance,INF_avg,INF_sd,INF_r1,INF_kr,INF_sk,SUP_avg,SUP_sd,SUP_r1,SUP_kr,SUP_sk,INC_avg,INC_sd,INC_r1,INC_kr,INC_sk,IND_avg,IND_sd,IND_r1,IND_kr,IND_sk
234,0.2764000000,0.0428373669,0.0007397677,3.1581462404,0.2557629752,0.2380000000,0.0443621460,-0.2434864029,3.8560876462,-0.2050748620,0.4856000000,0.0583150066,-0.1047161867,2.8306628518,0.2893152693,0.0650000000,0.0172336879,0.2175379427,3.1178791280,0.2110032193
