Instance,FV_avg_avg,FV_avg_sd,FV_sd_avg,FV_sd_sd,FV_r1_avg,FV_r1_sd,FV_kr_avg,FV_kr_sd,FV_sk_avg,FV_sk_sd,FD_avg_avg,FD_avg_sd,FD_sd_avg,FD_sd_sd,FD_r1_avg,FD_r1_sd,FD_kr_avg,FD_kr_sd,FD_sk_avg,FD_sk_sd,IN_avg_avg,IN_avg_sd,IN_sd_avg,IN_sd_sd,IN_r1_avg,IN_r1_sd,IN_kr_avg,IN_kr_sd,IN_sk_avg,IN_sk_sd
344,0.4857392474,0.2949444245,0.0043283629,0.0035548759,0.9551923688,0.0283145132,2.1855521695,0.4215292047,0.0483089866,0.4242383538,0.0000273462,0.0000775065,0.0001089384,0.0000764359,0.4299878245,0.1997077805,2.7767319080,0.3686489708,-0.0206245079,0.2758759737,0.5012750000,0.0283734978,0.0438658489,0.0074970862,0.3463476491,0.1776674885,2.7747114363,0.3635491427,-0.0682888652,0.3012471647
