Instance,FV_avg_avg,FV_avg_sd,FV_sd_avg,FV_sd_sd,FV_r1_avg,FV_r1_sd,FV_kr_avg,FV_kr_sd,FV_sk_avg,FV_sk_sd,FD_avg_avg,FD_avg_sd,FD_sd_avg,FD_sd_sd,FD_r1_avg,FD_r1_sd,FD_kr_avg,FD_kr_sd,FD_sk_avg,FD_sk_sd,IN_avg_avg,IN_avg_sd,IN_sd_avg,IN_sd_sd,IN_r1_avg,IN_r1_sd,IN_kr_avg,IN_kr_sd,IN_sk_avg,IN_sk_sd
241,0.4986785040,0.3033382690,0.0004915158,0.0003243810,0.7955777271,0.0853573773,2.5052694841,0.7849538179,-0.0508093830,0.4663094790,-0.0000034193,0.0000332128,0.0000296606,0.0000182070,0.0180296268,0.1885652990,3.2214059617,1.0722872041,0.2943300571,0.5948480225,0.4920800000,0.0386331671,0.0517274913,0.0066497102,0.0261634019,0.2415776518,2.8508290595,0.7056258127,0.0558529494,0.4080604847
