Instance,FV_avg_avg,FV_avg_sd,FV_sd_avg,FV_sd_sd,FV_r1_avg,FV_r1_sd,FV_kr_avg,FV_kr_sd,FV_sk_avg,FV_sk_sd,FD_avg_avg,FD_avg_sd,FD_sd_avg,FD_sd_sd,FD_r1_avg,FD_r1_sd,FD_kr_avg,FD_kr_sd,FD_sk_avg,FD_sk_sd,IN_avg_avg,IN_avg_sd,IN_sd_avg,IN_sd_sd,IN_r1_avg,IN_r1_sd,IN_kr_avg,IN_kr_sd,IN_sk_avg,IN_sk_sd
270,0.4972627578,0.3023641084,0.0009254336,0.0007880398,0.8952952765,0.0832480793,2.4066485746,0.8443866349,-0.0078956070,0.4604073143,0.0000066850,0.0000330356,0.0000459348,0.0000264277,0.0450558238,0.1677521384,2.9066017234,0.5916706441,-0.0348781448,0.3466061379,0.5043600000,0.0274456262,0.0697998457,0.0066715472,0.0955027354,0.1558226361,2.8813077956,0.7550698170,0.0108627888,0.3259615808
