Instance,INF_avg,INF_sd,INF_r1,INF_kr,INF_sk,SUP_avg,SUP_sd,SUP_r1,SUP_kr,SUP_sk,INC_avg,INC_sd,INC_r1,INC_kr,INC_sk,IND_avg,IND_sd,IND_r1,IND_kr,IND_sk
214,0.2564000000,0.0559556968,-0.0067083191,2.5937947829,0.0480702674,0.2474000000,0.0503511668,0.4393834486,2.8655877152,0.0890892581,0.4962000000,0.0555658168,0.0544790264,2.8237407106,0.4026109311,0.0596000000,0.0205873748,0.1831924890,2.6972502284,0.4112736209
