Instance,FV_avg_avg,FV_avg_sd,FV_sd_avg,FV_sd_sd,FV_r1_avg,FV_r1_sd,FV_kr_avg,FV_kr_sd,FV_sk_avg,FV_sk_sd,FD_avg_avg,FD_avg_sd,FD_sd_avg,FD_sd_sd,FD_r1_avg,FD_r1_sd,FD_kr_avg,FD_kr_sd,FD_sk_avg,FD_sk_sd,IN_avg_avg,IN_avg_sd,IN_sd_avg,IN_sd_sd,IN_r1_avg,IN_r1_sd,IN_kr_avg,IN_kr_sd,IN_sk_avg,IN_sk_sd
229,0.4996000005,0.3032433683,0.0001860586,0.0001332487,0.0726785674,0.4839625007,1.8775090455,0.4709018960,0.2294338903,0.4529721085,-0.0000069822,0.0000262417,0.0000330102,0.0000257063,-0.0193269245,0.3764615092,2.0083265399,0.5353355122,0.0083955273,0.6638869722,0.4944000000,0.0366256741,0.0609816133,0.0220100622,-0.0491674016,0.4590477974,2.0326677826,0.5244839082,0.0357796158,0.6226811787
