Instance,INF_avg,INF_sd,INF_r1,INF_kr,INF_sk,SUP_avg,SUP_sd,SUP_r1,SUP_kr,SUP_sk,INC_avg,INC_sd,INC_r1,INC_kr,INC_sk,IND_avg,IND_sd,IND_r1,IND_kr,IND_sk
311,0.2420000000,0.0211187121,-0.1186203682,4.3164049146,-1.0759166092,0.2405000000,0.0356686137,-0.1265997717,2.8187566485,0.0540774082,0.5175000000,0.0340036763,0.0232558140,3.2694054054,-0.8469672447,0.0420000000,0.0081240384,-0.1099796334,1.8553719008,-0.1007112199
