Instance,INF_avg,INF_sd,INF_r1,INF_kr,INF_sk,SUP_avg,SUP_sd,SUP_r1,SUP_kr,SUP_sk,INC_avg,INC_sd,INC_r1,INC_kr,INC_sk,IND_avg,IND_sd,IND_r1,IND_kr,IND_sk
288,0.2280000000,0.1281249390,-0.4135670852,2.5893266304,0.4940353228,0.2520000000,0.1099818167,0.0336425677,3.0101200974,-0.2312070504,0.5200000000,0.1469693846,-0.1187214612,2.8950617284,-0.4989701328,0.3720000000,0.1281249390,0.2418858090,1.9623530887,0.4188163454
