Instance,FV_avg_avg,FV_avg_sd,FV_sd_avg,FV_sd_sd,FV_r1_avg,FV_r1_sd,FV_kr_avg,FV_kr_sd,FV_sk_avg,FV_sk_sd,FD_avg_avg,FD_avg_sd,FD_sd_avg,FD_sd_sd,FD_r1_avg,FD_r1_sd,FD_kr_avg,FD_kr_sd,FD_sk_avg,FD_sk_sd,IN_avg_avg,IN_avg_sd,IN_sd_avg,IN_sd_sd,IN_r1_avg,IN_r1_sd,IN_kr_avg,IN_kr_sd,IN_sk_avg,IN_sk_sd
108,0.4950427336,0.3001516695,0.0032749827,0.0025458818,0.9472892371,0.0300874577,2.4706870707,0.4988392428,-0.2415546255,0.5715073339,0.0000208613,0.0000751131,0.0002829226,0.0001778882,0.0263647870,0.0986006168,3.1899047819,0.7247112129,-0.0925277622,0.2842944522,0.5074500000,0.0335491803,0.1588129715,0.0101187979,0.0267641217,0.0832058298,2.8069000872,0.3165747608,-0.0250209593,0.1895979025
