Instance,INF_avg,INF_sd,INF_r1,INF_kr,INF_sk,SUP_avg,SUP_sd,SUP_r1,SUP_kr,SUP_sk,INC_avg,INC_sd,INC_r1,INC_kr,INC_sk,IND_avg,IND_sd,IND_r1,IND_kr,IND_sk
336,0.2958333333,0.1126542153,0.2826807414,1.7695396932,-0.3334335906,0.1541666667,0.0900424283,0.2661157025,2.8547106915,0.5602482173,0.5500000000,0.0841625412,-0.0303030303,2.0968858131,-0.2096783032,0.2916666667,0.0837489635,-0.3228736581,2.2688952064,0.1576296539
