Instance,FV_avg_avg,FV_avg_sd,FV_sd_avg,FV_sd_sd,FV_r1_avg,FV_r1_sd,FV_kr_avg,FV_kr_sd,FV_sk_avg,FV_sk_sd,FD_avg_avg,FD_avg_sd,FD_sd_avg,FD_sd_sd,FD_r1_avg,FD_r1_sd,FD_kr_avg,FD_kr_sd,FD_sk_avg,FD_sk_sd,IN_avg_avg,IN_avg_sd,IN_sd_avg,IN_sd_sd,IN_r1_avg,IN_r1_sd,IN_kr_avg,IN_kr_sd,IN_sk_avg,IN_sk_sd
237,0.4971850020,0.3016199985,0.0002652844,0.0002208300,0.0925653455,0.4864628447,2.1193723017,0.4865180766,0.2954617117,0.6645496870,-0.0000111393,0.0000362863,0.0000407698,0.0000359455,-0.2075226974,0.3523624100,2.1599165017,0.5261234552,0.3586314647,0.5973891367,0.4894000000,0.0375930845,0.0607085257,0.0209970213,-0.3127011002,0.2510852638,2.1483396515,0.5489931956,0.2702531593,0.6816093229
