Instance,FV_avg_avg,FV_avg_sd,FV_sd_avg,FV_sd_sd,FV_r1_avg,FV_r1_sd,FV_kr_avg,FV_kr_sd,FV_sk_avg,FV_sk_sd,FD_avg_avg,FD_avg_sd,FD_sd_avg,FD_sd_sd,FD_r1_avg,FD_r1_sd,FD_kr_avg,FD_kr_sd,FD_sk_avg,FD_sk_sd,IN_avg_avg,IN_avg_sd,IN_sd_avg,IN_sd_sd,IN_r1_avg,IN_r1_sd,IN_kr_avg,IN_kr_sd,IN_sk_avg,IN_sk_sd
420,0.5022893923,0.3043415481,0.0004008301,0.0003806591,0.8683920394,0.0918732074,2.5354929601,0.5516240312,-0.0073031394,0.5596598365,0.0000008885,0.0000082520,0.0000157047,0.0000096458,0.0308277565,0.1316618595,2.7929752861,0.5199081522,0.0454643132,0.3158831985,0.5005100000,0.0159841766,0.0500215074,0.0047743900,-0.0278246392,0.1051530457,2.6825578254,0.5910822304,0.0272442842,0.1910492402
