Instance,FV_avg_avg,FV_avg_sd,FV_sd_avg,FV_sd_sd,FV_r1_avg,FV_r1_sd,FV_kr_avg,FV_kr_sd,FV_sk_avg,FV_sk_sd,FD_avg_avg,FD_avg_sd,FD_sd_avg,FD_sd_sd,FD_r1_avg,FD_r1_sd,FD_kr_avg,FD_kr_sd,FD_sk_avg,FD_sk_sd,IN_avg_avg,IN_avg_sd,IN_sd_avg,IN_sd_sd,IN_r1_avg,IN_r1_sd,IN_kr_avg,IN_kr_sd,IN_sk_avg,IN_sk_sd
111,0.4637208355,0.2817053680,0.0161973934,0.0097818853,0.9856063027,0.0051834160,2.3417932417,0.1577023010,0.6983643099,0.0968049930,-0.0004141236,0.0002523794,0.0001395900,0.0000840191,0.9047474971,0.0189427544,3.3998409978,0.4352212978,0.9957859335,0.1729924418,0.1459207490,0.0164541818,0.1195672834,0.0092429733,0.8965531603,0.0210856096,3.7297411493,0.5182665195,1.1761698516,0.1751572027
