Instance,INF_avg,INF_sd,INF_r1,INF_kr,INF_sk,SUP_avg,SUP_sd,SUP_r1,SUP_kr,SUP_sk,INC_avg,INC_sd,INC_r1,INC_kr,INC_sk,IND_avg,IND_sd,IND_r1,IND_kr,IND_sk
441,0.2295000000,0.0458339394,0.0755923828,2.7892525166,0.1331584742,0.2456000000,0.0482559841,0.4177635738,2.4655116354,0.1742732936,0.5249000000,0.0531882506,0.3195108518,2.8158263707,0.1814738766,0.0715000000,0.0181314644,0.0929289690,2.5142667958,0.1488494951
