Instance,FV_avg_avg,FV_avg_sd,FV_sd_avg,FV_sd_sd,FV_r1_avg,FV_r1_sd,FV_kr_avg,FV_kr_sd,FV_sk_avg,FV_sk_sd,FD_avg_avg,FD_avg_sd,FD_sd_avg,FD_sd_sd,FD_r1_avg,FD_r1_sd,FD_kr_avg,FD_kr_sd,FD_sk_avg,FD_sk_sd,IN_avg_avg,IN_avg_sd,IN_sd_avg,IN_sd_sd,IN_r1_avg,IN_r1_sd,IN_kr_avg,IN_kr_sd,IN_sk_avg,IN_sk_sd
426,0.4980222150,0.3023198235,0.0002355598,0.0001605747,0.4943171482,0.2592913904,2.2608104118,0.5448212192,0.0462064404,0.5410685380,-0.0000009632,0.0000146221,0.0000207411,0.0000125332,-0.0315520699,0.3023281928,2.4857948174,0.8047557298,0.2117955686,0.5275094250,0.5040500000,0.0273138701,0.0438835049,0.0097102005,0.0009286079,0.2851038652,2.3429308585,0.7520159312,-0.0043744401,0.4944549459
