Instance,INF_avg,INF_sd,INF_r1,INF_kr,INF_sk,SUP_avg,SUP_sd,SUP_r1,SUP_kr,SUP_sk,INC_avg,INC_sd,INC_r1,INC_kr,INC_sk,IND_avg,IND_sd,IND_r1,IND_kr,IND_sk
419,0.3100000000,0.1113552873,0.1051314143,2.1281217482,-0.1977106752,0.4000000000,0.1322875656,0.0655737705,1.6122448980,0.0647939097,0.2900000000,0.1044030651,-0.0910815939,2.0837471593,-0.4587021293,0.1850000000,0.0550000000,0.1090757702,2.7441431596,0.6130728775
