Instance,INF_avg,INF_sd,INF_r1,INF_kr,INF_sk,SUP_avg,SUP_sd,SUP_r1,SUP_kr,SUP_sk,INC_avg,INC_sd,INC_r1,INC_kr,INC_sk,IND_avg,IND_sd,IND_r1,IND_kr,IND_sk
277,0.2648000000,0.0469995745,0.1698733255,3.3770936973,-0.0427625535,0.2502000000,0.0593461035,0.2120859558,2.6888646787,0.1467209258,0.4850000000,0.0472546294,-0.0326503040,2.8110334158,0.3491294923,0.0730000000,0.0226495033,-0.2574074801,2.3117654435,0.3387497958
