Instance,INF_avg,INF_sd,INF_r1,INF_kr,INF_sk,SUP_avg,SUP_sd,SUP_r1,SUP_kr,SUP_sk,INC_avg,INC_sd,INC_r1,INC_kr,INC_sk,IND_avg,IND_sd,IND_r1,IND_kr,IND_sk
20,0.3681720430,0.0850672882,0.6902132892,2.3222536623,-0.0358055600,0.1175268817,0.0705684433,0.7914739774,2.1613407532,0.4351125086,0.5143010753,0.0482911833,0.0791526829,2.9403856102,0.0194926959,0.0741935484,0.0221588877,0.2464272170,2.9241873402,0.3297368587
