Instance,FV_avg_avg,FV_avg_sd,FV_sd_avg,FV_sd_sd,FV_r1_avg,FV_r1_sd,FV_kr_avg,FV_kr_sd,FV_sk_avg,FV_sk_sd,FD_avg_avg,FD_avg_sd,FD_sd_avg,FD_sd_sd,FD_r1_avg,FD_r1_sd,FD_kr_avg,FD_kr_sd,FD_sk_avg,FD_sk_sd,IN_avg_avg,IN_avg_sd,IN_sd_avg,IN_sd_sd,IN_r1_avg,IN_r1_sd,IN_kr_avg,IN_kr_sd,IN_sk_avg,IN_sk_sd
77,0.4926900087,0.3001279023,0.0003142634,0.0002117807,0.4500090479,0.3111590861,2.2154249101,0.7328245889,0.1832185636,0.4558823169,0.0000026049,0.0000280372,0.0000266333,0.0000178489,-0.1204616515,0.2836002695,2.2245634455,0.3421711751,0.0852213355,0.5147628732,0.5037500000,0.0291305252,0.0441095562,0.0100596746,-0.0961066675,0.3492807827,2.4061732092,0.6531418837,-0.1316602414,0.5343829042
