Instance,FV_avg_avg,FV_avg_sd,FV_sd_avg,FV_sd_sd,FV_r1_avg,FV_r1_sd,FV_kr_avg,FV_kr_sd,FV_sk_avg,FV_sk_sd,FD_avg_avg,FD_avg_sd,FD_sd_avg,FD_sd_sd,FD_r1_avg,FD_r1_sd,FD_kr_avg,FD_kr_sd,FD_sk_avg,FD_sk_sd,IN_avg_avg,IN_avg_sd,IN_sd_avg,IN_sd_sd,IN_r1_avg,IN_r1_sd,IN_kr_avg,IN_kr_sd,IN_sk_avg,IN_sk_sd
309,0.4957742734,0.3020723571,0.0003888699,0.0003004109,0.0501350730,0.5347335432,2.1070567760,0.4355705999,-0.3246925678,0.5480890767,0.0000019423,0.0000918252,0.0001656396,0.0001234134,-0.2862475985,0.3250976467,2.1492890527,0.3805014857,0.0184413950,0.5960163371,0.5060000000,0.0948894093,0.1425238354,0.0380388792,-0.3395072848,0.3755938129,2.0590372374,0.4889008732,0.1136174452,0.6364852900
