Instance,INF_avg,INF_sd,INF_r1,INF_kr,INF_sk,SUP_avg,SUP_sd,SUP_r1,SUP_kr,SUP_sk,INC_avg,INC_sd,INC_r1,INC_kr,INC_sk,IND_avg,IND_sd,IND_r1,IND_kr,IND_sk
284,0.3360000000,0.1571750616,0.3493550500,1.8281497490,0.0116697705,0.2440000000,0.1202663710,0.2160601727,2.8124167907,-0.0657831808,0.4200000000,0.2019900988,0.3996960486,2.7941176471,0.0465951785,0.3200000000,0.0938083152,-0.0874200426,2.3760330579,0.4651651993
