Instance,INF_avg,INF_sd,INF_r1,INF_kr,INF_sk,SUP_avg,SUP_sd,SUP_r1,SUP_kr,SUP_sk,INC_avg,INC_sd,INC_r1,INC_kr,INC_sk,IND_avg,IND_sd,IND_r1,IND_kr,IND_sk
69,0.2684210526,0.1339781270,-0.2664499016,2.3440214906,-0.0676552784,0.2157894737,0.1181576017,-0.1744141862,3.1906179138,0.6495932963,0.5157894737,0.1423973606,0.0397011427,2.5137955747,0.4862500573,0.3894736842,0.1118962717,-0.4011326666,2.2726525178,-0.2428808083
