Instance,INF_avg,INF_sd,INF_r1,INF_kr,INF_sk,SUP_avg,SUP_sd,SUP_r1,SUP_kr,SUP_sk,INC_avg,INC_sd,INC_r1,INC_kr,INC_sk,IND_avg,IND_sd,IND_r1,IND_kr,IND_sk
301,0.2700000000,0.1153256259,-0.2287306129,2.9727514274,-0.2581771037,0.2500000000,0.1431782106,-0.1589242054,2.5704937537,0.0613255869,0.4800000000,0.1732050808,-0.4140332084,3.3498666667,0.2863657335,0.4400000000,0.1296148140,0.0695296524,2.9965986395,0.6613000713
