Instance,INF_avg,INF_sd,INF_r1,INF_kr,INF_sk,SUP_avg,SUP_sd,SUP_r1,SUP_kr,SUP_sk,INC_avg,INC_sd,INC_r1,INC_kr,INC_sk,IND_avg,IND_sd,IND_r1,IND_kr,IND_sk
157,0.2800000000,0.1600000000,-0.1618589744,2.0415039062,0.1816406250,0.2100000000,0.1300000000,-0.1722912966,1.7932495361,0.0873918980,0.5100000000,0.1044030651,-0.3082259663,1.7554919620,0.3268911726,0.4500000000,0.0670820393,-0.4117647059,2.7777777778,0.9938079900
