Instance,FV_avg_avg,FV_avg_sd,FV_sd_avg,FV_sd_sd,FV_r1_avg,FV_r1_sd,FV_kr_avg,FV_kr_sd,FV_sk_avg,FV_sk_sd,FD_avg_avg,FD_avg_sd,FD_sd_avg,FD_sd_sd,FD_r1_avg,FD_r1_sd,FD_kr_avg,FD_kr_sd,FD_sk_avg,FD_sk_sd,IN_avg_avg,IN_avg_sd,IN_sd_avg,IN_sd_sd,IN_r1_avg,IN_r1_sd,IN_kr_avg,IN_kr_sd,IN_sk_avg,IN_sk_sd
387,0.4986081126,0.3023814838,0.0005081026,0.0004196345,0.5992380888,0.2962354655,2.2750118998,0.6377052817,-0.1086868682,0.5141358515,0.0000126165,0.0000405216,0.0000691433,0.0000469891,-0.1805660940,0.2589657396,2.2440851479,0.5537185836,-0.0187669890,0.4804887744,0.5110000000,0.0479739513,0.0950963289,0.0202284017,-0.1404770166,0.3026942183,2.3101207072,0.5127320269,0.0320434243,0.5672569051
