Instance,FV_avg_avg,FV_avg_sd,FV_sd_avg,FV_sd_sd,FV_r1_avg,FV_r1_sd,FV_kr_avg,FV_kr_sd,FV_sk_avg,FV_sk_sd,FD_avg_avg,FD_avg_sd,FD_sd_avg,FD_sd_sd,FD_r1_avg,FD_r1_sd,FD_kr_avg,FD_kr_sd,FD_sk_avg,FD_sk_sd,IN_avg_avg,IN_avg_sd,IN_sd_avg,IN_sd_sd,IN_r1_avg,IN_r1_sd,IN_kr_avg,IN_kr_sd,IN_sk_avg,IN_sk_sd
358,0.4987594951,0.3035734416,0.0002673004,0.0002392446,0.8141413391,0.1232758276,2.4933981711,0.9070449268,0.1990700192,0.4948441479,0.0000026151,0.0000094691,0.0000139734,0.0000091792,-0.0554008098,0.1867000646,2.4096722285,0.4141177884,-0.0734402015,0.3293469826,0.5061200000,0.0236596196,0.0478088698,0.0063780852,-0.0166575457,0.2095069432,2.6006634611,0.4785309662,-0.0928294147,0.3407174127
