Instance,FV_avg_avg,FV_avg_sd,FV_sd_avg,FV_sd_sd,FV_r1_avg,FV_r1_sd,FV_kr_avg,FV_kr_sd,FV_sk_avg,FV_sk_sd,FD_avg_avg,FD_avg_sd,FD_sd_avg,FD_sd_sd,FD_r1_avg,FD_r1_sd,FD_kr_avg,FD_kr_sd,FD_sk_avg,FD_sk_sd,IN_avg_avg,IN_avg_sd,IN_sd_avg,IN_sd_sd,IN_r1_avg,IN_r1_sd,IN_kr_avg,IN_kr_sd,IN_sk_avg,IN_sk_sd
43,0.4680207957,0.2847810647,0.0172149907,0.0101158950,0.9953747613,0.0016604423,1.9342979454,0.0601778829,0.3810548418,0.0833532744,-0.0001225683,0.0000749273,0.0000608245,0.0000367276,0.8576546824,0.0271496786,2.3251430840,0.2164817349,0.3797113174,0.1489791394,0.2324276274,0.0241305203,0.1325501720,0.0092064284,0.8023985913,0.0524469974,2.5448733140,0.2550372892,0.5694596701,0.1535618580
