Instance,INF_avg,INF_sd,INF_r1,INF_kr,INF_sk,SUP_avg,SUP_sd,SUP_r1,SUP_kr,SUP_sk,INC_avg,INC_sd,INC_r1,INC_kr,INC_sk,IND_avg,IND_sd,IND_r1,IND_kr,IND_sk
476,0.2340000000,0.0447213595,-0.1430524284,3.4999520000,0.7255593373,0.2716000000,0.0492893498,-0.2011175392,3.8534746172,-0.2844816959,0.4944000000,0.0393019084,-0.5182000717,3.2160463021,0.6583321641,0.0688000000,0.0202622802,-0.3312690671,3.2806066379,0.1634527377
