Instance,FV_avg_avg,FV_avg_sd,FV_sd_avg,FV_sd_sd,FV_r1_avg,FV_r1_sd,FV_kr_avg,FV_kr_sd,FV_sk_avg,FV_sk_sd,FD_avg_avg,FD_avg_sd,FD_sd_avg,FD_sd_sd,FD_r1_avg,FD_r1_sd,FD_kr_avg,FD_kr_sd,FD_sk_avg,FD_sk_sd,IN_avg_avg,IN_avg_sd,IN_sd_avg,IN_sd_sd,IN_r1_avg,IN_r1_sd,IN_kr_avg,IN_kr_sd,IN_sk_avg,IN_sk_sd
94,0.4904631973,0.2985689192,0.0011164032,0.0008389372,0.4674646830,0.2591794045,2.2792288128,0.7937979399,0.1759257230,0.5576741511,0.0000243795,0.0001638296,0.0002202978,0.0001542207,0.0178823843,0.2416604811,2.5024171975,0.8611336118,-0.1491386968,0.5075347475,0.4997500000,0.0476569775,0.1057416191,0.0266450743,-0.0640734195,0.3042946838,2.5441257986,0.7459596249,-0.1629275554,0.5827156847
