Instance,INF_avg,INF_sd,INF_r1,INF_kr,INF_sk,SUP_avg,SUP_sd,SUP_r1,SUP_kr,SUP_sk,INC_avg,INC_sd,INC_r1,INC_kr,INC_sk,IND_avg,IND_sd,IND_r1,IND_kr,IND_sk
334,0.2740000000,0.0135646600,-0.7620751342,1.9651465028,0.1514485311,0.2420000000,0.0227156334,-0.1021388040,2.7091671174,1.1599428801,0.4840000000,0.0285306852,0.0843547224,1.7802129805,-0.1929901950,0.0330000000,0.0074833148,-0.7391304348,1.8469387755,0.3436215967
