Instance,INF_avg,INF_sd,INF_r1,INF_kr,INF_sk,SUP_avg,SUP_sd,SUP_r1,SUP_kr,SUP_sk,INC_avg,INC_sd,INC_r1,INC_kr,INC_sk,IND_avg,IND_sd,IND_r1,IND_kr,IND_sk
167,0.2190000000,0.0162480768,-0.2671509282,2.7980371901,1.1931482023,0.2860000000,0.0135646600,0.0882002384,1.9651465028,-0.1514485311,0.4950000000,0.0176068169,-0.0967741935,2.1253902185,-0.5771225090,0.0290000000,0.0073484692,-0.2081784387,2.8127572016,-1.1642636432
