Instance,INF_avg,INF_sd,INF_r1,INF_kr,INF_sk,SUP_avg,SUP_sd,SUP_r1,SUP_kr,SUP_sk,INC_avg,INC_sd,INC_r1,INC_kr,INC_sk,IND_avg,IND_sd,IND_r1,IND_kr,IND_sk
420,0.4346486486,0.0979244652,0.7627892280,2.1011075766,-0.0895284527,0.1107567568,0.0656235807,0.7611649652,2.4918697769,0.5580745871,0.4545945946,0.0580677421,0.2175232889,2.7697740352,-0.0806461780,0.0681081081,0.0176509456,-0.0338598903,2.8042508895,0.3178674901
