Instance,FV_avg_avg,FV_avg_sd,FV_sd_avg,FV_sd_sd,FV_r1_avg,FV_r1_sd,FV_kr_avg,FV_kr_sd,FV_sk_avg,FV_sk_sd,FD_avg_avg,FD_avg_sd,FD_sd_avg,FD_sd_sd,FD_r1_avg,FD_r1_sd,FD_kr_avg,FD_kr_sd,FD_sk_avg,FD_sk_sd,IN_avg_avg,IN_avg_sd,IN_sd_avg,IN_sd_sd,IN_r1_avg,IN_r1_sd,IN_kr_avg,IN_kr_sd,IN_sk_avg,IN_sk_sd
63,0.4483402212,0.2790862527,0.0229736139,0.0142797323,0.9953673131,0.0019315074,2.0822742199,0.0861496894,0.5385070043,0.0802386019,-0.0001255133,0.0000755966,0.0000648709,0.0000401517,0.9428896373,0.0078779027,2.0681189665,0.1842319470,0.4316578184,0.1495360496,0.2100104929,0.0146968409,0.1474652062,0.0085834949,0.9292809965,0.0116683400,2.1554909904,0.1741232508,0.5684456743,0.1252663620
