Instance,INF_avg,INF_sd,INF_r1,INF_kr,INF_sk,SUP_avg,SUP_sd,SUP_r1,SUP_kr,SUP_sk,INC_avg,INC_sd,INC_r1,INC_kr,INC_sk,IND_avg,IND_sd,IND_r1,IND_kr,IND_sk
28,0.2394000000,0.0353643889,0.3746667594,2.7718404423,0.4019245739,0.3060000000,0.0513225097,0.5000699529,2.1937818574,0.3414026360,0.4546000000,0.0392153031,-0.0407009992,2.4755203217,-0.2620684867,0.0374000000,0.0097077289,0.0573234525,2.9483102781,0.6860617916
