Instance,INF_avg,INF_sd,INF_r1,INF_kr,INF_sk,SUP_avg,SUP_sd,SUP_r1,SUP_kr,SUP_sk,INC_avg,INC_sd,INC_r1,INC_kr,INC_sk,IND_avg,IND_sd,IND_r1,IND_kr,IND_sk
96,0.3400000000,0.0379473319,-0.5714285714,1.7592592593,0.3513641845,0.3040000000,0.0407921561,0.2975206612,1.9556213018,-0.2715454179,0.3560000000,0.0496386946,0.4357976654,1.7794737730,-0.1632576395,0.1040000000,0.0233238076,-0.4497041420,2.6660899654,-1.1500493357
