Instance,FV_avg_avg,FV_avg_sd,FV_sd_avg,FV_sd_sd,FV_r1_avg,FV_r1_sd,FV_kr_avg,FV_kr_sd,FV_sk_avg,FV_sk_sd,FD_avg_avg,FD_avg_sd,FD_sd_avg,FD_sd_sd,FD_r1_avg,FD_r1_sd,FD_kr_avg,FD_kr_sd,FD_sk_avg,FD_sk_sd,IN_avg_avg,IN_avg_sd,IN_sd_avg,IN_sd_sd,IN_r1_avg,IN_r1_sd,IN_kr_avg,IN_kr_sd,IN_sk_avg,IN_sk_sd
227,0.4972512729,0.3019225353,0.0002240262,0.0001631705,0.5621793073,0.3382910680,2.0545292885,0.4759548394,-0.0853462236,0.4539642894,-0.0000033775,0.0000196431,0.0000144365,0.0000101698,0.1172867487,0.4143406121,2.4921237822,0.6760728527,0.0295474515,0.6189128240,0.4911500000,0.0308119701,0.0360990806,0.0078042539,0.1168862804,0.4587849671,2.3709414694,0.5198656204,-0.1616371608,0.4478847070
