Instance,INF_avg,INF_sd,INF_r1,INF_kr,INF_sk,SUP_avg,SUP_sd,SUP_r1,SUP_kr,SUP_sk,INC_avg,INC_sd,INC_r1,INC_kr,INC_sk,IND_avg,IND_sd,IND_r1,IND_kr,IND_sk
499,0.3512698413,0.0927018101,0.2498495344,2.5233908791,0.2608041967,0.1328571429,0.0664503293,0.4839623749,2.7560753271,0.4528991372,0.5158730159,0.0760249525,0.0186506335,2.9341658891,-0.2854968035,0.1222222222,0.0337330531,0.0092854677,2.4324630665,0.0931993984
