Instance,FV_avg_avg,FV_avg_sd,FV_sd_avg,FV_sd_sd,FV_r1_avg,FV_r1_sd,FV_kr_avg,FV_kr_sd,FV_sk_avg,FV_sk_sd,FD_avg_avg,FD_avg_sd,FD_sd_avg,FD_sd_sd,FD_r1_avg,FD_r1_sd,FD_kr_avg,FD_kr_sd,FD_sk_avg,FD_sk_sd,IN_avg_avg,IN_avg_sd,IN_sd_avg,IN_sd_sd,IN_r1_avg,IN_r1_sd,IN_kr_avg,IN_kr_sd,IN_sk_avg,IN_sk_sd
330,0.4912879246,0.2993255621,0.0026218898,0.0016898842,0.8970608832,0.0335455802,2.3356355550,0.3825533746,-0.0603223241,0.3756630121,0.0000313784,0.0000877055,0.0000907475,0.0000560997,0.2586202602,0.1879519125,2.8984686109,0.4060124537,-0.0332194997,0.2837814629,0.5012000000,0.0312186803,0.0406071684,0.0065392564,0.1710376445,0.1791853813,2.7582786164,0.4683121190,-0.0081841576,0.3377653762
