Instance,FV_avg_avg,FV_avg_sd,FV_sd_avg,FV_sd_sd,FV_r1_avg,FV_r1_sd,FV_kr_avg,FV_kr_sd,FV_sk_avg,FV_sk_sd,FD_avg_avg,FD_avg_sd,FD_sd_avg,FD_sd_sd,FD_r1_avg,FD_r1_sd,FD_kr_avg,FD_kr_sd,FD_sk_avg,FD_sk_sd,IN_avg_avg,IN_avg_sd,IN_sd_avg,IN_sd_sd,IN_r1_avg,IN_r1_sd,IN_kr_avg,IN_kr_sd,IN_sk_avg,IN_sk_sd
503,0.4654908153,0.2834521219,0.0082121463,0.0057267404,0.8926206152,0.0428800773,2.4771742357,0.3668062457,-0.0856909893,0.4087033358,0.0000521438,0.0004326606,0.0006571317,0.0004237018,0.6062782989,0.1177180893,2.7464713625,0.5653651965,-0.0684443830,0.3597881283,0.5005400000,0.0387556499,0.0827453221,0.0129738072,0.5385095864,0.1291830465,2.7308467882,0.4019013081,-0.0520708162,0.3219470320
