Instance,FV_avg_avg,FV_avg_sd,FV_sd_avg,FV_sd_sd,FV_r1_avg,FV_r1_sd,FV_kr_avg,FV_kr_sd,FV_sk_avg,FV_sk_sd,FD_avg_avg,FD_avg_sd,FD_sd_avg,FD_sd_sd,FD_r1_avg,FD_r1_sd,FD_kr_avg,FD_kr_sd,FD_sk_avg,FD_sk_sd,IN_avg_avg,IN_avg_sd,IN_sd_avg,IN_sd_sd,IN_r1_avg,IN_r1_sd,IN_kr_avg,IN_kr_sd,IN_sk_avg,IN_sk_sd
239,0.4959886516,0.3015646422,0.0005839131,0.0004170822,0.9316224973,0.0655824003,2.3856904206,0.6553090253,0.0204047000,0.4777655568,0.0000024312,0.0000136199,0.0000439894,0.0000264305,-0.0382340030,0.1450318326,2.9133442693,0.7557927668,-0.0145377084,0.3679997950,0.4997500000,0.0252386113,0.1139743178,0.0089612997,-0.0500200778,0.1064190188,3.0033037395,0.6452671203,0.0122997087,0.4423629715
