Instance,INF_avg,INF_sd,INF_r1,INF_kr,INF_sk,SUP_avg,SUP_sd,SUP_r1,SUP_kr,SUP_sk,INC_avg,INC_sd,INC_r1,INC_kr,INC_sk,IND_avg,IND_sd,IND_r1,IND_kr,IND_sk
101,0.3970833333,0.0714713909,0.6617600828,3.5347059083,0.0155566713,0.0862500000,0.0584745315,0.7826863052,2.6695278395,0.8422242285,0.5166666667,0.0475803414,0.1974502160,3.1109759494,-0.5793666323,0.0843750000,0.0190291717,0.2832418545,2.5050207778,-0.0397533064
