Instance,INF_avg,INF_sd,INF_r1,INF_kr,INF_sk,SUP_avg,SUP_sd,SUP_r1,SUP_kr,SUP_sk,INC_avg,INC_sd,INC_r1,INC_kr,INC_sk,IND_avg,IND_sd,IND_r1,IND_kr,IND_sk
194,0.2800000000,0.1166190379,0.3215339233,2.1470588235,0.3934379306,0.2100000000,0.0943398113,-0.4623172103,2.9714682490,-0.9146947998,0.5100000000,0.1374772708,0.3065113817,1.8962794995,-0.1801163538,0.3600000000,0.0663324958,0.1509433962,2.3719008264,0.6578429336
