Instance,FV_avg_avg,FV_avg_sd,FV_sd_avg,FV_sd_sd,FV_r1_avg,FV_r1_sd,FV_kr_avg,FV_kr_sd,FV_sk_avg,FV_sk_sd,FD_avg_avg,FD_avg_sd,FD_sd_avg,FD_sd_sd,FD_r1_avg,FD_r1_sd,FD_kr_avg,FD_kr_sd,FD_sk_avg,FD_sk_sd,IN_avg_avg,IN_avg_sd,IN_sd_avg,IN_sd_sd,IN_r1_avg,IN_r1_sd,IN_kr_avg,IN_kr_sd,IN_sk_avg,IN_sk_sd
390,0.4991814931,0.3032332188,0.0005815477,0.0004797480,0.8786594876,0.0956445505,2.2502837872,0.4626490840,0.1519406152,0.3253369325,-0.0000071887,0.0000211178,0.0000279192,0.0000168374,0.3849726893,0.1974230237,2.7412630581,0.6334958976,-0.0710659261,0.3478344679,0.4926700000,0.0367066356,0.0624952597,0.0091725955,0.3234725126,0.1888786467,2.8776777500,0.5174413640,-0.0257223129,0.2969360428
