Instance,INF_avg,INF_sd,INF_r1,INF_kr,INF_sk,SUP_avg,SUP_sd,SUP_r1,SUP_kr,SUP_sk,INC_avg,INC_sd,INC_r1,INC_kr,INC_sk,IND_avg,IND_sd,IND_r1,IND_kr,IND_sk
404,0.2450000000,0.0493963561,0.1234042553,1.8226367240,0.1935249273,0.2405000000,0.0358782664,-0.3661554898,1.7553841343,-0.1454715180,0.5145000000,0.0353871446,0.0416725412,2.3824975695,-0.3877820511,0.0340000000,0.0106770783,0.2364253394,1.5821791320,0.3844931226
