Instance,FV_avg_avg,FV_avg_sd,FV_sd_avg,FV_sd_sd,FV_r1_avg,FV_r1_sd,FV_kr_avg,FV_kr_sd,FV_sk_avg,FV_sk_sd,FD_avg_avg,FD_avg_sd,FD_sd_avg,FD_sd_sd,FD_r1_avg,FD_r1_sd,FD_kr_avg,FD_kr_sd,FD_sk_avg,FD_sk_sd,IN_avg_avg,IN_avg_sd,IN_sd_avg,IN_sd_sd,IN_r1_avg,IN_r1_sd,IN_kr_avg,IN_kr_sd,IN_sk_avg,IN_sk_sd
401,0.4977482449,0.3027112908,0.0005501266,0.0004763731,0.8937036403,0.0832124906,2.1265113607,0.3516450288,0.0578605251,0.3975450480,0.0000022924,0.0000124348,0.0000122896,0.0000072934,0.0884286970,0.1510827771,2.7018678477,0.3091651263,0.0768003377,0.2365292905,0.4980850000,0.0239197047,0.0355182286,0.0046109583,0.0279595811,0.1146462378,2.7225820074,0.3460067905,-0.0015503197,0.2992101401
