Instance,FV_avg_avg,FV_avg_sd,FV_sd_avg,FV_sd_sd,FV_r1_avg,FV_r1_sd,FV_kr_avg,FV_kr_sd,FV_sk_avg,FV_sk_sd,FD_avg_avg,FD_avg_sd,FD_sd_avg,FD_sd_sd,FD_r1_avg,FD_r1_sd,FD_kr_avg,FD_kr_sd,FD_sk_avg,FD_sk_sd,IN_avg_avg,IN_avg_sd,IN_sd_avg,IN_sd_sd,IN_r1_avg,IN_r1_sd,IN_kr_avg,IN_kr_sd,IN_sk_avg,IN_sk_sd
423,0.5012032689,0.3050274394,0.0006507967,0.0005611647,0.1108356864,0.4152134102,1.8273521228,0.4344088734,0.1780618783,0.5062630892,-0.0000374869,0.0001318132,0.0002387917,0.0001711925,-0.3981394407,0.2770409247,2.0767963706,0.4942212503,0.0535877132,0.6177218138,0.4930000000,0.0651996933,0.1451936403,0.0540259827,-0.2367279722,0.3354365127,1.8760464066,0.5010975367,0.1764683134,0.4844560928
