Instance,FV_avg_avg,FV_avg_sd,FV_sd_avg,FV_sd_sd,FV_r1_avg,FV_r1_sd,FV_kr_avg,FV_kr_sd,FV_sk_avg,FV_sk_sd,FD_avg_avg,FD_avg_sd,FD_sd_avg,FD_sd_sd,FD_r1_avg,FD_r1_sd,FD_kr_avg,FD_kr_sd,FD_sk_avg,FD_sk_sd,IN_avg_avg,IN_avg_sd,IN_sd_avg,IN_sd_sd,IN_r1_avg,IN_r1_sd,IN_kr_avg,IN_kr_sd,IN_sk_avg,IN_sk_sd
25,0.4947507995,0.3018789013,0.0008377341,0.0006459655,0.9119358522,0.0950794238,2.5480771240,0.7219412111,-0.1105319051,0.4895575632,0.0000041926,0.0000179967,0.0000366486,0.0000223757,0.0182687414,0.1342980615,2.9173502548,0.5621389685,-0.0969159353,0.3124091805,0.5050800000,0.0209670599,0.0695115411,0.0065970945,0.0380821362,0.1529527763,2.6968072444,0.4371947282,-0.0709292169,0.2487552039
