Instance,INF_avg,INF_sd,INF_r1,INF_kr,INF_sk,SUP_avg,SUP_sd,SUP_r1,SUP_kr,SUP_sk,INC_avg,INC_sd,INC_r1,INC_kr,INC_sk,IND_avg,IND_sd,IND_r1,IND_kr,IND_sk
427,0.2940000000,0.1377098399,-0.1013136508,2.4096214718,-0.0530080189,0.2110000000,0.1399249799,-0.0622544754,2.8011321681,0.3732535011,0.4950000000,0.1608570794,0.0416327012,3.2804060772,-0.0340566973,0.3830000000,0.1049333122,0.1097472682,2.5085641400,-0.0722905518
