Instance,FV_avg_avg,FV_avg_sd,FV_sd_avg,FV_sd_sd,FV_r1_avg,FV_r1_sd,FV_kr_avg,FV_kr_sd,FV_sk_avg,FV_sk_sd,FD_avg_avg,FD_avg_sd,FD_sd_avg,FD_sd_sd,FD_r1_avg,FD_r1_sd,FD_kr_avg,FD_kr_sd,FD_sk_avg,FD_sk_sd,IN_avg_avg,IN_avg_sd,IN_sd_avg,IN_sd_sd,IN_r1_avg,IN_r1_sd,IN_kr_avg,IN_kr_sd,IN_sk_avg,IN_sk_sd
394,0.4497878277,0.2745712909,0.0229674507,0.0138903396,0.9851889877,0.0080233556,2.1937391660,0.2738248397,0.6171973916,0.1543015238,-0.0004449928,0.0002662870,0.0002019401,0.0001219779,0.9655120670,0.0102002495,2.2294779744,0.3040254553,0.6073071067,0.1654588744,0.1658849012,0.0206199017,0.1445554303,0.0097464656,0.9562298818,0.0071643767,2.4878630025,0.2970559058,0.8198617136,0.1592726788
