Instance,FV_avg_avg,FV_avg_sd,FV_sd_avg,FV_sd_sd,FV_r1_avg,FV_r1_sd,FV_kr_avg,FV_kr_sd,FV_sk_avg,FV_sk_sd,FD_avg_avg,FD_avg_sd,FD_sd_avg,FD_sd_sd,FD_r1_avg,FD_r1_sd,FD_kr_avg,FD_kr_sd,FD_sk_avg,FD_sk_sd,IN_avg_avg,IN_avg_sd,IN_sd_avg,IN_sd_sd,IN_r1_avg,IN_r1_sd,IN_kr_avg,IN_kr_sd,IN_sk_avg,IN_sk_sd
65,0.4993568569,0.3029746470,0.0001337600,0.0001220969,0.1529033222,0.4653984216,1.9460004432,0.4326778458,-0.0156616737,0.5442450805,0.0000018519,0.0000351974,0.0000467812,0.0000370362,-0.3169929179,0.3394282232,2.0047431102,0.4925098853,-0.1806580055,0.6267811635,0.5120000000,0.0685273668,0.1353084166,0.0474513688,-0.2737080844,0.4360673472,1.9120328032,0.4142118453,-0.1607016585,0.5493163509
