Instance,FV_avg_avg,FV_avg_sd,FV_sd_avg,FV_sd_sd,FV_r1_avg,FV_r1_sd,FV_kr_avg,FV_kr_sd,FV_sk_avg,FV_sk_sd,FD_avg_avg,FD_avg_sd,FD_sd_avg,FD_sd_sd,FD_r1_avg,FD_r1_sd,FD_kr_avg,FD_kr_sd,FD_sk_avg,FD_sk_sd,IN_avg_avg,IN_avg_sd,IN_sd_avg,IN_sd_sd,IN_r1_avg,IN_r1_sd,IN_kr_avg,IN_kr_sd,IN_sk_avg,IN_sk_sd
132,0.4510123746,0.2797733264,0.0192996154,0.0115080946,0.9927514550,0.0022005435,2.2995103592,0.1805131431,0.6773193787,0.1523860652,-0.0001659570,0.0000998190,0.0000731193,0.0000436188,0.9247635296,0.0252690820,2.4216514913,0.1834161172,0.6370686207,0.1492465559,0.1926611918,0.0433192572,0.1359295703,0.0090498378,0.9168485151,0.0296531166,2.4993257495,0.2380214409,0.7557872384,0.1739063422
