Instance,FV_avg_avg,FV_avg_sd,FV_sd_avg,FV_sd_sd,FV_r1_avg,FV_r1_sd,FV_kr_avg,FV_kr_sd,FV_sk_avg,FV_sk_sd,FD_avg_avg,FD_avg_sd,FD_sd_avg,FD_sd_sd,FD_r1_avg,FD_r1_sd,FD_kr_avg,FD_kr_sd,FD_sk_avg,FD_sk_sd,IN_avg_avg,IN_avg_sd,IN_sd_avg,IN_sd_sd,IN_r1_avg,IN_r1_sd,IN_kr_avg,IN_kr_sd,IN_sk_avg,IN_sk_sd
279,0.5027757622,0.3063480693,0.0005505147,0.0004935300,0.8674594811,0.0996316419,2.4219475316,0.8295190980,-0.1089686798,0.5019297188,0.0000032565,0.0000131547,0.0000650852,0.0000385969,-0.0639956673,0.1213669370,2.7891588184,0.6741270048,-0.0180069498,0.3403565759,0.5033000000,0.0222465728,0.1603352550,0.0125222198,0.0133732041,0.1399482892,2.7450070278,0.3916017824,-0.0475425449,0.2423479263
