Instance,FV_avg_avg,FV_avg_sd,FV_sd_avg,FV_sd_sd,FV_r1_avg,FV_r1_sd,FV_kr_avg,FV_kr_sd,FV_sk_avg,FV_sk_sd,FD_avg_avg,FD_avg_sd,FD_sd_avg,FD_sd_sd,FD_r1_avg,FD_r1_sd,FD_kr_avg,FD_kr_sd,FD_sk_avg,FD_sk_sd,IN_avg_avg,IN_avg_sd,IN_sd_avg,IN_sd_sd,IN_r1_avg,IN_r1_sd,IN_kr_avg,IN_kr_sd,IN_sk_avg,IN_sk_sd
164,0.4976892514,0.3002593216,0.0015082987,0.0008985198,0.5001134861,0.2903402208,2.3494017221,0.7092715925,-0.0909653286,0.4625193931,0.0000342538,0.0001917506,0.0002412132,0.0001593507,-0.0681372444,0.2978561239,2.7033990593,0.8939596841,0.2771958801,0.5789405970,0.5025000000,0.0645271261,0.1020235933,0.0222752421,-0.1172341196,0.3462607038,2.2181501271,0.6632347334,-0.1106541675,0.3740109097
