Instance,FV_avg_avg,FV_avg_sd,FV_sd_avg,FV_sd_sd,FV_r1_avg,FV_r1_sd,FV_kr_avg,FV_kr_sd,FV_sk_avg,FV_sk_sd,FD_avg_avg,FD_avg_sd,FD_sd_avg,FD_sd_sd,FD_r1_avg,FD_r1_sd,FD_kr_avg,FD_kr_sd,FD_sk_avg,FD_sk_sd,IN_avg_avg,IN_avg_sd,IN_sd_avg,IN_sd_sd,IN_r1_avg,IN_r1_sd,IN_kr_avg,IN_kr_sd,IN_sk_avg,IN_sk_sd
265,0.4988786365,0.3022351288,0.0011358389,0.0006961243,0.9239146109,0.0430209474,2.6103512219,0.6353717297,0.0058760882,0.5586670797,-0.0000082589,0.0000238505,0.0000559507,0.0000328985,0.0066236959,0.1121120887,2.8755464339,0.3509197344,0.0114505782,0.2752032811,0.4966200000,0.0200041896,0.0714222328,0.0040090727,0.0056489465,0.1093795543,2.7871204467,0.3139971314,0.0110187222,0.2404057559
