Instance,INF_avg,INF_sd,INF_r1,INF_kr,INF_sk,SUP_avg,SUP_sd,SUP_r1,SUP_kr,SUP_sk,INC_avg,INC_sd,INC_r1,INC_kr,INC_sk,IND_avg,IND_sd,IND_r1,IND_kr,IND_sk
25,0.2680000000,0.0263818119,0.2424242424,2.1575505351,0.2169728883,0.2240000000,0.0205912603,0.3983402490,2.0685297259,-0.4068404933,0.5080000000,0.0097979590,-0.5384615385,1.1666666667,0.4082482905,0.0600000000,0.0200000000,-0.9090909091,2.0500000000,0.0000000000
