Instance,INF_avg,INF_sd,INF_r1,INF_kr,INF_sk,SUP_avg,SUP_sd,SUP_r1,SUP_kr,SUP_sk,INC_avg,INC_sd,INC_r1,INC_kr,INC_sk,IND_avg,IND_sd,IND_r1,IND_kr,IND_sk
339,0.2696000000,0.0482062237,0.2172286881,2.3375066396,-0.0708005410,0.2422000000,0.0456197326,-0.0386911478,2.6301653795,-0.1576363452,0.4882000000,0.0488544778,-0.0777717569,2.3894193799,0.2809025447,0.0622000000,0.0183619171,0.0177842573,2.2284692832,0.1589583693
