Instance,INF_avg,INF_sd,INF_r1,INF_kr,INF_sk,SUP_avg,SUP_sd,SUP_r1,SUP_kr,SUP_sk,INC_avg,INC_sd,INC_r1,INC_kr,INC_sk,IND_avg,IND_sd,IND_r1,IND_kr,IND_sk
115,0.2750000000,0.1030776406,-0.4658385093,2.8159169550,0.9587290590,0.2750000000,0.0512347538,-0.1707317073,1.8707482993,0.5576571845,0.4500000000,0.0866025404,-0.6923076923,2.2000000000,0.0000000000,0.2450000000,0.0471699057,-0.0273081925,2.3654841560,-0.5145158249
