Instance,FV_avg_avg,FV_avg_sd,FV_sd_avg,FV_sd_sd,FV_r1_avg,FV_r1_sd,FV_kr_avg,FV_kr_sd,FV_sk_avg,FV_sk_sd,FD_avg_avg,FD_avg_sd,FD_sd_avg,FD_sd_sd,FD_r1_avg,FD_r1_sd,FD_kr_avg,FD_kr_sd,FD_sk_avg,FD_sk_sd,IN_avg_avg,IN_avg_sd,IN_sd_avg,IN_sd_sd,IN_r1_avg,IN_r1_sd,IN_kr_avg,IN_kr_sd,IN_sk_avg,IN_sk_sd
379,0.4981781535,0.3029278129,0.0003960939,0.0003028410,0.7959398554,0.1310582876,2.4301810136,0.7362681608,-0.1240303812,0.5461894901,0.0000011050,0.0000140306,0.0000623126,0.0000363337,-0.0882649936,0.2110893573,2.6920100471,0.5472695982,-0.1895232825,0.3283091613,0.4978000000,0.0358770121,0.1594292110,0.0176160914,-0.1297498559,0.1897886826,2.6847521176,0.6859596476,-0.1288930672,0.4783699904
