Instance,FV_avg_avg,FV_avg_sd,FV_sd_avg,FV_sd_sd,FV_r1_avg,FV_r1_sd,FV_kr_avg,FV_kr_sd,FV_sk_avg,FV_sk_sd,FD_avg_avg,FD_avg_sd,FD_sd_avg,FD_sd_sd,FD_r1_avg,FD_r1_sd,FD_kr_avg,FD_kr_sd,FD_sk_avg,FD_sk_sd,IN_avg_avg,IN_avg_sd,IN_sd_avg,IN_sd_sd,IN_r1_avg,IN_r1_sd,IN_kr_avg,IN_kr_sd,IN_sk_avg,IN_sk_sd
373,0.4987422479,0.3037206317,0.0008486301,0.0005202925,0.9491894039,0.0470293088,2.4442749723,0.5467944533,0.0041334846,0.4838411535,0.0000000237,0.0000092048,0.0000537186,0.0000320004,-0.0311180214,0.1090638475,2.8881643436,0.3364918801,-0.0350742118,0.2284492523,0.4986500000,0.0169684266,0.1111736292,0.0061785248,0.0093859076,0.0999639705,2.8309029250,0.3560240422,0.0097499571,0.2067670364
