Instance,FV_avg_avg,FV_avg_sd,FV_sd_avg,FV_sd_sd,FV_r1_avg,FV_r1_sd,FV_kr_avg,FV_kr_sd,FV_sk_avg,FV_sk_sd,FD_avg_avg,FD_avg_sd,FD_sd_avg,FD_sd_sd,FD_r1_avg,FD_r1_sd,FD_kr_avg,FD_kr_sd,FD_sk_avg,FD_sk_sd,IN_avg_avg,IN_avg_sd,IN_sd_avg,IN_sd_sd,IN_r1_avg,IN_r1_sd,IN_kr_avg,IN_kr_sd,IN_sk_avg,IN_sk_sd
196,0.4811477634,0.2921760308,0.0081002971,0.0050260170,0.9712285231,0.0053749465,2.3391631832,0.2200504184,0.7020919736,0.1472684661,-0.0002902500,0.0001782743,0.0001291358,0.0000820458,0.8471859310,0.0387964490,2.5356913289,0.3178661817,0.5947545050,0.1792851172,0.2041412063,0.0305652440,0.1388728671,0.0128582181,0.8286340857,0.0353417174,2.5749320664,0.5023837130,0.6811144843,0.2832968786
