Instance,INF_avg,INF_sd,INF_r1,INF_kr,INF_sk,SUP_avg,SUP_sd,SUP_r1,SUP_kr,SUP_sk,INC_avg,INC_sd,INC_r1,INC_kr,INC_sk,IND_avg,IND_sd,IND_r1,IND_kr,IND_sk
147,0.3400000000,0.1624807681,-0.7857142857,1.4421487603,-0.3804646085,0.2200000000,0.1166190379,-0.6044776119,1.6280276817,0.3631734744,0.4400000000,0.1959591794,-0.5126050420,2.7291666667,0.8675276172,0.3200000000,0.0400000000,-0.3157894737,3.2500000000,1.5000000000
