Instance,INF_avg,INF_sd,INF_r1,INF_kr,INF_sk,SUP_avg,SUP_sd,SUP_r1,SUP_kr,SUP_sk,INC_avg,INC_sd,INC_r1,INC_kr,INC_sk,IND_avg,IND_sd,IND_r1,IND_kr,IND_sk
16,0.2680000000,0.1455197581,-0.1038702464,2.2497756047,-0.0760454300,0.2460000000,0.1388668427,0.0987201140,2.8778185616,0.5084087658,0.4860000000,0.1549322433,-0.0286486912,3.0113988112,0.2180460884,0.3800000000,0.1131370850,-0.1093552465,2.6562500000,0.3977475644
