Instance,FV_avg_avg,FV_avg_sd,FV_sd_avg,FV_sd_sd,FV_r1_avg,FV_r1_sd,FV_kr_avg,FV_kr_sd,FV_sk_avg,FV_sk_sd,FD_avg_avg,FD_avg_sd,FD_sd_avg,FD_sd_sd,FD_r1_avg,FD_r1_sd,FD_kr_avg,FD_kr_sd,FD_sk_avg,FD_sk_sd,IN_avg_avg,IN_avg_sd,IN_sd_avg,IN_sd_sd,IN_r1_avg,IN_r1_sd,IN_kr_avg,IN_kr_sd,IN_sk_avg,IN_sk_sd
77,0.4873815155,0.2942774309,0.0077352174,0.0060148038,0.9804207873,0.0510098000,1.8109207444,0.1050678169,0.1355866379,0.1239995423,-0.0000782211,0.0000595219,0.0001048835,0.0000614949,0.1360728532,0.3367673828,2.7968580761,0.5275150132,0.0366503772,0.2594184177,0.3927085706,0.0375497640,0.1718033068,0.0212578230,0.1142195113,0.2917454218,2.8142338352,0.5996871050,0.1051523467,0.2873315555
