Instance,INF_avg,INF_sd,INF_r1,INF_kr,INF_sk,SUP_avg,SUP_sd,SUP_r1,SUP_kr,SUP_sk,INC_avg,INC_sd,INC_r1,INC_kr,INC_sk,IND_avg,IND_sd,IND_r1,IND_kr,IND_sk
433,0.2260000000,0.0981019877,0.0463646821,2.5704203747,-0.3953339100,0.2760000000,0.1167218917,0.2356421900,2.6852583728,0.4934867299,0.4980000000,0.1090687856,0.2353629504,2.4209164926,0.3979892522,0.2360000000,0.0656048779,-0.0046658639,2.1089329888,-0.0052698049
