Instance,INF_avg,INF_sd,INF_r1,INF_kr,INF_sk,SUP_avg,SUP_sd,SUP_r1,SUP_kr,SUP_sk,INC_avg,INC_sd,INC_r1,INC_kr,INC_sk,IND_avg,IND_sd,IND_r1,IND_kr,IND_sk
383,0.2260000000,0.0329241553,-0.4360872954,2.5098650618,-0.3510248168,0.2360000000,0.0313687743,0.1571661238,1.4839381321,-0.4058720051,0.5380000000,0.0474973683,-0.1269287289,2.1809830994,-0.1162438423,0.0620000000,0.0132664992,-0.3089622642,1.6745867769,-0.1130667542
