Instance,INF_avg,INF_sd,INF_r1,INF_kr,INF_sk,SUP_avg,SUP_sd,SUP_r1,SUP_kr,SUP_sk,INC_avg,INC_sd,INC_r1,INC_kr,INC_sk,IND_avg,IND_sd,IND_r1,IND_kr,IND_sk
274,0.2560000000,0.0435660418,-0.1883256658,3.7496449593,0.5696086752,0.2543000000,0.0383993490,-0.0681812009,3.6149834509,0.1566456889,0.4897000000,0.0474437562,-0.0823179816,3.1617646363,-0.1037923524,0.0649000000,0.0195189651,0.0415354867,3.0064670861,0.4023109956
