Instance,INF_avg,INF_sd,INF_r1,INF_kr,INF_sk,SUP_avg,SUP_sd,SUP_r1,SUP_kr,SUP_sk,INC_avg,INC_sd,INC_r1,INC_kr,INC_sk,IND_avg,IND_sd,IND_r1,IND_kr,IND_sk
375,0.2280000000,0.1612947612,-0.1356180286,3.9911561662,1.1993352604,0.2680000000,0.1318180564,-0.0919994077,3.4386770856,0.4980915388,0.5040000000,0.1636581804,-0.1114932865,2.0329624919,0.1000424166,0.3440000000,0.1202663710,-0.4383592216,2.4912042838,0.6240572215
