Instance,FV_avg_avg,FV_avg_sd,FV_sd_avg,FV_sd_sd,FV_r1_avg,FV_r1_sd,FV_kr_avg,FV_kr_sd,FV_sk_avg,FV_sk_sd,FD_avg_avg,FD_avg_sd,FD_sd_avg,FD_sd_sd,FD_r1_avg,FD_r1_sd,FD_kr_avg,FD_kr_sd,FD_sk_avg,FD_sk_sd,IN_avg_avg,IN_avg_sd,IN_sd_avg,IN_sd_sd,IN_r1_avg,IN_r1_sd,IN_kr_avg,IN_kr_sd,IN_sk_avg,IN_sk_sd
87,0.4856131856,0.2940779286,0.0054718270,0.0035468669,0.8914958870,0.0582552008,2.6987413566,0.5947981120,0.0934305487,0.4552647143,0.0000119184,0.0001884292,0.0007845317,0.0005042664,0.0847979076,0.1187281534,3.0140249471,0.6355028244,0.0516842662,0.2347540935,0.4962500000,0.0319716671,0.1656168987,0.0077325841,0.0630804925,0.1094489695,2.7689734450,0.2369375038,-0.0794463582,0.1572992258
