Instance,INF_avg,INF_sd,INF_r1,INF_kr,INF_sk,SUP_avg,SUP_sd,SUP_r1,SUP_kr,SUP_sk,INC_avg,INC_sd,INC_r1,INC_kr,INC_sk,IND_avg,IND_sd,IND_r1,IND_kr,IND_sk
505,0.4836111111,0.1281687858,0.8696728864,2.3672844821,0.2916417513,0.1263888889,0.0792465484,0.9354678186,1.8312602709,0.1755488408,0.3900000000,0.0641179469,0.5914062500,2.7133044193,-0.3438026324,0.0327777778,0.0118112731,0.0254577158,2.6314315921,0.6890988485
