Instance,INF_avg,INF_sd,INF_r1,INF_kr,INF_sk,SUP_avg,SUP_sd,SUP_r1,SUP_kr,SUP_sk,INC_avg,INC_sd,INC_r1,INC_kr,INC_sk,IND_avg,IND_sd,IND_r1,IND_kr,IND_sk
147,0.3120000000,0.1177115118,-0.2458977965,2.2207729520,0.1963543211,0.2360000000,0.0557135531,0.6938775510,2.6687745775,1.0391889224,0.4520000000,0.1085172797,-0.3721692491,2.2791602670,0.6247251906,0.0880000000,0.0097979590,0.4230769231,1.1666666667,0.4082482905
