Instance,FV_avg_avg,FV_avg_sd,FV_sd_avg,FV_sd_sd,FV_r1_avg,FV_r1_sd,FV_kr_avg,FV_kr_sd,FV_sk_avg,FV_sk_sd,FD_avg_avg,FD_avg_sd,FD_sd_avg,FD_sd_sd,FD_r1_avg,FD_r1_sd,FD_kr_avg,FD_kr_sd,FD_sk_avg,FD_sk_sd,IN_avg_avg,IN_avg_sd,IN_sd_avg,IN_sd_sd,IN_r1_avg,IN_r1_sd,IN_kr_avg,IN_kr_sd,IN_sk_avg,IN_sk_sd
178,0.4510478054,0.2728329988,0.0230308619,0.0140075557,0.9187762852,0.0133825889,2.6758103317,0.2787690627,0.9124994225,0.1304494575,-0.0024385292,0.0015374093,0.0010166705,0.0006204328,0.8966115461,0.0351410519,2.7745830697,0.5307793937,0.9251515256,0.1971690138,0.1369788983,0.0257115113,0.1441938007,0.0261376159,0.8876045109,0.0281670665,2.9884508754,0.5414205305,1.0859232569,0.2038525296
