Instance,FV_avg_avg,FV_avg_sd,FV_sd_avg,FV_sd_sd,FV_r1_avg,FV_r1_sd,FV_kr_avg,FV_kr_sd,FV_sk_avg,FV_sk_sd,FD_avg_avg,FD_avg_sd,FD_sd_avg,FD_sd_sd,FD_r1_avg,FD_r1_sd,FD_kr_avg,FD_kr_sd,FD_sk_avg,FD_sk_sd,IN_avg_avg,IN_avg_sd,IN_sd_avg,IN_sd_sd,IN_r1_avg,IN_r1_sd,IN_kr_avg,IN_kr_sd,IN_sk_avg,IN_sk_sd
502,0.4894169764,0.2970936367,0.0032818255,0.0022321791,-0.1155767128,0.5289994249,1.9306256185,0.4547400349,0.0352500795,0.5380770834,0.0004744037,0.0013077106,0.0011405502,0.0007892372,-0.1635615430,0.2739421366,1.9149418317,0.5100642208,-0.1270747901,0.5551394571,0.5340000000,0.0925418824,0.0992380282,0.0371727555,-0.2190449693,0.3433317136,2.2062016357,0.4806165908,0.1082445995,0.6893370504
