Instance,INF_avg,INF_sd,INF_r1,INF_kr,INF_sk,SUP_avg,SUP_sd,SUP_r1,SUP_kr,SUP_sk,INC_avg,INC_sd,INC_r1,INC_kr,INC_sk,IND_avg,IND_sd,IND_r1,IND_kr,IND_sk
347,0.2508000000,0.0512577799,0.1498579878,2.0611907712,0.2772190687,0.2292000000,0.0432129610,0.1223291542,2.7024243511,0.1541893092,0.5200000000,0.0481663783,-0.0578291815,2.2815101070,-0.0085909117,0.0704000000,0.0177718879,-0.1344160614,2.9252424374,-0.1459222049
