Instance,FV_avg_avg,FV_avg_sd,FV_sd_avg,FV_sd_sd,FV_r1_avg,FV_r1_sd,FV_kr_avg,FV_kr_sd,FV_sk_avg,FV_sk_sd,FD_avg_avg,FD_avg_sd,FD_sd_avg,FD_sd_sd,FD_r1_avg,FD_r1_sd,FD_kr_avg,FD_kr_sd,FD_sk_avg,FD_sk_sd,IN_avg_avg,IN_avg_sd,IN_sd_avg,IN_sd_sd,IN_r1_avg,IN_r1_sd,IN_kr_avg,IN_kr_sd,IN_sk_avg,IN_sk_sd
495,0.4869875925,0.2966986301,0.0036185704,0.0023669065,0.9126835084,0.0427353250,2.4005079856,0.4431037044,0.0174601802,0.3089672255,0.0000509925,0.0001171552,0.0004307321,0.0002693991,0.0322179086,0.0891264780,2.7175191100,0.2490545760,-0.0437936208,0.1619257623,0.5051500000,0.0339253224,0.1584334443,0.0128993691,0.0395364662,0.0792060366,2.6731366021,0.3494233774,-0.0868631509,0.1943539926
