Instance,INF_avg,INF_sd,INF_r1,INF_kr,INF_sk,SUP_avg,SUP_sd,SUP_r1,SUP_kr,SUP_sk,INC_avg,INC_sd,INC_r1,INC_kr,INC_sk,IND_avg,IND_sd,IND_r1,IND_kr,IND_sk
75,0.2961538462,0.1105838905,-0.0297356479,3.5356705255,0.4243491383,0.1871794872,0.0896702997,0.3220472998,2.3742924019,0.0673310057,0.5166666667,0.1221250585,-0.1788303528,2.6427246082,0.0015641505,0.2435897436,0.0661965674,-0.3883092136,2.6140133120,0.2361710997
