Instance,INF_avg,INF_sd,INF_r1,INF_kr,INF_sk,SUP_avg,SUP_sd,SUP_r1,SUP_kr,SUP_sk,INC_avg,INC_sd,INC_r1,INC_kr,INC_sk,IND_avg,IND_sd,IND_r1,IND_kr,IND_sk
159,0.2740000000,0.0788923317,-0.3114730717,2.9187092340,-0.1465340302,0.2420000000,0.1110675470,0.2417288451,1.7605123974,-0.2360536407,0.4840000000,0.1137717012,0.0054629061,2.2596542146,-0.1321363254,0.2320000000,0.0676461381,-0.2333882675,2.6237468825,-0.1035830456
