Instance,INF_avg,INF_sd,INF_r1,INF_kr,INF_sk,SUP_avg,SUP_sd,SUP_r1,SUP_kr,SUP_sk,INC_avg,INC_sd,INC_r1,INC_kr,INC_sk,IND_avg,IND_sd,IND_r1,IND_kr,IND_sk
54,0.2702000000,0.0249591667,0.0995218654,2.4763826824,0.0959070013,0.2540000000,0.0334962684,0.1472941712,2.7205286587,-0.3133879291,0.4758000000,0.0306163355,-0.3096683292,2.5875317960,-0.1477489007,0.0330000000,0.0086023253,0.0061590146,2.2815924032,0.0659783896
