Instance,FV_avg_avg,FV_avg_sd,FV_sd_avg,FV_sd_sd,FV_r1_avg,FV_r1_sd,FV_kr_avg,FV_kr_sd,FV_sk_avg,FV_sk_sd,FD_avg_avg,FD_avg_sd,FD_sd_avg,FD_sd_sd,FD_r1_avg,FD_r1_sd,FD_kr_avg,FD_kr_sd,FD_sk_avg,FD_sk_sd,IN_avg_avg,IN_avg_sd,IN_sd_avg,IN_sd_sd,IN_r1_avg,IN_r1_sd,IN_kr_avg,IN_kr_sd,IN_sk_avg,IN_sk_sd
492,0.4971148724,0.3028728724,0.0004135926,0.0002316236,0.7651302765,0.1345472430,2.3378419741,0.5688885844,-0.0252289132,0.4167690833,0.0000053596,0.0000282151,0.0000584329,0.0000335940,-0.1100291336,0.2227111323,2.5004169621,0.6097011278,0.0006738461,0.3715956399,0.5023000000,0.0478049161,0.1107340735,0.0131287842,-0.0873335846,0.2313989108,2.5538166695,0.5654656906,-0.0233483786,0.3372325059
