Instance,FV_avg_avg,FV_avg_sd,FV_sd_avg,FV_sd_sd,FV_r1_avg,FV_r1_sd,FV_kr_avg,FV_kr_sd,FV_sk_avg,FV_sk_sd,FD_avg_avg,FD_avg_sd,FD_sd_avg,FD_sd_sd,FD_r1_avg,FD_r1_sd,FD_kr_avg,FD_kr_sd,FD_sk_avg,FD_sk_sd,IN_avg_avg,IN_avg_sd,IN_sd_avg,IN_sd_sd,IN_r1_avg,IN_r1_sd,IN_kr_avg,IN_kr_sd,IN_sk_avg,IN_sk_sd
147,0.4934349877,0.3007400751,0.0010125015,0.0007758144,0.8489110592,0.1326702810,2.5574245718,0.8390281818,-0.0022121983,0.6153170863,-0.0000004516,0.0000340779,0.0000983151,0.0000597091,0.0421328548,0.1073400163,2.8972756006,0.5155822264,-0.0149532234,0.2427754071,0.4920000000,0.0329560313,0.1148737756,0.0076756551,0.0459929379,0.1268033672,2.8346091127,0.3578367845,-0.0227344552,0.2783289899
