Instance,INF_avg,INF_sd,INF_r1,INF_kr,INF_sk,SUP_avg,SUP_sd,SUP_r1,SUP_kr,SUP_sk,INC_avg,INC_sd,INC_r1,INC_kr,INC_sk,IND_avg,IND_sd,IND_r1,IND_kr,IND_sk
152,0.2376000000,0.0365067117,-0.0007740802,3.5889596975,0.2964723425,0.2549000000,0.0352844158,0.1533081509,2.9953034838,-0.1027004531,0.5075000000,0.0426643880,0.0563647006,3.1405645310,0.5316453591,0.0368500000,0.0101895780,-0.1665093245,2.6938622271,0.2870394024
