Instance,INF_avg,INF_sd,INF_r1,INF_kr,INF_sk,SUP_avg,SUP_sd,SUP_r1,SUP_kr,SUP_sk,INC_avg,INC_sd,INC_r1,INC_kr,INC_sk,IND_avg,IND_sd,IND_r1,IND_kr,IND_sk
197,0.2660000000,0.0726911274,-0.1655547887,2.4174658360,0.5328613491,0.2520000000,0.0574108004,-0.1433447099,3.1869638986,1.2662953425,0.4820000000,0.0787146746,0.1162667724,1.7407248726,-0.3403291215,0.1200000000,0.0268328157,-0.2222222222,3.1481481481,-0.7453559925
