Instance,FV_avg_avg,FV_avg_sd,FV_sd_avg,FV_sd_sd,FV_r1_avg,FV_r1_sd,FV_kr_avg,FV_kr_sd,FV_sk_avg,FV_sk_sd,FD_avg_avg,FD_avg_sd,FD_sd_avg,FD_sd_sd,FD_r1_avg,FD_r1_sd,FD_kr_avg,FD_kr_sd,FD_sk_avg,FD_sk_sd,IN_avg_avg,IN_avg_sd,IN_sd_avg,IN_sd_sd,IN_r1_avg,IN_r1_sd,IN_kr_avg,IN_kr_sd,IN_sk_avg,IN_sk_sd
6,0.5017096374,0.3035382474,0.0001261776,0.0000959308,-0.0715911128,0.3915298617,1.9013152085,0.5635832291,-0.2243833672,0.6004652794,0.0000053250,0.0000241529,0.0000355968,0.0000261497,-0.1848173360,0.3458584935,1.8875688550,0.4578816311,0.1641229627,0.4893134787,0.5225000000,0.0568220908,0.1059143687,0.0363613326,-0.1384559624,0.4682596309,2.1041929214,0.5234583661,-0.0667961086,0.6809502474
