Instance,INF_avg,INF_sd,INF_r1,INF_kr,INF_sk,SUP_avg,SUP_sd,SUP_r1,SUP_kr,SUP_sk,INC_avg,INC_sd,INC_r1,INC_kr,INC_sk,IND_avg,IND_sd,IND_r1,IND_kr,IND_sk
505,0.3160000000,0.0445421149,-0.4196284330,2.4878544485,0.2656058247,0.1700000000,0.0384707681,-0.9795918367,1.4043097151,0.1686081875,0.5140000000,0.0708801806,-0.8683707181,1.8405234492,-0.4581608289,0.0800000000,0.0178885438,0.7142857143,1.9531250000,-0.6288941187
