Instance,INF_avg,INF_sd,INF_r1,INF_kr,INF_sk,SUP_avg,SUP_sd,SUP_r1,SUP_kr,SUP_sk,INC_avg,INC_sd,INC_r1,INC_kr,INC_sk,IND_avg,IND_sd,IND_r1,IND_kr,IND_sk
256,0.2600000000,0.0678232998,0.1296779809,2.0860113422,0.3077049520,0.2080000000,0.0744043010,-0.3221431876,2.7218751044,-0.4209154400,0.5320000000,0.0773045924,-0.2134750060,1.9041547717,0.0293004616,0.2460000000,0.0646838465,-0.3296093781,2.6152638294,-0.0728946316
