Instance,INF_avg,INF_sd,INF_r1,INF_kr,INF_sk,SUP_avg,SUP_sd,SUP_r1,SUP_kr,SUP_sk,INC_avg,INC_sd,INC_r1,INC_kr,INC_sk,IND_avg,IND_sd,IND_r1,IND_kr,IND_sk
473,0.2256000000,0.0478397324,-0.2160840113,2.7336005886,0.4392743025,0.2736000000,0.0600586380,-0.1161496592,2.8637794851,0.1761373003,0.5008000000,0.0679952940,0.0977331779,2.1457592907,-0.0281727529,0.1192000000,0.0296540048,-0.0935736770,1.6500670595,0.0686814896
