Instance,FV_avg_avg,FV_avg_sd,FV_sd_avg,FV_sd_sd,FV_r1_avg,FV_r1_sd,FV_kr_avg,FV_kr_sd,FV_sk_avg,FV_sk_sd,FD_avg_avg,FD_avg_sd,FD_sd_avg,FD_sd_sd,FD_r1_avg,FD_r1_sd,FD_kr_avg,FD_kr_sd,FD_sk_avg,FD_sk_sd,IN_avg_avg,IN_avg_sd,IN_sd_avg,IN_sd_sd,IN_r1_avg,IN_r1_sd,IN_kr_avg,IN_kr_sd,IN_sk_avg,IN_sk_sd
331,0.5004060794,0.3039936640,0.0001156248,0.0000899358,0.5014827528,0.3082676092,2.1865142036,0.7080594945,-0.0471205412,0.5300488958,0.0000036218,0.0000043590,0.0000066194,0.0000047779,-0.0597864094,0.3416511559,2.1707669736,0.3632320487,-0.1611525911,0.3412640654,0.5100750000,0.0229026609,0.0325541178,0.0071810107,-0.0388633214,0.2497473711,2.6349446482,0.8494433438,0.0282449700,0.6378740439
