Instance,INF_avg,INF_sd,INF_r1,INF_kr,INF_sk,SUP_avg,SUP_sd,SUP_r1,SUP_kr,SUP_sk,INC_avg,INC_sd,INC_r1,INC_kr,INC_sk,IND_avg,IND_sd,IND_r1,IND_kr,IND_sk
116,0.4170379147,0.1164944865,0.9205029751,1.7688669148,-0.0829393926,0.0857345972,0.0728112257,0.9260377430,2.6828295327,0.8674133743,0.4972274882,0.0585307097,0.6877140822,2.4614415085,-0.1808126697,0.0502132701,0.0127061956,0.1807602458,3.6350996712,0.5223100452
