Instance,INF_avg,INF_sd,INF_r1,INF_kr,INF_sk,SUP_avg,SUP_sd,SUP_r1,SUP_kr,SUP_sk,INC_avg,INC_sd,INC_r1,INC_kr,INC_sk,IND_avg,IND_sd,IND_r1,IND_kr,IND_sk
492,0.2080000000,0.1293676930,0.1874947580,2.3616344154,0.4054431335,0.2600000000,0.1414213562,-0.3094278807,2.6552000000,0.3903229432,0.5320000000,0.1348183964,0.1761561276,2.0426347699,0.0907323829,0.4120000000,0.1070327053,0.2314571572,2.2032942168,0.1515748261
