Instance,INF_avg,INF_sd,INF_r1,INF_kr,INF_sk,SUP_avg,SUP_sd,SUP_r1,SUP_kr,SUP_sk,INC_avg,INC_sd,INC_r1,INC_kr,INC_sk,IND_avg,IND_sd,IND_r1,IND_kr,IND_sk
392,0.2040000000,0.0417612260,-0.5047961631,2.0206211598,0.1291747375,0.3120000000,0.0507543102,0.0722291407,1.6545272173,-0.0983914234,0.4840000000,0.0512249939,-0.0145429363,2.5342801904,-0.3299646859,0.1280000000,0.0381575681,0.2270531401,2.4643159039,0.1105882905
