Instance,FV_avg_avg,FV_avg_sd,FV_sd_avg,FV_sd_sd,FV_r1_avg,FV_r1_sd,FV_kr_avg,FV_kr_sd,FV_sk_avg,FV_sk_sd,FD_avg_avg,FD_avg_sd,FD_sd_avg,FD_sd_sd,FD_r1_avg,FD_r1_sd,FD_kr_avg,FD_kr_sd,FD_sk_avg,FD_sk_sd,IN_avg_avg,IN_avg_sd,IN_sd_avg,IN_sd_sd,IN_r1_avg,IN_r1_sd,IN_kr_avg,IN_kr_sd,IN_sk_avg,IN_sk_sd
32,0.4986993225,0.3029648919,0.0008765266,0.0005753344,0.9371775673,0.0434505208,2.4020760797,0.5403269732,-0.0185738683,0.4498008252,0.0000017724,0.0000115196,0.0000215605,0.0000124095,0.2237609158,0.1631860909,2.8154288829,0.3943795753,0.0460727561,0.1925362866,0.5004550000,0.0194712731,0.0377973078,0.0029284851,0.1632077572,0.1035493717,2.9568700586,0.4030570714,0.0842676297,0.2657543249
