Instance,INF_avg,INF_sd,INF_r1,INF_kr,INF_sk,SUP_avg,SUP_sd,SUP_r1,SUP_kr,SUP_sk,INC_avg,INC_sd,INC_r1,INC_kr,INC_sk,IND_avg,IND_sd,IND_r1,IND_kr,IND_sk
302,0.4824431818,0.1298644274,0.9365389551,1.8782273842,-0.2875184389,0.0814204545,0.0798612037,0.8967532892,2.9960536646,1.0359488798,0.4361363636,0.0655732037,0.7307136767,2.5525118481,-0.0287998738,0.0403409091,0.0107077779,0.2392044812,3.1750324446,0.3556809246
