Instance,FV_avg_avg,FV_avg_sd,FV_sd_avg,FV_sd_sd,FV_r1_avg,FV_r1_sd,FV_kr_avg,FV_kr_sd,FV_sk_avg,FV_sk_sd,FD_avg_avg,FD_avg_sd,FD_sd_avg,FD_sd_sd,FD_r1_avg,FD_r1_sd,FD_kr_avg,FD_kr_sd,FD_sk_avg,FD_sk_sd,IN_avg_avg,IN_avg_sd,IN_sd_avg,IN_sd_sd,IN_r1_avg,IN_r1_sd,IN_kr_avg,IN_kr_sd,IN_sk_avg,IN_sk_sd
391,0.5020535637,0.3047338222,0.0007521304,0.0005118566,0.9287289658,0.0383188424,2.1990344601,0.6765339424,-0.0479727967,0.5428498656,-0.0000040353,0.0000171876,0.0000158785,0.0000092679,-0.0573545026,0.1489774292,2.8730951868,0.6301697823,-0.0388089663,0.2713528420,0.4900100000,0.0207468046,0.0359856842,0.0027839780,-0.1052157279,0.1802682460,2.6702365802,0.3076428620,-0.0032148712,0.2268550274
