Instance,INF_avg,INF_sd,INF_r1,INF_kr,INF_sk,SUP_avg,SUP_sd,SUP_r1,SUP_kr,SUP_sk,INC_avg,INC_sd,INC_r1,INC_kr,INC_sk,IND_avg,IND_sd,IND_r1,IND_kr,IND_sk
308,0.2800000000,0.0678232998,-1.1311475410,2.9310018904,-1.1731251294,0.2500000000,0.0948683298,-0.8888888889,1.7592592593,0.3513641845,0.4700000000,0.0509901951,-0.6666666667,1.9556213018,0.2715454179,0.2500000000,0.1264911064,-0.5714285714,1.5625000000,0.5929270613
