Instance,FV_avg_avg,FV_avg_sd,FV_sd_avg,FV_sd_sd,FV_r1_avg,FV_r1_sd,FV_kr_avg,FV_kr_sd,FV_sk_avg,FV_sk_sd,FD_avg_avg,FD_avg_sd,FD_sd_avg,FD_sd_sd,FD_r1_avg,FD_r1_sd,FD_kr_avg,FD_kr_sd,FD_sk_avg,FD_sk_sd,IN_avg_avg,IN_avg_sd,IN_sd_avg,IN_sd_sd,IN_r1_avg,IN_r1_sd,IN_kr_avg,IN_kr_sd,IN_sk_avg,IN_sk_sd
248,0.4212817337,0.2552083689,0.0309157865,0.0189663223,0.9408647426,0.0365284745,2.2682188483,0.4441768003,0.6592080437,0.2122409197,-0.0023790777,0.0014733064,0.0011265735,0.0006875641,0.8926836580,0.0786816910,2.4285937796,0.6546381883,0.6677939815,0.2760738206,0.1599877019,0.0276018713,0.1481035724,0.0222772485,0.8575900899,0.0631389489,2.8100728198,0.6298905339,0.9332216917,0.2363775264
