Instance,INF_avg,INF_sd,INF_r1,INF_kr,INF_sk,SUP_avg,SUP_sd,SUP_r1,SUP_kr,SUP_sk,INC_avg,INC_sd,INC_r1,INC_kr,INC_sk,IND_avg,IND_sd,IND_r1,IND_kr,IND_sk
405,0.2432000000,0.0517084132,0.3483330345,3.1862747467,-0.3658496220,0.2700000000,0.0619354503,0.5962441315,2.3748723742,0.0156575945,0.4868000000,0.0539792553,0.4005560445,3.2397946540,0.0066432271,0.0720000000,0.0183303028,0.0035496957,2.5612244898,-0.3740878118
