Instance,FV_avg_avg,FV_avg_sd,FV_sd_avg,FV_sd_sd,FV_r1_avg,FV_r1_sd,FV_kr_avg,FV_kr_sd,FV_sk_avg,FV_sk_sd,FD_avg_avg,FD_avg_sd,FD_sd_avg,FD_sd_sd,FD_r1_avg,FD_r1_sd,FD_kr_avg,FD_kr_sd,FD_sk_avg,FD_sk_sd,IN_avg_avg,IN_avg_sd,IN_sd_avg,IN_sd_sd,IN_r1_avg,IN_r1_sd,IN_kr_avg,IN_kr_sd,IN_sk_avg,IN_sk_sd
353,0.4930463070,0.2992844229,0.0017075783,0.0011845431,0.8107182041,0.1025419702,2.3456092561,0.5278645579,0.0180819065,0.5539347308,0.0000185072,0.0001028515,0.0002238945,0.0001360111,-0.0519897657,0.1996661598,2.4907555824,0.4436303485,0.0234549388,0.2970828869,0.5072000000,0.0356056175,0.1133786693,0.0169019926,-0.0796654589,0.2107930839,2.6201644982,0.5580960191,0.0467975584,0.3176435722
