Instance,FV_avg_avg,FV_avg_sd,FV_sd_avg,FV_sd_sd,FV_r1_avg,FV_r1_sd,FV_kr_avg,FV_kr_sd,FV_sk_avg,FV_sk_sd,FD_avg_avg,FD_avg_sd,FD_sd_avg,FD_sd_sd,FD_r1_avg,FD_r1_sd,FD_kr_avg,FD_kr_sd,FD_sk_avg,FD_sk_sd,IN_avg_avg,IN_avg_sd,IN_sd_avg,IN_sd_sd,IN_r1_avg,IN_r1_sd,IN_kr_avg,IN_kr_sd,IN_sk_avg,IN_sk_sd
287,0.4973745228,0.3013737689,0.0009239752,0.0006806943,0.9121456036,0.0545470866,2.4350375704,0.5250786657,0.0955017227,0.4207323977,-0.0000003888,0.0000218855,0.0000507558,0.0000315992,0.1867088784,0.1361932867,2.9532446792,0.5418743856,0.0423431694,0.2180441511,0.5024800000,0.0397821266,0.0788283870,0.0060429630,0.1484581951,0.1301126755,2.8131778214,0.4464325930,0.0182444688,0.2437951486
