Instance,FV_avg_avg,FV_avg_sd,FV_sd_avg,FV_sd_sd,FV_r1_avg,FV_r1_sd,FV_kr_avg,FV_kr_sd,FV_sk_avg,FV_sk_sd,FD_avg_avg,FD_avg_sd,FD_sd_avg,FD_sd_sd,FD_r1_avg,FD_r1_sd,FD_kr_avg,FD_kr_sd,FD_sk_avg,FD_sk_sd,IN_avg_avg,IN_avg_sd,IN_sd_avg,IN_sd_sd,IN_r1_avg,IN_r1_sd,IN_kr_avg,IN_kr_sd,IN_sk_avg,IN_sk_sd
54,0.4994591040,0.3022321198,0.0010607055,0.0008968418,0.9503367835,0.0374881528,2.3189227406,0.6400568386,0.1551665906,0.4628756397,-0.0000051026,0.0000171614,0.0000262604,0.0000161467,0.0456029077,0.1051124744,2.8294025690,0.3586923850,0.0430219484,0.2600808907,0.4955550000,0.0222985981,0.0510714809,0.0028928088,0.0360051369,0.1087863145,2.9403682366,0.3361629269,-0.0406341654,0.1967349222
