Instance,FV_avg_avg,FV_avg_sd,FV_sd_avg,FV_sd_sd,FV_r1_avg,FV_r1_sd,FV_kr_avg,FV_kr_sd,FV_sk_avg,FV_sk_sd,FD_avg_avg,FD_avg_sd,FD_sd_avg,FD_sd_sd,FD_r1_avg,FD_r1_sd,FD_kr_avg,FD_kr_sd,FD_sk_avg,FD_sk_sd,IN_avg_avg,IN_avg_sd,IN_sd_avg,IN_sd_sd,IN_r1_avg,IN_r1_sd,IN_kr_avg,IN_kr_sd,IN_sk_avg,IN_sk_sd
445,0.4990136663,0.3027384404,0.0005474108,0.0004189969,0.8725190594,0.0995762577,2.5817071274,0.5559754943,0.0141472198,0.5023729656,-0.0000036733,0.0000130100,0.0000502069,0.0000316998,-0.0049283279,0.1473992919,2.9340628087,0.4986246160,0.0475384424,0.3305869220,0.4866000000,0.0232688633,0.1109991681,0.0085548039,-0.0106050753,0.1283895470,2.8742357715,0.4022112831,-0.0229825004,0.3117389347
