Instance,INF_avg,INF_sd,INF_r1,INF_kr,INF_sk,SUP_avg,SUP_sd,SUP_r1,SUP_kr,SUP_sk,INC_avg,INC_sd,INC_r1,INC_kr,INC_sk,IND_avg,IND_sd,IND_r1,IND_kr,IND_sk
355,0.2500000000,0.1204159458,0.0526315789,1.4565992866,-0.0000000000,0.2700000000,0.1345362405,-0.2095400341,1.8014407375,0.0640629209,0.4800000000,0.1600000000,-0.0347682119,1.7485351563,-0.4042968750,0.2700000000,0.1100000000,-0.1197243755,2.7441431596,0.6130728775
