Instance,FV_avg_avg,FV_avg_sd,FV_sd_avg,FV_sd_sd,FV_r1_avg,FV_r1_sd,FV_kr_avg,FV_kr_sd,FV_sk_avg,FV_sk_sd,FD_avg_avg,FD_avg_sd,FD_sd_avg,FD_sd_sd,FD_r1_avg,FD_r1_sd,FD_kr_avg,FD_kr_sd,FD_sk_avg,FD_sk_sd,IN_avg_avg,IN_avg_sd,IN_sd_avg,IN_sd_sd,IN_r1_avg,IN_r1_sd,IN_kr_avg,IN_kr_sd,IN_sk_avg,IN_sk_sd
155,0.4990434670,0.3033292233,0.0006094962,0.0004435832,0.8298925300,0.1461120834,2.2285833350,0.5096376115,-0.1838474598,0.3835918064,0.0000051597,0.0000277526,0.0000899797,0.0000592306,-0.0227523529,0.2774164309,2.9926544343,0.6779194442,-0.0918575971,0.5044638721,0.4972000000,0.0288749026,0.1422747646,0.0218241007,-0.0033825852,0.2654081571,2.7504559644,0.5804411501,-0.2228266528,0.4154626391
