Instance,INF_avg,INF_sd,INF_r1,INF_kr,INF_sk,SUP_avg,SUP_sd,SUP_r1,SUP_kr,SUP_sk,INC_avg,INC_sd,INC_r1,INC_kr,INC_sk,IND_avg,IND_sd,IND_r1,IND_kr,IND_sk
183,0.2654000000,0.0608509655,0.0204547735,3.0812577967,0.4520499738,0.2328000000,0.0524991429,-0.0131821363,3.0728664919,-0.2992044339,0.5018000000,0.0682990483,0.0488389310,3.1182414764,0.0964362599,0.1110000000,0.0343365694,0.1407636336,3.0314192171,0.3478513013
