Instance,FV_avg_avg,FV_avg_sd,FV_sd_avg,FV_sd_sd,FV_r1_avg,FV_r1_sd,FV_kr_avg,FV_kr_sd,FV_sk_avg,FV_sk_sd,FD_avg_avg,FD_avg_sd,FD_sd_avg,FD_sd_sd,FD_r1_avg,FD_r1_sd,FD_kr_avg,FD_kr_sd,FD_sk_avg,FD_sk_sd,IN_avg_avg,IN_avg_sd,IN_sd_avg,IN_sd_sd,IN_r1_avg,IN_r1_sd,IN_kr_avg,IN_kr_sd,IN_sk_avg,IN_sk_sd
177,0.4968586382,0.3013552148,0.0008291060,0.0005390381,0.9223251676,0.0483886670,2.5967381285,0.5863628694,0.0633788756,0.5543325891,-0.0000000389,0.0000175829,0.0000931671,0.0000566260,-0.0377355161,0.1157358757,2.9044978489,0.4186916836,-0.1327013401,0.2158816985,0.5000500000,0.0251862562,0.1592641987,0.0112055800,-0.0369091140,0.0735638853,2.8441550566,0.2675295905,-0.1074098027,0.2400861352
