Instance,FV_avg_avg,FV_avg_sd,FV_sd_avg,FV_sd_sd,FV_r1_avg,FV_r1_sd,FV_kr_avg,FV_kr_sd,FV_sk_avg,FV_sk_sd,FD_avg_avg,FD_avg_sd,FD_sd_avg,FD_sd_sd,FD_r1_avg,FD_r1_sd,FD_kr_avg,FD_kr_sd,FD_sk_avg,FD_sk_sd,IN_avg_avg,IN_avg_sd,IN_sd_avg,IN_sd_sd,IN_r1_avg,IN_r1_sd,IN_kr_avg,IN_kr_sd,IN_sk_avg,IN_sk_sd
129,0.4990474610,0.3038063309,0.0004113528,0.0002697699,0.9528962778,0.0427472015,2.3370885112,0.5535539790,-0.0643994840,0.4901911922,-0.0000005068,0.0000044748,0.0000167303,0.0000102666,0.0155062665,0.0973028832,3.1104776084,0.6163906645,-0.0405262550,0.2160489532,0.4998100000,0.0196539538,0.0718901864,0.0045262671,0.0254301317,0.0797931102,2.9637330522,0.3760554342,-0.0452846497,0.2356695828
