Instance,INF_avg,INF_sd,INF_r1,INF_kr,INF_sk,SUP_avg,SUP_sd,SUP_r1,SUP_kr,SUP_sk,INC_avg,INC_sd,INC_r1,INC_kr,INC_sk,IND_avg,IND_sd,IND_r1,IND_kr,IND_sk
350,0.2350000000,0.0939414711,0.0139762603,3.8525708416,0.6459328979,0.2230000000,0.0849764673,-0.0608688131,2.3378852142,0.1908101766,0.5420000000,0.1119642800,-0.0144902101,2.2977609551,-0.0186123495,0.2360000000,0.0735119038,-0.1086552488,3.9458103518,0.7922099493
