Instance,INF_avg,INF_sd,INF_r1,INF_kr,INF_sk,SUP_avg,SUP_sd,SUP_r1,SUP_kr,SUP_sk,INC_avg,INC_sd,INC_r1,INC_kr,INC_sk,IND_avg,IND_sd,IND_r1,IND_kr,IND_sk
363,0.1600000000,0.0489897949,-0.9230769231,1.1666666667,-0.4082482905,0.2600000000,0.0800000000,-0.0563380282,2.0781250000,0.8437500000,0.5800000000,0.0979795897,-0.4705882353,2.7291666667,-0.8675276172,0.4400000000,0.1356465997,0.0265486726,2.3638941399,-0.7500308204
