Instance,FV_avg_avg,FV_avg_sd,FV_sd_avg,FV_sd_sd,FV_r1_avg,FV_r1_sd,FV_kr_avg,FV_kr_sd,FV_sk_avg,FV_sk_sd,FD_avg_avg,FD_avg_sd,FD_sd_avg,FD_sd_sd,FD_r1_avg,FD_r1_sd,FD_kr_avg,FD_kr_sd,FD_sk_avg,FD_sk_sd,IN_avg_avg,IN_avg_sd,IN_sd_avg,IN_sd_sd,IN_r1_avg,IN_r1_sd,IN_kr_avg,IN_kr_sd,IN_sk_avg,IN_sk_sd
104,0.4971027625,0.3018940268,0.0010151385,0.0007498257,0.8913911596,0.0850142364,2.2964810398,0.4777544535,-0.0219946666,0.4207952797,0.0000135743,0.0000367558,0.0000483234,0.0000318243,0.2500541225,0.2066363135,2.8258625299,0.6306515302,0.1020568494,0.3076096540,0.5094400000,0.0299377087,0.0534679777,0.0058476801,0.1323853770,0.1751847379,2.9328744191,0.4711363770,0.1011688920,0.2671286091
