Instance,FV_avg_avg,FV_avg_sd,FV_sd_avg,FV_sd_sd,FV_r1_avg,FV_r1_sd,FV_kr_avg,FV_kr_sd,FV_sk_avg,FV_sk_sd,FD_avg_avg,FD_avg_sd,FD_sd_avg,FD_sd_sd,FD_r1_avg,FD_r1_sd,FD_kr_avg,FD_kr_sd,FD_sk_avg,FD_sk_sd,IN_avg_avg,IN_avg_sd,IN_sd_avg,IN_sd_sd,IN_r1_avg,IN_r1_sd,IN_kr_avg,IN_kr_sd,IN_sk_avg,IN_sk_sd
192,0.4856724718,0.2947138990,0.0024355634,0.0016930880,0.7871967874,0.1188861932,2.3627284785,0.4720822197,0.0889531266,0.5333100337,-0.0000398485,0.0001939872,0.0003114418,0.0002088725,0.0125980017,0.1829450681,2.7946282946,0.5469364188,-0.0125003908,0.4440051197,0.4914000000,0.0454713096,0.1072474167,0.0156968665,-0.0286429607,0.1757369694,2.8182084239,0.6980435369,-0.0614651401,0.4459727920
