Instance,FV_avg_avg,FV_avg_sd,FV_sd_avg,FV_sd_sd,FV_r1_avg,FV_r1_sd,FV_kr_avg,FV_kr_sd,FV_sk_avg,FV_sk_sd,FD_avg_avg,FD_avg_sd,FD_sd_avg,FD_sd_sd,FD_r1_avg,FD_r1_sd,FD_kr_avg,FD_kr_sd,FD_sk_avg,FD_sk_sd,IN_avg_avg,IN_avg_sd,IN_sd_avg,IN_sd_sd,IN_r1_avg,IN_r1_sd,IN_kr_avg,IN_kr_sd,IN_sk_avg,IN_sk_sd
75,0.4958310393,0.3011472101,0.0004929957,0.0003438936,0.4847867587,0.2567328828,2.3813995915,0.7074346734,-0.0196283133,0.5516844203,-0.0000061784,0.0000293210,0.0000378413,0.0000250968,-0.0429174023,0.2657919161,2.3762690061,0.6297221786,-0.0077889566,0.5960414014,0.4941000000,0.0258667741,0.0435663104,0.0108201940,-0.1208329891,0.3005818440,2.4056103180,0.4877331534,0.0734907939,0.4651866510
