Instance,INF_avg,INF_sd,INF_r1,INF_kr,INF_sk,SUP_avg,SUP_sd,SUP_r1,SUP_kr,SUP_sk,INC_avg,INC_sd,INC_r1,INC_kr,INC_sk,IND_avg,IND_sd,IND_r1,IND_kr,IND_sk
403,0.2244000000,0.0640362397,-0.2089418022,2.6047757193,0.2316404604,0.2620000000,0.0590931468,-0.1691963116,3.4892793740,0.3303073435,0.5136000000,0.0713795489,-0.1504202586,2.9525640014,-0.2467902528,0.1172000000,0.0339434824,-0.2971767248,5.5092584523,0.8576204159
