Instance,FV_avg_avg,FV_avg_sd,FV_sd_avg,FV_sd_sd,FV_r1_avg,FV_r1_sd,FV_kr_avg,FV_kr_sd,FV_sk_avg,FV_sk_sd,FD_avg_avg,FD_avg_sd,FD_sd_avg,FD_sd_sd,FD_r1_avg,FD_r1_sd,FD_kr_avg,FD_kr_sd,FD_sk_avg,FD_sk_sd,IN_avg_avg,IN_avg_sd,IN_sd_avg,IN_sd_sd,IN_r1_avg,IN_r1_sd,IN_kr_avg,IN_kr_sd,IN_sk_avg,IN_sk_sd
315,0.4992836335,0.3024856174,0.0010691221,0.0008581305,0.9185473917,0.0503519052,2.3903923300,0.5190541414,0.0385217740,0.4277362250,-0.0000120184,0.0000241610,0.0000563580,0.0000356030,0.0731755266,0.1103194918,3.0730629282,0.6100710131,-0.0838549313,0.2741346336,0.4879200000,0.0300406658,0.0725377995,0.0085964904,0.0141098418,0.1107537666,2.8458207984,0.6635040643,-0.0945749332,0.3959112732
