Instance,INF_avg,INF_sd,INF_r1,INF_kr,INF_sk,SUP_avg,SUP_sd,SUP_r1,SUP_kr,SUP_sk,INC_avg,INC_sd,INC_r1,INC_kr,INC_sk,IND_avg,IND_sd,IND_r1,IND_kr,IND_sk
383,0.2400000000,0.1095445115,-0.1997319035,3.0200000000,0.0730296743,0.2200000000,0.1131370850,0.0837696335,2.9492187500,0.4308931948,0.5400000000,0.1326649916,-0.1389961390,2.0371900826,-0.3494790585,0.3120000000,0.0992773892,-0.0944623223,2.6594176927,-0.4870257947
