Instance,FV_avg_avg,FV_avg_sd,FV_sd_avg,FV_sd_sd,FV_r1_avg,FV_r1_sd,FV_kr_avg,FV_kr_sd,FV_sk_avg,FV_sk_sd,FD_avg_avg,FD_avg_sd,FD_sd_avg,FD_sd_sd,FD_r1_avg,FD_r1_sd,FD_kr_avg,FD_kr_sd,FD_sk_avg,FD_sk_sd,IN_avg_avg,IN_avg_sd,IN_sd_avg,IN_sd_sd,IN_r1_avg,IN_r1_sd,IN_kr_avg,IN_kr_sd,IN_sk_avg,IN_sk_sd
492,0.4650188188,0.2825646204,0.0162099418,0.0098476592,0.9910359264,0.0031536920,2.0234532665,0.0746707568,0.4523584064,0.0674879909,-0.0002377200,0.0001495391,0.0001081380,0.0000655475,0.8716067192,0.0438953329,2.4456375957,0.3065338422,0.5615644194,0.1465058021,0.1990652605,0.0244101728,0.1329946503,0.0120572322,0.8295486489,0.0369347739,2.9591270650,0.5868219933,0.8160150059,0.3058362264
