Instance,INF_avg,INF_sd,INF_r1,INF_kr,INF_sk,SUP_avg,SUP_sd,SUP_r1,SUP_kr,SUP_sk,INC_avg,INC_sd,INC_r1,INC_kr,INC_sk,IND_avg,IND_sd,IND_r1,IND_kr,IND_sk
431,0.2700000000,0.1486606875,-0.2903225806,3.0052005487,0.7049367380,0.2600000000,0.0916515139,0.1019417476,2.1020408163,0.0935219530,0.4700000000,0.1187434209,-0.0506980162,3.1415421759,-0.8385682959,0.3200000000,0.0748331477,-0.2500000000,1.8469387755,-0.3436215967
