Instance,FV_avg_avg,FV_avg_sd,FV_sd_avg,FV_sd_sd,FV_r1_avg,FV_r1_sd,FV_kr_avg,FV_kr_sd,FV_sk_avg,FV_sk_sd,FD_avg_avg,FD_avg_sd,FD_sd_avg,FD_sd_sd,FD_r1_avg,FD_r1_sd,FD_kr_avg,FD_kr_sd,FD_sk_avg,FD_sk_sd,IN_avg_avg,IN_avg_sd,IN_sd_avg,IN_sd_sd,IN_r1_avg,IN_r1_sd,IN_kr_avg,IN_kr_sd,IN_sk_avg,IN_sk_sd
452,0.4998627849,0.3034979416,0.0002292595,0.0001950229,0.0007912753,0.3637634648,1.9640517867,0.5326305606,0.1322271690,0.6225432341,0.0000015093,0.0000163528,0.0000205290,0.0000135484,-0.4568908468,0.4476576567,2.2153719034,0.3949525813,0.0101311469,0.6533905743,0.5017000000,0.0278300198,0.0328491926,0.0110013884,-0.4086861635,0.4616079044,1.9215418971,0.5211732229,-0.0859294133,0.5841346913
