Instance,FV_avg_avg,FV_avg_sd,FV_sd_avg,FV_sd_sd,FV_r1_avg,FV_r1_sd,FV_kr_avg,FV_kr_sd,FV_sk_avg,FV_sk_sd,FD_avg_avg,FD_avg_sd,FD_sd_avg,FD_sd_sd,FD_r1_avg,FD_r1_sd,FD_kr_avg,FD_kr_sd,FD_sk_avg,FD_sk_sd,IN_avg_avg,IN_avg_sd,IN_sd_avg,IN_sd_sd,IN_r1_avg,IN_r1_sd,IN_kr_avg,IN_kr_sd,IN_sk_avg,IN_sk_sd
35,0.5002438009,0.3032956891,0.0002683691,0.0002124102,0.7611256716,0.1808588539,2.2876695463,0.5657262346,0.0339286627,0.4217928494,-0.0000016209,0.0000069097,0.0000288340,0.0000179654,-0.0478740691,0.1951811946,2.7637836333,0.6542913367,0.1220270947,0.3501344663,0.4962000000,0.0220445004,0.1096225114,0.0142304252,-0.0547787035,0.1990059560,2.6540637032,0.6620994258,0.1033727088,0.3760313823
