Instance,FV_avg_avg,FV_avg_sd,FV_sd_avg,FV_sd_sd,FV_r1_avg,FV_r1_sd,FV_kr_avg,FV_kr_sd,FV_sk_avg,FV_sk_sd,FD_avg_avg,FD_avg_sd,FD_sd_avg,FD_sd_sd,FD_r1_avg,FD_r1_sd,FD_kr_avg,FD_kr_sd,FD_sk_avg,FD_sk_sd,IN_avg_avg,IN_avg_sd,IN_sd_avg,IN_sd_sd,IN_r1_avg,IN_r1_sd,IN_kr_avg,IN_kr_sd,IN_sk_avg,IN_sk_sd
34,0.4999645164,0.3035994466,0.0001637168,0.0001338118,0.2521804817,0.3151739616,1.9103664864,0.4190185875,-0.0099319183,0.4944514421,-0.0000022846,0.0000182610,0.0000169870,0.0000116328,-0.0926722232,0.4155942038,1.7178708285,0.5036962593,-0.0039874219,0.5077700074,0.4929000000,0.0388148168,0.0421407310,0.0131969234,-0.1927010605,0.3211076669,1.9371519045,0.5245058010,0.1013201920,0.5472615740
