Instance,INF_avg,INF_sd,INF_r1,INF_kr,INF_sk,SUP_avg,SUP_sd,SUP_r1,SUP_kr,SUP_sk,INC_avg,INC_sd,INC_r1,INC_kr,INC_sk,IND_avg,IND_sd,IND_r1,IND_kr,IND_sk
281,0.2600000000,0.1685229955,0.4969040248,2.3659988098,0.8925935288,0.3100000000,0.0830662386,-0.5465729350,1.4738500315,-0.1884300309,0.4300000000,0.1846618531,0.4181275643,2.5770074217,-0.7298749383,0.3600000000,0.0800000000,-0.2251655629,2.6640625000,-0.3281250000
