Instance,INF_avg,INF_sd,INF_r1,INF_kr,INF_sk,SUP_avg,SUP_sd,SUP_r1,SUP_kr,SUP_sk,INC_avg,INC_sd,INC_r1,INC_kr,INC_sk,IND_avg,IND_sd,IND_r1,IND_kr,IND_sk
362,0.2170000000,0.1249439875,-0.0616319148,3.3987228143,0.6300567185,0.2650000000,0.1306713435,-0.1565953824,3.4696745261,0.6390021387,0.5180000000,0.1532187978,-0.0139412664,2.3851541005,-0.0704861002,0.3630000000,0.1154599498,0.0538629798,3.2978728126,0.5200076488
