Instance,FV_avg_avg,FV_avg_sd,FV_sd_avg,FV_sd_sd,FV_r1_avg,FV_r1_sd,FV_kr_avg,FV_kr_sd,FV_sk_avg,FV_sk_sd,FD_avg_avg,FD_avg_sd,FD_sd_avg,FD_sd_sd,FD_r1_avg,FD_r1_sd,FD_kr_avg,FD_kr_sd,FD_sk_avg,FD_sk_sd,IN_avg_avg,IN_avg_sd,IN_sd_avg,IN_sd_sd,IN_r1_avg,IN_r1_sd,IN_kr_avg,IN_kr_sd,IN_sk_avg,IN_sk_sd
67,0.4919315839,0.2990109276,0.0048637356,0.0035935497,0.9624472991,0.1111203109,1.8484727957,0.0667474638,0.1439614256,0.1002350605,-0.0000567398,0.0000387355,0.0000745813,0.0000454667,0.0896957835,0.3200004759,2.6867490917,0.5299806783,-0.0917624383,0.2531565923,0.3953944748,0.0398039266,0.1666365830,0.0137394035,0.0441692187,0.2843255268,2.7384805974,0.5081375176,-0.0208346491,0.2644747885
