Instance,INF_avg,INF_sd,INF_r1,INF_kr,INF_sk,SUP_avg,SUP_sd,SUP_r1,SUP_kr,SUP_sk,INC_avg,INC_sd,INC_r1,INC_kr,INC_sk,IND_avg,IND_sd,IND_r1,IND_kr,IND_sk
501,0.3668000000,0.1627444623,0.7122443612,2.3969848744,0.1662744231,0.3033000000,0.1397662692,0.7701015720,2.1126444882,0.5813924506,0.3299000000,0.0971879108,0.5382903303,3.4588419485,0.5200355991,0.0181000000,0.0065490457,0.2182267002,2.9385379735,0.6722665825
