Instance,INF_avg,INF_sd,INF_r1,INF_kr,INF_sk,SUP_avg,SUP_sd,SUP_r1,SUP_kr,SUP_sk,INC_avg,INC_sd,INC_r1,INC_kr,INC_sk,IND_avg,IND_sd,IND_r1,IND_kr,IND_sk
389,0.2804000000,0.0331939754,0.3429306584,2.4270865946,-0.2343787000,0.2330000000,0.0396232255,0.0989707656,3.6538188162,0.4174351577,0.4866000000,0.0313598469,0.1489553472,2.9645729705,-0.1908076290,0.0324000000,0.0082607506,-0.1064412199,2.2522199423,-0.0978369125
