Instance,INF_avg,INF_sd,INF_r1,INF_kr,INF_sk,SUP_avg,SUP_sd,SUP_r1,SUP_kr,SUP_sk,INC_avg,INC_sd,INC_r1,INC_kr,INC_sk,IND_avg,IND_sd,IND_r1,IND_kr,IND_sk
45,0.2547000000,0.0310146739,0.2709663216,2.7370044792,-0.1560085575,0.2536000000,0.0333622541,0.1427480911,3.0314981613,0.0741247195,0.4917000000,0.0355121106,0.1722269266,3.0487050325,-0.1514820321,0.0316500000,0.0097738171,0.0814511267,2.7549360321,0.3120987903
