Instance,INF_avg,INF_sd,INF_r1,INF_kr,INF_sk,SUP_avg,SUP_sd,SUP_r1,SUP_kr,SUP_sk,INC_avg,INC_sd,INC_r1,INC_kr,INC_sk,IND_avg,IND_sd,IND_r1,IND_kr,IND_sk
250,0.2000000000,0.1183215957,0.2307692308,1.9387755102,-0.0000000000,0.2500000000,0.1024695077,0.2195121951,4.0476190476,1.1153143691,0.5500000000,0.1500000000,0.1011235955,3.3703703704,1.0666666667,0.3600000000,0.0800000000,-0.3245033113,2.0781250000,0.8437500000
