Instance,FV_avg_avg,FV_avg_sd,FV_sd_avg,FV_sd_sd,FV_r1_avg,FV_r1_sd,FV_kr_avg,FV_kr_sd,FV_sk_avg,FV_sk_sd,FD_avg_avg,FD_avg_sd,FD_sd_avg,FD_sd_sd,FD_r1_avg,FD_r1_sd,FD_kr_avg,FD_kr_sd,FD_sk_avg,FD_sk_sd,IN_avg_avg,IN_avg_sd,IN_sd_avg,IN_sd_sd,IN_r1_avg,IN_r1_sd,IN_kr_avg,IN_kr_sd,IN_sk_avg,IN_sk_sd
320,0.5013257993,0.3047801611,0.0003443273,0.0002283905,0.5049136048,0.2863284970,2.3642974217,0.5983696318,-0.0462188170,0.5897559949,0.0000111434,0.0000274938,0.0000651873,0.0000453358,-0.1889641882,0.2611218220,2.5809814266,0.9056430083,0.1067395453,0.6628304241,0.5080000000,0.0365171193,0.1116848899,0.0235368937,-0.2304303485,0.2472604973,2.6860928273,0.8270942725,0.0355910809,0.7150648495
