Instance,FV_avg_avg,FV_avg_sd,FV_sd_avg,FV_sd_sd,FV_r1_avg,FV_r1_sd,FV_kr_avg,FV_kr_sd,FV_sk_avg,FV_sk_sd,FD_avg_avg,FD_avg_sd,FD_sd_avg,FD_sd_sd,FD_r1_avg,FD_r1_sd,FD_kr_avg,FD_kr_sd,FD_sk_avg,FD_sk_sd,IN_avg_avg,IN_avg_sd,IN_sd_avg,IN_sd_sd,IN_r1_avg,IN_r1_sd,IN_kr_avg,IN_kr_sd,IN_sk_avg,IN_sk_sd
263,0.4942087843,0.3010390981,0.0009981028,0.0006937655,0.8924848529,0.0612700342,2.3723357197,0.4945663619,-0.0864429480,0.4604442483,0.0000088951,0.0000258115,0.0000392755,0.0000232282,0.0244194175,0.1131220371,2.9802620113,0.5210603521,-0.0141181551,0.3310185117,0.5044900000,0.0251909885,0.0495450026,0.0051035987,0.0069772530,0.0890199070,2.8119531425,0.4265081796,-0.0236568066,0.3402686137
