Instance,FV_avg_avg,FV_avg_sd,FV_sd_avg,FV_sd_sd,FV_r1_avg,FV_r1_sd,FV_kr_avg,FV_kr_sd,FV_sk_avg,FV_sk_sd,FD_avg_avg,FD_avg_sd,FD_sd_avg,FD_sd_sd,FD_r1_avg,FD_r1_sd,FD_kr_avg,FD_kr_sd,FD_sk_avg,FD_sk_sd,IN_avg_avg,IN_avg_sd,IN_sd_avg,IN_sd_sd,IN_r1_avg,IN_r1_sd,IN_kr_avg,IN_kr_sd,IN_sk_avg,IN_sk_sd
79,0.4786308951,0.2898205660,0.0042916484,0.0029524140,0.9141424327,0.0521690718,2.4719699312,0.6456995823,0.0678194735,0.4289947049,-0.0000163188,0.0001573611,0.0001829714,0.0001138522,0.2649050485,0.1877616445,2.8194624855,0.2839478584,-0.0019266419,0.3103955379,0.4956850000,0.0415773529,0.0583261952,0.0068197836,0.2085992010,0.1794907712,2.9185627154,0.4250508655,-0.0120812772,0.2602464022
