Instance,INF_avg,INF_sd,INF_r1,INF_kr,INF_sk,SUP_avg,SUP_sd,SUP_r1,SUP_kr,SUP_sk,INC_avg,INC_sd,INC_r1,INC_kr,INC_sk,IND_avg,IND_sd,IND_r1,IND_kr,IND_sk
295,0.2380000000,0.1070327053,0.1823635901,1.5376431759,-0.0047758597,0.2660000000,0.0770973411,-0.3387526408,3.0518857927,-0.0859936125,0.4960000000,0.1130663522,0.0083984179,2.0475230302,0.0369935735,0.2200000000,0.0509901951,0.2096505824,1.8668639053,0.0452575696
