Instance,INF_avg,INF_sd,INF_r1,INF_kr,INF_sk,SUP_avg,SUP_sd,SUP_r1,SUP_kr,SUP_sk,INC_avg,INC_sd,INC_r1,INC_kr,INC_sk,IND_avg,IND_sd,IND_r1,IND_kr,IND_sk
137,0.2410000000,0.1291084815,-0.0884743888,2.3061831647,0.3035589347,0.2970000000,0.1354289482,0.2905136517,2.7670541495,0.5344799510,0.4620000000,0.1358528616,0.1910427151,3.3777667110,0.4402567774,0.2210000000,0.0742226381,-0.3018509954,2.4496707825,0.2841137861
