Instance,FV_avg_avg,FV_avg_sd,FV_sd_avg,FV_sd_sd,FV_r1_avg,FV_r1_sd,FV_kr_avg,FV_kr_sd,FV_sk_avg,FV_sk_sd,FD_avg_avg,FD_avg_sd,FD_sd_avg,FD_sd_sd,FD_r1_avg,FD_r1_sd,FD_kr_avg,FD_kr_sd,FD_sk_avg,FD_sk_sd,IN_avg_avg,IN_avg_sd,IN_sd_avg,IN_sd_sd,IN_r1_avg,IN_r1_sd,IN_kr_avg,IN_kr_sd,IN_sk_avg,IN_sk_sd
446,0.4715340909,0.2840830295,0.0133689806,0.0092000121,0.9405943509,0.1185256688,1.9064679341,0.1423536821,0.2887297921,0.1880262593,-0.0004088896,0.0003267656,0.0004423681,0.0002745790,0.1874411276,0.2520218482,3.0250215150,0.6363729168,0.1485336112,0.5000668415,0.3666978126,0.0458435250,0.1787083719,0.0232915060,0.1331825528,0.3407194763,2.6928295222,0.4354150489,0.0233058377,0.4649343340
