Instance,FV_avg_avg,FV_avg_sd,FV_sd_avg,FV_sd_sd,FV_r1_avg,FV_r1_sd,FV_kr_avg,FV_kr_sd,FV_sk_avg,FV_sk_sd,FD_avg_avg,FD_avg_sd,FD_sd_avg,FD_sd_sd,FD_r1_avg,FD_r1_sd,FD_kr_avg,FD_kr_sd,FD_sk_avg,FD_sk_sd,IN_avg_avg,IN_avg_sd,IN_sd_avg,IN_sd_sd,IN_r1_avg,IN_r1_sd,IN_kr_avg,IN_kr_sd,IN_sk_avg,IN_sk_sd
10,0.4969813403,0.3014097058,0.0009445950,0.0007059399,0.8859580140,0.1177980654,2.2428094404,0.5302122719,-0.0362109982,0.3662894006,-0.0000005268,0.0000148428,0.0000776332,0.0000471901,-0.0259577219,0.1239158705,2.7457178677,0.7162034134,0.0461469517,0.3875553483,0.5016500000,0.0178193013,0.1133504449,0.0113545868,-0.0308948246,0.1399797455,2.6649017180,0.2743306337,-0.0635153037,0.3187828125
