Instance,FV_avg_avg,FV_avg_sd,FV_sd_avg,FV_sd_sd,FV_r1_avg,FV_r1_sd,FV_kr_avg,FV_kr_sd,FV_sk_avg,FV_sk_sd,FD_avg_avg,FD_avg_sd,FD_sd_avg,FD_sd_sd,FD_r1_avg,FD_r1_sd,FD_kr_avg,FD_kr_sd,FD_sk_avg,FD_sk_sd,IN_avg_avg,IN_avg_sd,IN_sd_avg,IN_sd_sd,IN_r1_avg,IN_r1_sd,IN_kr_avg,IN_kr_sd,IN_sk_avg,IN_sk_sd
190,0.4940358985,0.3006658216,0.0005679404,0.0004023828,0.9131174112,0.0600582221,2.3697762188,0.6016704584,0.0883062606,0.5269657406,-0.0000038016,0.0000122373,0.0000631753,0.0000368718,0.0288919170,0.1224805953,2.9147820667,0.6292716302,-0.1398940966,0.3390050524,0.5005000000,0.0272387591,0.1587785495,0.0147367641,0.0120407213,0.1177072783,2.6396988541,0.4691156581,0.0017358850,0.3574703177
