Instance,FV_avg_avg,FV_avg_sd,FV_sd_avg,FV_sd_sd,FV_r1_avg,FV_r1_sd,FV_kr_avg,FV_kr_sd,FV_sk_avg,FV_sk_sd,FD_avg_avg,FD_avg_sd,FD_sd_avg,FD_sd_sd,FD_r1_avg,FD_r1_sd,FD_kr_avg,FD_kr_sd,FD_sk_avg,FD_sk_sd,IN_avg_avg,IN_avg_sd,IN_sd_avg,IN_sd_sd,IN_r1_avg,IN_r1_sd,IN_kr_avg,IN_kr_sd,IN_sk_avg,IN_sk_sd
364,0.4566256165,0.2772384280,0.0181455381,0.0110242978,0.9925564106,0.0018588225,2.1371555356,0.1092074723,0.5827395624,0.0828086388,-0.0001850238,0.0001137465,0.0000824962,0.0000498052,0.9408791856,0.0068034653,2.3681139995,0.1855786116,0.6461332282,0.0970083712,0.1826726068,0.0194518990,0.1398425095,0.0078440838,0.9265146929,0.0117675005,2.6845230802,0.3324993922,0.8371132680,0.1505642372
