Instance,FV_avg_avg,FV_avg_sd,FV_sd_avg,FV_sd_sd,FV_r1_avg,FV_r1_sd,FV_kr_avg,FV_kr_sd,FV_sk_avg,FV_sk_sd,FD_avg_avg,FD_avg_sd,FD_sd_avg,FD_sd_sd,FD_r1_avg,FD_r1_sd,FD_kr_avg,FD_kr_sd,FD_sk_avg,FD_sk_sd,IN_avg_avg,IN_avg_sd,IN_sd_avg,IN_sd_sd,IN_r1_avg,IN_r1_sd,IN_kr_avg,IN_kr_sd,IN_sk_avg,IN_sk_sd
395,0.4530148927,0.2747445271,0.0214282081,0.0135182640,0.9952876631,0.0017914750,1.9044442324,0.0507647206,0.3324716608,0.0639996829,-0.0001692469,0.0001047602,0.0000813038,0.0000488828,0.8678841216,0.0215373589,2.3825896640,0.2244111064,0.4816581481,0.1356854602,0.2207447914,0.0197670060,0.1337385872,0.0089357928,0.8164506575,0.0368732781,2.6780191439,0.2666751548,0.6788453707,0.1455336584
