Instance,INF_avg,INF_sd,INF_r1,INF_kr,INF_sk,SUP_avg,SUP_sd,SUP_r1,SUP_kr,SUP_sk,INC_avg,INC_sd,INC_r1,INC_kr,INC_sk,IND_avg,IND_sd,IND_r1,IND_kr,IND_sk
28,0.4341666667,0.0765896352,0.3145305248,2.6111875734,0.2526743397,0.1229166667,0.0525974624,0.4543257776,2.9687324437,0.2400860213,0.4429166667,0.0538500361,0.0886111050,2.1282315789,-0.1103489658,0.1137500000,0.0351559028,-0.0330336894,2.3906063953,0.0671561626
