Instance,INF_avg,INF_sd,INF_r1,INF_kr,INF_sk,SUP_avg,SUP_sd,SUP_r1,SUP_kr,SUP_sk,INC_avg,INC_sd,INC_r1,INC_kr,INC_sk,IND_avg,IND_sd,IND_r1,IND_kr,IND_sk
229,0.2480000000,0.1403424383,0.1732836851,2.3629960122,0.0409466131,0.2830000000,0.1463249808,0.0504890686,2.3080843559,0.1234849746,0.4690000000,0.1671496336,0.0658226834,2.3310984634,-0.0817735594,0.3560000000,0.1061319933,0.0613070480,3.1880064405,0.3948503057
