Instance,FV_avg_avg,FV_avg_sd,FV_sd_avg,FV_sd_sd,FV_r1_avg,FV_r1_sd,FV_kr_avg,FV_kr_sd,FV_sk_avg,FV_sk_sd,FD_avg_avg,FD_avg_sd,FD_sd_avg,FD_sd_sd,FD_r1_avg,FD_r1_sd,FD_kr_avg,FD_kr_sd,FD_sk_avg,FD_sk_sd,IN_avg_avg,IN_avg_sd,IN_sd_avg,IN_sd_sd,IN_r1_avg,IN_r1_sd,IN_kr_avg,IN_kr_sd,IN_sk_avg,IN_sk_sd
303,0.4906326992,0.2970964467,0.0092533463,0.0070845530,0.9590827637,0.1047416959,1.8171729648,0.1220616725,0.1611910819,0.1380973702,-0.0002270380,0.0001624078,0.0002328540,0.0001493761,0.1415074672,0.1730152014,2.5516108356,0.4608388429,-0.0591278653,0.2881777104,0.3505629854,0.0357500336,0.1695403769,0.0216526474,0.0948474767,0.2695715386,2.6920246548,0.4176659511,0.1595643240,0.3720984099
