Instance,FV_avg_avg,FV_avg_sd,FV_sd_avg,FV_sd_sd,FV_r1_avg,FV_r1_sd,FV_kr_avg,FV_kr_sd,FV_sk_avg,FV_sk_sd,FD_avg_avg,FD_avg_sd,FD_sd_avg,FD_sd_sd,FD_r1_avg,FD_r1_sd,FD_kr_avg,FD_kr_sd,FD_sk_avg,FD_sk_sd,IN_avg_avg,IN_avg_sd,IN_sd_avg,IN_sd_sd,IN_r1_avg,IN_r1_sd,IN_kr_avg,IN_kr_sd,IN_sk_avg,IN_sk_sd
226,0.4636539216,0.2810814069,0.0190879866,0.0111293181,0.9637805158,0.0151828706,2.3764830371,0.2433229342,0.7553968454,0.1424049898,-0.0010057957,0.0006149572,0.0003708702,0.0002154424,0.9288692425,0.0239319624,2.8347677416,0.4925940295,0.8729371801,0.2334287914,0.1326550335,0.0169915191,0.1340003771,0.0172157106,0.9225056499,0.0213086730,3.1575748168,0.5274833709,1.0887120002,0.2163746493
