Instance,FV_avg_avg,FV_avg_sd,FV_sd_avg,FV_sd_sd,FV_r1_avg,FV_r1_sd,FV_kr_avg,FV_kr_sd,FV_sk_avg,FV_sk_sd,FD_avg_avg,FD_avg_sd,FD_sd_avg,FD_sd_sd,FD_r1_avg,FD_r1_sd,FD_kr_avg,FD_kr_sd,FD_sk_avg,FD_sk_sd,IN_avg_avg,IN_avg_sd,IN_sd_avg,IN_sd_sd,IN_r1_avg,IN_r1_sd,IN_kr_avg,IN_kr_sd,IN_sk_avg,IN_sk_sd
171,0.4987924319,0.3020674660,0.0008889159,0.0005759402,0.9199935056,0.0699201939,2.1078032879,0.4482205944,0.0241616293,0.4213676090,-0.0000004348,0.0000198659,0.0000626812,0.0000381767,0.0183850668,0.0836805814,2.8813060150,0.6765157226,-0.0338292913,0.2607724946,0.4951000000,0.0176207264,0.1063455041,0.0095464003,-0.0165404059,0.1085739133,2.6603759337,0.4534538476,-0.0125000992,0.2656562407
