Instance,FV_avg_avg,FV_avg_sd,FV_sd_avg,FV_sd_sd,FV_r1_avg,FV_r1_sd,FV_kr_avg,FV_kr_sd,FV_sk_avg,FV_sk_sd,FD_avg_avg,FD_avg_sd,FD_sd_avg,FD_sd_sd,FD_r1_avg,FD_r1_sd,FD_kr_avg,FD_kr_sd,FD_sk_avg,FD_sk_sd,IN_avg_avg,IN_avg_sd,IN_sd_avg,IN_sd_sd,IN_r1_avg,IN_r1_sd,IN_kr_avg,IN_kr_sd,IN_sk_avg,IN_sk_sd
178,0.4505146085,0.2734475009,0.0209202382,0.0121104651,0.9225604096,0.0099889987,2.6656106732,0.3457199406,0.8863735561,0.1833581116,-0.0022677783,0.0013934161,0.0009497134,0.0005518719,0.8671332772,0.0398254353,2.7523054726,0.4572301387,0.8519559764,0.2653770953,0.1498212814,0.0256416425,0.1431576300,0.0182235961,0.8634432121,0.0261729703,3.0535044234,0.6561467531,1.0716546730,0.2779746148
