Instance,FV_avg_avg,FV_avg_sd,FV_sd_avg,FV_sd_sd,FV_r1_avg,FV_r1_sd,FV_kr_avg,FV_kr_sd,FV_sk_avg,FV_sk_sd,FD_avg_avg,FD_avg_sd,FD_sd_avg,FD_sd_sd,FD_r1_avg,FD_r1_sd,FD_kr_avg,FD_kr_sd,FD_sk_avg,FD_sk_sd,IN_avg_avg,IN_avg_sd,IN_sd_avg,IN_sd_sd,IN_r1_avg,IN_r1_sd,IN_kr_avg,IN_kr_sd,IN_sk_avg,IN_sk_sd
281,0.4975047597,0.3022229570,0.0002876847,0.0001861029,0.2743084865,0.4512161009,1.9352434899,0.4221795507,-0.0129405402,0.5710456489,0.0000077602,0.0000276118,0.0000343384,0.0000242323,-0.2944790684,0.3887856726,1.9062798868,0.5579807527,-0.0627039164,0.5556293388,0.4936000000,0.0302892720,0.0540699759,0.0193400544,-0.3290244409,0.3505264956,2.3758067863,0.4706021494,0.3593813612,0.7435120262
