Instance,INF_avg,INF_sd,INF_r1,INF_kr,INF_sk,SUP_avg,SUP_sd,SUP_r1,SUP_kr,SUP_sk,INC_avg,INC_sd,INC_r1,INC_kr,INC_sk,IND_avg,IND_sd,IND_r1,IND_kr,IND_sk
309,0.2720000000,0.0638748777,0.0063774506,3.1534486736,0.6711650932,0.2740000000,0.0750732975,0.1468194581,2.8498378819,0.1778815148,0.4540000000,0.0691953756,-0.1393526178,3.1406565704,0.4621688894,0.0984000000,0.0317086739,0.0365518295,3.8500685361,0.6132211762
