Instance,INF_avg,INF_sd,INF_r1,INF_kr,INF_sk,SUP_avg,SUP_sd,SUP_r1,SUP_kr,SUP_sk,INC_avg,INC_sd,INC_r1,INC_kr,INC_sk,IND_avg,IND_sd,IND_r1,IND_kr,IND_sk
122,0.2200000000,0.0748331477,-0.4028776978,1.8469387755,-0.3436215967,0.3000000000,0.1673320053,0.5185185185,3.7244897959,1.2806020814,0.4800000000,0.1469693846,0.4246031746,2.1954732510,-0.4082482905,0.4200000000,0.1248999600,0.1821561338,3.6074950690,0.5419722129
