Instance,FV_avg_avg,FV_avg_sd,FV_sd_avg,FV_sd_sd,FV_r1_avg,FV_r1_sd,FV_kr_avg,FV_kr_sd,FV_sk_avg,FV_sk_sd,FD_avg_avg,FD_avg_sd,FD_sd_avg,FD_sd_sd,FD_r1_avg,FD_r1_sd,FD_kr_avg,FD_kr_sd,FD_sk_avg,FD_sk_sd,IN_avg_avg,IN_avg_sd,IN_sd_avg,IN_sd_sd,IN_r1_avg,IN_r1_sd,IN_kr_avg,IN_kr_sd,IN_sk_avg,IN_sk_sd
455,0.4852759601,0.2955443915,0.0028748252,0.0019927910,0.8965029958,0.0641182106,2.3862265912,0.6741276792,0.0738961170,0.4315588361,-0.0000426555,0.0001822003,0.0001187258,0.0000700146,0.3996496505,0.1800898736,3.0125401341,0.7028973900,-0.0010581729,0.4790563145,0.4794150000,0.0443602105,0.0464571989,0.0084813423,0.3523054187,0.2260221138,2.8875324571,0.5261235528,0.0364771112,0.4203025906
