Instance,INF_avg,INF_sd,INF_r1,INF_kr,INF_sk,SUP_avg,SUP_sd,SUP_r1,SUP_kr,SUP_sk,INC_avg,INC_sd,INC_r1,INC_kr,INC_sk,IND_avg,IND_sd,IND_r1,IND_kr,IND_sk
319,0.2328000000,0.0690228948,0.0217786862,2.9855956357,0.4001966277,0.2552000000,0.0734367755,0.2034974997,3.2532147636,-0.2702513723,0.5120000000,0.0709929574,-0.0026789131,3.1590627362,0.3104264993,0.1212000000,0.0397814027,0.0672124150,2.9290488343,0.6490367816
