Instance,INF_avg,INF_sd,INF_r1,INF_kr,INF_sk,SUP_avg,SUP_sd,SUP_r1,SUP_kr,SUP_sk,INC_avg,INC_sd,INC_r1,INC_kr,INC_sk,IND_avg,IND_sd,IND_r1,IND_kr,IND_sk
42,0.2655000000,0.1052841394,-0.0498469572,3.2121463553,0.4366445006,0.3085000000,0.1120390557,0.0312880879,3.7665577510,0.6349842557,0.4260000000,0.1107880860,-0.0108755584,3.1431522733,0.2960348295,0.2225000000,0.0722409164,0.1603831261,3.9322356485,0.8357762959
