Instance,INF_avg,INF_sd,INF_r1,INF_kr,INF_sk,SUP_avg,SUP_sd,SUP_r1,SUP_kr,SUP_sk,INC_avg,INC_sd,INC_r1,INC_kr,INC_sk,IND_avg,IND_sd,IND_r1,IND_kr,IND_sk
90,0.3122222222,0.0943725216,0.3213439381,2.5981302029,-0.1163951672,0.1877777778,0.1070594620,0.0753020793,3.1574642740,0.7401273608,0.5000000000,0.1100504935,-0.0346534653,2.8198383974,-0.0750281119,0.2444444444,0.0660153368,-0.0217460825,2.7004670610,-0.0848707313
