Instance,INF_avg,INF_sd,INF_r1,INF_kr,INF_sk,SUP_avg,SUP_sd,SUP_r1,SUP_kr,SUP_sk,INC_avg,INC_sd,INC_r1,INC_kr,INC_sk,IND_avg,IND_sd,IND_r1,IND_kr,IND_sk
364,0.2680000000,0.1489160838,-0.3133927022,2.6396525552,0.1216292670,0.2560000000,0.1471869559,0.1212040174,2.6325532532,0.1834100618,0.4760000000,0.1726962652,0.0534533116,1.7970986296,-0.2793611961,0.3680000000,0.1008761617,-0.1738517712,2.5810193426,0.2042481914
