Instance,INF_avg,INF_sd,INF_r1,INF_kr,INF_sk,SUP_avg,SUP_sd,SUP_r1,SUP_kr,SUP_sk,INC_avg,INC_sd,INC_r1,INC_kr,INC_sk,IND_avg,IND_sd,IND_r1,IND_kr,IND_sk
298,0.2480000000,0.0964157663,-0.2045141809,2.5263159844,0.4583205675,0.4560000000,0.0778716893,-0.2720698847,4.0042240725,0.9437078774,0.2960000000,0.1066958293,0.1226204403,1.6012415744,0.0054930520,0.1600000000,0.0600000000,0.0950226244,4.6481481481,1.1388888889
