Instance,INF_avg,INF_sd,INF_r1,INF_kr,INF_sk,SUP_avg,SUP_sd,SUP_r1,SUP_kr,SUP_sk,INC_avg,INC_sd,INC_r1,INC_kr,INC_sk,IND_avg,IND_sd,IND_r1,IND_kr,IND_sk
377,0.3328440367,0.0848105470,0.6836986952,2.1771894640,0.0762359914,0.1271559633,0.0672949382,0.6888302853,3.4747323113,0.8298241935,0.5400000000,0.0547722558,0.2360685854,3.0717431193,0.0123949447,0.0786238532,0.0185466380,0.0441706636,3.5425002200,-0.1609565441
