Instance,INF_avg,INF_sd,INF_r1,INF_kr,INF_sk,SUP_avg,SUP_sd,SUP_r1,SUP_kr,SUP_sk,INC_avg,INC_sd,INC_r1,INC_kr,INC_sk,IND_avg,IND_sd,IND_r1,IND_kr,IND_sk
378,0.2360000000,0.0387814389,-0.3881748072,1.8155273880,0.6122692079,0.2480000000,0.0203960781,0.2975206612,1.9556213018,0.2715454179,0.5160000000,0.0344093011,-0.6167664671,1.9945215486,-0.3958703373,0.1320000000,0.0240000000,-0.5648854962,1.3981481481,0.1111111111
