Instance,INF_avg,INF_sd,INF_r1,INF_kr,INF_sk,SUP_avg,SUP_sd,SUP_r1,SUP_kr,SUP_sk,INC_avg,INC_sd,INC_r1,INC_kr,INC_sk,IND_avg,IND_sd,IND_r1,IND_kr,IND_sk
37,0.2400000000,0.0877496439,0.0180912428,3.7552707033,0.6393632342,0.2620000000,0.1097998179,0.1335269286,2.9610393699,0.5773431242,0.4980000000,0.1104355015,-0.0166764190,2.7654031921,-0.4059897697,0.2410000000,0.0816639455,0.1221487903,2.7764870015,0.4008175636
