Instance,INF_avg,INF_sd,INF_r1,INF_kr,INF_sk,SUP_avg,SUP_sd,SUP_r1,SUP_kr,SUP_sk,INC_avg,INC_sd,INC_r1,INC_kr,INC_sk,IND_avg,IND_sd,IND_r1,IND_kr,IND_sk
248,0.5496551724,0.1581462169,0.8397806665,1.8225933332,-0.3499012667,0.0772413793,0.0574694253,0.7366561282,2.7968123485,0.8795292975,0.3731034483,0.1102380949,0.7476398223,1.5952702587,0.2170639582,0.0624137931,0.0154596633,-0.0003854307,2.2894260043,0.2650631421
