Instance,INF_avg,INF_sd,INF_r1,INF_kr,INF_sk,SUP_avg,SUP_sd,SUP_r1,SUP_kr,SUP_sk,INC_avg,INC_sd,INC_r1,INC_kr,INC_sk,IND_avg,IND_sd,IND_r1,IND_kr,IND_sk
476,0.2810000000,0.1085771615,-0.1518239521,2.2847154027,0.2705684597,0.1960000000,0.1014100587,0.0143725501,1.8925566422,0.3533144418,0.5230000000,0.1188318139,0.0509774932,2.5501897791,0.5279924343,0.2340000000,0.0724154680,0.0626115015,2.3520903044,0.3312945060
