Instance,INF_avg,INF_sd,INF_r1,INF_kr,INF_sk,SUP_avg,SUP_sd,SUP_r1,SUP_kr,SUP_sk,INC_avg,INC_sd,INC_r1,INC_kr,INC_sk,IND_avg,IND_sd,IND_r1,IND_kr,IND_sk
119,0.2620000000,0.0653911309,-0.0410992703,2.4439554728,0.2355259715,0.2262000000,0.0515903092,0.2224042561,2.8396271066,0.1382023072,0.5118000000,0.0740321552,0.1380303618,2.4682061135,-0.1062271672,0.1186000000,0.0366884178,-0.0665725831,2.4509410051,0.2101104738
