Instance,INF_avg,INF_sd,INF_r1,INF_kr,INF_sk,SUP_avg,SUP_sd,SUP_r1,SUP_kr,SUP_sk,INC_avg,INC_sd,INC_r1,INC_kr,INC_sk,IND_avg,IND_sd,IND_r1,IND_kr,IND_sk
43,0.2360000000,0.0458693798,0.5479962721,1.4866558719,-0.1894949366,0.2720000000,0.0406939799,0.3281653747,2.2658755163,-0.7856448195,0.4920000000,0.0391918359,-0.2848027842,1.5389811198,0.2288423034,0.0880000000,0.0160000000,-0.0188087774,2.5908203125,-0.5507812500
