Instance,INF_avg,INF_sd,INF_r1,INF_kr,INF_sk,SUP_avg,SUP_sd,SUP_r1,SUP_kr,SUP_sk,INC_avg,INC_sd,INC_r1,INC_kr,INC_sk,IND_avg,IND_sd,IND_r1,IND_kr,IND_sk
302,0.2413500000,0.0499692656,0.5892721284,2.1734552889,0.0879920295,0.2346000000,0.0573047991,0.7003760909,2.5306202513,0.3787504037,0.5240500000,0.0427942461,0.1732056161,2.9162305484,-0.0521691081,0.0337000000,0.0106681770,0.1113696700,3.5371038280,0.5321076824
