Instance,INF_avg,INF_sd,INF_r1,INF_kr,INF_sk,SUP_avg,SUP_sd,SUP_r1,SUP_kr,SUP_sk,INC_avg,INC_sd,INC_r1,INC_kr,INC_sk,IND_avg,IND_sd,IND_r1,IND_kr,IND_sk
270,0.2530000000,0.0295972972,-0.2428876245,2.6770735598,0.8924593150,0.2615000000,0.0286400070,-0.2606452794,2.3724765004,0.5179643177,0.4855000000,0.0362939389,-0.0956816911,1.8292902754,-0.3516865970,0.0395000000,0.0072284161,-0.0950721752,6.5441954168,2.1605320670
