Instance,INF_avg,INF_sd,INF_r1,INF_kr,INF_sk,SUP_avg,SUP_sd,SUP_r1,SUP_kr,SUP_sk,INC_avg,INC_sd,INC_r1,INC_kr,INC_sk,IND_avg,IND_sd,IND_r1,IND_kr,IND_sk
247,0.2820000000,0.1145687566,-0.0540735334,2.2729851290,-0.0035668937,0.2350000000,0.1013656747,0.0552624409,2.5765712966,0.2311498149,0.4830000000,0.1084481443,-0.0878449002,2.6811461208,0.1350290763,0.2305000000,0.0681524027,0.1361263236,2.4609019782,0.2539331177
