Instance,FV_avg_avg,FV_avg_sd,FV_sd_avg,FV_sd_sd,FV_r1_avg,FV_r1_sd,FV_kr_avg,FV_kr_sd,FV_sk_avg,FV_sk_sd,FD_avg_avg,FD_avg_sd,FD_sd_avg,FD_sd_sd,FD_r1_avg,FD_r1_sd,FD_kr_avg,FD_kr_sd,FD_sk_avg,FD_sk_sd,IN_avg_avg,IN_avg_sd,IN_sd_avg,IN_sd_sd,IN_r1_avg,IN_r1_sd,IN_kr_avg,IN_kr_sd,IN_sk_avg,IN_sk_sd
456,0.4936754587,0.3011359780,0.0010273565,0.0007157203,0.7800079091,0.2074668505,2.3345522572,0.6891706372,0.0537174250,0.4382949097,0.0000078268,0.0000556222,0.0000582945,0.0000372433,0.0519625651,0.1788238023,2.6015317415,0.5501650962,-0.0848564106,0.4219837812,0.4994000000,0.0371357510,0.0510191441,0.0070443547,0.0468783762,0.1835739069,2.7241126850,1.1173415311,-0.2233584753,0.4723267330
