Instance,FV_avg_avg,FV_avg_sd,FV_sd_avg,FV_sd_sd,FV_r1_avg,FV_r1_sd,FV_kr_avg,FV_kr_sd,FV_sk_avg,FV_sk_sd,FD_avg_avg,FD_avg_sd,FD_sd_avg,FD_sd_sd,FD_r1_avg,FD_r1_sd,FD_kr_avg,FD_kr_sd,FD_sk_avg,FD_sk_sd,IN_avg_avg,IN_avg_sd,IN_sd_avg,IN_sd_sd,IN_r1_avg,IN_r1_sd,IN_kr_avg,IN_kr_sd,IN_sk_avg,IN_sk_sd
184,0.4974699456,0.3012779771,0.0003839616,0.0003096302,0.7973810097,0.1600720326,2.3402397505,0.7924163826,0.2562305943,0.3226247661,-0.0000030154,0.0000132253,0.0000201179,0.0000132298,0.0324613223,0.2427204949,2.9698470262,0.8070931508,0.0672484980,0.5174113515,0.4960400000,0.0269042450,0.0511347515,0.0071636014,-0.0225056628,0.1698876775,2.9276825171,0.9709157065,0.0220941761,0.3958012302
