Instance,INF_avg,INF_sd,INF_r1,INF_kr,INF_sk,SUP_avg,SUP_sd,SUP_r1,SUP_kr,SUP_sk,INC_avg,INC_sd,INC_r1,INC_kr,INC_sk,IND_avg,IND_sd,IND_r1,IND_kr,IND_sk
428,0.2698000000,0.0382486601,-0.1384281406,2.2902827345,-0.1908136112,0.2050000000,0.0330756708,0.1169317119,2.1837996183,-0.0505737441,0.5252000000,0.0387680281,-0.0474165429,2.3428775268,-0.5724835858,0.0330000000,0.0093808315,0.1054313099,2.7246900826,0.4433605806
