Instance,INF_avg,INF_sd,INF_r1,INF_kr,INF_sk,SUP_avg,SUP_sd,SUP_r1,SUP_kr,SUP_sk,INC_avg,INC_sd,INC_r1,INC_kr,INC_sk,IND_avg,IND_sd,IND_r1,IND_kr,IND_sk
264,0.3878181818,0.0906981188,0.5176668517,2.8638014255,0.3906389846,0.1598181818,0.0817755444,0.6793895326,2.0292295884,0.1661280947,0.4523636364,0.0735579830,0.0294995750,2.8148039422,0.3037904659,0.1220000000,0.0348451118,-0.0941899543,2.6760380668,0.3209686035
