Instance,INF_avg,INF_sd,INF_r1,INF_kr,INF_sk,SUP_avg,SUP_sd,SUP_r1,SUP_kr,SUP_sk,INC_avg,INC_sd,INC_r1,INC_kr,INC_sk,IND_avg,IND_sd,IND_r1,IND_kr,IND_sk
486,0.2240000000,0.1556406117,0.2077584104,2.0982769362,0.2339502065,0.2880000000,0.1423235750,0.0542977012,4.2039973645,0.7114154126,0.4880000000,0.1818130908,0.1297932221,1.6004246131,0.0185929698,0.3560000000,0.0852291030,0.4678956274,2.4156397368,-0.1873158011
