Instance,FV_avg_avg,FV_avg_sd,FV_sd_avg,FV_sd_sd,FV_r1_avg,FV_r1_sd,FV_kr_avg,FV_kr_sd,FV_sk_avg,FV_sk_sd,FD_avg_avg,FD_avg_sd,FD_sd_avg,FD_sd_sd,FD_r1_avg,FD_r1_sd,FD_kr_avg,FD_kr_sd,FD_sk_avg,FD_sk_sd,IN_avg_avg,IN_avg_sd,IN_sd_avg,IN_sd_sd,IN_r1_avg,IN_r1_sd,IN_kr_avg,IN_kr_sd,IN_sk_avg,IN_sk_sd
229,0.4771412357,0.2898961358,0.0096246491,0.0063884473,0.9922384338,0.0036638033,1.8712507447,0.0611704521,0.2254424343,0.0579652480,-0.0001366387,0.0000850715,0.0000751314,0.0000451264,0.5051579047,0.1147626218,2.7989349291,0.2621475531,0.3028948601,0.2414275502,0.2781381523,0.0273809638,0.1319016972,0.0107123706,0.4215507316,0.1003646634,3.0371782672,0.5207913065,0.4664084738,0.3063511689
