Instance,FV_avg_avg,FV_avg_sd,FV_sd_avg,FV_sd_sd,FV_r1_avg,FV_r1_sd,FV_kr_avg,FV_kr_sd,FV_sk_avg,FV_sk_sd,FD_avg_avg,FD_avg_sd,FD_sd_avg,FD_sd_sd,FD_r1_avg,FD_r1_sd,FD_kr_avg,FD_kr_sd,FD_sk_avg,FD_sk_sd,IN_avg_avg,IN_avg_sd,IN_sd_avg,IN_sd_sd,IN_r1_avg,IN_r1_sd,IN_kr_avg,IN_kr_sd,IN_sk_avg,IN_sk_sd
384,0.4958986074,0.3012657818,0.0002685403,0.0002061554,0.4717866194,0.3448474885,2.4828138357,0.8103038844,0.0274077041,0.6892509994,-0.0000017755,0.0000138029,0.0000122274,0.0000081191,-0.1264965689,0.2917944512,2.3945497946,0.7973313413,-0.0565804652,0.5495589902,0.4972250000,0.0282703356,0.0298519458,0.0070939292,-0.1636508692,0.3435010938,2.5827957550,1.1247057115,-0.2178212281,0.7290488706
