Instance,INF_avg,INF_sd,INF_r1,INF_kr,INF_sk,SUP_avg,SUP_sd,SUP_r1,SUP_kr,SUP_sk,INC_avg,INC_sd,INC_r1,INC_kr,INC_sk,IND_avg,IND_sd,IND_r1,IND_kr,IND_sk
196,0.2065000000,0.0268374738,0.3069685080,5.3209108835,-1.6442063566,0.3090000000,0.0359722115,0.6011541073,2.0355761582,-0.1781385360,0.4845000000,0.0242332416,0.2481977343,1.4204022581,0.1506221872,0.0415000000,0.0092330927,-0.4319317848,2.9485212545,0.1276804722
