Instance,INF_avg,INF_sd,INF_r1,INF_kr,INF_sk,SUP_avg,SUP_sd,SUP_r1,SUP_kr,SUP_sk,INC_avg,INC_sd,INC_r1,INC_kr,INC_sk,IND_avg,IND_sd,IND_r1,IND_kr,IND_sk
211,0.2348000000,0.0458798431,0.1207205928,2.4473403611,-0.2006934398,0.2452000000,0.0420590062,0.3047676793,2.4601935404,0.0825747075,0.5200000000,0.0619031502,0.2531356899,1.9782318766,0.2468668738,0.0804000000,0.0232344572,-0.0364629395,2.9967492619,0.0472082614
