Instance,INF_avg,INF_sd,INF_r1,INF_kr,INF_sk,SUP_avg,SUP_sd,SUP_r1,SUP_kr,SUP_sk,INC_avg,INC_sd,INC_r1,INC_kr,INC_sk,IND_avg,IND_sd,IND_r1,IND_kr,IND_sk
379,0.2550000000,0.1275735082,-0.0895276765,2.4058201845,-0.0104755725,0.2340000000,0.1436802004,0.0553369650,2.8343205028,0.2815139113,0.5110000000,0.1666703333,-0.0000075813,2.8216769612,0.0069033364,0.3630000000,0.1230081298,0.0647463744,2.3194370032,-0.0428779582
