Instance,INF_avg,INF_sd,INF_r1,INF_kr,INF_sk,SUP_avg,SUP_sd,SUP_r1,SUP_kr,SUP_sk,INC_avg,INC_sd,INC_r1,INC_kr,INC_sk,IND_avg,IND_sd,IND_r1,IND_kr,IND_sk
257,0.2700000000,0.1029563014,0.3666026871,1.3209327163,-0.1319482681,0.2600000000,0.0374165739,-0.0144927536,1.8469387755,-0.3436215967,0.4700000000,0.0748331477,0.3478260870,1.8469387755,-0.3436215967,0.2200000000,0.0509901951,-0.6115702479,1.9556213018,0.2715454179
