Instance,INF_avg,INF_sd,INF_r1,INF_kr,INF_sk,SUP_avg,SUP_sd,SUP_r1,SUP_kr,SUP_sk,INC_avg,INC_sd,INC_r1,INC_kr,INC_sk,IND_avg,IND_sd,IND_r1,IND_kr,IND_sk
290,0.2775000000,0.0445112345,-0.3663225347,1.4548955607,0.0769663557,0.2420000000,0.0292574777,-0.4224398501,1.9730052843,-0.2333455699,0.4805000000,0.0340183774,-0.2309427048,3.6677475136,-0.0952174904,0.0310000000,0.0099498744,-0.0262891810,2.1882460973,-0.2010075631
