Instance,INF_avg,INF_sd,INF_r1,INF_kr,INF_sk,SUP_avg,SUP_sd,SUP_r1,SUP_kr,SUP_sk,INC_avg,INC_sd,INC_r1,INC_kr,INC_sk,IND_avg,IND_sd,IND_r1,IND_kr,IND_sk
491,0.3333333333,0.1920648039,0.4429708223,2.1741181594,0.1421876179,0.2400000000,0.1356465997,-0.0256410256,4.2542533081,0.8525991378,0.4266666667,0.1339983416,0.1235304439,2.3046269974,0.3371796815,0.3466666667,0.0718021974,-0.0739856802,2.7520808561,0.1168599973
