Instance,FV_avg_avg,FV_avg_sd,FV_sd_avg,FV_sd_sd,FV_r1_avg,FV_r1_sd,FV_kr_avg,FV_kr_sd,FV_sk_avg,FV_sk_sd,FD_avg_avg,FD_avg_sd,FD_sd_avg,FD_sd_sd,FD_r1_avg,FD_r1_sd,FD_kr_avg,FD_kr_sd,FD_sk_avg,FD_sk_sd,IN_avg_avg,IN_avg_sd,IN_sd_avg,IN_sd_sd,IN_r1_avg,IN_r1_sd,IN_kr_avg,IN_kr_sd,IN_sk_avg,IN_sk_sd
75,0.5025168977,0.3053972956,0.0007884774,0.0006490031,0.7791339011,0.1692197592,2.3701178347,0.4331345742,0.0874572608,0.4592286217,-0.0000038512,0.0000293992,0.0000310573,0.0000181696,-0.0211878947,0.2035805429,2.8591354986,0.5533457622,-0.0913631413,0.4865504621,0.4937200000,0.0139683070,0.0355313984,0.0050958541,-0.0380451901,0.1765218862,2.9663923340,0.6325791021,-0.1349537549,0.3868605132
