Instance,FV_avg_avg,FV_avg_sd,FV_sd_avg,FV_sd_sd,FV_r1_avg,FV_r1_sd,FV_kr_avg,FV_kr_sd,FV_sk_avg,FV_sk_sd,FD_avg_avg,FD_avg_sd,FD_sd_avg,FD_sd_sd,FD_r1_avg,FD_r1_sd,FD_kr_avg,FD_kr_sd,FD_sk_avg,FD_sk_sd,IN_avg_avg,IN_avg_sd,IN_sd_avg,IN_sd_sd,IN_r1_avg,IN_r1_sd,IN_kr_avg,IN_kr_sd,IN_sk_avg,IN_sk_sd
289,0.4402065554,0.2664907843,0.0227294154,0.0139881166,0.9696455891,0.0075643695,2.3873690378,0.2818137602,0.7728949982,0.1793190470,-0.0009612142,0.0005992529,0.0003921203,0.0002410034,0.9469236042,0.0161891605,2.4691942351,0.3220095493,0.7623740107,0.1931579338,0.1446130469,0.0239935963,0.1399553842,0.0117542916,0.9356764238,0.0161777107,2.9020510909,0.4740736602,1.0006702141,0.2204474029
