Instance,INF_avg,INF_sd,INF_r1,INF_kr,INF_sk,SUP_avg,SUP_sd,SUP_r1,SUP_kr,SUP_sk,INC_avg,INC_sd,INC_r1,INC_kr,INC_sk,IND_avg,IND_sd,IND_r1,IND_kr,IND_sk
349,0.2470000000,0.0333316666,0.2148465382,2.2213727223,-0.3449497412,0.2355000000,0.0332001506,0.0788198737,2.1404010261,-0.0386939523,0.5175000000,0.0268560980,-0.4882096070,2.1736316151,-0.2342544765,0.0345000000,0.0085000000,0.1221826809,1.8574609978,0.4005699165
