Instance,FV_avg_avg,FV_avg_sd,FV_sd_avg,FV_sd_sd,FV_r1_avg,FV_r1_sd,FV_kr_avg,FV_kr_sd,FV_sk_avg,FV_sk_sd,FD_avg_avg,FD_avg_sd,FD_sd_avg,FD_sd_sd,FD_r1_avg,FD_r1_sd,FD_kr_avg,FD_kr_sd,FD_sk_avg,FD_sk_sd,IN_avg_avg,IN_avg_sd,IN_sd_avg,IN_sd_sd,IN_r1_avg,IN_r1_sd,IN_kr_avg,IN_kr_sd,IN_sk_avg,IN_sk_sd
320,0.4984642147,0.3037606108,0.0011476121,0.0009592225,0.9503349910,0.0296332658,2.4840752791,0.5792251134,0.0658276621,0.5428391181,0.0000053461,0.0000156484,0.0000316498,0.0000197010,0.0385717788,0.1206243760,2.9841377147,0.5878000565,-0.0537755242,0.1650040060,0.5057950000,0.0184759431,0.0513004330,0.0032362125,0.0148982419,0.1047731756,3.2730576053,0.7417604578,-0.0760365628,0.2814154914
