Instance,FV_avg_avg,FV_avg_sd,FV_sd_avg,FV_sd_sd,FV_r1_avg,FV_r1_sd,FV_kr_avg,FV_kr_sd,FV_sk_avg,FV_sk_sd,FD_avg_avg,FD_avg_sd,FD_sd_avg,FD_sd_sd,FD_r1_avg,FD_r1_sd,FD_kr_avg,FD_kr_sd,FD_sk_avg,FD_sk_sd,IN_avg_avg,IN_avg_sd,IN_sd_avg,IN_sd_sd,IN_r1_avg,IN_r1_sd,IN_kr_avg,IN_kr_sd,IN_sk_avg,IN_sk_sd
4,0.4606677779,0.2823834484,0.0182937164,0.0112810949,0.9939917843,0.0025045103,2.0645597486,0.1740936756,0.5374291732,0.1593345867,-0.0001357028,0.0000833969,0.0000665812,0.0000411900,0.9313238192,0.0267362762,2.2141272010,0.2250237880,0.5219370014,0.2183969334,0.2015858529,0.0475616631,0.1389777701,0.0158848140,0.9161663595,0.0415012458,2.3764403018,0.3213178454,0.6612798374,0.2452610855
