Instance,FV_avg_avg,FV_avg_sd,FV_sd_avg,FV_sd_sd,FV_r1_avg,FV_r1_sd,FV_kr_avg,FV_kr_sd,FV_sk_avg,FV_sk_sd,FD_avg_avg,FD_avg_sd,FD_sd_avg,FD_sd_sd,FD_r1_avg,FD_r1_sd,FD_kr_avg,FD_kr_sd,FD_sk_avg,FD_sk_sd,IN_avg_avg,IN_avg_sd,IN_sd_avg,IN_sd_sd,IN_r1_avg,IN_r1_sd,IN_kr_avg,IN_kr_sd,IN_sk_avg,IN_sk_sd
153,0.4967005966,0.3020188216,0.0007977151,0.0005934957,0.9151867400,0.0618094097,2.3677980377,0.6529045687,0.0975859185,0.4214315978,0.0000062199,0.0000163223,0.0000588673,0.0000384516,0.0130597970,0.1684667520,2.7633186960,0.5762622565,0.0893014729,0.3431599353,0.5084000000,0.0254428772,0.1120833785,0.0109277751,-0.0172401517,0.1319825392,2.8604511618,0.5174433121,-0.0483942092,0.2656853995
