Instance,FV_avg_avg,FV_avg_sd,FV_sd_avg,FV_sd_sd,FV_r1_avg,FV_r1_sd,FV_kr_avg,FV_kr_sd,FV_sk_avg,FV_sk_sd,FD_avg_avg,FD_avg_sd,FD_sd_avg,FD_sd_sd,FD_r1_avg,FD_r1_sd,FD_kr_avg,FD_kr_sd,FD_sk_avg,FD_sk_sd,IN_avg_avg,IN_avg_sd,IN_sd_avg,IN_sd_sd,IN_r1_avg,IN_r1_sd,IN_kr_avg,IN_kr_sd,IN_sk_avg,IN_sk_sd
152,0.4998407982,0.3031219842,0.0001994544,0.0001744516,0.5085469274,0.3597648966,2.0549381574,0.4127838822,0.0365128211,0.5088257842,-0.0000019291,0.0000120702,0.0000196515,0.0000122154,-0.1529871499,0.2950875156,2.3383312383,0.6186572498,0.0145061466,0.4736337105,0.4931000000,0.0309352550,0.0635989488,0.0186701289,-0.2608017329,0.2364960920,2.3182980227,0.4515505057,-0.0557514820,0.4548194604
