Instance,FV_avg_avg,FV_avg_sd,FV_sd_avg,FV_sd_sd,FV_r1_avg,FV_r1_sd,FV_kr_avg,FV_kr_sd,FV_sk_avg,FV_sk_sd,FD_avg_avg,FD_avg_sd,FD_sd_avg,FD_sd_sd,FD_r1_avg,FD_r1_sd,FD_kr_avg,FD_kr_sd,FD_sk_avg,FD_sk_sd,IN_avg_avg,IN_avg_sd,IN_sd_avg,IN_sd_sd,IN_r1_avg,IN_r1_sd,IN_kr_avg,IN_kr_sd,IN_sk_avg,IN_sk_sd
45,0.4984674826,0.3015814838,0.0009386003,0.0006241816,0.6175873810,0.2671945190,2.1998496024,0.5167411575,-0.1636681049,0.5125336286,-0.0000250699,0.0001178294,0.0001780580,0.0001116009,-0.0908041599,0.3115504004,2.3991654842,0.6443731220,0.2119952343,0.4244849144,0.4975000000,0.0529032135,0.1069182340,0.0162324130,-0.1166575715,0.3074954186,2.1337855426,0.4472490437,0.1509051934,0.3589172769
