Instance,FV_avg_avg,FV_avg_sd,FV_sd_avg,FV_sd_sd,FV_r1_avg,FV_r1_sd,FV_kr_avg,FV_kr_sd,FV_sk_avg,FV_sk_sd,FD_avg_avg,FD_avg_sd,FD_sd_avg,FD_sd_sd,FD_r1_avg,FD_r1_sd,FD_kr_avg,FD_kr_sd,FD_sk_avg,FD_sk_sd,IN_avg_avg,IN_avg_sd,IN_sd_avg,IN_sd_sd,IN_r1_avg,IN_r1_sd,IN_kr_avg,IN_kr_sd,IN_sk_avg,IN_sk_sd
476,0.5005463879,0.3037850521,0.0008619103,0.0005451398,0.9507798674,0.0309999541,2.3620787948,0.6867359402,-0.0451857285,0.5328767319,0.0000007509,0.0000083856,0.0000530071,0.0000319114,0.0106174455,0.0954431712,2.7755151151,0.4117988430,0.0580939287,0.1585738487,0.5014000000,0.0182829155,0.1102331287,0.0082117198,0.0249659915,0.0866428021,2.6936965219,0.3344905760,-0.0481100396,0.1635731100
