Instance,FV_avg_avg,FV_avg_sd,FV_sd_avg,FV_sd_sd,FV_r1_avg,FV_r1_sd,FV_kr_avg,FV_kr_sd,FV_sk_avg,FV_sk_sd,FD_avg_avg,FD_avg_sd,FD_sd_avg,FD_sd_sd,FD_r1_avg,FD_r1_sd,FD_kr_avg,FD_kr_sd,FD_sk_avg,FD_sk_sd,IN_avg_avg,IN_avg_sd,IN_sd_avg,IN_sd_sd,IN_r1_avg,IN_r1_sd,IN_kr_avg,IN_kr_sd,IN_sk_avg,IN_sk_sd
82,0.4952485013,0.3012816174,0.0035333457,0.0023094385,0.9894113143,0.0102880875,1.8351720205,0.0650235841,0.1091115278,0.1007933315,-0.0000502968,0.0000328197,0.0000556751,0.0000335309,0.1312373713,0.1876344555,2.9553665020,0.3089515204,0.0352563320,0.3015087446,0.3787317145,0.0408932423,0.1603709417,0.0147112831,0.0145526431,0.2072217438,2.8609523407,0.3782623921,0.0106275022,0.3193675093
