Instance,INF_avg,INF_sd,INF_r1,INF_kr,INF_sk,SUP_avg,SUP_sd,SUP_r1,SUP_kr,SUP_sk,INC_avg,INC_sd,INC_r1,INC_kr,INC_sk,IND_avg,IND_sd,IND_r1,IND_kr,IND_sk
456,0.2470000000,0.1212064355,-0.1107846459,3.5865716755,0.3564699577,0.2390000000,0.1295337794,-0.0489320437,3.1012341986,0.4083549698,0.5140000000,0.1581265316,0.0206399158,3.0757516039,-0.2005444997,0.3810000000,0.1128671786,-0.0321626652,2.7112268085,0.3359138721
