Instance,FV_avg_avg,FV_avg_sd,FV_sd_avg,FV_sd_sd,FV_r1_avg,FV_r1_sd,FV_kr_avg,FV_kr_sd,FV_sk_avg,FV_sk_sd,FD_avg_avg,FD_avg_sd,FD_sd_avg,FD_sd_sd,FD_r1_avg,FD_r1_sd,FD_kr_avg,FD_kr_sd,FD_sk_avg,FD_sk_sd,IN_avg_avg,IN_avg_sd,IN_sd_avg,IN_sd_sd,IN_r1_avg,IN_r1_sd,IN_kr_avg,IN_kr_sd,IN_sk_avg,IN_sk_sd
411,0.4929059382,0.3000837370,0.0005180084,0.0004891675,0.4503738905,0.2861871011,2.5412277998,1.1749864582,-0.2996870381,0.6671021310,-0.0000099700,0.0000291757,0.0000910327,0.0000578121,-0.1571905078,0.2302645753,2.3220013690,0.6415292718,0.0659876393,0.4710974638,0.4942500000,0.0399460574,0.1074418936,0.0285480209,-0.2038820298,0.2644354477,2.3908290407,0.4887505792,-0.0264190638,0.4702703966
