Instance,FV_avg_avg,FV_avg_sd,FV_sd_avg,FV_sd_sd,FV_r1_avg,FV_r1_sd,FV_kr_avg,FV_kr_sd,FV_sk_avg,FV_sk_sd,FD_avg_avg,FD_avg_sd,FD_sd_avg,FD_sd_sd,FD_r1_avg,FD_r1_sd,FD_kr_avg,FD_kr_sd,FD_sk_avg,FD_sk_sd,IN_avg_avg,IN_avg_sd,IN_sd_avg,IN_sd_sd,IN_r1_avg,IN_r1_sd,IN_kr_avg,IN_kr_sd,IN_sk_avg,IN_sk_sd
130,0.4794927139,0.2926737873,0.0086514198,0.0059024166,0.9644624070,0.0165483572,1.8623458084,0.1319130239,0.1529050086,0.1511455614,-0.0003943080,0.0002206851,0.0004062095,0.0002736302,0.1933259099,0.3028863790,2.8979824600,0.6376253895,0.0520129331,0.5067764681,0.3378453238,0.0393417397,0.1692487099,0.0231030364,0.1226530041,0.2571196255,2.5643286147,0.3779535374,0.0711990697,0.3716604507
