Instance,FV_avg_avg,FV_avg_sd,FV_sd_avg,FV_sd_sd,FV_r1_avg,FV_r1_sd,FV_kr_avg,FV_kr_sd,FV_sk_avg,FV_sk_sd,FD_avg_avg,FD_avg_sd,FD_sd_avg,FD_sd_sd,FD_r1_avg,FD_r1_sd,FD_kr_avg,FD_kr_sd,FD_sk_avg,FD_sk_sd,IN_avg_avg,IN_avg_sd,IN_sd_avg,IN_sd_sd,IN_r1_avg,IN_r1_sd,IN_kr_avg,IN_kr_sd,IN_sk_avg,IN_sk_sd
434,0.4987531541,0.3035153733,0.0001436207,0.0001211830,0.1398106950,0.4058025492,2.0321448592,0.4583732688,0.1502388160,0.6566507404,-0.0000072283,0.0000256725,0.0000439593,0.0000296559,-0.2090204279,0.3511358270,2.0767555899,0.5590315322,0.1757396003,0.6025477562,0.4720000000,0.0591269820,0.1472028720,0.0495107512,-0.1711645765,0.3444733712,2.2108287516,0.5279479159,0.1993562513,0.7186464198
