Instance,INF_avg,INF_sd,INF_r1,INF_kr,INF_sk,SUP_avg,SUP_sd,SUP_r1,SUP_kr,SUP_sk,INC_avg,INC_sd,INC_r1,INC_kr,INC_sk,IND_avg,IND_sd,IND_r1,IND_kr,IND_sk
53,0.2760000000,0.0376297754,0.2620156800,2.6347313990,0.4116826434,0.2140000000,0.0452548340,0.0791296553,2.8475036621,0.3262772989,0.5100000000,0.0463896540,-0.1095617530,1.7711543511,-0.0336570367,0.0652000000,0.0162775920,-0.0077368970,2.3521887909,0.2981782072
