Instance,INF_avg,INF_sd,INF_r1,INF_kr,INF_sk,SUP_avg,SUP_sd,SUP_r1,SUP_kr,SUP_sk,INC_avg,INC_sd,INC_r1,INC_kr,INC_sk,IND_avg,IND_sd,IND_r1,IND_kr,IND_sk
466,0.2236000000,0.0358753397,-0.5641208588,2.3637273712,0.3138915138,0.3040000000,0.0537401154,0.1632380741,2.8522379356,0.1268029364,0.4724000000,0.0531623927,-0.1469974322,5.1602552062,1.0832452164,0.0700000000,0.0195959179,-0.2736842105,2.7343750000,0.2551551815
