Instance,INF_avg,INF_sd,INF_r1,INF_kr,INF_sk,SUP_avg,SUP_sd,SUP_r1,SUP_kr,SUP_sk,INC_avg,INC_sd,INC_r1,INC_kr,INC_sk,IND_avg,IND_sd,IND_r1,IND_kr,IND_sk
481,0.2920000000,0.1368795091,-0.0892503281,3.4284833957,0.4718817912,0.2240000000,0.1484048517,0.0745854346,2.7564419042,0.5753300137,0.4840000000,0.1514727698,0.0244390042,2.3787500802,-0.0559913941,0.3620000000,0.1007769815,-0.2408071513,2.6883394935,0.2273161117
