Instance,INF_avg,INF_sd,INF_r1,INF_kr,INF_sk,SUP_avg,SUP_sd,SUP_r1,SUP_kr,SUP_sk,INC_avg,INC_sd,INC_r1,INC_kr,INC_sk,IND_avg,IND_sd,IND_r1,IND_kr,IND_sk
113,0.2730000000,0.0468721666,-0.0529048005,2.9455238440,0.0611780266,0.2340000000,0.0448998886,0.2660819940,2.0308720711,0.1089725897,0.4930000000,0.0512737750,-0.0280322304,2.9453163149,0.1968267446,0.0554000000,0.0185698681,0.0689911938,2.3614599279,-0.3628989809
