Instance,FV_avg_avg,FV_avg_sd,FV_sd_avg,FV_sd_sd,FV_r1_avg,FV_r1_sd,FV_kr_avg,FV_kr_sd,FV_sk_avg,FV_sk_sd,FD_avg_avg,FD_avg_sd,FD_sd_avg,FD_sd_sd,FD_r1_avg,FD_r1_sd,FD_kr_avg,FD_kr_sd,FD_sk_avg,FD_sk_sd,IN_avg_avg,IN_avg_sd,IN_sd_avg,IN_sd_sd,IN_r1_avg,IN_r1_sd,IN_kr_avg,IN_kr_sd,IN_sk_avg,IN_sk_sd
337,0.5018949696,0.3049269834,0.0003615188,0.0002501457,0.8019878555,0.0989351890,2.2290125546,0.4556035490,-0.1686791444,0.4723230472,0.0000023683,0.0000099340,0.0000151020,0.0000095865,-0.0415349339,0.1963589501,3.0368764896,1.2698124404,-0.0052105087,0.5839957795,0.5034900000,0.0213263663,0.0350075402,0.0049727387,-0.0261936179,0.2086458270,2.7465605542,0.6879843574,-0.0604228328,0.3676322739
