Instance,FV_avg_avg,FV_avg_sd,FV_sd_avg,FV_sd_sd,FV_r1_avg,FV_r1_sd,FV_kr_avg,FV_kr_sd,FV_sk_avg,FV_sk_sd,FD_avg_avg,FD_avg_sd,FD_sd_avg,FD_sd_sd,FD_r1_avg,FD_r1_sd,FD_kr_avg,FD_kr_sd,FD_sk_avg,FD_sk_sd,IN_avg_avg,IN_avg_sd,IN_sd_avg,IN_sd_sd,IN_r1_avg,IN_r1_sd,IN_kr_avg,IN_kr_sd,IN_sk_avg,IN_sk_sd
216,0.4927813071,0.2994948387,0.0015619595,0.0012680548,0.8027136605,0.1317415041,2.3757829381,0.4991106944,0.0527267929,0.4419976768,0.0000142105,0.0000610212,0.0000751458,0.0000524032,0.2945912041,0.2421761806,2.6969737951,0.6225494807,0.1257497494,0.3708161045,0.5047800000,0.0400271358,0.0398952120,0.0061442701,0.2358976043,0.2450387898,2.6399361576,0.5633521078,0.0155732243,0.2909899754
