Instance,FV_avg_avg,FV_avg_sd,FV_sd_avg,FV_sd_sd,FV_r1_avg,FV_r1_sd,FV_kr_avg,FV_kr_sd,FV_sk_avg,FV_sk_sd,FD_avg_avg,FD_avg_sd,FD_sd_avg,FD_sd_sd,FD_r1_avg,FD_r1_sd,FD_kr_avg,FD_kr_sd,FD_sk_avg,FD_sk_sd,IN_avg_avg,IN_avg_sd,IN_sd_avg,IN_sd_sd,IN_r1_avg,IN_r1_sd,IN_kr_avg,IN_kr_sd,IN_sk_avg,IN_sk_sd
367,0.4955108395,0.3004045481,0.0008030591,0.0005139168,0.0557355062,0.4688646204,1.9301018548,0.4960671486,-0.0437797144,0.6043191036,0.0000384378,0.0001254453,0.0001413329,0.0000876981,-0.1225547618,0.3704705624,1.9912329386,0.5634190634,0.0326269870,0.6807167011,0.5148000000,0.0317515354,0.0650207612,0.0211919942,-0.1106234473,0.4287621580,2.0443534697,0.6346917218,0.0700414465,0.7482450228
