Instance,INF_avg,INF_sd,INF_r1,INF_kr,INF_sk,SUP_avg,SUP_sd,SUP_r1,SUP_kr,SUP_sk,INC_avg,INC_sd,INC_r1,INC_kr,INC_sk,IND_avg,IND_sd,IND_r1,IND_kr,IND_sk
165,0.2568000000,0.0573215492,-0.0399265934,2.7585554054,0.0079432168,0.1984000000,0.0571090186,-0.2264847703,2.1316528000,-0.1358386821,0.5448000000,0.0588639108,0.1733606965,4.8561167813,0.7997308643,0.1264000000,0.0352000000,-0.2495862297,2.2533339594,0.3876784373
