Instance,FV_avg_avg,FV_avg_sd,FV_sd_avg,FV_sd_sd,FV_r1_avg,FV_r1_sd,FV_kr_avg,FV_kr_sd,FV_sk_avg,FV_sk_sd,FD_avg_avg,FD_avg_sd,FD_sd_avg,FD_sd_sd,FD_r1_avg,FD_r1_sd,FD_kr_avg,FD_kr_sd,FD_sk_avg,FD_sk_sd,IN_avg_avg,IN_avg_sd,IN_sd_avg,IN_sd_sd,IN_r1_avg,IN_r1_sd,IN_kr_avg,IN_kr_sd,IN_sk_avg,IN_sk_sd
37,0.4943846825,0.3009494181,0.0012139856,0.0007662849,0.8263577130,0.1366078899,2.3967056534,0.6608084983,-0.2108138873,0.3915796021,0.0000078708,0.0000722355,0.0001099852,0.0000691676,-0.0833997038,0.1334697296,2.8840345041,0.7052200533,0.0019487498,0.3534874483,0.4988000000,0.0308539787,0.0710187652,0.0083741861,-0.1300621789,0.1717947637,2.9347502707,1.2499785973,0.1421497689,0.3790319400
