Instance,FV_avg_avg,FV_avg_sd,FV_sd_avg,FV_sd_sd,FV_r1_avg,FV_r1_sd,FV_kr_avg,FV_kr_sd,FV_sk_avg,FV_sk_sd,FD_avg_avg,FD_avg_sd,FD_sd_avg,FD_sd_sd,FD_r1_avg,FD_r1_sd,FD_kr_avg,FD_kr_sd,FD_sk_avg,FD_sk_sd,IN_avg_avg,IN_avg_sd,IN_sd_avg,IN_sd_sd,IN_r1_avg,IN_r1_sd,IN_kr_avg,IN_kr_sd,IN_sk_avg,IN_sk_sd
309,0.4990606961,0.3024367482,0.0010804486,0.0006802245,0.8279328596,0.1190983965,2.1087372421,0.4623030787,0.0107104545,0.4170511573,0.0000031228,0.0000305659,0.0000387301,0.0000227630,0.0035049489,0.2400027988,2.4408359378,0.4437218217,-0.0472908639,0.3510468223,0.5068700000,0.0267456370,0.0353107628,0.0048655970,-0.0323174701,0.1554055445,2.6644190128,0.5268838364,-0.0597817684,0.4084529186
