Instance,INF_avg,INF_sd,INF_r1,INF_kr,INF_sk,SUP_avg,SUP_sd,SUP_r1,SUP_kr,SUP_sk,INC_avg,INC_sd,INC_r1,INC_kr,INC_sk,IND_avg,IND_sd,IND_r1,IND_kr,IND_sk
20,0.3178571429,0.1290170848,-0.2208353473,2.2960655305,-0.0977454843,0.1767857143,0.0839665568,0.2949891569,2.4275949720,0.0285675723,0.5053571429,0.1255980591,-0.0865683765,3.4646146668,-0.7026073797,0.2178571429,0.0657569737,-0.3537349910,1.8095648315,0.0759414341
