Instance,FV_avg_avg,FV_avg_sd,FV_sd_avg,FV_sd_sd,FV_r1_avg,FV_r1_sd,FV_kr_avg,FV_kr_sd,FV_sk_avg,FV_sk_sd,FD_avg_avg,FD_avg_sd,FD_sd_avg,FD_sd_sd,FD_r1_avg,FD_r1_sd,FD_kr_avg,FD_kr_sd,FD_sk_avg,FD_sk_sd,IN_avg_avg,IN_avg_sd,IN_sd_avg,IN_sd_sd,IN_r1_avg,IN_r1_sd,IN_kr_avg,IN_kr_sd,IN_sk_avg,IN_sk_sd
416,0.4979643388,0.3023315624,0.0001767798,0.0001569934,-0.0630620680,0.5357603875,2.0098085512,0.4263327772,-0.3003136040,0.5424639328,-0.0000070242,0.0000139851,0.0000260038,0.0000170503,-0.1126794020,0.3832851796,1.9835159844,0.4280767941,-0.1657695702,0.5275621040,0.4866000000,0.0251801509,0.0608032176,0.0225691987,-0.2525207254,0.3291761542,1.9838457877,0.4040236457,-0.0891778227,0.5863304799
