Instance,INF_avg,INF_sd,INF_r1,INF_kr,INF_sk,SUP_avg,SUP_sd,SUP_r1,SUP_kr,SUP_sk,INC_avg,INC_sd,INC_r1,INC_kr,INC_sk,IND_avg,IND_sd,IND_r1,IND_kr,IND_sk
220,0.2048000000,0.0497288649,0.0348471562,3.1577827019,-0.5012398137,0.3068000000,0.0777287592,-0.0315542122,2.3562797853,-0.0365537893,0.4884000000,0.0759041501,0.0043875597,2.3391530065,0.2275213656,0.1160000000,0.0370944740,0.1052382081,2.9913466739,0.5379099966
