Instance,FV_avg_avg,FV_avg_sd,FV_sd_avg,FV_sd_sd,FV_r1_avg,FV_r1_sd,FV_kr_avg,FV_kr_sd,FV_sk_avg,FV_sk_sd,FD_avg_avg,FD_avg_sd,FD_sd_avg,FD_sd_sd,FD_r1_avg,FD_r1_sd,FD_kr_avg,FD_kr_sd,FD_sk_avg,FD_sk_sd,IN_avg_avg,IN_avg_sd,IN_sd_avg,IN_sd_sd,IN_r1_avg,IN_r1_sd,IN_kr_avg,IN_kr_sd,IN_sk_avg,IN_sk_sd
49,0.4999230163,0.3032685532,0.0007553176,0.0005147888,0.7640982217,0.1459564027,2.3451859174,0.5575789255,-0.1759583014,0.4057307307,0.0000015204,0.0000288409,0.0000379524,0.0000243559,0.0018395756,0.1431100360,2.7030460900,0.5465270403,-0.1190685379,0.3446464506,0.5034800000,0.0281893881,0.0462467180,0.0053748557,-0.0603750148,0.1907162693,2.8575841928,0.9461988053,-0.0941978821,0.5455266874
