Instance,FV_avg_avg,FV_avg_sd,FV_sd_avg,FV_sd_sd,FV_r1_avg,FV_r1_sd,FV_kr_avg,FV_kr_sd,FV_sk_avg,FV_sk_sd,FD_avg_avg,FD_avg_sd,FD_sd_avg,FD_sd_sd,FD_r1_avg,FD_r1_sd,FD_kr_avg,FD_kr_sd,FD_sk_avg,FD_sk_sd,IN_avg_avg,IN_avg_sd,IN_sd_avg,IN_sd_sd,IN_r1_avg,IN_r1_sd,IN_kr_avg,IN_kr_sd,IN_sk_avg,IN_sk_sd
433,0.4981740853,0.3030730121,0.0000831057,0.0000653536,0.2231190678,0.4601532987,1.7936013928,0.4286387025,-0.1357816671,0.3891326024,-0.0000003638,0.0000064257,0.0000066614,0.0000040306,-0.3157449939,0.4003754743,1.8360783870,0.4055782457,0.0308618441,0.4377245787,0.5040000000,0.0198217053,0.0311158284,0.0136163587,-0.3529699320,0.4622147753,1.8714065138,0.4412256225,-0.0898478889,0.4451859396
