Instance,FV_avg_avg,FV_avg_sd,FV_sd_avg,FV_sd_sd,FV_r1_avg,FV_r1_sd,FV_kr_avg,FV_kr_sd,FV_sk_avg,FV_sk_sd,FD_avg_avg,FD_avg_sd,FD_sd_avg,FD_sd_sd,FD_r1_avg,FD_r1_sd,FD_kr_avg,FD_kr_sd,FD_sk_avg,FD_sk_sd,IN_avg_avg,IN_avg_sd,IN_sd_avg,IN_sd_sd,IN_r1_avg,IN_r1_sd,IN_kr_avg,IN_kr_sd,IN_sk_avg,IN_sk_sd
423,0.4880928692,0.2968698591,0.0009451019,0.0008023865,0.3949036934,0.3267959005,2.3445767525,0.6822058886,0.1952329839,0.5264359832,-0.0000090146,0.0001559079,0.0001098128,0.0000706240,-0.0376068930,0.3149317033,2.3481478149,0.6726787453,-0.0738475892,0.4877070995,0.4929000000,0.0546643394,0.0651091617,0.0131223877,-0.0565605883,0.3203831644,2.8278386074,0.9448861589,-0.1343111040,0.6530547484
