Instance,INF_avg,INF_sd,INF_r1,INF_kr,INF_sk,SUP_avg,SUP_sd,SUP_r1,SUP_kr,SUP_sk,INC_avg,INC_sd,INC_r1,INC_kr,INC_sk,IND_avg,IND_sd,IND_r1,IND_kr,IND_sk
205,0.3000000000,0.1658312395,-0.2935779817,2.0942148760,0.2960293201,0.1400000000,0.0860232527,0.2640364188,2.2136596056,0.0754038738,0.5600000000,0.1019803903,-0.5234375000,2.2052514793,0.1527442976,0.2700000000,0.0748331477,-0.3104838710,1.7991071429,-0.5225911784
