Instance,INF_avg,INF_sd,INF_r1,INF_kr,INF_sk,SUP_avg,SUP_sd,SUP_r1,SUP_kr,SUP_sk,INC_avg,INC_sd,INC_r1,INC_kr,INC_sk,IND_avg,IND_sd,IND_r1,IND_kr,IND_sk
144,0.2594000000,0.0706232256,0.1034849901,2.9263741791,-0.0406027170,0.2268000000,0.0611372227,0.1313531285,2.9674285450,0.4246317599,0.5138000000,0.0826895398,0.0457638678,3.6317251932,-0.0133412219,0.1148000000,0.0324493451,0.1197959821,3.0155885672,0.3396988622
