Instance,INF_avg,INF_sd,INF_r1,INF_kr,INF_sk,SUP_avg,SUP_sd,SUP_r1,SUP_kr,SUP_sk,INC_avg,INC_sd,INC_r1,INC_kr,INC_sk,IND_avg,IND_sd,IND_r1,IND_kr,IND_sk
49,0.2600000000,0.0340587727,-0.6666666667,2.3335315101,0.7289630311,0.2220000000,0.0453431362,-0.2106982442,1.7848945480,-0.3490890817,0.5180000000,0.0331058907,-0.5177610334,2.4098513506,-0.6508643867,0.0380000000,0.0074833148,-0.4814814815,1.8469387755,0.3436215967
