Instance,FV_avg_avg,FV_avg_sd,FV_sd_avg,FV_sd_sd,FV_r1_avg,FV_r1_sd,FV_kr_avg,FV_kr_sd,FV_sk_avg,FV_sk_sd,FD_avg_avg,FD_avg_sd,FD_sd_avg,FD_sd_sd,FD_r1_avg,FD_r1_sd,FD_kr_avg,FD_kr_sd,FD_sk_avg,FD_sk_sd,IN_avg_avg,IN_avg_sd,IN_sd_avg,IN_sd_sd,IN_r1_avg,IN_r1_sd,IN_kr_avg,IN_kr_sd,IN_sk_avg,IN_sk_sd
221,0.4529054226,0.2749437956,0.0202313027,0.0121611261,0.9905431392,0.0036700205,2.1027798457,0.1534708523,0.5402514982,0.1060324921,-0.0003558095,0.0002146678,0.0001131901,0.0000705132,0.8965243739,0.0213685361,3.7667224764,1.2193900637,1.0175812596,0.3216500118,0.1426736486,0.0067802012,0.1135255754,0.0115378535,0.8857669715,0.0235054999,3.9539532081,1.2207073214,1.1681110429,0.2891309573
