Instance,FV_avg_avg,FV_avg_sd,FV_sd_avg,FV_sd_sd,FV_r1_avg,FV_r1_sd,FV_kr_avg,FV_kr_sd,FV_sk_avg,FV_sk_sd,FD_avg_avg,FD_avg_sd,FD_sd_avg,FD_sd_sd,FD_r1_avg,FD_r1_sd,FD_kr_avg,FD_kr_sd,FD_sk_avg,FD_sk_sd,IN_avg_avg,IN_avg_sd,IN_sd_avg,IN_sd_sd,IN_r1_avg,IN_r1_sd,IN_kr_avg,IN_kr_sd,IN_sk_avg,IN_sk_sd
106,0.5004264088,0.3039366184,0.0003486299,0.0002210509,0.5302788025,0.3237342918,2.4592165469,0.7210545586,-0.0823588271,0.6598535283,-0.0000054840,0.0000288100,0.0000422703,0.0000272334,-0.2564717036,0.3479772334,2.3122753544,0.5818675059,-0.0730190784,0.5887581090,0.5016000000,0.0272807625,0.0632590015,0.0121449054,-0.2361895288,0.3657007239,2.4036171334,0.6565105790,-0.2276669184,0.5733704902
