Instance,FV_avg_avg,FV_avg_sd,FV_sd_avg,FV_sd_sd,FV_r1_avg,FV_r1_sd,FV_kr_avg,FV_kr_sd,FV_sk_avg,FV_sk_sd,FD_avg_avg,FD_avg_sd,FD_sd_avg,FD_sd_sd,FD_r1_avg,FD_r1_sd,FD_kr_avg,FD_kr_sd,FD_sk_avg,FD_sk_sd,IN_avg_avg,IN_avg_sd,IN_sd_avg,IN_sd_sd,IN_r1_avg,IN_r1_sd,IN_kr_avg,IN_kr_sd,IN_sk_avg,IN_sk_sd
116,0.4999974783,0.3040471174,0.0002348364,0.0001533049,0.5054725590,0.3837395763,2.4639679551,0.8312095123,0.2889898769,0.6515646541,-0.0000085937,0.0000327200,0.0000426525,0.0000253838,-0.0695672168,0.2554939142,2.4900141465,0.8476714345,0.1924070976,0.4994308712,0.4760000000,0.0459238500,0.1041272082,0.0239274845,-0.0880333473,0.2619632081,2.4672890245,0.6911582760,0.1735307789,0.5966373681
