Instance,FV_avg_avg,FV_avg_sd,FV_sd_avg,FV_sd_sd,FV_r1_avg,FV_r1_sd,FV_kr_avg,FV_kr_sd,FV_sk_avg,FV_sk_sd,FD_avg_avg,FD_avg_sd,FD_sd_avg,FD_sd_sd,FD_r1_avg,FD_r1_sd,FD_kr_avg,FD_kr_sd,FD_sk_avg,FD_sk_sd,IN_avg_avg,IN_avg_sd,IN_sd_avg,IN_sd_sd,IN_r1_avg,IN_r1_sd,IN_kr_avg,IN_kr_sd,IN_sk_avg,IN_sk_sd
320,0.4986438361,0.3029227609,0.0010493381,0.0007434314,0.9435842607,0.0407673727,2.6113198152,0.5569153094,-0.0131640831,0.5785375602,0.0000035614,0.0000175800,0.0000230560,0.0000142025,0.1123159834,0.1794933918,2.8467640713,0.4766258037,-0.0114574521,0.2293835248,0.5030275000,0.0224191686,0.0373865738,0.0027058683,0.0895589853,0.1457834247,2.9553836898,0.4751824951,-0.0566597043,0.2305157891
