Instance,FV_avg_avg,FV_avg_sd,FV_sd_avg,FV_sd_sd,FV_r1_avg,FV_r1_sd,FV_kr_avg,FV_kr_sd,FV_sk_avg,FV_sk_sd,FD_avg_avg,FD_avg_sd,FD_sd_avg,FD_sd_sd,FD_r1_avg,FD_r1_sd,FD_kr_avg,FD_kr_sd,FD_sk_avg,FD_sk_sd,IN_avg_avg,IN_avg_sd,IN_sd_avg,IN_sd_sd,IN_r1_avg,IN_r1_sd,IN_kr_avg,IN_kr_sd,IN_sk_avg,IN_sk_sd
199,0.4601338260,0.2801528417,0.0188532472,0.0114509423,0.9942476701,0.0016175860,2.0188768731,0.0767980523,0.4523789217,0.0712105227,-0.0001707638,0.0001022073,0.0000754286,0.0000461712,0.8508726481,0.0203745405,2.6964483867,0.3029393432,0.5866667455,0.1464394869,0.2100027856,0.0203408767,0.1296712191,0.0079107383,0.8074397366,0.0302134283,2.9165440467,0.3602580082,0.7621349024,0.1558754108
