Instance,FV_avg_avg,FV_avg_sd,FV_sd_avg,FV_sd_sd,FV_r1_avg,FV_r1_sd,FV_kr_avg,FV_kr_sd,FV_sk_avg,FV_sk_sd,FD_avg_avg,FD_avg_sd,FD_sd_avg,FD_sd_sd,FD_r1_avg,FD_r1_sd,FD_kr_avg,FD_kr_sd,FD_sk_avg,FD_sk_sd,IN_avg_avg,IN_avg_sd,IN_sd_avg,IN_sd_sd,IN_r1_avg,IN_r1_sd,IN_kr_avg,IN_kr_sd,IN_sk_avg,IN_sk_sd
301,0.4983451093,0.3027945094,0.0001612039,0.0000959412,0.3304498335,0.2544310256,1.7206939025,0.3920093278,0.1644106734,0.3704222551,0.0000020247,0.0000213999,0.0000136660,0.0000076301,-0.5334725880,0.2739294585,1.9246522068,0.5157035988,-0.0667182964,0.6032140085,0.4968000000,0.0373652245,0.0425672746,0.0151534530,-0.5105607427,0.3102961452,2.2252006008,0.5411385472,0.1115804594,0.7177453706
