Instance,INF_avg,INF_sd,INF_r1,INF_kr,INF_sk,SUP_avg,SUP_sd,SUP_r1,SUP_kr,SUP_sk,INC_avg,INC_sd,INC_r1,INC_kr,INC_sk,IND_avg,IND_sd,IND_r1,IND_kr,IND_sk
362,0.2546000000,0.0347252070,0.2605780532,3.6214788355,0.2779132110,0.2488000000,0.0307011400,0.2462338251,2.6269192918,0.4791313761,0.4966000000,0.0382810658,0.0424043895,2.4405595766,-0.0536235793,0.0330000000,0.0100000000,0.2084040747,1.8448000000,-0.0420000000
