Instance,INF_avg,INF_sd,INF_r1,INF_kr,INF_sk,SUP_avg,SUP_sd,SUP_r1,SUP_kr,SUP_sk,INC_avg,INC_sd,INC_r1,INC_kr,INC_sk,IND_avg,IND_sd,IND_r1,IND_kr,IND_sk
275,0.1700000000,0.0781024968,-0.0648918469,3.1542596076,-0.6800647393,0.3600000000,0.1113552873,-0.1494252874,1.6305931322,-0.0347623165,0.4700000000,0.1100000000,-0.1509229099,1.7606037839,-0.2885048835,0.3000000000,0.1000000000,-0.3333333333,2.2000000000,0.6000000000
