Instance,INF_avg,INF_sd,INF_r1,INF_kr,INF_sk,SUP_avg,SUP_sd,SUP_r1,SUP_kr,SUP_sk,INC_avg,INC_sd,INC_r1,INC_kr,INC_sk,IND_avg,IND_sd,IND_r1,IND_kr,IND_sk
97,0.2700000000,0.0871779789,0.3806646526,1.7957063712,0.0543353054,0.1300000000,0.0812403840,0.6236559140,1.4421487603,0.3804646085,0.6000000000,0.0447213595,-0.3333333333,1.2500000000,0.0000000000,0.2600000000,0.0583095189,-0.6044776119,1.6280276817,0.3631734744
