Instance,INF_avg,INF_sd,INF_r1,INF_kr,INF_sk,SUP_avg,SUP_sd,SUP_r1,SUP_kr,SUP_sk,INC_avg,INC_sd,INC_r1,INC_kr,INC_sk,IND_avg,IND_sd,IND_r1,IND_kr,IND_sk
15,0.3440000000,0.1387948126,0.1320649910,2.1237707089,-0.2797695682,0.1800000000,0.1131370850,0.0625000000,2.4804687500,0.5634757163,0.4760000000,0.1477294825,-0.0601020540,2.0618222238,-0.2527406363,0.3800000000,0.1264911064,0.1908713693,2.3050000000,-0.0948683298
