Instance,INF_avg,INF_sd,INF_r1,INF_kr,INF_sk,SUP_avg,SUP_sd,SUP_r1,SUP_kr,SUP_sk,INC_avg,INC_sd,INC_r1,INC_kr,INC_sk,IND_avg,IND_sd,IND_r1,IND_kr,IND_sk
29,0.3541071429,0.0814878778,0.4571910591,2.5988770524,0.2454426660,0.1464285714,0.0725167117,0.3805992490,2.7929031908,0.4548674038,0.4994642857,0.0684762639,0.0327713063,2.9965674232,0.3818534951,0.1266071429,0.0335291337,0.1249979878,3.0447744543,0.3354035620
