Instance,INF_avg,INF_sd,INF_r1,INF_kr,INF_sk,SUP_avg,SUP_sd,SUP_r1,SUP_kr,SUP_sk,INC_avg,INC_sd,INC_r1,INC_kr,INC_sk,IND_avg,IND_sd,IND_r1,IND_kr,IND_sk
293,0.2600000000,0.0303315018,-0.4666666667,1.4413988658,-0.1290092231,0.2740000000,0.0546260011,-0.0055783911,1.7282557914,0.4081372552,0.4660000000,0.0372021505,0.3250289687,1.6054829764,-0.2666263917,0.0620000000,0.0278567766,-0.7505241090,1.4252843023,-0.0399688047
