Instance,FV_avg_avg,FV_avg_sd,FV_sd_avg,FV_sd_sd,FV_r1_avg,FV_r1_sd,FV_kr_avg,FV_kr_sd,FV_sk_avg,FV_sk_sd,FD_avg_avg,FD_avg_sd,FD_sd_avg,FD_sd_sd,FD_r1_avg,FD_r1_sd,FD_kr_avg,FD_kr_sd,FD_sk_avg,FD_sk_sd,IN_avg_avg,IN_avg_sd,IN_sd_avg,IN_sd_sd,IN_r1_avg,IN_r1_sd,IN_kr_avg,IN_kr_sd,IN_sk_avg,IN_sk_sd
493,0.5000133353,0.3028639053,0.0010820907,0.0010740806,0.8622637524,0.0941990034,2.5903890105,0.6187467460,-0.0514048929,0.4766833927,-0.0000104941,0.0000290128,0.0000342367,0.0000234319,0.1907795605,0.1960201275,2.8586382582,0.6297183568,0.0406410159,0.3600284075,0.4940500000,0.0256973637,0.0386348572,0.0066174622,0.1216181628,0.2107888562,2.8712799450,0.6208805826,0.0487781883,0.3414299417
