Instance,INF_avg,INF_sd,INF_r1,INF_kr,INF_sk,SUP_avg,SUP_sd,SUP_r1,SUP_kr,SUP_sk,INC_avg,INC_sd,INC_r1,INC_kr,INC_sk,IND_avg,IND_sd,IND_r1,IND_kr,IND_sk
380,0.2502000000,0.0424494994,0.0656389116,2.5024412458,-0.2648787396,0.2496000000,0.0391387276,-0.0176053658,4.0213248584,-0.3122668070,0.5002000000,0.0567975352,-0.0538852859,3.0832554655,0.0910589300,0.0688000000,0.0178482492,0.0770134919,3.4974075959,0.4130587601
