Instance,INF_avg,INF_sd,INF_r1,INF_kr,INF_sk,SUP_avg,SUP_sd,SUP_r1,SUP_kr,SUP_sk,INC_avg,INC_sd,INC_r1,INC_kr,INC_sk,IND_avg,IND_sd,IND_r1,IND_kr,IND_sk
93,0.2571000000,0.0438701493,0.0738417902,2.6845922546,0.0544618064,0.2316000000,0.0435366512,0.0506781609,2.7203321243,0.1919241266,0.5113000000,0.0527191616,0.0743044635,2.8721028854,-0.2549192500,0.0668000000,0.0204391781,0.0736930361,2.6759832785,0.4501009568
