Instance,INF_avg,INF_sd,INF_r1,INF_kr,INF_sk,SUP_avg,SUP_sd,SUP_r1,SUP_kr,SUP_sk,INC_avg,INC_sd,INC_r1,INC_kr,INC_sk,IND_avg,IND_sd,IND_r1,IND_kr,IND_sk
401,0.2344000000,0.0463965516,-0.1227639105,3.2904978747,0.7331155405,0.2436000000,0.0386657471,0.0470823080,2.7165625843,0.1163687925,0.5220000000,0.0505964426,-0.0896658583,2.1979199219,-0.0337227266,0.0692000000,0.0159799875,-0.0318508547,3.2332758588,0.6600360877
