Instance,FV_avg_avg,FV_avg_sd,FV_sd_avg,FV_sd_sd,FV_r1_avg,FV_r1_sd,FV_kr_avg,FV_kr_sd,FV_sk_avg,FV_sk_sd,FD_avg_avg,FD_avg_sd,FD_sd_avg,FD_sd_sd,FD_r1_avg,FD_r1_sd,FD_kr_avg,FD_kr_sd,FD_sk_avg,FD_sk_sd,IN_avg_avg,IN_avg_sd,IN_sd_avg,IN_sd_sd,IN_r1_avg,IN_r1_sd,IN_kr_avg,IN_kr_sd,IN_sk_avg,IN_sk_sd
429,0.4819868618,0.2930527540,0.0098693248,0.0082121807,0.9535365296,0.0555462692,1.8464096284,0.1110605009,0.1551463203,0.1382914764,-0.0002705227,0.0001941979,0.0003096554,0.0001971061,0.1655006497,0.2678029622,2.9975241360,0.7090918808,0.0330695911,0.3867686741,0.3659894874,0.0420409581,0.1717335255,0.0174415446,0.1768919172,0.2491527942,2.9893395580,0.6783418702,-0.0209706601,0.5213047434
