Instance,INF_avg,INF_sd,INF_r1,INF_kr,INF_sk,SUP_avg,SUP_sd,SUP_r1,SUP_kr,SUP_sk,INC_avg,INC_sd,INC_r1,INC_kr,INC_sk,IND_avg,IND_sd,IND_r1,IND_kr,IND_sk
153,0.2238095238,0.0749905512,-0.0742939577,2.3328848530,-0.3352316860,0.2476190476,0.1169820809,0.3554340739,2.3081379745,-0.5673078755,0.5285714286,0.0958314847,0.1137209968,1.9060493827,0.5399690079,0.2500000000,0.0859124693,-0.0689655172,2.5676378772,-0.3379283392
