Instance,FV_avg_avg,FV_avg_sd,FV_sd_avg,FV_sd_sd,FV_r1_avg,FV_r1_sd,FV_kr_avg,FV_kr_sd,FV_sk_avg,FV_sk_sd,FD_avg_avg,FD_avg_sd,FD_sd_avg,FD_sd_sd,FD_r1_avg,FD_r1_sd,FD_kr_avg,FD_kr_sd,FD_sk_avg,FD_sk_sd,IN_avg_avg,IN_avg_sd,IN_sd_avg,IN_sd_sd,IN_r1_avg,IN_r1_sd,IN_kr_avg,IN_kr_sd,IN_sk_avg,IN_sk_sd
159,0.4992927078,0.3034770480,0.0015143413,0.0011921477,0.8753326924,0.0715901473,2.3812604271,0.5602889539,0.0619586519,0.4217323676,0.0000023891,0.0000638312,0.0000853477,0.0000535843,-0.0131840758,0.1436467948,2.8610457900,0.6178541801,0.0006069133,0.3245582392,0.4999200000,0.0329862032,0.0698406999,0.0066768731,-0.0121508439,0.1625122489,3.0022892521,0.6536853731,-0.0448344485,0.3133253346
