Instance,INF_avg,INF_sd,INF_r1,INF_kr,INF_sk,SUP_avg,SUP_sd,SUP_r1,SUP_kr,SUP_sk,INC_avg,INC_sd,INC_r1,INC_kr,INC_sk,IND_avg,IND_sd,IND_r1,IND_kr,IND_sk
436,0.2680000000,0.0773045924,-0.1241710250,2.5493056564,0.3603333364,0.2640000000,0.0964572444,-0.1288064403,3.1796754916,0.2690859376,0.4680000000,0.1047664068,-0.1355146006,2.5737166274,0.4317393313,0.2080000000,0.0702566723,-0.0071031602,3.4562214826,0.6661842679
