Instance,FV_avg_avg,FV_avg_sd,FV_sd_avg,FV_sd_sd,FV_r1_avg,FV_r1_sd,FV_kr_avg,FV_kr_sd,FV_sk_avg,FV_sk_sd,FD_avg_avg,FD_avg_sd,FD_sd_avg,FD_sd_sd,FD_r1_avg,FD_r1_sd,FD_kr_avg,FD_kr_sd,FD_sk_avg,FD_sk_sd,IN_avg_avg,IN_avg_sd,IN_sd_avg,IN_sd_sd,IN_r1_avg,IN_r1_sd,IN_kr_avg,IN_kr_sd,IN_sk_avg,IN_sk_sd
15,0.4934756016,0.3004515498,0.0012970567,0.0009460247,0.9411258060,0.0407339772,2.6013333497,0.6390965188,0.0385900720,0.5692370392,-0.0000008558,0.0000331443,0.0000319053,0.0000193035,0.2486410001,0.1548936316,2.9367643706,0.5950261557,0.0353533942,0.2444255434,0.4999375000,0.0276183403,0.0399387148,0.0034256287,0.2097559488,0.1409094192,2.9703325502,0.4350248770,0.0500857957,0.2584131925
