Instance,FV_avg_avg,FV_avg_sd,FV_sd_avg,FV_sd_sd,FV_r1_avg,FV_r1_sd,FV_kr_avg,FV_kr_sd,FV_sk_avg,FV_sk_sd,FD_avg_avg,FD_avg_sd,FD_sd_avg,FD_sd_sd,FD_r1_avg,FD_r1_sd,FD_kr_avg,FD_kr_sd,FD_sk_avg,FD_sk_sd,IN_avg_avg,IN_avg_sd,IN_sd_avg,IN_sd_sd,IN_r1_avg,IN_r1_sd,IN_kr_avg,IN_kr_sd,IN_sk_avg,IN_sk_sd
469,0.4535617975,0.2762725001,0.0183675766,0.0115241010,0.9627428848,0.0085656297,2.7004421871,0.2671119728,0.9252769889,0.1292256990,-0.0008477705,0.0004988221,0.0003461410,0.0002165107,0.9351957687,0.0138330802,2.7167935545,0.2933872303,0.8867570593,0.1429242255,0.1382964762,0.0182764606,0.1418968835,0.0117772045,0.9335108044,0.0210268943,2.9972606016,0.4414326274,1.0694270445,0.1784028810
