Instance,INF_avg,INF_sd,INF_r1,INF_kr,INF_sk,SUP_avg,SUP_sd,SUP_r1,SUP_kr,SUP_sk,INC_avg,INC_sd,INC_r1,INC_kr,INC_sk,IND_avg,IND_sd,IND_r1,IND_kr,IND_sk
377,0.2540000000,0.0937229961,0.2615548730,2.2582564424,-0.0066467233,0.2400000000,0.1000000000,0.0690104167,2.0188000000,0.2160000000,0.5060000000,0.1051855503,0.1119045129,3.3518232708,0.0735813644,0.2180000000,0.0719444230,0.0247398268,2.0203471497,0.2407834916
