Instance,FV_avg_avg,FV_avg_sd,FV_sd_avg,FV_sd_sd,FV_r1_avg,FV_r1_sd,FV_kr_avg,FV_kr_sd,FV_sk_avg,FV_sk_sd,FD_avg_avg,FD_avg_sd,FD_sd_avg,FD_sd_sd,FD_r1_avg,FD_r1_sd,FD_kr_avg,FD_kr_sd,FD_sk_avg,FD_sk_sd,IN_avg_avg,IN_avg_sd,IN_sd_avg,IN_sd_sd,IN_r1_avg,IN_r1_sd,IN_kr_avg,IN_kr_sd,IN_sk_avg,IN_sk_sd
188,0.4882438491,0.2972328131,0.0067317199,0.0045513775,0.9401991604,0.2187169300,1.8388825568,0.1200837040,0.1525389493,0.1254880989,-0.0000659109,0.0000440785,0.0000930242,0.0000580171,0.1534521033,0.2876357596,2.8994014829,0.6812944558,0.0393657588,0.3391853997,0.3916332578,0.0377776194,0.1722335511,0.0306664007,0.0625785183,0.2770403364,2.8347538972,0.4758243608,0.0752134765,0.3688433987
