Instance,FV_avg_avg,FV_avg_sd,FV_sd_avg,FV_sd_sd,FV_r1_avg,FV_r1_sd,FV_kr_avg,FV_kr_sd,FV_sk_avg,FV_sk_sd,FD_avg_avg,FD_avg_sd,FD_sd_avg,FD_sd_sd,FD_r1_avg,FD_r1_sd,FD_kr_avg,FD_kr_sd,FD_sk_avg,FD_sk_sd,IN_avg_avg,IN_avg_sd,IN_sd_avg,IN_sd_sd,IN_r1_avg,IN_r1_sd,IN_kr_avg,IN_kr_sd,IN_sk_avg,IN_sk_sd
341,0.4926573799,0.3003028633,0.0011487232,0.0007650883,0.5298715042,0.2695118304,2.1973230795,0.9435628860,-0.0900549294,0.6049510048,-0.0000184760,0.0000763075,0.0000773044,0.0000508070,-0.0396392676,0.3303539653,2.5242477680,0.7199310968,-0.3641168595,0.4964004994,0.4946750000,0.0329257783,0.0380357706,0.0049186030,-0.0455930622,0.2603743028,2.4915862158,0.7416220435,-0.2116697754,0.5441589563
