Instance,INF_avg,INF_sd,INF_r1,INF_kr,INF_sk,SUP_avg,SUP_sd,SUP_r1,SUP_kr,SUP_sk,INC_avg,INC_sd,INC_r1,INC_kr,INC_sk,IND_avg,IND_sd,IND_r1,IND_kr,IND_sk
168,0.2720000000,0.1281249390,-0.0238808008,2.8297852331,-0.0661361034,0.2970000000,0.1410354565,0.1051188709,3.1671133569,0.3311709941,0.4310000000,0.1376190394,-0.0882548249,3.0655606639,0.2144295116,0.3670000000,0.1086784247,-0.0781201359,3.4053891549,0.1676736159
