Instance,FV_avg_avg,FV_avg_sd,FV_sd_avg,FV_sd_sd,FV_r1_avg,FV_r1_sd,FV_kr_avg,FV_kr_sd,FV_sk_avg,FV_sk_sd,FD_avg_avg,FD_avg_sd,FD_sd_avg,FD_sd_sd,FD_r1_avg,FD_r1_sd,FD_kr_avg,FD_kr_sd,FD_sk_avg,FD_sk_sd,IN_avg_avg,IN_avg_sd,IN_sd_avg,IN_sd_sd,IN_r1_avg,IN_r1_sd,IN_kr_avg,IN_kr_sd,IN_sk_avg,IN_sk_sd
210,0.4640345371,0.2816491506,0.0133751807,0.0082351617,0.9790039586,0.0067813158,2.5335877757,0.2777866130,0.7955957737,0.1501854109,-0.0004145793,0.0002516091,0.0001467519,0.0000885597,0.9376346516,0.0087462382,3.4037489773,0.4298471696,1.1083415208,0.1501921075,0.1332792568,0.0110378985,0.1327419916,0.0119654179,0.9454179604,0.0079469561,3.4218474037,0.4258969777,1.1891176699,0.1343645258
