Instance,INF_avg,INF_sd,INF_r1,INF_kr,INF_sk,SUP_avg,SUP_sd,SUP_r1,SUP_kr,SUP_sk,INC_avg,INC_sd,INC_r1,INC_kr,INC_sk,IND_avg,IND_sd,IND_r1,IND_kr,IND_sk
240,0.2420000000,0.1074057727,-0.0012770317,2.3691296954,-0.0828258816,0.2260000000,0.0928654941,-0.0873204852,3.2274973238,0.7176577339,0.5320000000,0.1248038461,-0.0060730226,2.3891036188,0.3662326390,0.2280000000,0.0749399760,-0.2562895110,2.6500657462,0.3476286416
