Instance,FV_avg_avg,FV_avg_sd,FV_sd_avg,FV_sd_sd,FV_r1_avg,FV_r1_sd,FV_kr_avg,FV_kr_sd,FV_sk_avg,FV_sk_sd,FD_avg_avg,FD_avg_sd,FD_sd_avg,FD_sd_sd,FD_r1_avg,FD_r1_sd,FD_kr_avg,FD_kr_sd,FD_sk_avg,FD_sk_sd,IN_avg_avg,IN_avg_sd,IN_sd_avg,IN_sd_sd,IN_r1_avg,IN_r1_sd,IN_kr_avg,IN_kr_sd,IN_sk_avg,IN_sk_sd
31,0.4982804039,0.3024612997,0.0005770323,0.0003580181,0.7440608869,0.1587524165,2.6609585803,0.8161303037,0.0748690260,0.6196652532,-0.0000077856,0.0000204238,0.0000359102,0.0000228307,-0.0319112239,0.1776803233,2.9118775302,0.6460449806,-0.0367249615,0.4094942063,0.4884000000,0.0214360444,0.0511276096,0.0060252413,-0.0723484427,0.1428656817,2.9425501668,0.6381063544,0.0123531111,0.4200447847
