Instance,FV_avg_avg,FV_avg_sd,FV_sd_avg,FV_sd_sd,FV_r1_avg,FV_r1_sd,FV_kr_avg,FV_kr_sd,FV_sk_avg,FV_sk_sd,FD_avg_avg,FD_avg_sd,FD_sd_avg,FD_sd_sd,FD_r1_avg,FD_r1_sd,FD_kr_avg,FD_kr_sd,FD_sk_avg,FD_sk_sd,IN_avg_avg,IN_avg_sd,IN_sd_avg,IN_sd_sd,IN_r1_avg,IN_r1_sd,IN_kr_avg,IN_kr_sd,IN_sk_avg,IN_sk_sd
162,0.4985362921,0.3032288833,0.0004226541,0.0003029118,0.7351380882,0.2058513608,2.5202738578,0.6646662651,-0.2727549924,0.4164595350,-0.0000081140,0.0000168756,0.0000287419,0.0000185957,-0.0124312200,0.1766922457,2.6994723259,0.6587810268,0.0574999335,0.4328853452,0.4937200000,0.0285020982,0.0674124758,0.0090194295,0.0029235415,0.2274080210,2.5385822011,0.5239088429,0.0637576318,0.3042590287
