Instance,FV_avg_avg,FV_avg_sd,FV_sd_avg,FV_sd_sd,FV_r1_avg,FV_r1_sd,FV_kr_avg,FV_kr_sd,FV_sk_avg,FV_sk_sd,FD_avg_avg,FD_avg_sd,FD_sd_avg,FD_sd_sd,FD_r1_avg,FD_r1_sd,FD_kr_avg,FD_kr_sd,FD_sk_avg,FD_sk_sd,IN_avg_avg,IN_avg_sd,IN_sd_avg,IN_sd_sd,IN_r1_avg,IN_r1_sd,IN_kr_avg,IN_kr_sd,IN_sk_avg,IN_sk_sd
427,0.4966812667,0.3019158433,0.0003140232,0.0002388162,0.8822072302,0.1052041104,2.9283925518,1.0614457568,0.2551014897,0.5852582622,0.0000030809,0.0000087533,0.0000283881,0.0000164505,0.0031025392,0.1543818250,2.8192240087,0.5213276057,0.0791142022,0.3331766164,0.5035000000,0.0272277432,0.1082174787,0.0080856226,-0.0144201018,0.1509924380,2.8629796480,0.7751219338,0.0191176457,0.3556481526
