Instance,FV_avg_avg,FV_avg_sd,FV_sd_avg,FV_sd_sd,FV_r1_avg,FV_r1_sd,FV_kr_avg,FV_kr_sd,FV_sk_avg,FV_sk_sd,FD_avg_avg,FD_avg_sd,FD_sd_avg,FD_sd_sd,FD_r1_avg,FD_r1_sd,FD_kr_avg,FD_kr_sd,FD_sk_avg,FD_sk_sd,IN_avg_avg,IN_avg_sd,IN_sd_avg,IN_sd_sd,IN_r1_avg,IN_r1_sd,IN_kr_avg,IN_kr_sd,IN_sk_avg,IN_sk_sd
388,0.4791126183,0.2917025050,0.0104180653,0.0061302236,0.9973833136,0.0006416398,1.8613678037,0.0420275251,0.2305176071,0.0534254548,-0.0000412546,0.0000256537,0.0000295138,0.0000177766,0.4809620797,0.0723648299,2.7455872207,0.2061288721,0.1399081647,0.1266182577,0.3344790850,0.0259090114,0.1323337897,0.0053182758,0.3776087624,0.0825185543,2.7715958041,0.2167875470,0.2629131497,0.1009288431
