Instance,FV_avg_avg,FV_avg_sd,FV_sd_avg,FV_sd_sd,FV_r1_avg,FV_r1_sd,FV_kr_avg,FV_kr_sd,FV_sk_avg,FV_sk_sd,FD_avg_avg,FD_avg_sd,FD_sd_avg,FD_sd_sd,FD_r1_avg,FD_r1_sd,FD_kr_avg,FD_kr_sd,FD_sk_avg,FD_sk_sd,IN_avg_avg,IN_avg_sd,IN_sd_avg,IN_sd_sd,IN_r1_avg,IN_r1_sd,IN_kr_avg,IN_kr_sd,IN_sk_avg,IN_sk_sd
253,0.4989474139,0.3028684224,0.0004882656,0.0004478425,0.4272785820,0.3872137655,2.2238960238,0.6662643123,0.0461707606,0.6402157110,-0.0000162003,0.0000490489,0.0000862576,0.0000527264,-0.1788535663,0.3229257794,2.4119634752,0.4965497780,-0.0740234368,0.4141540164,0.4960000000,0.0304795013,0.1066278409,0.0252091958,-0.0773406817,0.2484585637,2.5498542546,0.8816546578,-0.1349167159,0.5989784047
