Instance,INF_avg,INF_sd,INF_r1,INF_kr,INF_sk,SUP_avg,SUP_sd,SUP_r1,SUP_kr,SUP_sk,INC_avg,INC_sd,INC_r1,INC_kr,INC_sk,IND_avg,IND_sd,IND_r1,IND_kr,IND_sk
42,0.5898026316,0.1678294890,0.9531278837,2.0875765144,-0.4431647629,0.0548026316,0.0495867182,0.8641014023,3.0763895620,1.0195764159,0.3553947368,0.1229536797,0.9388846894,1.9348352930,0.2379438026,0.0432894737,0.0103730620,-0.1743670421,3.1287210956,0.1072125687
