Instance,INF_avg,INF_sd,INF_r1,INF_kr,INF_sk,SUP_avg,SUP_sd,SUP_r1,SUP_kr,SUP_sk,INC_avg,INC_sd,INC_r1,INC_kr,INC_sk,IND_avg,IND_sd,IND_r1,IND_kr,IND_sk
262,0.2488000000,0.0607499794,0.1184123166,3.2000794917,0.4665792606,0.2400000000,0.0597996656,0.0316384181,2.3399846854,0.0718281946,0.5112000000,0.0749036715,-0.0176391166,2.5481923945,-0.0826165771,0.1092000000,0.0319274177,-0.0628515663,2.6465145873,-0.1853718019
