Instance,INF_avg,INF_sd,INF_r1,INF_kr,INF_sk,SUP_avg,SUP_sd,SUP_r1,SUP_kr,SUP_sk,INC_avg,INC_sd,INC_r1,INC_kr,INC_sk,IND_avg,IND_sd,IND_r1,IND_kr,IND_sk
110,0.2300000000,0.0812403840,-0.3701067616,1.4421487603,0.3804646085,0.2200000000,0.0812403840,0.3613707165,1.4421487603,-0.3804646085,0.5500000000,0.0836660027,-0.3000000000,2.5000000000,0.7683612489,0.2700000000,0.0509901951,0.1975308642,1.9556213018,0.2715454179
