Instance,FV_avg_avg,FV_avg_sd,FV_sd_avg,FV_sd_sd,FV_r1_avg,FV_r1_sd,FV_kr_avg,FV_kr_sd,FV_sk_avg,FV_sk_sd,FD_avg_avg,FD_avg_sd,FD_sd_avg,FD_sd_sd,FD_r1_avg,FD_r1_sd,FD_kr_avg,FD_kr_sd,FD_sk_avg,FD_sk_sd,IN_avg_avg,IN_avg_sd,IN_sd_avg,IN_sd_sd,IN_r1_avg,IN_r1_sd,IN_kr_avg,IN_kr_sd,IN_sk_avg,IN_sk_sd
264,0.4991137204,0.3031122594,0.0002260530,0.0001418706,0.1335935153,0.3246753223,1.9280721910,0.5722743876,0.1187947608,0.6228311626,0.0000035158,0.0000199198,0.0000209556,0.0000143597,-0.2446620395,0.4368508946,1.9402232079,0.4885315332,0.2184170493,0.5183572366,0.5001000000,0.0211941030,0.0305364108,0.0077348314,-0.2917947367,0.3154444160,2.0161633098,0.4684563290,0.1159923960,0.5750661822
