Instance,INF_avg,INF_sd,INF_r1,INF_kr,INF_sk,SUP_avg,SUP_sd,SUP_r1,SUP_kr,SUP_sk,INC_avg,INC_sd,INC_r1,INC_kr,INC_sk,IND_avg,IND_sd,IND_r1,IND_kr,IND_sk
325,0.2616000000,0.0527393591,-0.2071738290,2.0378642923,0.1358293467,0.2328000000,0.0608946631,0.2878965023,3.5425498197,0.4456435599,0.5056000000,0.0631240049,0.1541191583,2.0454264775,-0.1052675358,0.1264000000,0.0390773592,-0.3987604481,2.0072492586,-0.0345436410
