Instance,INF_avg,INF_sd,INF_r1,INF_kr,INF_sk,SUP_avg,SUP_sd,SUP_r1,SUP_kr,SUP_sk,INC_avg,INC_sd,INC_r1,INC_kr,INC_sk,IND_avg,IND_sd,IND_r1,IND_kr,IND_sk
131,0.2110000000,0.0210713075,-0.0188542422,2.4282322863,-0.4604698925,0.2780000000,0.0310805405,0.0558576372,1.5537402106,-0.1380904383,0.5110000000,0.0235372046,-0.0852293247,2.7505962543,1.0132203830,0.0280000000,0.0097979590,0.1188959660,2.4361979167,0.5677202789
