Instance,INF_avg,INF_sd,INF_r1,INF_kr,INF_sk,SUP_avg,SUP_sd,SUP_r1,SUP_kr,SUP_sk,INC_avg,INC_sd,INC_r1,INC_kr,INC_sk,IND_avg,IND_sd,IND_r1,IND_kr,IND_sk
275,0.3039436620,0.0769576227,0.2219271346,3.0268498457,-0.0287770104,0.1960563380,0.0718072316,0.3636006885,2.6018789562,0.1615785255,0.5000000000,0.0785071989,0.0227812055,2.8131005418,0.0607776213,0.1128169014,0.0325742099,-0.0647292590,3.1346679703,0.3348635645
