Instance,FV_avg_avg,FV_avg_sd,FV_sd_avg,FV_sd_sd,FV_r1_avg,FV_r1_sd,FV_kr_avg,FV_kr_sd,FV_sk_avg,FV_sk_sd,FD_avg_avg,FD_avg_sd,FD_sd_avg,FD_sd_sd,FD_r1_avg,FD_r1_sd,FD_kr_avg,FD_kr_sd,FD_sk_avg,FD_sk_sd,IN_avg_avg,IN_avg_sd,IN_sd_avg,IN_sd_sd,IN_r1_avg,IN_r1_sd,IN_kr_avg,IN_kr_sd,IN_sk_avg,IN_sk_sd
436,0.4227173268,0.2560624540,0.0287036944,0.0178862259,0.9555639670,0.0123845978,2.3527134311,0.2025189861,0.7574586419,0.1387617997,-0.0017435849,0.0010699429,0.0007521424,0.0004715495,0.9389021254,0.0170310927,2.3502036804,0.2383849947,0.7391915487,0.1513920422,0.1447123839,0.0217120044,0.1461048333,0.0164006038,0.9191004178,0.0122150674,2.7490606236,0.3718580020,0.9771231798,0.1833681532
