Instance,FV_avg_avg,FV_avg_sd,FV_sd_avg,FV_sd_sd,FV_r1_avg,FV_r1_sd,FV_kr_avg,FV_kr_sd,FV_sk_avg,FV_sk_sd,FD_avg_avg,FD_avg_sd,FD_sd_avg,FD_sd_sd,FD_r1_avg,FD_r1_sd,FD_kr_avg,FD_kr_sd,FD_sk_avg,FD_sk_sd,IN_avg_avg,IN_avg_sd,IN_sd_avg,IN_sd_sd,IN_r1_avg,IN_r1_sd,IN_kr_avg,IN_kr_sd,IN_sk_avg,IN_sk_sd
162,0.4968925977,0.3018401253,0.0002392119,0.0001734530,0.4658424048,0.3331556987,2.1342887184,0.5241418698,-0.0434286082,0.3347690734,-0.0000015960,0.0000105361,0.0000200498,0.0000123849,-0.2065308864,0.3278849597,2.4240683831,0.7075150148,-0.0437169998,0.4862915208,0.4957000000,0.0258381501,0.0426820670,0.0084935950,-0.0993640324,0.3314950189,2.5576515274,0.5875360888,-0.0269537732,0.6929006860
