Instance,INF_avg,INF_sd,INF_r1,INF_kr,INF_sk,SUP_avg,SUP_sd,SUP_r1,SUP_kr,SUP_sk,INC_avg,INC_sd,INC_r1,INC_kr,INC_sk,IND_avg,IND_sd,IND_r1,IND_kr,IND_sk
328,0.2607000000,0.0371080854,0.3488859595,2.4663288768,0.0761364519,0.2463000000,0.0359000000,0.2385353716,3.4193376661,-0.4652443632,0.4930000000,0.0419285106,0.0720806260,2.0478786396,0.1288964665,0.0347000000,0.0103638796,0.1914020138,3.1641515546,0.7673446306
