Instance,FV_avg_avg,FV_avg_sd,FV_sd_avg,FV_sd_sd,FV_r1_avg,FV_r1_sd,FV_kr_avg,FV_kr_sd,FV_sk_avg,FV_sk_sd,FD_avg_avg,FD_avg_sd,FD_sd_avg,FD_sd_sd,FD_r1_avg,FD_r1_sd,FD_kr_avg,FD_kr_sd,FD_sk_avg,FD_sk_sd,IN_avg_avg,IN_avg_sd,IN_sd_avg,IN_sd_sd,IN_r1_avg,IN_r1_sd,IN_kr_avg,IN_kr_sd,IN_sk_avg,IN_sk_sd
335,0.4485596367,0.2721026931,0.0232887123,0.0140509196,0.9755530071,0.0129997916,2.2488391791,0.2588460443,0.6631238634,0.1410949973,-0.0007580833,0.0004619871,0.0003493236,0.0002093107,0.9555527678,0.0287140722,2.3429874464,0.4773291737,0.6717519965,0.1977260131,0.1543907141,0.0135017505,0.1469637524,0.0127483058,0.9427058629,0.0189129740,2.6995296627,0.3233827419,0.9389748163,0.1285609525
