Instance,FV_avg_avg,FV_avg_sd,FV_sd_avg,FV_sd_sd,FV_r1_avg,FV_r1_sd,FV_kr_avg,FV_kr_sd,FV_sk_avg,FV_sk_sd,FD_avg_avg,FD_avg_sd,FD_sd_avg,FD_sd_sd,FD_r1_avg,FD_r1_sd,FD_kr_avg,FD_kr_sd,FD_sk_avg,FD_sk_sd,IN_avg_avg,IN_avg_sd,IN_sd_avg,IN_sd_sd,IN_r1_avg,IN_r1_sd,IN_kr_avg,IN_kr_sd,IN_sk_avg,IN_sk_sd
15,0.4616730336,0.2808954982,0.0166253550,0.0105211030,0.9863628018,0.0054882013,2.1015663622,0.1333325398,0.5319710030,0.1064218553,-0.0003113735,0.0001868623,0.0001494893,0.0000925727,0.8650789124,0.0392269581,2.4842507513,0.4416897113,0.5667251475,0.1688584702,0.2048000210,0.0250759389,0.1385950236,0.0088008166,0.8241818836,0.0405617699,2.7415164799,0.5971114927,0.7679344973,0.2386193269
