Instance,INF_avg,INF_sd,INF_r1,INF_kr,INF_sk,SUP_avg,SUP_sd,SUP_r1,SUP_kr,SUP_sk,INC_avg,INC_sd,INC_r1,INC_kr,INC_sk,IND_avg,IND_sd,IND_r1,IND_kr,IND_sk
183,0.2210000000,0.1313735133,-0.0166570171,3.3378335285,0.5087035726,0.2360000000,0.1466424222,0.1117754055,3.2436473613,0.4474258277,0.5430000000,0.1644718821,-0.0157029443,3.0308987906,-0.2200624045,0.3690000000,0.1172134805,0.0756047341,2.3953663232,0.2468448742
