Instance,FV_avg_avg,FV_avg_sd,FV_sd_avg,FV_sd_sd,FV_r1_avg,FV_r1_sd,FV_kr_avg,FV_kr_sd,FV_sk_avg,FV_sk_sd,FD_avg_avg,FD_avg_sd,FD_sd_avg,FD_sd_sd,FD_r1_avg,FD_r1_sd,FD_kr_avg,FD_kr_sd,FD_sk_avg,FD_sk_sd,IN_avg_avg,IN_avg_sd,IN_sd_avg,IN_sd_sd,IN_r1_avg,IN_r1_sd,IN_kr_avg,IN_kr_sd,IN_sk_avg,IN_sk_sd
120,0.4695217277,0.2845669850,0.0130970631,0.0090481021,0.8934495311,0.0992196407,1.9123856993,0.1167804320,0.2583697096,0.1932831255,-0.0012186848,0.0008453622,0.0010794551,0.0006955012,0.2939300053,0.2660308847,2.6417427513,0.5860153215,0.2039436069,0.4702272221,0.3262056498,0.0427569167,0.1833084338,0.0308931499,0.2139753139,0.3095599671,2.6264062282,0.5639469724,0.1340563518,0.5373957409
