Instance,FV_avg_avg,FV_avg_sd,FV_sd_avg,FV_sd_sd,FV_r1_avg,FV_r1_sd,FV_kr_avg,FV_kr_sd,FV_sk_avg,FV_sk_sd,FD_avg_avg,FD_avg_sd,FD_sd_avg,FD_sd_sd,FD_r1_avg,FD_r1_sd,FD_kr_avg,FD_kr_sd,FD_sk_avg,FD_sk_sd,IN_avg_avg,IN_avg_sd,IN_sd_avg,IN_sd_sd,IN_r1_avg,IN_r1_sd,IN_kr_avg,IN_kr_sd,IN_sk_avg,IN_sk_sd
176,0.4995224400,0.3029448962,0.0014977060,0.0010939014,0.0324891205,0.5052116741,1.9325698936,0.5332014608,0.0943666510,0.6263672267,0.0000212648,0.0003150432,0.0001776783,0.0001499061,-0.0670747790,0.4103958531,2.1829383999,0.4851000803,0.0050213953,0.7403893813,0.4971000000,0.0720873775,0.0441796768,0.0163142931,-0.1641001512,0.3815249169,2.0697506606,0.5647077718,-0.1808249215,0.6579145758
