Instance,FV_avg_avg,FV_avg_sd,FV_sd_avg,FV_sd_sd,FV_r1_avg,FV_r1_sd,FV_kr_avg,FV_kr_sd,FV_sk_avg,FV_sk_sd,FD_avg_avg,FD_avg_sd,FD_sd_avg,FD_sd_sd,FD_r1_avg,FD_r1_sd,FD_kr_avg,FD_kr_sd,FD_sk_avg,FD_sk_sd,IN_avg_avg,IN_avg_sd,IN_sd_avg,IN_sd_sd,IN_r1_avg,IN_r1_sd,IN_kr_avg,IN_kr_sd,IN_sk_avg,IN_sk_sd
270,0.4538377082,0.2766542723,0.0199781326,0.0121814056,0.9893742972,0.0038024674,2.1092269281,0.1023185806,0.5415549893,0.0856467506,-0.0003101597,0.0001816394,0.0001384503,0.0000856091,0.9339501400,0.0119128161,2.4703550095,0.2219586948,0.6769680216,0.1111704731,0.1784849270,0.0195763203,0.1370066201,0.0069764400,0.9141958604,0.0173369497,2.7584457092,0.3325831971,0.8634159576,0.1491160386
