Instance,FV_avg_avg,FV_avg_sd,FV_sd_avg,FV_sd_sd,FV_r1_avg,FV_r1_sd,FV_kr_avg,FV_kr_sd,FV_sk_avg,FV_sk_sd,FD_avg_avg,FD_avg_sd,FD_sd_avg,FD_sd_sd,FD_r1_avg,FD_r1_sd,FD_kr_avg,FD_kr_sd,FD_sk_avg,FD_sk_sd,IN_avg_avg,IN_avg_sd,IN_sd_avg,IN_sd_sd,IN_r1_avg,IN_r1_sd,IN_kr_avg,IN_kr_sd,IN_sk_avg,IN_sk_sd
123,0.4973399059,0.3025537371,0.0006349511,0.0004374410,0.8956435852,0.0657104398,2.2618457784,0.6203103487,0.0189432809,0.4311097386,0.0000052959,0.0000088610,0.0000507889,0.0000303525,0.0101888337,0.1341685138,2.8959179343,0.4465289860,0.0027134848,0.3282869546,0.5062500000,0.0157761687,0.1096071770,0.0109916674,-0.0043296711,0.1552553263,2.8159065826,0.4151192815,0.0647012291,0.2837412896
