Instance,INF_avg,INF_sd,INF_r1,INF_kr,INF_sk,SUP_avg,SUP_sd,SUP_r1,SUP_kr,SUP_sk,INC_avg,INC_sd,INC_r1,INC_kr,INC_sk,IND_avg,IND_sd,IND_r1,IND_kr,IND_sk
444,0.4373214286,0.0940194643,0.8372563297,2.3343671090,-0.2457382919,0.0834090909,0.0665028672,0.9040498296,4.7712220449,1.3427709505,0.4792694805,0.0483799436,0.3530770718,2.6431378177,-0.1689719041,0.0406006494,0.0123351309,0.1405605991,2.9199432276,0.4586140418
