Instance,INF_avg,INF_sd,INF_r1,INF_kr,INF_sk,SUP_avg,SUP_sd,SUP_r1,SUP_kr,SUP_sk,INC_avg,INC_sd,INC_r1,INC_kr,INC_sk,IND_avg,IND_sd,IND_r1,IND_kr,IND_sk
204,0.2480000000,0.1268700122,-0.5631880229,2.1048085246,0.4561892803,0.2680000000,0.1256025477,-0.3218905068,2.9414459636,-0.2284807854,0.4840000000,0.1155162326,-0.2604733206,2.0840622466,0.1586870939,0.3520000000,0.1135605565,-0.3859189565,2.7166628697,0.5241571107
