Instance,FV_avg_avg,FV_avg_sd,FV_sd_avg,FV_sd_sd,FV_r1_avg,FV_r1_sd,FV_kr_avg,FV_kr_sd,FV_sk_avg,FV_sk_sd,FD_avg_avg,FD_avg_sd,FD_sd_avg,FD_sd_sd,FD_r1_avg,FD_r1_sd,FD_kr_avg,FD_kr_sd,FD_sk_avg,FD_sk_sd,IN_avg_avg,IN_avg_sd,IN_sd_avg,IN_sd_sd,IN_r1_avg,IN_r1_sd,IN_kr_avg,IN_kr_sd,IN_sk_avg,IN_sk_sd
392,0.4963381485,0.3017811009,0.0002676981,0.0001787535,0.5248923955,0.2606667030,2.2766232715,0.5738968645,-0.0915218201,0.4957950114,-0.0000092647,0.0000221499,0.0000332323,0.0000237748,-0.0182469377,0.3017629847,2.4157319081,0.6608332839,-0.1227648525,0.5251189384,0.4884000000,0.0351089732,0.0640298009,0.0133035559,-0.0769646533,0.3119228587,2.1862247030,0.5916262089,-0.0379247849,0.4379755976
