Instance,INF_avg,INF_sd,INF_r1,INF_kr,INF_sk,SUP_avg,SUP_sd,SUP_r1,SUP_kr,SUP_sk,INC_avg,INC_sd,INC_r1,INC_kr,INC_sk,IND_avg,IND_sd,IND_r1,IND_kr,IND_sk
419,0.2320000000,0.0643739078,0.1464605053,2.4946557147,0.1162369311,0.2832000000,0.0700125703,0.1778661151,3.3019963201,0.1812152898,0.4848000000,0.0727252363,0.0708883394,4.1121132469,-0.3705056550,0.1100000000,0.0372558720,-0.0064888248,3.4642344011,0.4966046939
