Instance,INF_avg,INF_sd,INF_r1,INF_kr,INF_sk,SUP_avg,SUP_sd,SUP_r1,SUP_kr,SUP_sk,INC_avg,INC_sd,INC_r1,INC_kr,INC_sk,IND_avg,IND_sd,IND_r1,IND_kr,IND_sk
463,0.4344776119,0.1121470727,0.8027304135,1.9677821939,-0.1992697175,0.1071641791,0.0765058962,0.8576730605,2.4185064127,0.7517612444,0.4583582090,0.0610015174,0.2607341141,2.5530477057,0.0579456634,0.0700000000,0.0202226414,0.1526104418,2.7718844904,-0.0216567261
