Instance,INF_avg,INF_sd,INF_r1,INF_kr,INF_sk,SUP_avg,SUP_sd,SUP_r1,SUP_kr,SUP_sk,INC_avg,INC_sd,INC_r1,INC_kr,INC_sk,IND_avg,IND_sd,IND_r1,IND_kr,IND_sk
H,0.2248000000,0.0314477344,-0.0655051464,2.9447065707,0.5128006825,0.2362000000,0.0407745018,0.3044609643,3.2997054209,0.5285886786,0.5390000000,0.0417851648,0.0747710601,3.0231673378,0.0903821325,0.0346000000,0.0110381158,0.0908286360,2.0779436256,0.1459397213
