Instance,FV_avg_avg,FV_avg_sd,FV_sd_avg,FV_sd_sd,FV_r1_avg,FV_r1_sd,FV_kr_avg,FV_kr_sd,FV_sk_avg,FV_sk_sd,FD_avg_avg,FD_avg_sd,FD_sd_avg,FD_sd_sd,FD_r1_avg,FD_r1_sd,FD_kr_avg,FD_kr_sd,FD_sk_avg,FD_sk_sd,IN_avg_avg,IN_avg_sd,IN_sd_avg,IN_sd_sd,IN_r1_avg,IN_r1_sd,IN_kr_avg,IN_kr_sd,IN_sk_avg,IN_sk_sd
162,0.5017477808,0.3043750691,0.0005742515,0.0004298990,0.8935879450,0.0892414555,2.4875604246,0.7995916091,-0.1719449047,0.5237990340,-0.0000001295,0.0000109270,0.0000209004,0.0000127317,0.0004053486,0.1292552964,3.0782412733,0.7146789084,-0.0311492620,0.3340515780,0.4986200000,0.0159769709,0.0462862525,0.0051783036,0.0036989933,0.1146867352,2.9331527793,0.4943910354,-0.0226324807,0.3405197269
