Instance,INF_avg,INF_sd,INF_r1,INF_kr,INF_sk,SUP_avg,SUP_sd,SUP_r1,SUP_kr,SUP_sk,INC_avg,INC_sd,INC_r1,INC_kr,INC_sk,IND_avg,IND_sd,IND_r1,IND_kr,IND_sk
178,0.3600000000,0.0426614580,-0.7016574586,2.3300326048,-0.3400140356,0.1560000000,0.0310483494,-0.4727195226,2.0765310515,0.0344797530,0.4840000000,0.0352703842,-0.4253466624,1.8515834204,0.1323719715,0.0660000000,0.0237486842,-0.7237687366,2.7567526784,-0.0125426882
