Instance,INF_avg,INF_sd,INF_r1,INF_kr,INF_sk,SUP_avg,SUP_sd,SUP_r1,SUP_kr,SUP_sk,INC_avg,INC_sd,INC_r1,INC_kr,INC_sk,IND_avg,IND_sd,IND_r1,IND_kr,IND_sk
496,0.2580000000,0.0820731381,0.0239549346,2.3061579996,-0.6912900292,0.2980000000,0.0974474217,-0.3896611569,2.9948533289,0.4776342804,0.4440000000,0.0983056458,-0.2326018116,3.1653511633,-0.2429744639,0.2120000000,0.0711055553,0.0400456216,3.5312800433,0.6571617067
