Instance,INF_avg,INF_sd,INF_r1,INF_kr,INF_sk,SUP_avg,SUP_sd,SUP_r1,SUP_kr,SUP_sk,INC_avg,INC_sd,INC_r1,INC_kr,INC_sk,IND_avg,IND_sd,IND_r1,IND_kr,IND_sk
490,0.2700000000,0.1208304597,0.0528634361,1.8297053856,0.1224403232,0.2700000000,0.0509901951,-0.2301587302,1.9556213018,0.2715454179,0.4600000000,0.0916515139,0.0412979351,1.2091836735,-0.2961528510,0.2200000000,0.0509901951,-0.2301587302,1.9556213018,0.2715454179
