Instance,INF_avg,INF_sd,INF_r1,INF_kr,INF_sk,SUP_avg,SUP_sd,SUP_r1,SUP_kr,SUP_sk,INC_avg,INC_sd,INC_r1,INC_kr,INC_sk,IND_avg,IND_sd,IND_r1,IND_kr,IND_sk
430,0.2298000000,0.0313840724,0.0151868343,2.5051784888,0.3518363198,0.2320000000,0.0342636834,0.2057121202,4.2730585166,-0.6193076574,0.5382000000,0.0321210212,0.3096977704,2.1480077638,-0.2983497441,0.0398000000,0.0109068786,0.0758939464,2.8694914319,-0.1338099206
