Instance,INF_avg,INF_sd,INF_r1,INF_kr,INF_sk,SUP_avg,SUP_sd,SUP_r1,SUP_kr,SUP_sk,INC_avg,INC_sd,INC_r1,INC_kr,INC_sk,IND_avg,IND_sd,IND_r1,IND_kr,IND_sk
172,0.2600000000,0.1462873884,-0.0262008734,3.1697528168,1.4316972546,0.2300000000,0.1166190379,-0.6616989568,2.0659602076,-0.0794441975,0.5100000000,0.1854723699,-0.5660919540,2.0035492158,0.1946632330,0.1900000000,0.0583095189,-0.7415730337,1.6280276817,-0.3631734744
