Instance,INF_avg,INF_sd,INF_r1,INF_kr,INF_sk,SUP_avg,SUP_sd,SUP_r1,SUP_kr,SUP_sk,INC_avg,INC_sd,INC_r1,INC_kr,INC_sk,IND_avg,IND_sd,IND_r1,IND_kr,IND_sk
350,0.2720000000,0.0360000000,-0.0522788204,1.6967878372,0.3132716049,0.2250000000,0.0555427763,-0.2733171127,4.9045415024,1.5354585445,0.5030000000,0.0619758017,-0.0709754056,1.5772123503,-0.1062638121,0.0570000000,0.0167630546,-0.4089098153,1.6719266473,-0.0305705331
