Instance,FV_avg_avg,FV_avg_sd,FV_sd_avg,FV_sd_sd,FV_r1_avg,FV_r1_sd,FV_kr_avg,FV_kr_sd,FV_sk_avg,FV_sk_sd,FD_avg_avg,FD_avg_sd,FD_sd_avg,FD_sd_sd,FD_r1_avg,FD_r1_sd,FD_kr_avg,FD_kr_sd,FD_sk_avg,FD_sk_sd,IN_avg_avg,IN_avg_sd,IN_sd_avg,IN_sd_sd,IN_r1_avg,IN_r1_sd,IN_kr_avg,IN_kr_sd,IN_sk_avg,IN_sk_sd
37,0.5020536704,0.3044599728,0.0010632584,0.0007199851,0.7204430294,0.2010864235,2.4014901826,0.6264957360,0.0852993624,0.5158918840,-0.0000308294,0.0000797949,0.0001736653,0.0001146943,-0.0286627054,0.1857949365,2.8492432603,0.5922876202,0.2117587888,0.3479298357,0.4882000000,0.0336802613,0.1083091821,0.0153466956,-0.0240588524,0.1812041859,2.6707254241,0.5289724661,0.0517828880,0.3986934352
