Instance,INF_avg,INF_sd,INF_r1,INF_kr,INF_sk,SUP_avg,SUP_sd,SUP_r1,SUP_kr,SUP_sk,INC_avg,INC_sd,INC_r1,INC_kr,INC_sk,IND_avg,IND_sd,IND_r1,IND_kr,IND_sk
250,0.4004054054,0.0949173067,0.7218824959,2.3266213947,0.0423222101,0.1037837838,0.0653204720,0.7914013593,3.3042803765,0.7996340493,0.4958108108,0.0552636618,0.3566535425,2.4911507545,-0.2747290034,0.0775675676,0.0179948049,0.1403999291,1.9975511779,0.2270994818
