Instance,FV_avg_avg,FV_avg_sd,FV_sd_avg,FV_sd_sd,FV_r1_avg,FV_r1_sd,FV_kr_avg,FV_kr_sd,FV_sk_avg,FV_sk_sd,FD_avg_avg,FD_avg_sd,FD_sd_avg,FD_sd_sd,FD_r1_avg,FD_r1_sd,FD_kr_avg,FD_kr_sd,FD_sk_avg,FD_sk_sd,IN_avg_avg,IN_avg_sd,IN_sd_avg,IN_sd_sd,IN_r1_avg,IN_r1_sd,IN_kr_avg,IN_kr_sd,IN_sk_avg,IN_sk_sd
399,0.4890253122,0.2979344990,0.0019178635,0.0013663889,0.9278689504,0.0535171392,2.3648148021,0.3951523318,-0.1009614053,0.4043691921,0.0000004561,0.0000561174,0.0000716292,0.0000464017,0.1478146571,0.1350959869,2.8171280796,0.3189248832,0.0122723569,0.2537211311,0.4948750000,0.0386934991,0.0532685921,0.0045885287,0.1305199997,0.0810127023,2.8799708393,0.3804279428,-0.0131156230,0.2312777660
