Instance,FV_avg_avg,FV_avg_sd,FV_sd_avg,FV_sd_sd,FV_r1_avg,FV_r1_sd,FV_kr_avg,FV_kr_sd,FV_sk_avg,FV_sk_sd,FD_avg_avg,FD_avg_sd,FD_sd_avg,FD_sd_sd,FD_r1_avg,FD_r1_sd,FD_kr_avg,FD_kr_sd,FD_sk_avg,FD_sk_sd,IN_avg_avg,IN_avg_sd,IN_sd_avg,IN_sd_sd,IN_r1_avg,IN_r1_sd,IN_kr_avg,IN_kr_sd,IN_sk_avg,IN_sk_sd
444,0.4993285378,0.3038086359,0.0002445429,0.0001857781,0.8329925827,0.1255489322,2.2047290923,0.5068435820,-0.0314119842,0.4166422227,0.0000013046,0.0000116471,0.0000322173,0.0000193282,-0.0187026242,0.2159750982,3.1682600147,0.7953434916,0.0784816392,0.4860529507,0.5140000000,0.0343511281,0.1519391792,0.0183979840,-0.0581807511,0.1986601088,2.8284425007,0.7215187699,-0.0268196225,0.4581140710
