Instance,INF_avg,INF_sd,INF_r1,INF_kr,INF_sk,SUP_avg,SUP_sd,SUP_r1,SUP_kr,SUP_sk,INC_avg,INC_sd,INC_r1,INC_kr,INC_sk,IND_avg,IND_sd,IND_r1,IND_kr,IND_sk
197,0.2640000000,0.0452106182,-0.2143799209,3.0919267313,0.0836268573,0.2566000000,0.0435710913,-0.1525128753,2.8308551577,-0.0886951763,0.4794000000,0.0534194721,-0.0536370875,2.6724423525,0.1923168399,0.0630000000,0.0191049732,0.0012237049,3.6316982548,0.5661582593
