Instance,INF_avg,INF_sd,INF_r1,INF_kr,INF_sk,SUP_avg,SUP_sd,SUP_r1,SUP_kr,SUP_sk,INC_avg,INC_sd,INC_r1,INC_kr,INC_sk,IND_avg,IND_sd,IND_r1,IND_kr,IND_sk
215,0.2904000000,0.0314299220,0.1738044023,2.8614722961,-0.6794528666,0.2704000000,0.0388566597,-0.0444884240,2.3018831342,0.1426369107,0.4392000000,0.0455780649,0.1127160972,2.2819660343,0.3385665643,0.0348000000,0.0068527367,0.2197817474,2.2937510339,-0.0211805605
