Instance,FV_avg_avg,FV_avg_sd,FV_sd_avg,FV_sd_sd,FV_r1_avg,FV_r1_sd,FV_kr_avg,FV_kr_sd,FV_sk_avg,FV_sk_sd,FD_avg_avg,FD_avg_sd,FD_sd_avg,FD_sd_sd,FD_r1_avg,FD_r1_sd,FD_kr_avg,FD_kr_sd,FD_sk_avg,FD_sk_sd,IN_avg_avg,IN_avg_sd,IN_sd_avg,IN_sd_sd,IN_r1_avg,IN_r1_sd,IN_kr_avg,IN_kr_sd,IN_sk_avg,IN_sk_sd
455,0.4882498007,0.2966082648,0.0011682970,0.0010831291,0.2974158070,0.3462075566,1.9468709110,0.4148516510,-0.0979686432,0.4703226593,0.0000115382,0.0002274449,0.0000869184,0.0000596536,-0.2336829963,0.4420641100,2.0277018160,0.4441538696,0.0090656831,0.6271321635,0.5038500000,0.0629422553,0.0296072403,0.0149369113,-0.1092959391,0.3192941898,1.9910202173,0.5029182885,-0.0858741807,0.6345475404
