Instance,FV_avg_avg,FV_avg_sd,FV_sd_avg,FV_sd_sd,FV_r1_avg,FV_r1_sd,FV_kr_avg,FV_kr_sd,FV_sk_avg,FV_sk_sd,FD_avg_avg,FD_avg_sd,FD_sd_avg,FD_sd_sd,FD_r1_avg,FD_r1_sd,FD_kr_avg,FD_kr_sd,FD_sk_avg,FD_sk_sd,IN_avg_avg,IN_avg_sd,IN_sd_avg,IN_sd_sd,IN_r1_avg,IN_r1_sd,IN_kr_avg,IN_kr_sd,IN_sk_avg,IN_sk_sd
312,0.4924313838,0.3007397726,0.0004648659,0.0003575978,0.8791241765,0.0892178759,2.4261789003,0.6471277054,0.0709165365,0.5415990691,0.0000007826,0.0000128829,0.0000127360,0.0000078338,-0.0362207215,0.1110434423,2.8627768555,0.6725274251,0.0671550765,0.3724081272,0.4994550000,0.0206734727,0.0353044032,0.0034255822,-0.0286797166,0.1366689123,2.7045075143,0.8748087522,0.0092642441,0.3408340894
