Instance,FV_avg_avg,FV_avg_sd,FV_sd_avg,FV_sd_sd,FV_r1_avg,FV_r1_sd,FV_kr_avg,FV_kr_sd,FV_sk_avg,FV_sk_sd,FD_avg_avg,FD_avg_sd,FD_sd_avg,FD_sd_sd,FD_r1_avg,FD_r1_sd,FD_kr_avg,FD_kr_sd,FD_sk_avg,FD_sk_sd,IN_avg_avg,IN_avg_sd,IN_sd_avg,IN_sd_sd,IN_r1_avg,IN_r1_sd,IN_kr_avg,IN_kr_sd,IN_sk_avg,IN_sk_sd
151,0.5008487211,0.3044417152,0.0006208180,0.0004078784,0.0587798481,0.3450302782,1.9677202068,0.4537145604,-0.1347130774,0.5497781402,0.0000183884,0.0000772457,0.0000813021,0.0000608655,-0.2342987661,0.4249179944,2.0051912763,0.3889008522,0.0256045269,0.5003857547,0.4960000000,0.0477325884,0.0413729889,0.0097916185,-0.2225564218,0.3960663409,1.9716920919,0.3993924085,-0.1605678671,0.4338041921
