Instance,FV_avg_avg,FV_avg_sd,FV_sd_avg,FV_sd_sd,FV_r1_avg,FV_r1_sd,FV_kr_avg,FV_kr_sd,FV_sk_avg,FV_sk_sd,FD_avg_avg,FD_avg_sd,FD_sd_avg,FD_sd_sd,FD_r1_avg,FD_r1_sd,FD_kr_avg,FD_kr_sd,FD_sk_avg,FD_sk_sd,IN_avg_avg,IN_avg_sd,IN_sd_avg,IN_sd_sd,IN_r1_avg,IN_r1_sd,IN_kr_avg,IN_kr_sd,IN_sk_avg,IN_sk_sd
206,0.4633324996,0.2803039474,0.0171528174,0.0107370089,0.9960538353,0.0012316209,1.9115476850,0.0499021539,0.3421262533,0.0686374798,-0.0001599344,0.0001010438,0.0000509647,0.0000313620,0.7448177797,0.0698810708,3.0888976126,0.5495543338,0.5723129163,0.1699236688,0.1924198164,0.0159247877,0.1052883594,0.0089117930,0.7063185048,0.0630956031,3.1557814854,0.4559318677,0.7103105599,0.1507836865
