Instance,INF_avg,INF_sd,INF_r1,INF_kr,INF_sk,SUP_avg,SUP_sd,SUP_r1,SUP_kr,SUP_sk,INC_avg,INC_sd,INC_r1,INC_kr,INC_sk,IND_avg,IND_sd,IND_r1,IND_kr,IND_sk
86,0.2500000000,0.0652686755,-0.0887290168,2.1553263241,-0.3107415615,0.2520000000,0.0627375486,-0.6150152772,3.4470553242,1.1103165198,0.4980000000,0.0493558507,-0.1425699447,3.7711745816,-1.2424098897,0.1200000000,0.0368781778,-0.4848484848,1.8512110727,0.4785230687
