Instance,FV_avg_avg,FV_avg_sd,FV_sd_avg,FV_sd_sd,FV_r1_avg,FV_r1_sd,FV_kr_avg,FV_kr_sd,FV_sk_avg,FV_sk_sd,FD_avg_avg,FD_avg_sd,FD_sd_avg,FD_sd_sd,FD_r1_avg,FD_r1_sd,FD_kr_avg,FD_kr_sd,FD_sk_avg,FD_sk_sd,IN_avg_avg,IN_avg_sd,IN_sd_avg,IN_sd_sd,IN_r1_avg,IN_r1_sd,IN_kr_avg,IN_kr_sd,IN_sk_avg,IN_sk_sd
447,0.5021562795,0.3043791761,0.0002442452,0.0001559956,0.5981428694,0.3005824674,2.1437463183,0.5778681305,0.0996342566,0.5707037165,-0.0000101643,0.0000232875,0.0000415883,0.0000304228,0.0048073087,0.2899614859,2.1146604537,0.2486820580,0.0545486528,0.3639851566,0.4800000000,0.0466904701,0.1021162587,0.0334255845,-0.0554224901,0.3188697869,2.2494345237,0.4625058841,-0.1216077584,0.4940780950
