Instance,INF_avg,INF_sd,INF_r1,INF_kr,INF_sk,SUP_avg,SUP_sd,SUP_r1,SUP_kr,SUP_sk,INC_avg,INC_sd,INC_r1,INC_kr,INC_sk,IND_avg,IND_sd,IND_r1,IND_kr,IND_sk
234,0.2660000000,0.0544426304,-0.0937715785,2.1003403869,0.1885876272,0.2260000000,0.0693108938,0.5590985139,1.8037265642,0.0207586560,0.5080000000,0.0790948797,0.5201535509,1.2529810768,0.0997216009,0.0920000000,0.0299332591,-0.3399280576,2.5644132653,-0.5512263114
