Instance,FV_avg_avg,FV_avg_sd,FV_sd_avg,FV_sd_sd,FV_r1_avg,FV_r1_sd,FV_kr_avg,FV_kr_sd,FV_sk_avg,FV_sk_sd,FD_avg_avg,FD_avg_sd,FD_sd_avg,FD_sd_sd,FD_r1_avg,FD_r1_sd,FD_kr_avg,FD_kr_sd,FD_sk_avg,FD_sk_sd,IN_avg_avg,IN_avg_sd,IN_sd_avg,IN_sd_sd,IN_r1_avg,IN_r1_sd,IN_kr_avg,IN_kr_sd,IN_sk_avg,IN_sk_sd
243,0.4884010697,0.2966482924,0.0053927699,0.0040581472,0.9838181942,0.0143850423,1.8752249458,0.0854809877,0.2077481366,0.1560420347,-0.0000774071,0.0000576184,0.0000959058,0.0000598366,0.1623443778,0.2104962507,2.9081994795,0.6995459867,-0.0245509394,0.3981473326,0.3878798167,0.0404781818,0.1648654793,0.0110145084,0.1332812611,0.1275137436,2.9450863154,0.6869930581,0.0105942659,0.3624571473
