Instance,INF_avg,INF_sd,INF_r1,INF_kr,INF_sk,SUP_avg,SUP_sd,SUP_r1,SUP_kr,SUP_sk,INC_avg,INC_sd,INC_r1,INC_kr,INC_sk,IND_avg,IND_sd,IND_r1,IND_kr,IND_sk
183,0.2000000000,0.0632455532,0.0000000000,2.5000000000,-0.0000000000,0.1800000000,0.1166190379,-0.4935064935,2.6660899654,1.1500493357,0.6200000000,0.1166190379,-0.1363636364,2.6660899654,-1.1500493357,0.4000000000,0.0632455532,0.0000000000,2.5000000000,-0.0000000000
