Instance,INF_avg,INF_sd,INF_r1,INF_kr,INF_sk,SUP_avg,SUP_sd,SUP_r1,SUP_kr,SUP_sk,INC_avg,INC_sd,INC_r1,INC_kr,INC_sk,IND_avg,IND_sd,IND_r1,IND_kr,IND_sk
392,0.2800000000,0.0536656315,-0.0370370370,2.7314814815,-0.9938079900,0.2360000000,0.0571314274,-0.4965652601,2.5291234141,-0.3130037835,0.4840000000,0.0463033476,0.1304347826,2.1988193362,0.3365218792,0.0920000000,0.0160000000,-0.1184210526,2.0781250000,0.8437500000
