Instance,FV_avg_avg,FV_avg_sd,FV_sd_avg,FV_sd_sd,FV_r1_avg,FV_r1_sd,FV_kr_avg,FV_kr_sd,FV_sk_avg,FV_sk_sd,FD_avg_avg,FD_avg_sd,FD_sd_avg,FD_sd_sd,FD_r1_avg,FD_r1_sd,FD_kr_avg,FD_kr_sd,FD_sk_avg,FD_sk_sd,IN_avg_avg,IN_avg_sd,IN_sd_avg,IN_sd_sd,IN_r1_avg,IN_r1_sd,IN_kr_avg,IN_kr_sd,IN_sk_avg,IN_sk_sd
432,0.4607364998,0.2795790964,0.0197019303,0.0122221426,0.9966710574,0.0009808325,1.8858890627,0.0368230104,0.3176193189,0.0574601122,-0.0001137098,0.0000702555,0.0000582043,0.0000359364,0.8697808074,0.0205980040,2.1789045765,0.0924605327,0.2930458282,0.0830391582,0.2406080482,0.0190971467,0.1342918432,0.0084388809,0.8106317958,0.0367938039,2.4081798045,0.1476814874,0.4995877269,0.0940775054
