Instance,INF_avg,INF_sd,INF_r1,INF_kr,INF_sk,SUP_avg,SUP_sd,SUP_r1,SUP_kr,SUP_sk,INC_avg,INC_sd,INC_r1,INC_kr,INC_sk,IND_avg,IND_sd,IND_r1,IND_kr,IND_sk
373,0.2652000000,0.0315112678,-0.1196518319,2.8015117533,0.1930113872,0.2116000000,0.0307236066,0.0032785760,2.2150165500,-0.2157669033,0.5232000000,0.0367866824,-0.0807435334,2.4250782200,-0.0828425634,0.0429500000,0.0100522386,-0.0233731404,2.6660434300,0.1268095462
