Instance,INF_avg,INF_sd,INF_r1,INF_kr,INF_sk,SUP_avg,SUP_sd,SUP_r1,SUP_kr,SUP_sk,INC_avg,INC_sd,INC_r1,INC_kr,INC_sk,IND_avg,IND_sd,IND_r1,IND_kr,IND_sk
317,0.3655072464,0.0751912775,0.5521373494,2.7566824115,0.2035009468,0.1167632850,0.0666931614,0.7523870144,2.5769244514,0.5798158413,0.5177294686,0.0497448975,-0.0079443065,2.9052648028,-0.1709297008,0.0697584541,0.0210919224,0.0139929789,4.0008727926,0.6001783970
