Instance,FV_avg_avg,FV_avg_sd,FV_sd_avg,FV_sd_sd,FV_r1_avg,FV_r1_sd,FV_kr_avg,FV_kr_sd,FV_sk_avg,FV_sk_sd,FD_avg_avg,FD_avg_sd,FD_sd_avg,FD_sd_sd,FD_r1_avg,FD_r1_sd,FD_kr_avg,FD_kr_sd,FD_sk_avg,FD_sk_sd,IN_avg_avg,IN_avg_sd,IN_sd_avg,IN_sd_sd,IN_r1_avg,IN_r1_sd,IN_kr_avg,IN_kr_sd,IN_sk_avg,IN_sk_sd
96,0.4948741662,0.3009651504,0.0007528497,0.0005039066,0.7597442706,0.1924093668,2.7206371989,0.8909187208,0.1453921531,0.7040410462,-0.0000025447,0.0000492553,0.0000628492,0.0000400184,0.0346761627,0.2001015496,2.8276899472,0.7986132955,0.1359827917,0.4706904843,0.4907200000,0.0415225433,0.0735503424,0.0094290577,0.0046908703,0.1778515548,2.6963007279,0.6610962811,0.0900770789,0.4449052821
