Instance,INF_avg,INF_sd,INF_r1,INF_kr,INF_sk,SUP_avg,SUP_sd,SUP_r1,SUP_kr,SUP_sk,INC_avg,INC_sd,INC_r1,INC_kr,INC_sk,IND_avg,IND_sd,IND_r1,IND_kr,IND_sk
261,0.3538750000,0.0873783976,0.4440175263,2.9753293702,0.2892567264,0.1330000000,0.0642339474,0.4572206372,2.6650715149,0.3233190091,0.5131250000,0.0715558130,0.0289648648,2.6792226144,-0.2473377046,0.1258750000,0.0373227059,0.0963429563,2.8635908483,0.1807247707
