Instance,FV_avg_avg,FV_avg_sd,FV_sd_avg,FV_sd_sd,FV_r1_avg,FV_r1_sd,FV_kr_avg,FV_kr_sd,FV_sk_avg,FV_sk_sd,FD_avg_avg,FD_avg_sd,FD_sd_avg,FD_sd_sd,FD_r1_avg,FD_r1_sd,FD_kr_avg,FD_kr_sd,FD_sk_avg,FD_sk_sd,IN_avg_avg,IN_avg_sd,IN_sd_avg,IN_sd_sd,IN_r1_avg,IN_r1_sd,IN_kr_avg,IN_kr_sd,IN_sk_avg,IN_sk_sd
31,0.5007856238,0.3040030366,0.0003913149,0.0003088726,0.4577485192,0.2766751042,2.1398708598,0.3244430535,0.0068754188,0.3806803463,0.0000017360,0.0000202502,0.0000428544,0.0000312904,-0.0842724484,0.2296124345,2.3702355996,0.6479491101,-0.0288724677,0.5755514957,0.5022000000,0.0269659044,0.0612444963,0.0196242625,-0.0754759074,0.3378278248,2.0671654616,0.6139800633,0.0017789958,0.4134894389
