Instance,FV_avg_avg,FV_avg_sd,FV_sd_avg,FV_sd_sd,FV_r1_avg,FV_r1_sd,FV_kr_avg,FV_kr_sd,FV_sk_avg,FV_sk_sd,FD_avg_avg,FD_avg_sd,FD_sd_avg,FD_sd_sd,FD_r1_avg,FD_r1_sd,FD_kr_avg,FD_kr_sd,FD_sk_avg,FD_sk_sd,IN_avg_avg,IN_avg_sd,IN_sd_avg,IN_sd_sd,IN_r1_avg,IN_r1_sd,IN_kr_avg,IN_kr_sd,IN_sk_avg,IN_sk_sd
193,0.4957263975,0.3014778835,0.0003179456,0.0002233606,0.8301473698,0.1336216784,2.3472374804,0.6027861787,-0.0322537594,0.4032142029,0.0000009900,0.0000122583,0.0000231044,0.0000149889,-0.0096070996,0.1762270746,2.7234418974,0.5580559329,0.0147353508,0.4439210477,0.5056400000,0.0294715863,0.0693353185,0.0123381362,-0.0053179924,0.1432889092,2.6482762510,0.6122989572,-0.0206178145,0.4160381084
