Instance,FV_avg_avg,FV_avg_sd,FV_sd_avg,FV_sd_sd,FV_r1_avg,FV_r1_sd,FV_kr_avg,FV_kr_sd,FV_sk_avg,FV_sk_sd,FD_avg_avg,FD_avg_sd,FD_sd_avg,FD_sd_sd,FD_r1_avg,FD_r1_sd,FD_kr_avg,FD_kr_sd,FD_sk_avg,FD_sk_sd,IN_avg_avg,IN_avg_sd,IN_sd_avg,IN_sd_sd,IN_r1_avg,IN_r1_sd,IN_kr_avg,IN_kr_sd,IN_sk_avg,IN_sk_sd
498,0.4975630906,0.3018168977,0.0004849992,0.0003851514,0.1216910067,0.4582565748,1.9482346538,0.5073277248,0.1173454464,0.5800627079,0.0000028718,0.0000946976,0.0000406105,0.0000307026,-0.3139351168,0.3572411471,2.1015393883,0.5334459909,-0.0007593712,0.7075457708,0.4949500000,0.0514203024,0.0315742407,0.0101374220,-0.2215232350,0.4541122879,1.9590973638,0.5399252601,-0.1281970555,0.6599253373
