Instance,INF_avg,INF_sd,INF_r1,INF_kr,INF_sk,SUP_avg,SUP_sd,SUP_r1,SUP_kr,SUP_sk,INC_avg,INC_sd,INC_r1,INC_kr,INC_sk,IND_avg,IND_sd,IND_r1,IND_kr,IND_sk
367,0.4321052632,0.1112250262,0.8350682096,2.1038659615,-0.1661875359,0.1064912281,0.0770165448,0.8182515990,2.5704890198,0.7279571294,0.4614035088,0.0518242169,0.4958052084,2.8315154418,-0.0242936642,0.0754385965,0.0235506304,0.1179801894,3.5464587873,0.4325179354
