Instance,INF_avg,INF_sd,INF_r1,INF_kr,INF_sk,SUP_avg,SUP_sd,SUP_r1,SUP_kr,SUP_sk,INC_avg,INC_sd,INC_r1,INC_kr,INC_sk,IND_avg,IND_sd,IND_r1,IND_kr,IND_sk
18,0.2454000000,0.0287722088,0.1012721711,2.1525051283,-0.1993582767,0.2443000000,0.0250201918,0.0075999847,2.5728814139,-0.2916151434,0.5103000000,0.0361719505,0.1181956824,3.1792355269,0.3857125513,0.0424000000,0.0094994737,-0.1337512123,3.3173735287,-0.4940923239
