Instance,INF_avg,INF_sd,INF_r1,INF_kr,INF_sk,SUP_avg,SUP_sd,SUP_r1,SUP_kr,SUP_sk,INC_avg,INC_sd,INC_r1,INC_kr,INC_sk,IND_avg,IND_sd,IND_r1,IND_kr,IND_sk
414,0.2366000000,0.0338147897,-0.0198315993,2.3554851372,0.2240359752,0.2193000000,0.0377625476,0.1758319243,2.0226356268,0.0820331073,0.5441000000,0.0398207232,0.0888957041,2.7269500008,0.1736461045,0.0326000000,0.0087886290,0.1051140785,4.8326956327,0.8837981899
