Instance,FV_avg_avg,FV_avg_sd,FV_sd_avg,FV_sd_sd,FV_r1_avg,FV_r1_sd,FV_kr_avg,FV_kr_sd,FV_sk_avg,FV_sk_sd,FD_avg_avg,FD_avg_sd,FD_sd_avg,FD_sd_sd,FD_r1_avg,FD_r1_sd,FD_kr_avg,FD_kr_sd,FD_sk_avg,FD_sk_sd,IN_avg_avg,IN_avg_sd,IN_sd_avg,IN_sd_sd,IN_r1_avg,IN_r1_sd,IN_kr_avg,IN_kr_sd,IN_sk_avg,IN_sk_sd
431,0.4850434344,0.2953897702,0.0028916687,0.0020155264,0.8822587614,0.0734551421,2.5123279299,0.7670157208,0.1137582870,0.5032155581,-0.0000238753,0.0001235227,0.0002677670,0.0001620753,0.0737144904,0.1603456094,2.6245400626,0.4262572033,0.0249165431,0.2710706907,0.4899500000,0.0363393382,0.1138640453,0.0074785826,0.0934066027,0.1841326830,2.7961869918,0.4969952364,0.0713076736,0.2833857005
