Instance,INF_avg,INF_sd,INF_r1,INF_kr,INF_sk,SUP_avg,SUP_sd,SUP_r1,SUP_kr,SUP_sk,INC_avg,INC_sd,INC_r1,INC_kr,INC_sk,IND_avg,IND_sd,IND_r1,IND_kr,IND_sk
310,0.2237000000,0.0442866797,0.1003061038,3.3797331440,-0.1689063962,0.2409000000,0.0441383054,-0.0389173619,2.6856930125,0.1512872134,0.5354000000,0.0512527072,0.1844351167,2.8965628284,0.4488340892,0.0722000000,0.0219353596,0.2043726418,3.2792835954,0.5318811709
