Instance,INF_avg,INF_sd,INF_r1,INF_kr,INF_sk,SUP_avg,SUP_sd,SUP_r1,SUP_kr,SUP_sk,INC_avg,INC_sd,INC_r1,INC_kr,INC_sk,IND_avg,IND_sd,IND_r1,IND_kr,IND_sk
22,0.2965000000,0.1072974837,0.0014034741,2.8256525924,0.1333102910,0.2290000000,0.0943874992,0.0775330624,3.7538188507,0.5179318786,0.4745000000,0.1186370515,0.1555526307,3.6413743338,-0.1739445077,0.2180000000,0.0844156384,-0.1674855074,4.1414609205,0.9839050687
