Instance,FV_avg_avg,FV_avg_sd,FV_sd_avg,FV_sd_sd,FV_r1_avg,FV_r1_sd,FV_kr_avg,FV_kr_sd,FV_sk_avg,FV_sk_sd,FD_avg_avg,FD_avg_sd,FD_sd_avg,FD_sd_sd,FD_r1_avg,FD_r1_sd,FD_kr_avg,FD_kr_sd,FD_sk_avg,FD_sk_sd,IN_avg_avg,IN_avg_sd,IN_sd_avg,IN_sd_sd,IN_r1_avg,IN_r1_sd,IN_kr_avg,IN_kr_sd,IN_sk_avg,IN_sk_sd
112,0.4881618585,0.2978234856,0.0008006379,0.0004911450,0.4716446106,0.3722477575,2.1647313432,0.4839297694,-0.1484491195,0.4463117495,0.0000035485,0.0000906028,0.0000508512,0.0000323928,-0.0494684659,0.3221599368,2.5503744078,0.7776507509,-0.1085920698,0.6580775278,0.4963250000,0.0331237358,0.0340443261,0.0099835545,0.0197339546,0.3275155179,2.2916745047,0.5212431626,0.0508365153,0.3757996974
