Instance,FV_avg_avg,FV_avg_sd,FV_sd_avg,FV_sd_sd,FV_r1_avg,FV_r1_sd,FV_kr_avg,FV_kr_sd,FV_sk_avg,FV_sk_sd,FD_avg_avg,FD_avg_sd,FD_sd_avg,FD_sd_sd,FD_r1_avg,FD_r1_sd,FD_kr_avg,FD_kr_sd,FD_sk_avg,FD_sk_sd,IN_avg_avg,IN_avg_sd,IN_sd_avg,IN_sd_sd,IN_r1_avg,IN_r1_sd,IN_kr_avg,IN_kr_sd,IN_sk_avg,IN_sk_sd
126,0.4959124009,0.3011016864,0.0012036533,0.0007657853,0.9089709921,0.0513280964,2.5850722770,0.5057836006,-0.1550642317,0.4090491451,0.0000143042,0.0000233272,0.0001565040,0.0000956704,0.0754064691,0.1177129631,2.9403461347,0.4608065703,-0.0349871389,0.2851959588,0.5093000000,0.0236307004,0.1642655508,0.0100959810,0.0377208981,0.1262971092,2.7273184478,0.3857711873,0.0033206362,0.2143777239
