Instance,INF_avg,INF_sd,INF_r1,INF_kr,INF_sk,SUP_avg,SUP_sd,SUP_r1,SUP_kr,SUP_sk,INC_avg,INC_sd,INC_r1,INC_kr,INC_sk,IND_avg,IND_sd,IND_r1,IND_kr,IND_sk
294,0.2896000000,0.0666621332,-0.0227871842,3.3191257653,0.3751492959,0.2182000000,0.0550705003,-0.0939750331,3.0794961788,0.2719670089,0.4922000000,0.0760470907,-0.0056886506,2.7774523259,0.0888612167,0.1068000000,0.0312691541,0.0370270239,2.8362287535,-0.1184263817
