Instance,FV_avg_avg,FV_avg_sd,FV_sd_avg,FV_sd_sd,FV_r1_avg,FV_r1_sd,FV_kr_avg,FV_kr_sd,FV_sk_avg,FV_sk_sd,FD_avg_avg,FD_avg_sd,FD_sd_avg,FD_sd_sd,FD_r1_avg,FD_r1_sd,FD_kr_avg,FD_kr_sd,FD_sk_avg,FD_sk_sd,IN_avg_avg,IN_avg_sd,IN_sd_avg,IN_sd_sd,IN_r1_avg,IN_r1_sd,IN_kr_avg,IN_kr_sd,IN_sk_avg,IN_sk_sd
443,0.5012777172,0.3047889659,0.0005708575,0.0003827539,0.7950534171,0.1733959843,2.4248037455,0.5556355180,0.0093091493,0.5101759615,0.0000020059,0.0000316628,0.0000954065,0.0000598927,-0.0651613792,0.2197554734,2.8127244325,0.5524486842,-0.0350181183,0.4105318697,0.4966000000,0.0416898069,0.1501034778,0.0161042220,-0.0539924522,0.1788915169,2.7987975350,0.6607539090,-0.0665895855,0.3983451610
