Instance,FV_avg_avg,FV_avg_sd,FV_sd_avg,FV_sd_sd,FV_r1_avg,FV_r1_sd,FV_kr_avg,FV_kr_sd,FV_sk_avg,FV_sk_sd,FD_avg_avg,FD_avg_sd,FD_sd_avg,FD_sd_sd,FD_r1_avg,FD_r1_sd,FD_kr_avg,FD_kr_sd,FD_sk_avg,FD_sk_sd,IN_avg_avg,IN_avg_sd,IN_sd_avg,IN_sd_sd,IN_r1_avg,IN_r1_sd,IN_kr_avg,IN_kr_sd,IN_sk_avg,IN_sk_sd
495,0.4495249781,0.2727884015,0.0223384849,0.0140407658,0.9474907764,0.0502478801,2.1758916025,0.1558682018,0.6301845872,0.1077188587,-0.0013544277,0.0008200747,0.0006555728,0.0004166498,0.9027955189,0.0929100960,2.2554010080,0.3442491038,0.6090900200,0.1494437644,0.1651879034,0.0270342826,0.1452221987,0.0237207716,0.8820315181,0.0534681684,2.5980937114,0.3859170050,0.8503712825,0.1967222654
