Instance,INF_avg,INF_sd,INF_r1,INF_kr,INF_sk,SUP_avg,SUP_sd,SUP_r1,SUP_kr,SUP_sk,INC_avg,INC_sd,INC_r1,INC_kr,INC_sk,IND_avg,IND_sd,IND_r1,IND_kr,IND_sk
100,0.2427000000,0.0447795712,0.4748845707,2.6175316021,0.3027606197,0.2306000000,0.0412872862,-0.0135636908,3.1085487957,-0.1599683785,0.5267000000,0.0460934919,0.2273972996,2.7923630086,-0.0047270573,0.0407000000,0.0097473073,-0.0315767756,4.0016560835,0.8234994719
