Instance,INF_avg,INF_sd,INF_r1,INF_kr,INF_sk,SUP_avg,SUP_sd,SUP_r1,SUP_kr,SUP_sk,INC_avg,INC_sd,INC_r1,INC_kr,INC_sk,IND_avg,IND_sd,IND_r1,IND_kr,IND_sk
262,0.2282000000,0.0320274882,-0.2461051851,3.2403368954,-0.2745623477,0.2596000000,0.0358027932,0.1436534819,2.5475123390,0.3804087747,0.5122000000,0.0318772646,0.0042826892,2.9930089043,0.9186628616,0.0354000000,0.0082365041,-0.1673545359,2.2600180224,-0.0742209008
