Instance,INF_avg,INF_sd,INF_r1,INF_kr,INF_sk,SUP_avg,SUP_sd,SUP_r1,SUP_kr,SUP_sk,INC_avg,INC_sd,INC_r1,INC_kr,INC_sk,IND_avg,IND_sd,IND_r1,IND_kr,IND_sk
237,0.2238000000,0.0443120751,0.2520223446,3.6477335740,0.4526009347,0.2776000000,0.0448802852,-0.1865677512,3.0033361576,0.4008460842,0.4986000000,0.0562498000,-0.0291763173,4.0213290349,-0.0751126087,0.0626000000,0.0174137876,-0.2031570928,2.5079850711,0.0297604971
