Instance,FV_avg_avg,FV_avg_sd,FV_sd_avg,FV_sd_sd,FV_r1_avg,FV_r1_sd,FV_kr_avg,FV_kr_sd,FV_sk_avg,FV_sk_sd,FD_avg_avg,FD_avg_sd,FD_sd_avg,FD_sd_sd,FD_r1_avg,FD_r1_sd,FD_kr_avg,FD_kr_sd,FD_sk_avg,FD_sk_sd,IN_avg_avg,IN_avg_sd,IN_sd_avg,IN_sd_sd,IN_r1_avg,IN_r1_sd,IN_kr_avg,IN_kr_sd,IN_sk_avg,IN_sk_sd
97,0.4992360346,0.3026579478,0.0005318575,0.0003647135,0.9010866267,0.0891888749,2.2197639915,0.4275843583,-0.1512352355,0.4131511366,-0.0000024060,0.0000133234,0.0000187698,0.0000118573,0.0316231220,0.1725847677,2.8919156204,0.7301583764,0.1233998126,0.3658523504,0.4995100000,0.0202269597,0.0503478058,0.0057296120,0.0295155192,0.1706003707,2.9200911335,0.5984186331,0.0372651062,0.3911087034
