Instance,FV_avg_avg,FV_avg_sd,FV_sd_avg,FV_sd_sd,FV_r1_avg,FV_r1_sd,FV_kr_avg,FV_kr_sd,FV_sk_avg,FV_sk_sd,FD_avg_avg,FD_avg_sd,FD_sd_avg,FD_sd_sd,FD_r1_avg,FD_r1_sd,FD_kr_avg,FD_kr_sd,FD_sk_avg,FD_sk_sd,IN_avg_avg,IN_avg_sd,IN_sd_avg,IN_sd_sd,IN_r1_avg,IN_r1_sd,IN_kr_avg,IN_kr_sd,IN_sk_avg,IN_sk_sd
353,0.4903733092,0.2982946220,0.0026733366,0.0021691994,0.9016254797,0.0808598181,2.4898610340,0.5878089927,-0.1801251774,0.5308078842,0.0000211262,0.0000722430,0.0003128086,0.0002056969,-0.0198487551,0.1455247807,2.8599484407,0.6288164445,0.0859729940,0.2983700060,0.5083000000,0.0295788776,0.1573124304,0.0147986228,0.0305710818,0.1398525103,2.7153678495,0.4546661663,0.0871897501,0.2857621605
