Instance,INF_avg,INF_sd,INF_r1,INF_kr,INF_sk,SUP_avg,SUP_sd,SUP_r1,SUP_kr,SUP_sk,INC_avg,INC_sd,INC_r1,INC_kr,INC_sk,IND_avg,IND_sd,IND_r1,IND_kr,IND_sk
471,0.3137254902,0.0765931647,0.3714829892,2.6600346477,0.1129534919,0.1672549020,0.0782549486,0.6553412119,2.7074553096,0.3281090485,0.5190196078,0.0656417760,-0.1330958625,2.6892829365,-0.1146373200,0.1235294118,0.0379278742,0.2440881449,3.8465176235,0.6170398802
