Instance,INF_avg,INF_sd,INF_r1,INF_kr,INF_sk,SUP_avg,SUP_sd,SUP_r1,SUP_kr,SUP_sk,INC_avg,INC_sd,INC_r1,INC_kr,INC_sk,IND_avg,IND_sd,IND_r1,IND_kr,IND_sk
5,0.2502000000,0.0294102023,0.0010791101,1.8445043028,0.0953673302,0.2399000000,0.0321168180,0.2295301815,2.7926801181,0.3665142256,0.5099000000,0.0335930052,-0.1302627636,2.7017378024,-0.2380401439,0.0372000000,0.0104000000,0.0602130307,2.2276405107,0.1515703232
