Instance,INF_avg,INF_sd,INF_r1,INF_kr,INF_sk,SUP_avg,SUP_sd,SUP_r1,SUP_kr,SUP_sk,INC_avg,INC_sd,INC_r1,INC_kr,INC_sk,IND_avg,IND_sd,IND_r1,IND_kr,IND_sk
429,0.2260000000,0.0390384426,0.0705679862,1.7574761816,0.2210621297,0.3900000000,0.0519615242,-0.2030075188,2.1423868313,-0.4490502094,0.3840000000,0.0434050688,-0.2935858803,2.8339080693,-0.5731814639,0.0640000000,0.0149666295,0.0827338129,1.9904336735,0.1932871482
