Instance,INF_avg,INF_sd,INF_r1,INF_kr,INF_sk,SUP_avg,SUP_sd,SUP_r1,SUP_kr,SUP_sk,INC_avg,INC_sd,INC_r1,INC_kr,INC_sk,IND_avg,IND_sd,IND_r1,IND_kr,IND_sk
400,0.2541500000,0.0526310507,0.5815052106,2.7246381465,0.4994732495,0.3115000000,0.0494646338,0.4847346108,3.2724407106,0.2303090506,0.4343500000,0.0596181810,0.5683920918,2.5349551796,0.0347563708,0.0329000000,0.0103242433,0.1553936756,4.2769901171,0.6390757504
