Instance,FV_avg_avg,FV_avg_sd,FV_sd_avg,FV_sd_sd,FV_r1_avg,FV_r1_sd,FV_kr_avg,FV_kr_sd,FV_sk_avg,FV_sk_sd,FD_avg_avg,FD_avg_sd,FD_sd_avg,FD_sd_sd,FD_r1_avg,FD_r1_sd,FD_kr_avg,FD_kr_sd,FD_sk_avg,FD_sk_sd,IN_avg_avg,IN_avg_sd,IN_sd_avg,IN_sd_sd,IN_r1_avg,IN_r1_sd,IN_kr_avg,IN_kr_sd,IN_sk_avg,IN_sk_sd
431,0.4966076912,0.3012536364,0.0013456848,0.0011186128,0.5300903577,0.2654597123,2.2232315919,0.5088783317,-0.1346421074,0.4089832163,0.0000234624,0.0001127142,0.0000865484,0.0000685426,-0.1013833519,0.3259018981,2.4510041081,0.8422632989,0.2468149457,0.5642130886,0.5048500000,0.0242544326,0.0356686742,0.0081514220,-0.0834466500,0.3080014688,2.3185606430,0.6200922967,-0.0260493203,0.5643003106
