Instance,INF_avg,INF_sd,INF_r1,INF_kr,INF_sk,SUP_avg,SUP_sd,SUP_r1,SUP_kr,SUP_sk,INC_avg,INC_sd,INC_r1,INC_kr,INC_sk,IND_avg,IND_sd,IND_r1,IND_kr,IND_sk
196,0.2448000000,0.0476755703,0.2332183339,2.4886470291,0.4145150482,0.2460000000,0.0352136337,0.1777548120,2.5498231009,-0.1341122783,0.5092000000,0.0366518758,-0.0377700752,2.7639561455,0.0979874675,0.0680000000,0.0193907194,0.1559554413,2.9698958805,0.6122692079
