Instance,INF_avg,INF_sd,INF_r1,INF_kr,INF_sk,SUP_avg,SUP_sd,SUP_r1,SUP_kr,SUP_sk,INC_avg,INC_sd,INC_r1,INC_kr,INC_sk,IND_avg,IND_sd,IND_r1,IND_kr,IND_sk
235,0.2312000000,0.0436183448,0.2782315236,2.7650989847,0.0186663573,0.2958000000,0.0499635867,0.4079734373,3.1699929796,-0.0324851297,0.4730000000,0.0520096145,0.0391049022,2.5311753069,-0.3749626636,0.0510000000,0.0220227155,0.1466699822,3.5720395366,0.8392459226
