Instance,INF_avg,INF_sd,INF_r1,INF_kr,INF_sk,SUP_avg,SUP_sd,SUP_r1,SUP_kr,SUP_sk,INC_avg,INC_sd,INC_r1,INC_kr,INC_sk,IND_avg,IND_sd,IND_r1,IND_kr,IND_sk
85,0.2660000000,0.0131909060,-0.1949265688,2.3953626635,0.9593861448,0.2650000000,0.0372827038,0.3568773234,2.0155530252,-0.3560198149,0.4690000000,0.0472652092,0.2832167832,2.0043219905,-0.1796752934,0.0430000000,0.0116619038,-0.1376404494,2.0659602076,-0.0794441975
