Instance,FV_avg_avg,FV_avg_sd,FV_sd_avg,FV_sd_sd,FV_r1_avg,FV_r1_sd,FV_kr_avg,FV_kr_sd,FV_sk_avg,FV_sk_sd,FD_avg_avg,FD_avg_sd,FD_sd_avg,FD_sd_sd,FD_r1_avg,FD_r1_sd,FD_kr_avg,FD_kr_sd,FD_sk_avg,FD_sk_sd,IN_avg_avg,IN_avg_sd,IN_sd_avg,IN_sd_sd,IN_r1_avg,IN_r1_sd,IN_kr_avg,IN_kr_sd,IN_sk_avg,IN_sk_sd
504,0.4839529072,0.2943473742,0.0056490654,0.0035655075,0.8583666350,0.0619285973,2.5011514013,0.5057980639,0.1144256558,0.4027816748,0.0000711785,0.0004150180,0.0009312575,0.0005513447,0.0987461901,0.1618604248,2.8465445349,0.6155657033,-0.0802216644,0.2696984565,0.5095000000,0.0531596652,0.1661086561,0.0184855179,0.0906730175,0.1587044151,2.7526174792,0.4873002674,0.0075542479,0.2529781189
