Instance,FV_avg_avg,FV_avg_sd,FV_sd_avg,FV_sd_sd,FV_r1_avg,FV_r1_sd,FV_kr_avg,FV_kr_sd,FV_sk_avg,FV_sk_sd,FD_avg_avg,FD_avg_sd,FD_sd_avg,FD_sd_sd,FD_r1_avg,FD_r1_sd,FD_kr_avg,FD_kr_sd,FD_sk_avg,FD_sk_sd,IN_avg_avg,IN_avg_sd,IN_sd_avg,IN_sd_sd,IN_r1_avg,IN_r1_sd,IN_kr_avg,IN_kr_sd,IN_sk_avg,IN_sk_sd
403,0.4977183953,0.3027652881,0.0003113590,0.0002494679,0.8941740110,0.0662425896,2.6974186390,0.9090663558,0.0350647156,0.6208971173,-0.0000009417,0.0000043012,0.0000084354,0.0000051460,-0.0021775249,0.1329583020,3.1577050036,0.6811499404,-0.0383680761,0.4237684883,0.4985500000,0.0135588532,0.0349370597,0.0026752304,0.0399415294,0.0951937241,2.8552103818,0.5854392358,-0.0638993251,0.2440356394
