Instance,INF_avg,INF_sd,INF_r1,INF_kr,INF_sk,SUP_avg,SUP_sd,SUP_r1,SUP_kr,SUP_sk,INC_avg,INC_sd,INC_r1,INC_kr,INC_sk,IND_avg,IND_sd,IND_r1,IND_kr,IND_sk
251,0.3241628959,0.0771720220,0.2134959303,2.8427862403,0.2825479172,0.1261538462,0.0653438787,0.5040259210,3.0818171552,0.5506219429,0.5496832579,0.0728376931,0.0100885567,2.6550407834,-0.1809457703,0.1344796380,0.0354457816,0.1458839820,3.1774143243,0.3677701472
