Instance,INF_avg,INF_sd,INF_r1,INF_kr,INF_sk,SUP_avg,SUP_sd,SUP_r1,SUP_kr,SUP_sk,INC_avg,INC_sd,INC_r1,INC_kr,INC_sk,IND_avg,IND_sd,IND_r1,IND_kr,IND_sk
116,0.2360000000,0.1360294086,0.0502105829,2.2076236330,0.0456527511,0.2310000000,0.1514562643,-0.1600831945,6.0850070405,1.1417934832,0.5330000000,0.1536587127,0.0903855957,2.9241479918,-0.3813154144,0.3650000000,0.1219631092,0.2583978022,3.6455419815,0.4270474405
