Instance,FV_avg_avg,FV_avg_sd,FV_sd_avg,FV_sd_sd,FV_r1_avg,FV_r1_sd,FV_kr_avg,FV_kr_sd,FV_sk_avg,FV_sk_sd,FD_avg_avg,FD_avg_sd,FD_sd_avg,FD_sd_sd,FD_r1_avg,FD_r1_sd,FD_kr_avg,FD_kr_sd,FD_sk_avg,FD_sk_sd,IN_avg_avg,IN_avg_sd,IN_sd_avg,IN_sd_sd,IN_r1_avg,IN_r1_sd,IN_kr_avg,IN_kr_sd,IN_sk_avg,IN_sk_sd
126,0.4677448336,0.2839798272,0.0143271882,0.0090855809,0.9820854117,0.0098636319,1.9704185075,0.0960947807,0.4228642787,0.0992442018,-0.0005251043,0.0003295701,0.0001957581,0.0001184600,0.8167701166,0.0532652096,3.1597485365,0.7216993924,0.8142377875,0.2929421658,0.1742091271,0.0211524336,0.1215677424,0.0143755414,0.7687716213,0.0595438698,3.6923968744,0.8207996421,1.0464562211,0.2354134736
