Instance,FV_avg_avg,FV_avg_sd,FV_sd_avg,FV_sd_sd,FV_r1_avg,FV_r1_sd,FV_kr_avg,FV_kr_sd,FV_sk_avg,FV_sk_sd,FD_avg_avg,FD_avg_sd,FD_sd_avg,FD_sd_sd,FD_r1_avg,FD_r1_sd,FD_kr_avg,FD_kr_sd,FD_sk_avg,FD_sk_sd,IN_avg_avg,IN_avg_sd,IN_sd_avg,IN_sd_sd,IN_r1_avg,IN_r1_sd,IN_kr_avg,IN_kr_sd,IN_sk_avg,IN_sk_sd
16,0.4856458266,0.2947831719,0.0036849698,0.0025065695,0.8479404441,0.0925417725,2.4590975656,0.4516843155,0.1174663402,0.4746139520,0.0000241923,0.0001812109,0.0004051829,0.0002501088,0.0868066739,0.1577793764,3.0226807915,0.6816612496,-0.1854955159,0.3812319739,0.5092000000,0.0336698678,0.1174817808,0.0134063862,0.0380939320,0.1418100301,2.9584162270,0.6217376604,-0.0399956798,0.3511605790
