Instance,FV_avg_avg,FV_avg_sd,FV_sd_avg,FV_sd_sd,FV_r1_avg,FV_r1_sd,FV_kr_avg,FV_kr_sd,FV_sk_avg,FV_sk_sd,FD_avg_avg,FD_avg_sd,FD_sd_avg,FD_sd_sd,FD_r1_avg,FD_r1_sd,FD_kr_avg,FD_kr_sd,FD_sk_avg,FD_sk_sd,IN_avg_avg,IN_avg_sd,IN_sd_avg,IN_sd_sd,IN_r1_avg,IN_r1_sd,IN_kr_avg,IN_kr_sd,IN_sk_avg,IN_sk_sd
86,0.4979948806,0.3020730736,0.0002343387,0.0001697798,0.7214939044,0.1858822364,2.6935402815,0.9812627179,0.2226562876,0.5953975513,0.0000008972,0.0000203176,0.0000515825,0.0000339882,0.0386386767,0.1577975780,2.9840556712,1.0646408808,-0.0175430566,0.5462642492,0.4988000000,0.0453977973,0.1545776938,0.0142596141,0.0327556485,0.2097951664,2.5789565876,0.5966147414,0.0565948009,0.3255227842
