Instance,INF_avg,INF_sd,INF_r1,INF_kr,INF_sk,SUP_avg,SUP_sd,SUP_r1,SUP_kr,SUP_sk,INC_avg,INC_sd,INC_r1,INC_kr,INC_sk,IND_avg,IND_sd,IND_r1,IND_kr,IND_sk
307,0.2640000000,0.0507543102,0.3535347205,2.4085779870,-0.4045796589,0.2696000000,0.0466887567,-0.0195909993,2.1148792208,-0.0407189185,0.4664000000,0.0438980637,0.1059323336,1.8714328873,0.2508317064,0.0588000000,0.0186161220,0.3895568977,3.7325744380,0.5842491936
