Instance,FV_avg_avg,FV_avg_sd,FV_sd_avg,FV_sd_sd,FV_r1_avg,FV_r1_sd,FV_kr_avg,FV_kr_sd,FV_sk_avg,FV_sk_sd,FD_avg_avg,FD_avg_sd,FD_sd_avg,FD_sd_sd,FD_r1_avg,FD_r1_sd,FD_kr_avg,FD_kr_sd,FD_sk_avg,FD_sk_sd,IN_avg_avg,IN_avg_sd,IN_sd_avg,IN_sd_sd,IN_r1_avg,IN_r1_sd,IN_kr_avg,IN_kr_sd,IN_sk_avg,IN_sk_sd
420,0.4998459980,0.3033015524,0.0001971362,0.0001579975,0.5569967421,0.2466934421,2.2030673175,0.5504903079,-0.0901091395,0.4935953904,-0.0000004011,0.0000234668,0.0000447047,0.0000281581,-0.1051570227,0.2522749418,2.6414468060,0.9563310750,-0.2386070252,0.6541207361,0.4975000000,0.0539328286,0.1393394989,0.0402430620,-0.0376485025,0.3024016292,2.4235776644,0.8120283331,-0.1778193486,0.5203019732
