Instance,INF_avg,INF_sd,INF_r1,INF_kr,INF_sk,SUP_avg,SUP_sd,SUP_r1,SUP_kr,SUP_sk,INC_avg,INC_sd,INC_r1,INC_kr,INC_sk,IND_avg,IND_sd,IND_r1,IND_kr,IND_sk
225,0.2195000000,0.0899708286,-0.0416008324,3.3408930526,0.6938050818,0.2635000000,0.1024341252,-0.0115735591,2.7455903776,0.3385075797,0.5170000000,0.1173072888,-0.0846966832,2.8760689092,0.0391980105,0.2320000000,0.0701854686,0.0365161007,3.2320022076,0.3307054737
