Instance,FV_avg_avg,FV_avg_sd,FV_sd_avg,FV_sd_sd,FV_r1_avg,FV_r1_sd,FV_kr_avg,FV_kr_sd,FV_sk_avg,FV_sk_sd,FD_avg_avg,FD_avg_sd,FD_sd_avg,FD_sd_sd,FD_r1_avg,FD_r1_sd,FD_kr_avg,FD_kr_sd,FD_sk_avg,FD_sk_sd,IN_avg_avg,IN_avg_sd,IN_sd_avg,IN_sd_sd,IN_r1_avg,IN_r1_sd,IN_kr_avg,IN_kr_sd,IN_sk_avg,IN_sk_sd
19,0.4953222905,0.3011973999,0.0008133451,0.0005397376,0.7897546664,0.1264517893,2.6237620817,0.6489501917,-0.1028653927,0.5516783312,0.0000043848,0.0000312558,0.0000398704,0.0000252137,0.1078940700,0.2614812192,2.7725259080,0.8275398324,-0.0730197946,0.4842112856,0.5045400000,0.0268929061,0.0377270566,0.0041387439,0.0274359994,0.2255996872,2.8470974016,0.7172997287,-0.0287070314,0.4036766954
