Instance,INF_avg,INF_sd,INF_r1,INF_kr,INF_sk,SUP_avg,SUP_sd,SUP_r1,SUP_kr,SUP_sk,INC_avg,INC_sd,INC_r1,INC_kr,INC_sk,IND_avg,IND_sd,IND_r1,IND_kr,IND_sk
444,0.2612000000,0.0492652007,0.5936764732,2.6831382546,-0.1834843001,0.2649500000,0.0377126968,0.3093651974,3.0834031960,0.1548300606,0.4738500000,0.0432888843,0.2917586175,2.8134404071,-0.2951751870,0.0364000000,0.0103701495,0.0919873681,3.2040787449,0.5587201562
