Instance,INF_avg,INF_sd,INF_r1,INF_kr,INF_sk,SUP_avg,SUP_sd,SUP_r1,SUP_kr,SUP_sk,INC_avg,INC_sd,INC_r1,INC_kr,INC_sk,IND_avg,IND_sd,IND_r1,IND_kr,IND_sk
435,0.2650000000,0.0593717104,0.5686719637,2.4172325336,-0.2365192629,0.2750000000,0.0512347538,-0.1515151515,1.8707482993,-0.0000000000,0.4600000000,0.0435889894,-0.0344827586,4.3407202216,-1.3040473294,0.2000000000,0.0387298335,-0.2000000000,1.6666666667,0.0000000000
