Instance,FV_avg_avg,FV_avg_sd,FV_sd_avg,FV_sd_sd,FV_r1_avg,FV_r1_sd,FV_kr_avg,FV_kr_sd,FV_sk_avg,FV_sk_sd,FD_avg_avg,FD_avg_sd,FD_sd_avg,FD_sd_sd,FD_r1_avg,FD_r1_sd,FD_kr_avg,FD_kr_sd,FD_sk_avg,FD_sk_sd,IN_avg_avg,IN_avg_sd,IN_sd_avg,IN_sd_sd,IN_r1_avg,IN_r1_sd,IN_kr_avg,IN_kr_sd,IN_sk_avg,IN_sk_sd
187,0.4736707369,0.2865587930,0.0136479617,0.0092237423,0.9977920959,0.0008326330,1.8399869405,0.0330978862,0.2032980250,0.0623215764,-0.0000493438,0.0000343538,0.0000354788,0.0000222954,0.4997764197,0.1069510288,2.7446648215,0.3535784563,0.1125855564,0.1343316745,0.3342074571,0.0346770284,0.1356999963,0.0073346511,0.3947726225,0.1426358720,2.8021147365,0.4012403224,0.2337396061,0.1678574161
