Instance,FV_avg_avg,FV_avg_sd,FV_sd_avg,FV_sd_sd,FV_r1_avg,FV_r1_sd,FV_kr_avg,FV_kr_sd,FV_sk_avg,FV_sk_sd,FD_avg_avg,FD_avg_sd,FD_sd_avg,FD_sd_sd,FD_r1_avg,FD_r1_sd,FD_kr_avg,FD_kr_sd,FD_sk_avg,FD_sk_sd,IN_avg_avg,IN_avg_sd,IN_sd_avg,IN_sd_sd,IN_r1_avg,IN_r1_sd,IN_kr_avg,IN_kr_sd,IN_sk_avg,IN_sk_sd
313,0.4785470817,0.2898053630,0.0114009971,0.0072239177,0.9963069232,0.0007018380,1.9007062850,0.0423313587,0.3000410733,0.0617880612,-0.0000577851,0.0000376795,0.0000387772,0.0000242251,0.5285561612,0.1126491382,2.6067786234,0.2695712211,0.2154558202,0.1018180011,0.3171744421,0.0250379792,0.1395646901,0.0087590090,0.4404960087,0.0986360263,2.6548655972,0.1695926130,0.2966131435,0.1506721714
