Instance,FV_avg_avg,FV_avg_sd,FV_sd_avg,FV_sd_sd,FV_r1_avg,FV_r1_sd,FV_kr_avg,FV_kr_sd,FV_sk_avg,FV_sk_sd,FD_avg_avg,FD_avg_sd,FD_sd_avg,FD_sd_sd,FD_r1_avg,FD_r1_sd,FD_kr_avg,FD_kr_sd,FD_sk_avg,FD_sk_sd,IN_avg_avg,IN_avg_sd,IN_sd_avg,IN_sd_sd,IN_r1_avg,IN_r1_sd,IN_kr_avg,IN_kr_sd,IN_sk_avg,IN_sk_sd
338,0.4980154214,0.3025657971,0.0004727288,0.0003696017,0.8941067790,0.0607073002,2.4044822000,0.4508141848,-0.1785667827,0.4691648556,-0.0000017544,0.0000150720,0.0000425541,0.0000268547,-0.0083771111,0.1365242546,2.7255197923,0.5077031261,-0.0139404639,0.2960275620,0.5035500000,0.0312929305,0.1172815921,0.0102799880,0.0384830675,0.1478916270,2.6605798462,0.5400335180,0.0174406116,0.2614015889
