Instance,INF_avg,INF_sd,INF_r1,INF_kr,INF_sk,SUP_avg,SUP_sd,SUP_r1,SUP_kr,SUP_sk,INC_avg,INC_sd,INC_r1,INC_kr,INC_sk,IND_avg,IND_sd,IND_r1,IND_kr,IND_sk
291,0.4258677686,0.0870752446,0.8825854606,2.0042659932,0.2084311504,0.0985537190,0.0772177291,0.9237937407,2.5015581286,0.7626417635,0.4755785124,0.0435851503,0.4108660657,2.7871886251,-0.2366833727,0.0413636364,0.0124150003,0.3086073003,3.1771844835,0.4417069862
