Instance,INF_avg,INF_sd,INF_r1,INF_kr,INF_sk,SUP_avg,SUP_sd,SUP_r1,SUP_kr,SUP_sk,INC_avg,INC_sd,INC_r1,INC_kr,INC_sk,IND_avg,IND_sd,IND_r1,IND_kr,IND_sk
11,0.2861111111,0.0870911967,-0.0589491797,2.9536474078,0.0829985038,0.2347222222,0.1032926294,0.2156430477,3.1995157486,0.4312056794,0.4791666667,0.1209769262,0.0259938320,2.5246176382,0.1393198560,0.2361111111,0.0693332443,0.0860390367,2.7465842542,0.1297744186
