Instance,INF_avg,INF_sd,INF_r1,INF_kr,INF_sk,SUP_avg,SUP_sd,SUP_r1,SUP_kr,SUP_sk,INC_avg,INC_sd,INC_r1,INC_kr,INC_sk,IND_avg,IND_sd,IND_r1,IND_kr,IND_sk
457,0.1960000000,0.1248358923,-0.2456886267,1.9384616033,0.1372808468,0.2600000000,0.1385640646,0.1468005019,2.1614583333,0.0180421959,0.5440000000,0.1626775953,0.0614711808,2.6785865199,-0.1993988580,0.3820000000,0.1227843638,0.0178851085,2.7275911538,0.4753591882
