Instance,FV_avg_avg,FV_avg_sd,FV_sd_avg,FV_sd_sd,FV_r1_avg,FV_r1_sd,FV_kr_avg,FV_kr_sd,FV_sk_avg,FV_sk_sd,FD_avg_avg,FD_avg_sd,FD_sd_avg,FD_sd_sd,FD_r1_avg,FD_r1_sd,FD_kr_avg,FD_kr_sd,FD_sk_avg,FD_sk_sd,IN_avg_avg,IN_avg_sd,IN_sd_avg,IN_sd_sd,IN_r1_avg,IN_r1_sd,IN_kr_avg,IN_kr_sd,IN_sk_avg,IN_sk_sd
249,0.5037765690,0.3049584696,0.0016751573,0.0011770598,0.8935397074,0.0844828995,2.4803738215,1.3059783970,0.1992321397,0.5338254191,-0.0000011463,0.0000775290,0.0001556062,0.0000906435,0.0600453921,0.1447535125,2.7777372903,0.5030426818,0.1067176865,0.2849237119,0.4999500000,0.0379189596,0.1112065436,0.0127575333,0.0233396914,0.1493911970,2.7459586411,0.4394228712,-0.0022545156,0.3426804594
