Instance,FV_avg_avg,FV_avg_sd,FV_sd_avg,FV_sd_sd,FV_r1_avg,FV_r1_sd,FV_kr_avg,FV_kr_sd,FV_sk_avg,FV_sk_sd,FD_avg_avg,FD_avg_sd,FD_sd_avg,FD_sd_sd,FD_r1_avg,FD_r1_sd,FD_kr_avg,FD_kr_sd,FD_sk_avg,FD_sk_sd,IN_avg_avg,IN_avg_sd,IN_sd_avg,IN_sd_sd,IN_r1_avg,IN_r1_sd,IN_kr_avg,IN_kr_sd,IN_sk_avg,IN_sk_sd
142,0.4649282966,0.2862646473,0.0174207159,0.0106896475,0.9951648501,0.0020953165,1.9902466401,0.1005927984,0.4092469671,0.1270989634,-0.0001720259,0.0001036319,0.0000535882,0.0000326167,0.8691801437,0.0549908783,3.4685879248,0.9780414854,0.8065048819,0.2796145877,0.1636667350,0.0422370295,0.1034257314,0.0096078684,0.8580596487,0.0661284801,3.5168666993,0.8609062642,0.9422503772,0.2573121422
