Instance,FV_avg_avg,FV_avg_sd,FV_sd_avg,FV_sd_sd,FV_r1_avg,FV_r1_sd,FV_kr_avg,FV_kr_sd,FV_sk_avg,FV_sk_sd,FD_avg_avg,FD_avg_sd,FD_sd_avg,FD_sd_sd,FD_r1_avg,FD_r1_sd,FD_kr_avg,FD_kr_sd,FD_sk_avg,FD_sk_sd,IN_avg_avg,IN_avg_sd,IN_sd_avg,IN_sd_sd,IN_r1_avg,IN_r1_sd,IN_kr_avg,IN_kr_sd,IN_sk_avg,IN_sk_sd
468,0.4989709839,0.3037928580,0.0005414142,0.0003765042,0.9555526229,0.0267857262,2.5495013512,0.7365072673,0.0329368703,0.5483600351,0.0000016337,0.0000137275,0.0000226681,0.0000137857,0.0274156599,0.1037120335,2.8945558058,0.3806043953,0.0063825025,0.2068975164,0.5072800000,0.0275698676,0.0747598274,0.0043211342,0.0156958491,0.1167690857,2.7615722115,0.3789671956,-0.0248766115,0.2115137570
