Instance,FV_avg_avg,FV_avg_sd,FV_sd_avg,FV_sd_sd,FV_r1_avg,FV_r1_sd,FV_kr_avg,FV_kr_sd,FV_sk_avg,FV_sk_sd,FD_avg_avg,FD_avg_sd,FD_sd_avg,FD_sd_sd,FD_r1_avg,FD_r1_sd,FD_kr_avg,FD_kr_sd,FD_sk_avg,FD_sk_sd,IN_avg_avg,IN_avg_sd,IN_sd_avg,IN_sd_sd,IN_r1_avg,IN_r1_sd,IN_kr_avg,IN_kr_sd,IN_sk_avg,IN_sk_sd
431,0.5031243602,0.3056648626,0.0009575353,0.0006925585,0.1414999007,0.4401404691,1.9593069991,0.4939944509,0.0698218467,0.5810569830,-0.0000037498,0.0002376998,0.0002963716,0.0002032358,-0.2433593053,0.4476885825,1.9858552842,0.5817613896,0.1110532499,0.6066636065,0.4950000000,0.0799687439,0.1128401199,0.0441260394,-0.3373980646,0.3023401778,2.0613038348,0.5451086513,-0.2775878888,0.5142508493
