Instance,INF_avg,INF_sd,INF_r1,INF_kr,INF_sk,SUP_avg,SUP_sd,SUP_r1,SUP_kr,SUP_sk,INC_avg,INC_sd,INC_r1,INC_kr,INC_sk,IND_avg,IND_sd,IND_r1,IND_kr,IND_sk
189,0.2380000000,0.0231516738,0.3886462882,2.5997995099,0.8238983939,0.2180000000,0.0292574777,0.0667311412,2.3050484758,-0.2817396204,0.5440000000,0.0355527777,0.0775558167,2.3006329114,0.0704960140,0.0740000000,0.0224499443,-0.4814814815,1.8469387755,0.3436215967
