Instance,INF_avg,INF_sd,INF_r1,INF_kr,INF_sk,SUP_avg,SUP_sd,SUP_r1,SUP_kr,SUP_sk,INC_avg,INC_sd,INC_r1,INC_kr,INC_sk,IND_avg,IND_sd,IND_r1,IND_kr,IND_sk
298,0.1660000000,0.0139283883,0.1408268734,2.6687745775,-1.0391889224,0.3110000000,0.0241660919,-1.0702179177,2.1490077876,-0.5369518342,0.5230000000,0.0198997487,-0.5067945643,2.2016375880,-0.4081062644,0.0400000000,0.0054772256,0.1666666667,2.5000000000,-0.9128709292
