Instance,FV_avg_avg,FV_avg_sd,FV_sd_avg,FV_sd_sd,FV_r1_avg,FV_r1_sd,FV_kr_avg,FV_kr_sd,FV_sk_avg,FV_sk_sd,FD_avg_avg,FD_avg_sd,FD_sd_avg,FD_sd_sd,FD_r1_avg,FD_r1_sd,FD_kr_avg,FD_kr_sd,FD_sk_avg,FD_sk_sd,IN_avg_avg,IN_avg_sd,IN_sd_avg,IN_sd_sd,IN_r1_avg,IN_r1_sd,IN_kr_avg,IN_kr_sd,IN_sk_avg,IN_sk_sd
37,0.4989975551,0.3024722914,0.0008668698,0.0005895920,0.4933483059,0.2994266939,2.4650829533,1.1575529468,-0.0637517652,0.7038967567,-0.0000181622,0.0000638013,0.0001779781,0.0001157023,-0.1793180068,0.3096014098,2.2647317350,0.5063172728,0.2586770352,0.4102004096,0.4932500000,0.0435394936,0.1167889995,0.0246288368,-0.2817828195,0.2627901159,2.5015961959,0.7614381455,0.2584964663,0.5780551573
