Instance,FV_avg_avg,FV_avg_sd,FV_sd_avg,FV_sd_sd,FV_r1_avg,FV_r1_sd,FV_kr_avg,FV_kr_sd,FV_sk_avg,FV_sk_sd,FD_avg_avg,FD_avg_sd,FD_sd_avg,FD_sd_sd,FD_r1_avg,FD_r1_sd,FD_kr_avg,FD_kr_sd,FD_sk_avg,FD_sk_sd,IN_avg_avg,IN_avg_sd,IN_sd_avg,IN_sd_sd,IN_r1_avg,IN_r1_sd,IN_kr_avg,IN_kr_sd,IN_sk_avg,IN_sk_sd
89,0.4902162769,0.2981527141,0.0060373780,0.0042082548,0.9891369344,0.0213285205,1.8309592068,0.0627964067,0.1401843768,0.0990439673,-0.0000495398,0.0000335055,0.0000706937,0.0000420250,0.1286281668,0.1862576517,2.8320282198,0.4139469273,0.1010446192,0.2691955477,0.3990391210,0.0300022524,0.1654515410,0.0149592903,0.1135765274,0.1616964368,2.9356904994,0.4632832813,0.0195477978,0.2789685021
