Instance,FV_avg_avg,FV_avg_sd,FV_sd_avg,FV_sd_sd,FV_r1_avg,FV_r1_sd,FV_kr_avg,FV_kr_sd,FV_sk_avg,FV_sk_sd,FD_avg_avg,FD_avg_sd,FD_sd_avg,FD_sd_sd,FD_r1_avg,FD_r1_sd,FD_kr_avg,FD_kr_sd,FD_sk_avg,FD_sk_sd,IN_avg_avg,IN_avg_sd,IN_sd_avg,IN_sd_sd,IN_r1_avg,IN_r1_sd,IN_kr_avg,IN_kr_sd,IN_sk_avg,IN_sk_sd
368,0.4913708780,0.2986112957,0.0017105353,0.0014485524,0.9062850855,0.0470498694,2.2559848756,0.4267771868,-0.0809444294,0.4106046059,-0.0000171586,0.0000379049,0.0001428229,0.0000873378,-0.0071079983,0.0924292409,2.8964749021,0.5573570758,-0.1047618646,0.3464031002,0.4950500000,0.0233033796,0.1106645583,0.0119710294,0.0064738821,0.1167922652,2.8114638362,0.6075105746,-0.0071682676,0.3057246043
