Instance,FV_avg_avg,FV_avg_sd,FV_sd_avg,FV_sd_sd,FV_r1_avg,FV_r1_sd,FV_kr_avg,FV_kr_sd,FV_sk_avg,FV_sk_sd,FD_avg_avg,FD_avg_sd,FD_sd_avg,FD_sd_sd,FD_r1_avg,FD_r1_sd,FD_kr_avg,FD_kr_sd,FD_sk_avg,FD_sk_sd,IN_avg_avg,IN_avg_sd,IN_sd_avg,IN_sd_sd,IN_r1_avg,IN_r1_sd,IN_kr_avg,IN_kr_sd,IN_sk_avg,IN_sk_sd
175,0.4966244649,0.3018270376,0.0001149925,0.0000897430,0.1396107752,0.3834426012,2.1347636884,0.4550847801,-0.0686931874,0.6658970061,0.0000001050,0.0000190130,0.0000266725,0.0000215972,-0.3822860837,0.3309873686,1.9935875432,0.5677996503,0.1199570918,0.5847209572,0.5075000000,0.0431132230,0.0905201651,0.0276785063,-0.3430083174,0.3765207661,1.9074238816,0.5669749137,-0.0056372337,0.6372115155
