Instance,INF_avg,INF_sd,INF_r1,INF_kr,INF_sk,SUP_avg,SUP_sd,SUP_r1,SUP_kr,SUP_sk,INC_avg,INC_sd,INC_r1,INC_kr,INC_sk,IND_avg,IND_sd,IND_r1,IND_kr,IND_sk
491,0.2410000000,0.0381313519,-0.5440547476,2.5755455235,0.8145665214,0.2630000000,0.0314006369,-0.6863240663,2.7183428033,-0.9197369022,0.4960000000,0.0205912603,-0.1375818940,2.8077830189,1.1112518204,0.0420000000,0.0050990195,-0.2121212121,1.9556213018,0.2715454179
