Instance,INF_avg,INF_sd,INF_r1,INF_kr,INF_sk,SUP_avg,SUP_sd,SUP_r1,SUP_kr,SUP_sk,INC_avg,INC_sd,INC_r1,INC_kr,INC_sk,IND_avg,IND_sd,IND_r1,IND_kr,IND_sk
166,0.2190000000,0.1076522178,0.0648242325,3.4902498993,0.7054192156,0.2030000000,0.0976780426,0.0965291752,2.3418528199,0.4631211524,0.5780000000,0.1179660968,0.0700520214,2.1138349830,0.0207746487,0.2530000000,0.0695772951,0.1209700678,2.8698890788,0.0264351955
