Instance,INF_avg,INF_sd,INF_r1,INF_kr,INF_sk,SUP_avg,SUP_sd,SUP_r1,SUP_kr,SUP_sk,INC_avg,INC_sd,INC_r1,INC_kr,INC_sk,IND_avg,IND_sd,IND_r1,IND_kr,IND_sk
361,0.4916666667,0.1668637723,0.9005009322,2.1125891485,-0.2104883245,0.1211111111,0.0912803307,0.8861231262,3.6887408134,1.2413457364,0.3872222222,0.0943479900,0.7767390027,2.2373487139,-0.1708906446,0.0714814815,0.0180951607,-0.2144520873,2.5758350330,-0.2774188258
