Instance,FV_avg_avg,FV_avg_sd,FV_sd_avg,FV_sd_sd,FV_r1_avg,FV_r1_sd,FV_kr_avg,FV_kr_sd,FV_sk_avg,FV_sk_sd,FD_avg_avg,FD_avg_sd,FD_sd_avg,FD_sd_sd,FD_r1_avg,FD_r1_sd,FD_kr_avg,FD_kr_sd,FD_sk_avg,FD_sk_sd,IN_avg_avg,IN_avg_sd,IN_sd_avg,IN_sd_sd,IN_r1_avg,IN_r1_sd,IN_kr_avg,IN_kr_sd,IN_sk_avg,IN_sk_sd
471,0.4980741661,0.3025586154,0.0002016008,0.0001593705,0.5368890420,0.3718077329,2.1167997805,0.5731698224,0.0668747509,0.4826247512,-0.0000015624,0.0000073578,0.0000139237,0.0000097045,-0.1789998273,0.3542447729,2.2801892136,0.8296752157,0.1288022891,0.5341376397,0.4978750000,0.0183158913,0.0329257645,0.0085604634,-0.2871089609,0.3033448427,2.3352185807,0.7893154099,0.0358625307,0.6310537436
