Instance,INF_avg,INF_sd,INF_r1,INF_kr,INF_sk,SUP_avg,SUP_sd,SUP_r1,SUP_kr,SUP_sk,INC_avg,INC_sd,INC_r1,INC_kr,INC_sk,IND_avg,IND_sd,IND_r1,IND_kr,IND_sk
324,0.2000000000,0.1000000000,-0.3333333333,1.0000000000,-0.0000000000,0.2000000000,0.1414213562,-1.0000000000,2.0000000000,0.0000000000,0.6000000000,0.1000000000,-1.0000000000,1.0000000000,0.0000000000,0.3500000000,0.1118033989,0.2727272727,1.6400000000,0.0000000000
