Instance,FV_avg_avg,FV_avg_sd,FV_sd_avg,FV_sd_sd,FV_r1_avg,FV_r1_sd,FV_kr_avg,FV_kr_sd,FV_sk_avg,FV_sk_sd,FD_avg_avg,FD_avg_sd,FD_sd_avg,FD_sd_sd,FD_r1_avg,FD_r1_sd,FD_kr_avg,FD_kr_sd,FD_sk_avg,FD_sk_sd,IN_avg_avg,IN_avg_sd,IN_sd_avg,IN_sd_sd,IN_r1_avg,IN_r1_sd,IN_kr_avg,IN_kr_sd,IN_sk_avg,IN_sk_sd
298,0.4879745603,0.2967280291,0.0023266343,0.0016397816,0.8686135745,0.1381196206,2.5715036646,0.5212292597,0.1735642713,0.3795568629,0.0000613002,0.0000963082,0.0001276070,0.0000778751,0.3132352735,0.2260760838,2.5873318433,0.2668323879,-0.0080294891,0.2971918426,0.5154400000,0.0413274050,0.0624176975,0.0102510016,0.2271539955,0.2289347359,2.6411356866,0.2523331330,-0.1204834145,0.3150953162
