Instance,FV_avg_avg,FV_avg_sd,FV_sd_avg,FV_sd_sd,FV_r1_avg,FV_r1_sd,FV_kr_avg,FV_kr_sd,FV_sk_avg,FV_sk_sd,FD_avg_avg,FD_avg_sd,FD_sd_avg,FD_sd_sd,FD_r1_avg,FD_r1_sd,FD_kr_avg,FD_kr_sd,FD_sk_avg,FD_sk_sd,IN_avg_avg,IN_avg_sd,IN_sd_avg,IN_sd_sd,IN_r1_avg,IN_r1_sd,IN_kr_avg,IN_kr_sd,IN_sk_avg,IN_sk_sd
57,0.5023378204,0.3049076130,0.0002245503,0.0001974251,0.2229788924,0.3486961062,1.8189175008,0.4737950369,0.0576976204,0.5660055736,0.0000012091,0.0000106088,0.0000136422,0.0000115799,-0.1952473217,0.4664863659,1.9888506009,0.5223555882,0.1347386125,0.6589947964,0.4981500000,0.0189506596,0.0291868474,0.0084455870,-0.2519326343,0.4006302143,1.9643259971,0.4052544340,0.1017711913,0.4743701480
