Instance,INF_avg,INF_sd,INF_r1,INF_kr,INF_sk,SUP_avg,SUP_sd,SUP_r1,SUP_kr,SUP_sk,INC_avg,INC_sd,INC_r1,INC_kr,INC_sk,IND_avg,IND_sd,IND_r1,IND_kr,IND_sk
141,0.2540000000,0.1525909565,-0.0247107782,2.1998668046,0.0592547921,0.2640000000,0.1493452376,-0.0356368233,2.1029571292,0.0526833387,0.4820000000,0.1570859637,-0.0038498023,2.7988029975,0.0511669356,0.3440000000,0.1022936948,0.1816329130,2.3394074573,0.1621522812
