Instance,INF_avg,INF_sd,INF_r1,INF_kr,INF_sk,SUP_avg,SUP_sd,SUP_r1,SUP_kr,SUP_sk,INC_avg,INC_sd,INC_r1,INC_kr,INC_sk,IND_avg,IND_sd,IND_r1,IND_kr,IND_sk
338,0.4400000000,0.1743559577,-0.4150943396,3.0422437673,-1.3040473294,0.2200000000,0.1326649916,0.1911764706,2.2169421488,-0.3700366502,0.3400000000,0.1356465997,-0.6298342541,1.2296786389,0.2115471545,0.3600000000,0.0489897949,-0.6666666667,1.1666666667,-0.4082482905
