Instance,FV_avg_avg,FV_avg_sd,FV_sd_avg,FV_sd_sd,FV_r1_avg,FV_r1_sd,FV_kr_avg,FV_kr_sd,FV_sk_avg,FV_sk_sd,FD_avg_avg,FD_avg_sd,FD_sd_avg,FD_sd_sd,FD_r1_avg,FD_r1_sd,FD_kr_avg,FD_kr_sd,FD_sk_avg,FD_sk_sd,IN_avg_avg,IN_avg_sd,IN_sd_avg,IN_sd_sd,IN_r1_avg,IN_r1_sd,IN_kr_avg,IN_kr_sd,IN_sk_avg,IN_sk_sd
476,0.4945361626,0.3002617075,0.0005091251,0.0003475750,0.8643973478,0.0783253511,2.4694842372,0.5497144714,-0.1715414909,0.4493904051,0.0000004602,0.0000123716,0.0000763019,0.0000493272,-0.0513013239,0.1225279140,2.8666074553,0.5305109977,-0.0040754479,0.3596727491,0.4951000000,0.0305252355,0.1566797908,0.0120682700,-0.0593495050,0.1375682014,2.5024920305,0.3270560194,-0.0639891678,0.2663503088
