Instance,FV_avg_avg,FV_avg_sd,FV_sd_avg,FV_sd_sd,FV_r1_avg,FV_r1_sd,FV_kr_avg,FV_kr_sd,FV_sk_avg,FV_sk_sd,FD_avg_avg,FD_avg_sd,FD_sd_avg,FD_sd_sd,FD_r1_avg,FD_r1_sd,FD_kr_avg,FD_kr_sd,FD_sk_avg,FD_sk_sd,IN_avg_avg,IN_avg_sd,IN_sd_avg,IN_sd_sd,IN_r1_avg,IN_r1_sd,IN_kr_avg,IN_kr_sd,IN_sk_avg,IN_sk_sd
11,0.4996217650,0.3035076166,0.0004569955,0.0002830244,0.8870377141,0.0852158585,2.2484847154,0.4829352858,-0.0232020328,0.4199378203,0.0000013209,0.0000146922,0.0000318482,0.0000199990,0.1397067865,0.1400691123,2.8763129006,0.4923522908,0.0232429462,0.3570865769,0.4981400000,0.0297652885,0.0743987170,0.0067969784,0.0555350517,0.1676429331,2.7007937764,0.2319433868,0.0076497949,0.2436526792
