Instance,FV_avg_avg,FV_avg_sd,FV_sd_avg,FV_sd_sd,FV_r1_avg,FV_r1_sd,FV_kr_avg,FV_kr_sd,FV_sk_avg,FV_sk_sd,FD_avg_avg,FD_avg_sd,FD_sd_avg,FD_sd_sd,FD_r1_avg,FD_r1_sd,FD_kr_avg,FD_kr_sd,FD_sk_avg,FD_sk_sd,IN_avg_avg,IN_avg_sd,IN_sd_avg,IN_sd_sd,IN_r1_avg,IN_r1_sd,IN_kr_avg,IN_kr_sd,IN_sk_avg,IN_sk_sd
68,0.5015922501,0.3047372177,0.0008035809,0.0004859309,0.9584722839,0.0202514897,2.3095777777,0.4865528803,-0.2622926962,0.4112467352,-0.0000004819,0.0000133059,0.0000525369,0.0000328623,0.0304911359,0.1033940397,2.9268235374,0.3383593877,-0.0136485719,0.2005359771,0.4929750000,0.0175858430,0.1108093426,0.0078375431,0.0368869096,0.1006406335,2.7613970564,0.2785898412,-0.0540468325,0.2152796894
