Instance,INF_avg,INF_sd,INF_r1,INF_kr,INF_sk,SUP_avg,SUP_sd,SUP_r1,SUP_kr,SUP_sk,INC_avg,INC_sd,INC_r1,INC_kr,INC_sk,IND_avg,IND_sd,IND_r1,IND_kr,IND_sk
21,0.3315789474,0.1591180680,-0.1125777752,2.6531297732,0.1022710851,0.2631578947,0.1223047372,0.1405927835,2.5561316872,-0.1334027597,0.4052631579,0.1571914160,-0.2793504076,2.2067656699,0.4008888443,0.3894736842,0.1020564181,-0.3145658263,2.6176437302,-0.0855860183
