Instance,FV_avg_avg,FV_avg_sd,FV_sd_avg,FV_sd_sd,FV_r1_avg,FV_r1_sd,FV_kr_avg,FV_kr_sd,FV_sk_avg,FV_sk_sd,FD_avg_avg,FD_avg_sd,FD_sd_avg,FD_sd_sd,FD_r1_avg,FD_r1_sd,FD_kr_avg,FD_kr_sd,FD_sk_avg,FD_sk_sd,IN_avg_avg,IN_avg_sd,IN_sd_avg,IN_sd_sd,IN_r1_avg,IN_r1_sd,IN_kr_avg,IN_kr_sd,IN_sk_avg,IN_sk_sd
64,0.4973655303,0.3018353532,0.0002908669,0.0002845711,0.6040798650,0.2742223630,2.1468740426,0.5672858035,0.1642036373,0.4603470523,-0.0000002027,0.0000150924,0.0000294331,0.0000224799,-0.1659143563,0.3384902302,2.6275222139,0.8516563163,-0.0582696318,0.6698538051,0.5000000000,0.0246576560,0.0622521154,0.0135894860,-0.1968827344,0.3023101643,2.3519895510,0.7451681922,0.2892439883,0.4845699838
