Instance,INF_avg,INF_sd,INF_r1,INF_kr,INF_sk,SUP_avg,SUP_sd,SUP_r1,SUP_kr,SUP_sk,INC_avg,INC_sd,INC_r1,INC_kr,INC_sk,IND_avg,IND_sd,IND_r1,IND_kr,IND_sk
344,0.2640000000,0.0224499443,-0.0777385159,3.0563114135,-1.3532751773,0.3040000000,0.0488262225,-0.1538461538,2.2748187019,0.7571022514,0.4320000000,0.0470744092,-0.4801041279,3.0321065047,-1.3334753269,0.0540000000,0.0205912603,0.7925311203,1.7481310075,-0.6817327185
