Instance,FV_avg_avg,FV_avg_sd,FV_sd_avg,FV_sd_sd,FV_r1_avg,FV_r1_sd,FV_kr_avg,FV_kr_sd,FV_sk_avg,FV_sk_sd,FD_avg_avg,FD_avg_sd,FD_sd_avg,FD_sd_sd,FD_r1_avg,FD_r1_sd,FD_kr_avg,FD_kr_sd,FD_sk_avg,FD_sk_sd,IN_avg_avg,IN_avg_sd,IN_sd_avg,IN_sd_sd,IN_r1_avg,IN_r1_sd,IN_kr_avg,IN_kr_sd,IN_sk_avg,IN_sk_sd
177,0.5004578392,0.3036115749,0.0008240604,0.0006271717,0.8863407518,0.0808756333,2.2645070907,0.5368534452,0.0181036150,0.3710539371,-0.0000012835,0.0000179546,0.0000209849,0.0000132114,-0.0261062222,0.1400599631,2.8000877868,0.5306669725,-0.0405710159,0.3587257552,0.4992250000,0.0217972676,0.0352678608,0.0034251273,-0.0012562787,0.1372560180,2.7090348552,0.4470007874,0.1125700568,0.3405356476
