Instance,INF_avg,INF_sd,INF_r1,INF_kr,INF_sk,SUP_avg,SUP_sd,SUP_r1,SUP_kr,SUP_sk,INC_avg,INC_sd,INC_r1,INC_kr,INC_sk,IND_avg,IND_sd,IND_r1,IND_kr,IND_sk
31,0.2405000000,0.0887961148,0.0239691371,2.7663022674,0.1811403800,0.2510000000,0.0927307932,0.0346425226,2.6444981033,-0.0292177466,0.5085000000,0.1022386913,0.0359992777,2.8748121677,-0.1809803383,0.2210000000,0.0700642562,0.0731627804,2.6581836688,0.2296061882
