Instance,INF_avg,INF_sd,INF_r1,INF_kr,INF_sk,SUP_avg,SUP_sd,SUP_r1,SUP_kr,SUP_sk,INC_avg,INC_sd,INC_r1,INC_kr,INC_sk,IND_avg,IND_sd,IND_r1,IND_kr,IND_sk
460,0.2700000000,0.0700000000,-0.7014314928,2.1355268638,0.3078717201,0.2220000000,0.0568858506,-0.3549264433,3.3575565983,-0.2315482131,0.5080000000,0.0699714227,-0.5470337594,2.9720620274,0.6036077654,0.1400000000,0.0544058820,-0.1216216216,4.6274653031,1.5201059078
