Instance,INF_avg,INF_sd,INF_r1,INF_kr,INF_sk,SUP_avg,SUP_sd,SUP_r1,SUP_kr,SUP_sk,INC_avg,INC_sd,INC_r1,INC_kr,INC_sk,IND_avg,IND_sd,IND_r1,IND_kr,IND_sk
175,0.2523000000,0.0368131770,0.2964490366,2.4058477110,0.4018751361,0.2619000000,0.0303461694,0.0854879505,2.2187027041,-0.1176731096,0.4858000000,0.0331565981,0.1443649963,2.7382951812,0.1799955340,0.0380000000,0.0093273791,-0.1171191901,3.7958779231,-0.2218163865
