Instance,FV_avg_avg,FV_avg_sd,FV_sd_avg,FV_sd_sd,FV_r1_avg,FV_r1_sd,FV_kr_avg,FV_kr_sd,FV_sk_avg,FV_sk_sd,FD_avg_avg,FD_avg_sd,FD_sd_avg,FD_sd_sd,FD_r1_avg,FD_r1_sd,FD_kr_avg,FD_kr_sd,FD_sk_avg,FD_sk_sd,IN_avg_avg,IN_avg_sd,IN_sd_avg,IN_sd_sd,IN_r1_avg,IN_r1_sd,IN_kr_avg,IN_kr_sd,IN_sk_avg,IN_sk_sd
409,0.4635151482,0.2816836764,0.0173593143,0.0103892056,0.9817140971,0.0097568620,2.0186368798,0.1843031710,0.4479672435,0.1286691705,-0.0004552991,0.0002799615,0.0002319193,0.0001394982,0.8482303215,0.0437195216,2.3275781209,0.2436489789,0.4284679906,0.1569745627,0.2193098096,0.0303676178,0.1405717135,0.0122888495,0.8148411190,0.0539197895,2.5773466338,0.4673851532,0.6121420661,0.2043893694
