Instance,INF_avg,INF_sd,INF_r1,INF_kr,INF_sk,SUP_avg,SUP_sd,SUP_r1,SUP_kr,SUP_sk,INC_avg,INC_sd,INC_r1,INC_kr,INC_sk,IND_avg,IND_sd,IND_r1,IND_kr,IND_sk
26,0.2840000000,0.1250759769,-0.1272577868,5.4538060833,1.0706905628,0.2290000000,0.1082081328,-0.1998617880,2.4161109528,0.2165951420,0.4870000000,0.1260198397,-0.1888242184,2.3296180183,-0.1628644220,0.2200000000,0.0768114575,-0.0100485100,3.4297615628,0.6354984129
