Instance,FV_avg_avg,FV_avg_sd,FV_sd_avg,FV_sd_sd,FV_r1_avg,FV_r1_sd,FV_kr_avg,FV_kr_sd,FV_sk_avg,FV_sk_sd,FD_avg_avg,FD_avg_sd,FD_sd_avg,FD_sd_sd,FD_r1_avg,FD_r1_sd,FD_kr_avg,FD_kr_sd,FD_sk_avg,FD_sk_sd,IN_avg_avg,IN_avg_sd,IN_sd_avg,IN_sd_sd,IN_r1_avg,IN_r1_sd,IN_kr_avg,IN_kr_sd,IN_sk_avg,IN_sk_sd
127,0.4980016708,0.3030271115,0.0004011268,0.0002734294,0.4805876660,0.2549919740,2.1693955200,0.4019028736,-0.1296105101,0.3670904069,-0.0000313890,0.0000412133,0.0000745539,0.0000460800,-0.2027141380,0.3486262755,2.8755738830,1.0314593748,0.3419171666,0.6898646243,0.4677500000,0.0410327613,0.1023103540,0.0273192506,-0.2508062157,0.3333761762,2.3886840339,0.7307856976,-0.0077763202,0.5156599315
