Instance,INF_avg,INF_sd,INF_r1,INF_kr,INF_sk,SUP_avg,SUP_sd,SUP_r1,SUP_kr,SUP_sk,INC_avg,INC_sd,INC_r1,INC_kr,INC_sk,IND_avg,IND_sd,IND_r1,IND_kr,IND_sk
387,0.3040000000,0.0598665182,0.2247596154,1.9874441964,0.3212503990,0.2520000000,0.0421426150,-0.0133843212,2.4541027514,0.7259776022,0.4440000000,0.0488262225,-0.1871961102,2.2452592226,0.3447371907,0.1140000000,0.0269072481,0.2220329358,2.2409877598,0.5568546201
