Instance,INF_avg,INF_sd,INF_r1,INF_kr,INF_sk,SUP_avg,SUP_sd,SUP_r1,SUP_kr,SUP_sk,INC_avg,INC_sd,INC_r1,INC_kr,INC_sk,IND_avg,IND_sd,IND_r1,IND_kr,IND_sk
494,0.2360000000,0.0280000000,-0.3167491534,2.2421191691,0.7207543732,0.2910000000,0.0146287388,-0.4555125725,1.5975631059,-0.0057497882,0.4730000000,0.0218174242,-0.1577393505,2.2242956006,0.5165095313,0.0460000000,0.0128062485,-0.3328822733,1.6140690065,0.2056922718
