Instance,FV_avg_avg,FV_avg_sd,FV_sd_avg,FV_sd_sd,FV_r1_avg,FV_r1_sd,FV_kr_avg,FV_kr_sd,FV_sk_avg,FV_sk_sd,FD_avg_avg,FD_avg_sd,FD_sd_avg,FD_sd_sd,FD_r1_avg,FD_r1_sd,FD_kr_avg,FD_kr_sd,FD_sk_avg,FD_sk_sd,IN_avg_avg,IN_avg_sd,IN_sd_avg,IN_sd_sd,IN_r1_avg,IN_r1_sd,IN_kr_avg,IN_kr_sd,IN_sk_avg,IN_sk_sd
89,0.5019067712,0.3045523133,0.0004923909,0.0003612070,0.9145095327,0.0776456875,2.4945765397,1.1156375620,-0.1901801025,0.5288373499,0.0000001182,0.0000117476,0.0000141873,0.0000086150,0.0547191429,0.1241596400,2.9563913278,0.5777399148,-0.0610657209,0.3864297326,0.5022100000,0.0199449969,0.0368516589,0.0036970580,0.0032359669,0.1274404354,3.0984706326,0.8634346089,-0.0822505312,0.3307859628
