Instance,FV_avg_avg,FV_avg_sd,FV_sd_avg,FV_sd_sd,FV_r1_avg,FV_r1_sd,FV_kr_avg,FV_kr_sd,FV_sk_avg,FV_sk_sd,FD_avg_avg,FD_avg_sd,FD_sd_avg,FD_sd_sd,FD_r1_avg,FD_r1_sd,FD_kr_avg,FD_kr_sd,FD_sk_avg,FD_sk_sd,IN_avg_avg,IN_avg_sd,IN_sd_avg,IN_sd_sd,IN_r1_avg,IN_r1_sd,IN_kr_avg,IN_kr_sd,IN_sk_avg,IN_sk_sd
120,0.4909255707,0.2978629481,0.0043335588,0.0032449372,0.7518838688,0.1750802307,2.2005396994,0.4792076911,-0.0666341651,0.3607579904,-0.0000336705,0.0004223487,0.0006947207,0.0004654540,0.0617266165,0.2861047543,3.0822410385,1.1357448007,-0.0244010409,0.4716932924,0.4967000000,0.0428825139,0.1216034648,0.0206832625,0.0542610452,0.2884735369,2.5837709797,0.5088977413,-0.0445959058,0.2475117415
