Instance,FV_avg_avg,FV_avg_sd,FV_sd_avg,FV_sd_sd,FV_r1_avg,FV_r1_sd,FV_kr_avg,FV_kr_sd,FV_sk_avg,FV_sk_sd,FD_avg_avg,FD_avg_sd,FD_sd_avg,FD_sd_sd,FD_r1_avg,FD_r1_sd,FD_kr_avg,FD_kr_sd,FD_sk_avg,FD_sk_sd,IN_avg_avg,IN_avg_sd,IN_sd_avg,IN_sd_sd,IN_r1_avg,IN_r1_sd,IN_kr_avg,IN_kr_sd,IN_sk_avg,IN_sk_sd
494,0.4994624566,0.3039671657,0.0001952869,0.0001282828,0.4913310357,0.3526055458,2.3118845573,0.6527728205,0.0660579420,0.5695787999,0.0000038538,0.0000176993,0.0000223423,0.0000143303,-0.1325796626,0.2943489629,2.6240381077,0.9317571884,0.0704561800,0.6244409399,0.5075000000,0.0357596141,0.0644713428,0.0117663058,-0.1294417052,0.3383080934,2.4213821664,0.6947889177,0.2033436221,0.5651304273
