Instance,FV_avg_avg,FV_avg_sd,FV_sd_avg,FV_sd_sd,FV_r1_avg,FV_r1_sd,FV_kr_avg,FV_kr_sd,FV_sk_avg,FV_sk_sd,FD_avg_avg,FD_avg_sd,FD_sd_avg,FD_sd_sd,FD_r1_avg,FD_r1_sd,FD_kr_avg,FD_kr_sd,FD_sk_avg,FD_sk_sd,IN_avg_avg,IN_avg_sd,IN_sd_avg,IN_sd_sd,IN_r1_avg,IN_r1_sd,IN_kr_avg,IN_kr_sd,IN_sk_avg,IN_sk_sd
331,0.4984985277,0.3026978116,0.0003289455,0.0002147506,0.9430079545,0.0319882334,2.1839570398,0.6132717159,0.0385932085,0.3990010493,-0.0000010847,0.0000043208,0.0000102031,0.0000064448,-0.0086656292,0.0962687588,2.9079548715,0.3577236800,0.1254845665,0.2572973979,0.4945900000,0.0184400081,0.0508579741,0.0032809248,0.0023612789,0.0867892701,2.6634075345,0.3427813885,0.0153204327,0.2299389962
