Instance,FV_avg_avg,FV_avg_sd,FV_sd_avg,FV_sd_sd,FV_r1_avg,FV_r1_sd,FV_kr_avg,FV_kr_sd,FV_sk_avg,FV_sk_sd,FD_avg_avg,FD_avg_sd,FD_sd_avg,FD_sd_sd,FD_r1_avg,FD_r1_sd,FD_kr_avg,FD_kr_sd,FD_sk_avg,FD_sk_sd,IN_avg_avg,IN_avg_sd,IN_sd_avg,IN_sd_sd,IN_r1_avg,IN_r1_sd,IN_kr_avg,IN_kr_sd,IN_sk_avg,IN_sk_sd
338,0.4978401608,0.3027910893,0.0006299512,0.0005121873,0.9344511364,0.0405487157,2.3818339492,0.4886513678,-0.1381806658,0.3673909551,0.0000026198,0.0000136630,0.0000275707,0.0000167338,0.0416003936,0.1208022950,2.8848261170,0.2954392330,-0.0218283760,0.2477956592,0.5008000000,0.0303633332,0.0749587746,0.0054598634,0.0588183379,0.1228496858,2.9249643016,0.6288140167,0.0755332446,0.2478187217
