Instance,INF_avg,INF_sd,INF_r1,INF_kr,INF_sk,SUP_avg,SUP_sd,SUP_r1,SUP_kr,SUP_sk,INC_avg,INC_sd,INC_r1,INC_kr,INC_sk,IND_avg,IND_sd,IND_r1,IND_kr,IND_sk
366,0.2760000000,0.1167218917,-0.2537350305,3.7733265085,0.8141972630,0.2420000000,0.1064706532,0.1815338028,1.9363099753,-0.1635724622,0.4820000000,0.0998799279,-0.0516079052,1.8880344101,0.4411230899,0.2300000000,0.0529150262,0.0408805031,3.1122448980,0.4454581289
