Instance,FV_avg_avg,FV_avg_sd,FV_sd_avg,FV_sd_sd,FV_r1_avg,FV_r1_sd,FV_kr_avg,FV_kr_sd,FV_sk_avg,FV_sk_sd,FD_avg_avg,FD_avg_sd,FD_sd_avg,FD_sd_sd,FD_r1_avg,FD_r1_sd,FD_kr_avg,FD_kr_sd,FD_sk_avg,FD_sk_sd,IN_avg_avg,IN_avg_sd,IN_sd_avg,IN_sd_sd,IN_r1_avg,IN_r1_sd,IN_kr_avg,IN_kr_sd,IN_sk_avg,IN_sk_sd
140,0.4975959157,0.3021473451,0.0002445112,0.0001595083,0.5432962385,0.2895965621,2.4080347075,0.7046723602,-0.0817840492,0.5618489046,0.0000005130,0.0000206308,0.0000510444,0.0000340237,-0.1772364104,0.2466521169,2.7021274254,0.9717032943,-0.0165947619,0.7004015862,0.4990000000,0.0431451040,0.1087053249,0.0319476499,-0.2088156960,0.3054180814,2.6167250922,0.6255563498,-0.1008117117,0.6038720138
