Instance,FV_avg_avg,FV_avg_sd,FV_sd_avg,FV_sd_sd,FV_r1_avg,FV_r1_sd,FV_kr_avg,FV_kr_sd,FV_sk_avg,FV_sk_sd,FD_avg_avg,FD_avg_sd,FD_sd_avg,FD_sd_sd,FD_r1_avg,FD_r1_sd,FD_kr_avg,FD_kr_sd,FD_sk_avg,FD_sk_sd,IN_avg_avg,IN_avg_sd,IN_sd_avg,IN_sd_sd,IN_r1_avg,IN_r1_sd,IN_kr_avg,IN_kr_sd,IN_sk_avg,IN_sk_sd
408,0.4766653392,0.2876489946,0.0131075296,0.0091583899,0.9950905510,0.0015309662,1.8832326739,0.0644006189,0.2543004462,0.0979952418,-0.0001054401,0.0000732475,0.0000669104,0.0000426297,0.5249083201,0.1057569007,2.7969827779,0.2815233394,0.2035409538,0.2512638677,0.3115471569,0.0386454962,0.1345726615,0.0073462016,0.4478230418,0.1059773319,2.9180318537,0.2791619437,0.3374423105,0.2375510392
