Instance,FV_avg_avg,FV_avg_sd,FV_sd_avg,FV_sd_sd,FV_r1_avg,FV_r1_sd,FV_kr_avg,FV_kr_sd,FV_sk_avg,FV_sk_sd,FD_avg_avg,FD_avg_sd,FD_sd_avg,FD_sd_sd,FD_r1_avg,FD_r1_sd,FD_kr_avg,FD_kr_sd,FD_sk_avg,FD_sk_sd,IN_avg_avg,IN_avg_sd,IN_sd_avg,IN_sd_sd,IN_r1_avg,IN_r1_sd,IN_kr_avg,IN_kr_sd,IN_sk_avg,IN_sk_sd
348,0.5004195041,0.3034494119,0.0015118567,0.0012150988,0.7473197288,0.1534959892,2.5544167729,0.6623428232,-0.1572164566,0.5383698705,0.0000193612,0.0001426427,0.0002243446,0.0001467242,-0.1216520937,0.2359450600,2.4373006685,0.4017345792,0.1260842485,0.2833328084,0.4974000000,0.0436123836,0.1094136909,0.0141366275,-0.1188416069,0.2113287146,2.7325522754,0.6016743934,0.1048528649,0.3102901268
