Instance,INF_avg,INF_sd,INF_r1,INF_kr,INF_sk,SUP_avg,SUP_sd,SUP_r1,SUP_kr,SUP_sk,INC_avg,INC_sd,INC_r1,INC_kr,INC_sk,IND_avg,IND_sd,IND_r1,IND_kr,IND_sk
65,0.4386387435,0.1043239536,0.8995867977,2.2489214578,-0.4650384989,0.1007329843,0.0685182508,0.9018272470,3.4165241500,0.9870523296,0.4606282723,0.0506411566,0.4945309916,2.3766983024,0.2830031225,0.0389528796,0.0126864267,0.0869300351,3.5596219189,0.5372896390
