Instance,FV_avg_avg,FV_avg_sd,FV_sd_avg,FV_sd_sd,FV_r1_avg,FV_r1_sd,FV_kr_avg,FV_kr_sd,FV_sk_avg,FV_sk_sd,FD_avg_avg,FD_avg_sd,FD_sd_avg,FD_sd_sd,FD_r1_avg,FD_r1_sd,FD_kr_avg,FD_kr_sd,FD_sk_avg,FD_sk_sd,IN_avg_avg,IN_avg_sd,IN_sd_avg,IN_sd_sd,IN_r1_avg,IN_r1_sd,IN_kr_avg,IN_kr_sd,IN_sk_avg,IN_sk_sd
8,0.5000029440,0.3043751445,0.0002525811,0.0001616881,0.4082792304,0.3443907375,2.4833430481,0.6715515348,-0.1966881688,0.5272197790,-0.0000044682,0.0000200986,0.0000172384,0.0000125341,-0.1211199583,0.2528543714,2.4286651563,0.8247590882,0.0671507800,0.5824040828,0.4930250000,0.0329152225,0.0350956997,0.0067900193,-0.1405192525,0.3513622950,2.2928087265,0.6202575596,-0.1594728293,0.5274147439
