Instance,INF_avg,INF_sd,INF_r1,INF_kr,INF_sk,SUP_avg,SUP_sd,SUP_r1,SUP_kr,SUP_sk,INC_avg,INC_sd,INC_r1,INC_kr,INC_sk,IND_avg,IND_sd,IND_r1,IND_kr,IND_sk
222,0.2960000000,0.0480000000,0.1653134134,2.6934497975,-0.3444010417,0.2668000000,0.0530071693,0.0048195533,2.9127567769,0.3322634610,0.4372000000,0.0457401355,-0.1002075483,2.0930281599,0.0555520990,0.0556000000,0.0143052438,0.0511379960,2.5583030380,0.0636846356
