Instance,FV_avg_avg,FV_avg_sd,FV_sd_avg,FV_sd_sd,FV_r1_avg,FV_r1_sd,FV_kr_avg,FV_kr_sd,FV_sk_avg,FV_sk_sd,FD_avg_avg,FD_avg_sd,FD_sd_avg,FD_sd_sd,FD_r1_avg,FD_r1_sd,FD_kr_avg,FD_kr_sd,FD_sk_avg,FD_sk_sd,IN_avg_avg,IN_avg_sd,IN_sd_avg,IN_sd_sd,IN_r1_avg,IN_r1_sd,IN_kr_avg,IN_kr_sd,IN_sk_avg,IN_sk_sd
213,0.4988609712,0.3023509092,0.0006169881,0.0004331567,0.4928899049,0.2786274739,2.0681864325,0.5898927633,-0.0707682561,0.4172574979,0.0000094870,0.0000609207,0.0001105831,0.0000686521,-0.1526899880,0.2836598641,2.4488468736,0.5207651076,-0.1524685810,0.5633314555,0.5210000000,0.0458148448,0.0977250394,0.0189688345,-0.1159999888,0.3354768026,2.1076531863,0.5665399505,-0.0139267286,0.4664906442
