Instance,INF_avg,INF_sd,INF_r1,INF_kr,INF_sk,SUP_avg,SUP_sd,SUP_r1,SUP_kr,SUP_sk,INC_avg,INC_sd,INC_r1,INC_kr,INC_sk,IND_avg,IND_sd,IND_r1,IND_kr,IND_sk
314,0.2948000000,0.0419637939,0.2974910531,2.5244572130,-0.2894372250,0.2744000000,0.0412872862,0.1631860929,2.1145091317,0.2616308410,0.4308000000,0.0466407547,0.0367641867,2.5401042101,0.0202899195,0.0664000000,0.0157175062,0.1445780005,2.3692716583,0.2355711291
