Instance,INF_avg,INF_sd,INF_r1,INF_kr,INF_sk,SUP_avg,SUP_sd,SUP_r1,SUP_kr,SUP_sk,INC_avg,INC_sd,INC_r1,INC_kr,INC_sk,IND_avg,IND_sd,IND_r1,IND_kr,IND_sk
235,0.2575000000,0.0370303929,0.0318118949,3.4533105536,-0.1366243269,0.2500000000,0.0414728827,0.4522691706,3.3401500811,0.2060746944,0.4925000000,0.0415481648,0.1331592689,2.4834531537,-0.0585590137,0.0355000000,0.0085000000,0.0688819661,2.3746961842,-0.1563199674
