Instance,INF_avg,INF_sd,INF_r1,INF_kr,INF_sk,SUP_avg,SUP_sd,SUP_r1,SUP_kr,SUP_sk,INC_avg,INC_sd,INC_r1,INC_kr,INC_sk,IND_avg,IND_sd,IND_r1,IND_kr,IND_sk
293,0.3200000000,0.1029563014,-0.4819944598,2.0685297259,-0.4068404933,0.2300000000,0.0244948974,-0.9230769231,1.1666666667,-0.4082482905,0.4500000000,0.1000000000,-0.5454545455,2.0500000000,-0.0000000000,0.2100000000,0.0489897949,-0.0924369748,2.7291666667,0.8675276172
