Instance,FV_avg_avg,FV_avg_sd,FV_sd_avg,FV_sd_sd,FV_r1_avg,FV_r1_sd,FV_kr_avg,FV_kr_sd,FV_sk_avg,FV_sk_sd,FD_avg_avg,FD_avg_sd,FD_sd_avg,FD_sd_sd,FD_r1_avg,FD_r1_sd,FD_kr_avg,FD_kr_sd,FD_sk_avg,FD_sk_sd,IN_avg_avg,IN_avg_sd,IN_sd_avg,IN_sd_sd,IN_r1_avg,IN_r1_sd,IN_kr_avg,IN_kr_sd,IN_sk_avg,IN_sk_sd
245,0.4944487456,0.3011463975,0.0010651105,0.0008052843,0.9295925044,0.0387995242,2.4089930746,0.4382727201,0.1345781866,0.3557624727,-0.0000022208,0.0000150822,0.0000483800,0.0000288676,0.0039785672,0.0877072983,3.0476745162,0.4186108036,-0.0569654843,0.2380274670,0.4964400000,0.0167204785,0.0706051315,0.0035591300,0.0016105228,0.1070869277,3.0190298479,0.4308876936,0.0279552129,0.2085038991
