Instance,INF_avg,INF_sd,INF_r1,INF_kr,INF_sk,SUP_avg,SUP_sd,SUP_r1,SUP_kr,SUP_sk,INC_avg,INC_sd,INC_r1,INC_kr,INC_sk,IND_avg,IND_sd,IND_r1,IND_kr,IND_sk
339,0.2860000000,0.0438634244,0.2522391169,1.8448096265,0.1274035866,0.2640000000,0.0417612260,-0.2949640288,2.6266307550,-0.7935019592,0.4500000000,0.0670820393,0.3715710723,3.1001481481,0.8347987116,0.1080000000,0.0348711915,0.0436005626,2.6527008310,0.3939309641
