Instance,INF_avg,INF_sd,INF_r1,INF_kr,INF_sk,SUP_avg,SUP_sd,SUP_r1,SUP_kr,SUP_sk,INC_avg,INC_sd,INC_r1,INC_kr,INC_sk,IND_avg,IND_sd,IND_r1,IND_kr,IND_sk
7,0.3010000000,0.0401123422,-0.0916142158,1.6361729257,0.1219694370,0.2050000000,0.0377491722,0.2015355086,2.3473684211,-0.5353899212,0.4940000000,0.0484148737,-0.0767881505,2.3027699798,0.0829012154,0.0720000000,0.0177763888,-0.0606060606,1.5585643326,0.0170899428
