Instance,INF_avg,INF_sd,INF_r1,INF_kr,INF_sk,SUP_avg,SUP_sd,SUP_r1,SUP_kr,SUP_sk,INC_avg,INC_sd,INC_r1,INC_kr,INC_sk,IND_avg,IND_sd,IND_r1,IND_kr,IND_sk
395,0.2440000000,0.0432666153,-0.0710053778,1.9877273723,0.2542375899,0.2584000000,0.0480566333,0.0651907894,2.5758460449,0.5093477733,0.4976000000,0.0452795760,-0.0770772717,2.4667717743,-0.5647117352,0.0680000000,0.0172046505,0.0914007572,2.6081081081,-0.4901251796
