Instance,INF_avg,INF_sd,INF_r1,INF_kr,INF_sk,SUP_avg,SUP_sd,SUP_r1,SUP_kr,SUP_sk,INC_avg,INC_sd,INC_r1,INC_kr,INC_sk,IND_avg,IND_sd,IND_r1,IND_kr,IND_sk
111,0.2540000000,0.0578273292,0.0707471193,2.3070843158,-0.2740380747,0.2800000000,0.0433589668,0.2558139535,2.5418741512,0.5226041152,0.4660000000,0.0535163526,-0.2431827716,5.4900010924,1.7056865500,0.0650000000,0.0156524758,0.2359550562,2.1261974177,-0.2346893504
