Instance,FV_avg_avg,FV_avg_sd,FV_sd_avg,FV_sd_sd,FV_r1_avg,FV_r1_sd,FV_kr_avg,FV_kr_sd,FV_sk_avg,FV_sk_sd,FD_avg_avg,FD_avg_sd,FD_sd_avg,FD_sd_sd,FD_r1_avg,FD_r1_sd,FD_kr_avg,FD_kr_sd,FD_sk_avg,FD_sk_sd,IN_avg_avg,IN_avg_sd,IN_sd_avg,IN_sd_sd,IN_r1_avg,IN_r1_sd,IN_kr_avg,IN_kr_sd,IN_sk_avg,IN_sk_sd
377,0.4996364937,0.3034650987,0.0002438366,0.0002306961,0.0719960804,0.4055644371,2.0084706308,0.4456922671,-0.0344378986,0.6221555484,0.0000059096,0.0000219187,0.0000201920,0.0000160767,-0.1450378596,0.4380463974,1.8276809779,0.3714888672,-0.1576690536,0.4434675880,0.5028500000,0.0220074419,0.0306986762,0.0100444652,-0.1471414268,0.4634850024,1.8640014030,0.5185976741,0.1109299006,0.5723377706
