Instance,FV_avg_avg,FV_avg_sd,FV_sd_avg,FV_sd_sd,FV_r1_avg,FV_r1_sd,FV_kr_avg,FV_kr_sd,FV_sk_avg,FV_sk_sd,FD_avg_avg,FD_avg_sd,FD_sd_avg,FD_sd_sd,FD_r1_avg,FD_r1_sd,FD_kr_avg,FD_kr_sd,FD_sk_avg,FD_sk_sd,IN_avg_avg,IN_avg_sd,IN_sd_avg,IN_sd_sd,IN_r1_avg,IN_r1_sd,IN_kr_avg,IN_kr_sd,IN_sk_avg,IN_sk_sd
255,0.5010096639,0.3045284592,0.0002098174,0.0001475446,-0.0123935449,0.4576023425,1.9801541914,0.4087760737,0.1172989722,0.5778936345,0.0000052366,0.0000413064,0.0000758964,0.0000523101,-0.1135621512,0.4033464541,2.0461955224,0.4817592794,0.3074327343,0.5471349125,0.5140000000,0.0751265599,0.1342118540,0.0393341869,-0.0439025686,0.3359300509,2.0538086852,0.4315001951,0.2826208141,0.4748510309
