Instance,INF_avg,INF_sd,INF_r1,INF_kr,INF_sk,SUP_avg,SUP_sd,SUP_r1,SUP_kr,SUP_sk,INC_avg,INC_sd,INC_r1,INC_kr,INC_sk,IND_avg,IND_sd,IND_r1,IND_kr,IND_sk
220,0.2608000000,0.0636188651,0.1306086692,4.6822865095,0.9477932856,0.2600000000,0.0685857128,0.0526315789,3.5731639595,-0.5415538547,0.4792000000,0.0776618310,0.1386144314,2.7561904854,0.5835866894,0.1048000000,0.0321396951,-0.3355188907,1.8037501785,0.0691220415
