Instance,FV_avg_avg,FV_avg_sd,FV_sd_avg,FV_sd_sd,FV_r1_avg,FV_r1_sd,FV_kr_avg,FV_kr_sd,FV_sk_avg,FV_sk_sd,FD_avg_avg,FD_avg_sd,FD_sd_avg,FD_sd_sd,FD_r1_avg,FD_r1_sd,FD_kr_avg,FD_kr_sd,FD_sk_avg,FD_sk_sd,IN_avg_avg,IN_avg_sd,IN_sd_avg,IN_sd_sd,IN_r1_avg,IN_r1_sd,IN_kr_avg,IN_kr_sd,IN_sk_avg,IN_sk_sd
300,0.4685185003,0.2850164350,0.0168637211,0.0100396687,0.9963808851,0.0011299655,1.9473245103,0.0429520128,0.3782384028,0.0529814856,-0.0001017297,0.0000603805,0.0000488245,0.0000296343,0.8697488448,0.0175188702,2.3924879250,0.1965666945,0.4912370607,0.1492617835,0.2220316211,0.0241624342,0.1338109315,0.0058007635,0.8162557594,0.0188986560,2.6917379913,0.2863773103,0.6992660132,0.1735457168
