Instance,INF_avg,INF_sd,INF_r1,INF_kr,INF_sk,SUP_avg,SUP_sd,SUP_r1,SUP_kr,SUP_sk,INC_avg,INC_sd,INC_r1,INC_kr,INC_sk,IND_avg,IND_sd,IND_r1,IND_kr,IND_sk
91,0.2520000000,0.0295972972,0.3196112064,1.4379808594,-0.3110243276,0.2730000000,0.0334813381,0.2787384643,3.4089107390,0.8095366747,0.4750000000,0.0310644491,0.5014836795,1.6447421407,0.3302510633,0.0630000000,0.0279463772,0.0890790136,1.8693277111,-0.0896173917
