Instance,INF_avg,INF_sd,INF_r1,INF_kr,INF_sk,SUP_avg,SUP_sd,SUP_r1,SUP_kr,SUP_sk,INC_avg,INC_sd,INC_r1,INC_kr,INC_sk,IND_avg,IND_sd,IND_r1,IND_kr,IND_sk
43,0.2410000000,0.0420594817,-0.2606850380,2.3023284945,0.1799922025,0.2190000000,0.0380657326,-0.3143180692,1.8516360966,0.3054539711,0.5400000000,0.0368781778,0.6846846847,1.8122837370,-0.1914092275,0.0680000000,0.0160000000,-0.1560693642,1.8950195312,-0.1113281250
