Instance,FV_avg_avg,FV_avg_sd,FV_sd_avg,FV_sd_sd,FV_r1_avg,FV_r1_sd,FV_kr_avg,FV_kr_sd,FV_sk_avg,FV_sk_sd,FD_avg_avg,FD_avg_sd,FD_sd_avg,FD_sd_sd,FD_r1_avg,FD_r1_sd,FD_kr_avg,FD_kr_sd,FD_sk_avg,FD_sk_sd,IN_avg_avg,IN_avg_sd,IN_sd_avg,IN_sd_sd,IN_r1_avg,IN_r1_sd,IN_kr_avg,IN_kr_sd,IN_sk_avg,IN_sk_sd
84,0.4976862935,0.3028791036,0.0002868620,0.0002270187,0.4379743422,0.3535636400,2.1664542286,0.7212320184,0.0100415796,0.4471731735,0.0000025345,0.0000270936,0.0000268836,0.0000164727,-0.0895456601,0.2265612137,2.6135261787,0.9850644060,0.1636399509,0.7578849836,0.4948000000,0.0351505334,0.0505963320,0.0077724634,-0.0485395585,0.3250194637,2.5869697691,0.9167666692,0.0001846285,0.5446821848
