Instance,FV_avg_avg,FV_avg_sd,FV_sd_avg,FV_sd_sd,FV_r1_avg,FV_r1_sd,FV_kr_avg,FV_kr_sd,FV_sk_avg,FV_sk_sd,FD_avg_avg,FD_avg_sd,FD_sd_avg,FD_sd_sd,FD_r1_avg,FD_r1_sd,FD_kr_avg,FD_kr_sd,FD_sk_avg,FD_sk_sd,IN_avg_avg,IN_avg_sd,IN_sd_avg,IN_sd_sd,IN_r1_avg,IN_r1_sd,IN_kr_avg,IN_kr_sd,IN_sk_avg,IN_sk_sd
244,0.4738686277,0.2876625088,0.0128775803,0.0085838858,0.9906386022,0.0027852798,1.9146660885,0.0768438361,0.3020602149,0.0865078551,-0.0001932528,0.0001245103,0.0001158093,0.0000741457,0.5762006415,0.0826575531,2.6628000315,0.3063476870,0.2771761421,0.1862185570,0.2848563703,0.0416747061,0.1413164978,0.0111432986,0.4973506489,0.0919579073,2.8989994557,0.3727185349,0.4470343170,0.2833832121
