Instance,FV_avg_avg,FV_avg_sd,FV_sd_avg,FV_sd_sd,FV_r1_avg,FV_r1_sd,FV_kr_avg,FV_kr_sd,FV_sk_avg,FV_sk_sd,FD_avg_avg,FD_avg_sd,FD_sd_avg,FD_sd_sd,FD_r1_avg,FD_r1_sd,FD_kr_avg,FD_kr_sd,FD_sk_avg,FD_sk_sd,IN_avg_avg,IN_avg_sd,IN_sd_avg,IN_sd_sd,IN_r1_avg,IN_r1_sd,IN_kr_avg,IN_kr_sd,IN_sk_avg,IN_sk_sd
189,0.4968002050,0.3026048503,0.0002176976,0.0001894266,0.0593417012,0.4631518447,1.9092456777,0.4179122785,0.1909608771,0.4936711466,-0.0000094023,0.0000264366,0.0000349529,0.0000292960,-0.3135923344,0.2783454473,2.1798070713,0.6541767485,-0.1404600351,0.8121554769,0.4858000000,0.0368233621,0.0607345202,0.0222197671,-0.3443526321,0.3613149039,2.1403063496,0.4384876159,-0.1736015668,0.6897802556
