Instance,INF_avg,INF_sd,INF_r1,INF_kr,INF_sk,SUP_avg,SUP_sd,SUP_r1,SUP_kr,SUP_sk,INC_avg,INC_sd,INC_r1,INC_kr,INC_sk,IND_avg,IND_sd,IND_r1,IND_kr,IND_sk
456,0.2720000000,0.0324961536,-0.7601246106,1.4421487603,0.3804646085,0.2800000000,0.0379473319,-0.5714285714,1.7592592593,-0.3513641845,0.4480000000,0.0614491660,-0.7108753316,1.4904481471,0.4071161708,0.1080000000,0.0097979590,-0.5384615385,1.1666666667,0.4082482905
