Instance,FV_avg_avg,FV_avg_sd,FV_sd_avg,FV_sd_sd,FV_r1_avg,FV_r1_sd,FV_kr_avg,FV_kr_sd,FV_sk_avg,FV_sk_sd,FD_avg_avg,FD_avg_sd,FD_sd_avg,FD_sd_sd,FD_r1_avg,FD_r1_sd,FD_kr_avg,FD_kr_sd,FD_sk_avg,FD_sk_sd,IN_avg_avg,IN_avg_sd,IN_sd_avg,IN_sd_sd,IN_r1_avg,IN_r1_sd,IN_kr_avg,IN_kr_sd,IN_sk_avg,IN_sk_sd
30,0.4960289755,0.3014373367,0.0002236153,0.0001514015,0.5957931312,0.2383072877,2.0229166632,0.4490523186,-0.1145277937,0.4711780189,0.0000053472,0.0000182724,0.0000296717,0.0000210884,-0.0798035423,0.2960815363,2.3102049491,0.5753869103,-0.1121705257,0.5513759468,0.5091000000,0.0278745404,0.0678752303,0.0158478108,-0.0894326910,0.3060288923,2.2095727077,0.4463578435,-0.0609348813,0.4077401813
