Instance,INF_avg,INF_sd,INF_r1,INF_kr,INF_sk,SUP_avg,SUP_sd,SUP_r1,SUP_kr,SUP_sk,INC_avg,INC_sd,INC_r1,INC_kr,INC_sk,IND_avg,IND_sd,IND_r1,IND_kr,IND_sk
138,0.3713768116,0.0892577446,0.7247667251,2.3357622976,-0.0819753460,0.1073913043,0.0722445961,0.8537858102,2.4408802300,0.6563140818,0.5212318841,0.0492178373,0.0878719802,2.3760374005,0.0065228179,0.0796376812,0.0207612173,0.2027879673,3.3623540305,0.5487503673
