Instance,FV_avg_avg,FV_avg_sd,FV_sd_avg,FV_sd_sd,FV_r1_avg,FV_r1_sd,FV_kr_avg,FV_kr_sd,FV_sk_avg,FV_sk_sd,FD_avg_avg,FD_avg_sd,FD_sd_avg,FD_sd_sd,FD_r1_avg,FD_r1_sd,FD_kr_avg,FD_kr_sd,FD_sk_avg,FD_sk_sd,IN_avg_avg,IN_avg_sd,IN_sd_avg,IN_sd_sd,IN_r1_avg,IN_r1_sd,IN_kr_avg,IN_kr_sd,IN_sk_avg,IN_sk_sd
66,0.4932137914,0.2996719334,0.0005318238,0.0004111746,0.7945626447,0.1570417385,2.2239787582,0.5423689642,0.0891010675,0.4825306491,0.0000076799,0.0000277891,0.0000917032,0.0000574966,-0.0917893621,0.1877615738,2.8060510528,0.7869164328,0.1775191360,0.3872554143,0.5094000000,0.0345780277,0.1572772894,0.0228003125,-0.1158119732,0.1610840177,2.6274126346,0.6659198786,-0.0828294813,0.2780946894
