Instance,FV_avg_avg,FV_avg_sd,FV_sd_avg,FV_sd_sd,FV_r1_avg,FV_r1_sd,FV_kr_avg,FV_kr_sd,FV_sk_avg,FV_sk_sd,FD_avg_avg,FD_avg_sd,FD_sd_avg,FD_sd_sd,FD_r1_avg,FD_r1_sd,FD_kr_avg,FD_kr_sd,FD_sk_avg,FD_sk_sd,IN_avg_avg,IN_avg_sd,IN_sd_avg,IN_sd_sd,IN_r1_avg,IN_r1_sd,IN_kr_avg,IN_kr_sd,IN_sk_avg,IN_sk_sd
404,0.4943815292,0.3006425001,0.0008290780,0.0009416405,0.9355631002,0.0413204104,2.6828063863,0.6996073819,-0.1710042532,0.4765706130,0.0000007106,0.0000096790,0.0000508285,0.0000310513,-0.0720253354,0.0952212717,3.0069074043,0.3932660626,0.0879935642,0.2525749785,0.5038750000,0.0159058755,0.1110188772,0.0063676058,-0.0085885545,0.0808291669,3.0058288517,0.3776362614,0.0399432467,0.2209114745
