Instance,FV_avg_avg,FV_avg_sd,FV_sd_avg,FV_sd_sd,FV_r1_avg,FV_r1_sd,FV_kr_avg,FV_kr_sd,FV_sk_avg,FV_sk_sd,FD_avg_avg,FD_avg_sd,FD_sd_avg,FD_sd_sd,FD_r1_avg,FD_r1_sd,FD_kr_avg,FD_kr_sd,FD_sk_avg,FD_sk_sd,IN_avg_avg,IN_avg_sd,IN_sd_avg,IN_sd_sd,IN_r1_avg,IN_r1_sd,IN_kr_avg,IN_kr_sd,IN_sk_avg,IN_sk_sd
89,0.4989318487,0.3038782234,0.0005481332,0.0004184075,0.8967142055,0.0741172610,2.3035265794,0.5034808620,0.1381897984,0.4390884061,-0.0000006701,0.0000153937,0.0000599807,0.0000354195,0.0421022319,0.1171578847,2.9694645558,0.6005349711,0.0755940573,0.3032448992,0.4952000000,0.0299693176,0.1505800951,0.0142980752,0.0576121714,0.1266651540,2.7737531710,0.6011697951,0.0516880980,0.2481002125
