Instance,INF_avg,INF_sd,INF_r1,INF_kr,INF_sk,SUP_avg,SUP_sd,SUP_r1,SUP_kr,SUP_sk,INC_avg,INC_sd,INC_r1,INC_kr,INC_sk,IND_avg,IND_sd,IND_r1,IND_kr,IND_sk
184,0.3616216216,0.0939094882,0.4874919270,2.9590695841,0.3049456034,0.1408108108,0.0889542360,0.7274983654,2.9569547238,0.7559552290,0.4975675676,0.0790793445,0.0002979980,2.7872427565,0.1434619033,0.1271621622,0.0336925796,0.0435531926,3.0167151403,0.0211499016
