Instance,FV_avg_avg,FV_avg_sd,FV_sd_avg,FV_sd_sd,FV_r1_avg,FV_r1_sd,FV_kr_avg,FV_kr_sd,FV_sk_avg,FV_sk_sd,FD_avg_avg,FD_avg_sd,FD_sd_avg,FD_sd_sd,FD_r1_avg,FD_r1_sd,FD_kr_avg,FD_kr_sd,FD_sk_avg,FD_sk_sd,IN_avg_avg,IN_avg_sd,IN_sd_avg,IN_sd_sd,IN_r1_avg,IN_r1_sd,IN_kr_avg,IN_kr_sd,IN_sk_avg,IN_sk_sd
260,0.4986810528,0.3030094392,0.0004898156,0.0003661308,0.5666131378,0.3114393933,2.2034269407,0.6976607800,0.1289821831,0.5718786995,-0.0000195264,0.0000473079,0.0001040240,0.0000642043,-0.0168350146,0.3274980139,2.2183740435,0.3765099543,-0.0639329974,0.4056083931,0.4835000000,0.0340991202,0.1513732953,0.0283041602,0.0099583470,0.3402420156,2.4244134821,0.6058835469,-0.0407571398,0.5616510007
