Instance,INF_avg,INF_sd,INF_r1,INF_kr,INF_sk,SUP_avg,SUP_sd,SUP_r1,SUP_kr,SUP_sk,INC_avg,INC_sd,INC_r1,INC_kr,INC_sk,IND_avg,IND_sd,IND_r1,IND_kr,IND_sk
302,0.2710000000,0.0304795013,-0.2735234939,3.1838313591,0.8798021607,0.2320000000,0.0348711915,0.0717577354,3.1509911704,0.7239047458,0.4970000000,0.0471274867,0.5177028157,3.2741328983,-1.0096861629,0.0650000000,0.0143178211,-0.0684931507,1.6567519334,-0.3066279347
