Instance,INF_avg,INF_sd,INF_r1,INF_kr,INF_sk,SUP_avg,SUP_sd,SUP_r1,SUP_kr,SUP_sk,INC_avg,INC_sd,INC_r1,INC_kr,INC_sk,IND_avg,IND_sd,IND_r1,IND_kr,IND_sk
500,0.4018298969,0.0795614716,0.8035794326,2.2554800039,-0.0206138281,0.0765721649,0.0585915219,0.9011877858,2.8123442519,0.8151609368,0.5215979381,0.0418456072,0.2034746591,2.9871783710,-0.3261149951,0.0491752577,0.0120924363,0.1326148630,2.6147981191,0.0839491207
