Instance,INF_avg,INF_sd,INF_r1,INF_kr,INF_sk,SUP_avg,SUP_sd,SUP_r1,SUP_kr,SUP_sk,INC_avg,INC_sd,INC_r1,INC_kr,INC_sk,IND_avg,IND_sd,IND_r1,IND_kr,IND_sk
314,0.2458000000,0.0522528468,0.1431092290,2.2619957787,0.2710932406,0.2349000000,0.0415329989,0.1386864359,2.8035764664,0.1386717229,0.5193000000,0.0598707775,0.0719716137,2.9924116409,0.3965278631,0.0630000000,0.0198746069,-0.0090015733,2.5799262939,0.3615070304
