Instance,INF_avg,INF_sd,INF_r1,INF_kr,INF_sk,SUP_avg,SUP_sd,SUP_r1,SUP_kr,SUP_sk,INC_avg,INC_sd,INC_r1,INC_kr,INC_sk,IND_avg,IND_sd,IND_r1,IND_kr,IND_sk
234,0.3200000000,0.1166190379,0.0926640927,2.5363321799,-0.0151322281,0.1300000000,0.0900000000,0.2199687988,2.2583447645,0.1975308642,0.5500000000,0.1024695077,0.1219512195,1.8707482993,-0.0000000000,0.4500000000,0.1024695077,0.1707317073,4.0476190476,-1.1153143691
