Instance,FV_avg_avg,FV_avg_sd,FV_sd_avg,FV_sd_sd,FV_r1_avg,FV_r1_sd,FV_kr_avg,FV_kr_sd,FV_sk_avg,FV_sk_sd,FD_avg_avg,FD_avg_sd,FD_sd_avg,FD_sd_sd,FD_r1_avg,FD_r1_sd,FD_kr_avg,FD_kr_sd,FD_sk_avg,FD_sk_sd,IN_avg_avg,IN_avg_sd,IN_sd_avg,IN_sd_sd,IN_r1_avg,IN_r1_sd,IN_kr_avg,IN_kr_sd,IN_sk_avg,IN_sk_sd
377,0.4959681399,0.3015686622,0.0009853633,0.0006050073,0.9442829314,0.0388320462,2.4158689209,0.6360908681,0.1303483881,0.5075455312,-0.0000025214,0.0000168262,0.0000984490,0.0000592206,0.0150241350,0.0693195095,3.0428240618,0.4636716337,0.0439694209,0.2491575550,0.4982500000,0.0156168979,0.1612380365,0.0100172651,-0.0094302191,0.0964369449,2.6854827389,0.2352981840,-0.0083377603,0.2594389746
