Instance,INF_avg,INF_sd,INF_r1,INF_kr,INF_sk,SUP_avg,SUP_sd,SUP_r1,SUP_kr,SUP_sk,INC_avg,INC_sd,INC_r1,INC_kr,INC_sk,IND_avg,IND_sd,IND_r1,IND_kr,IND_sk
203,0.6173846154,0.1537858343,0.9046029567,2.1161048492,-0.1851810262,0.1013846154,0.0835165009,0.8622040188,2.5224226733,0.8019045710,0.2812307692,0.0847168622,0.7793598078,1.9962428403,-0.2890291101,0.0647692308,0.0182383950,0.1023659165,3.9398994150,0.7216944709
