Instance,INF_avg,INF_sd,INF_r1,INF_kr,INF_sk,SUP_avg,SUP_sd,SUP_r1,SUP_kr,SUP_sk,INC_avg,INC_sd,INC_r1,INC_kr,INC_sk,IND_avg,IND_sd,IND_r1,IND_kr,IND_sk
375,0.2000000000,0.0836660027,-0.6000000000,2.5000000000,-0.7683612489,0.2100000000,0.0860232527,-0.3414634146,1.9945215486,0.3958703373,0.5900000000,0.0663324958,0.0647482014,2.2169421488,0.3700366502,0.2400000000,0.0663324958,0.1911764706,2.2169421488,0.3700366502
