Instance,FV_avg_avg,FV_avg_sd,FV_sd_avg,FV_sd_sd,FV_r1_avg,FV_r1_sd,FV_kr_avg,FV_kr_sd,FV_sk_avg,FV_sk_sd,FD_avg_avg,FD_avg_sd,FD_sd_avg,FD_sd_sd,FD_r1_avg,FD_r1_sd,FD_kr_avg,FD_kr_sd,FD_sk_avg,FD_sk_sd,IN_avg_avg,IN_avg_sd,IN_sd_avg,IN_sd_sd,IN_r1_avg,IN_r1_sd,IN_kr_avg,IN_kr_sd,IN_sk_avg,IN_sk_sd
223,0.4999810338,0.3044522594,0.0008733685,0.0006008059,0.9048421290,0.0673108270,2.3799513635,0.5654207531,-0.0931300326,0.4806413911,0.0000061675,0.0000320392,0.0000993380,0.0000606954,0.0194143065,0.1646507226,2.7633088553,0.5715992225,0.0411838730,0.2938055060,0.5073000000,0.0359570577,0.1545033453,0.0152484845,0.0160409626,0.1546962995,2.7949772437,0.6282979833,-0.0389339572,0.3150679435
