Instance,INF_avg,INF_sd,INF_r1,INF_kr,INF_sk,SUP_avg,SUP_sd,SUP_r1,SUP_kr,SUP_sk,INC_avg,INC_sd,INC_r1,INC_kr,INC_sk,IND_avg,IND_sd,IND_r1,IND_kr,IND_sk
281,0.2720000000,0.0370944740,0.0537383178,2.2393185506,-0.7222288066,0.2180000000,0.0561782876,-0.1357229158,3.1409976531,-0.3037586140,0.5100000000,0.0775886590,0.0259965338,4.0735201598,1.1304183158,0.1140000000,0.0380000000,-0.1537343795,2.5440028852,-0.2659279778
