Instance,FV_avg_avg,FV_avg_sd,FV_sd_avg,FV_sd_sd,FV_r1_avg,FV_r1_sd,FV_kr_avg,FV_kr_sd,FV_sk_avg,FV_sk_sd,FD_avg_avg,FD_avg_sd,FD_sd_avg,FD_sd_sd,FD_r1_avg,FD_r1_sd,FD_kr_avg,FD_kr_sd,FD_sk_avg,FD_sk_sd,IN_avg_avg,IN_avg_sd,IN_sd_avg,IN_sd_sd,IN_r1_avg,IN_r1_sd,IN_kr_avg,IN_kr_sd,IN_sk_avg,IN_sk_sd
39,0.4991972924,0.3031275222,0.0007903705,0.0005013913,0.9460108575,0.0396064917,2.3290014208,0.6158644815,0.0041480761,0.3971175982,-0.0000013488,0.0000115551,0.0000165234,0.0000101631,0.0568430656,0.1154239357,2.9850026820,0.4905862647,0.0305141148,0.2862952411,0.4946325000,0.0181480114,0.0360585262,0.0025366937,0.0420602795,0.1017819285,2.8503005770,0.2871931408,0.0564871107,0.2132474798
