Instance,FV_avg_avg,FV_avg_sd,FV_sd_avg,FV_sd_sd,FV_r1_avg,FV_r1_sd,FV_kr_avg,FV_kr_sd,FV_sk_avg,FV_sk_sd,FD_avg_avg,FD_avg_sd,FD_sd_avg,FD_sd_sd,FD_r1_avg,FD_r1_sd,FD_kr_avg,FD_kr_sd,FD_sk_avg,FD_sk_sd,IN_avg_avg,IN_avg_sd,IN_sd_avg,IN_sd_sd,IN_r1_avg,IN_r1_sd,IN_kr_avg,IN_kr_sd,IN_sk_avg,IN_sk_sd
J,0.4642608448,0.2805455433,0.0154511259,0.0120485294,0.9884960877,0.0094706296,1.8580519868,0.0740656512,0.1844183856,0.0681743661,-0.0001740656,0.0001291235,0.0001991818,0.0001229399,0.1827343833,0.1154741434,2.9921063639,0.4070563003,0.0324854316,0.2973228110,0.3872061054,0.0401907097,0.1674047832,0.0189548778,0.1460296782,0.1095656853,2.7964264265,0.5010615725,0.1056906522,0.3269428375
