Instance,FV_avg_avg,FV_avg_sd,FV_sd_avg,FV_sd_sd,FV_r1_avg,FV_r1_sd,FV_kr_avg,FV_kr_sd,FV_sk_avg,FV_sk_sd,FD_avg_avg,FD_avg_sd,FD_sd_avg,FD_sd_sd,FD_r1_avg,FD_r1_sd,FD_kr_avg,FD_kr_sd,FD_sk_avg,FD_sk_sd,IN_avg_avg,IN_avg_sd,IN_sd_avg,IN_sd_sd,IN_r1_avg,IN_r1_sd,IN_kr_avg,IN_kr_sd,IN_sk_avg,IN_sk_sd
332,0.4938723223,0.3007708153,0.0025611430,0.0017070391,0.9391781056,0.0473337146,2.3812616742,0.4331226848,-0.0169404232,0.4010531964,0.0000129499,0.0000484985,0.0002494787,0.0001471381,0.0172429869,0.0635952349,2.9916219958,0.4136741209,-0.0316679575,0.2040255436,0.5042500000,0.0269793903,0.1562464008,0.0103010800,0.0466146495,0.0849726490,2.8444546488,0.3351291248,0.0258800643,0.2467111884
