Instance,INF_avg,INF_sd,INF_r1,INF_kr,INF_sk,SUP_avg,SUP_sd,SUP_r1,SUP_kr,SUP_sk,INC_avg,INC_sd,INC_r1,INC_kr,INC_sk,IND_avg,IND_sd,IND_r1,IND_kr,IND_sk
206,0.5170149254,0.0913418203,0.5213685291,3.0337872168,-0.4567187826,0.1307462687,0.0836715939,0.6389574071,4.6548032946,1.2128968280,0.3522388060,0.0661482030,-0.0017502246,2.9312709379,0.4171367937,0.1122388060,0.0320364017,-0.0593297196,2.7944313348,0.1999127653
