Instance,INF_avg,INF_sd,INF_r1,INF_kr,INF_sk,SUP_avg,SUP_sd,SUP_r1,SUP_kr,SUP_sk,INC_avg,INC_sd,INC_r1,INC_kr,INC_sk,IND_avg,IND_sd,IND_r1,IND_kr,IND_sk
414,0.2920000000,0.1383329317,0.0332034516,2.2585226955,0.0754686480,0.2270000000,0.1362754563,-0.0707047470,3.8439342134,0.7373506459,0.4810000000,0.1346811048,0.1136693227,2.9403388005,0.2254549254,0.3650000000,0.1160818677,-0.1539262654,2.6894751154,0.2095316050
