Instance,INF_avg,INF_sd,INF_r1,INF_kr,INF_sk,SUP_avg,SUP_sd,SUP_r1,SUP_kr,SUP_sk,INC_avg,INC_sd,INC_r1,INC_kr,INC_sk,IND_avg,IND_sd,IND_r1,IND_kr,IND_sk
20,0.2700000000,0.0749666593,-0.3297682709,2.1203505528,-0.1310190977,0.3040000000,0.0714422844,-0.1053621825,3.0578217588,0.6655524770,0.4260000000,0.0369323706,-0.6155905980,2.2054935888,-0.1581713313,0.1260000000,0.0335261092,0.1416153568,2.6445587062,-0.4789383520
