Instance,INF_avg,INF_sd,INF_r1,INF_kr,INF_sk,SUP_avg,SUP_sd,SUP_r1,SUP_kr,SUP_sk,INC_avg,INC_sd,INC_r1,INC_kr,INC_sk,IND_avg,IND_sd,IND_r1,IND_kr,IND_sk
132,0.2850000000,0.0408044115,-0.3666146646,2.1652733815,-0.2384479855,0.2330000000,0.0560446251,0.0282678950,2.5422217235,-0.2783291680,0.4820000000,0.0724982758,-0.2758526851,2.8009806579,0.8310070087,0.0720000000,0.0087177979,-0.1038961039,2.6786703601,0.5071295170
