Instance,INF_avg,INF_sd,INF_r1,INF_kr,INF_sk,SUP_avg,SUP_sd,SUP_r1,SUP_kr,SUP_sk,INC_avg,INC_sd,INC_r1,INC_kr,INC_sk,IND_avg,IND_sd,IND_r1,IND_kr,IND_sk
308,0.2660000000,0.0408900966,0.0925284036,2.7348847325,0.6501264186,0.2684000000,0.0283802748,-0.0526947496,2.0468790769,0.0783165780,0.4656000000,0.0471660895,-0.0276515976,2.5601631432,-0.3799722822,0.0620000000,0.0189736660,-0.2627834593,2.0911111111,-0.3232550497
