Instance,INF_avg,INF_sd,INF_r1,INF_kr,INF_sk,SUP_avg,SUP_sd,SUP_r1,SUP_kr,SUP_sk,INC_avg,INC_sd,INC_r1,INC_kr,INC_sk,IND_avg,IND_sd,IND_r1,IND_kr,IND_sk
187,0.2700000000,0.0328633535,-1.1724137931,1.6769547325,-0.2366702409,0.2840000000,0.0440908154,-0.9947800149,1.6594777219,0.1237625133,0.4460000000,0.0149666295,-0.3888888889,1.8469387755,0.3436215967,0.0560000000,0.0195959179,-0.5074309979,2.4361979167,0.5677202789
