Instance,INF_avg,INF_sd,INF_r1,INF_kr,INF_sk,SUP_avg,SUP_sd,SUP_r1,SUP_kr,SUP_sk,INC_avg,INC_sd,INC_r1,INC_kr,INC_sk,IND_avg,IND_sd,IND_r1,IND_kr,IND_sk
109,0.3250000000,0.2046338193,-0.5560439560,1.8153263533,-0.0765838308,0.1875000000,0.1165922382,0.2866242038,2.4030915577,0.2439980252,0.4875000000,0.2315032397,-0.5806646526,2.0825081386,0.6356603674,0.3625000000,0.1218349293,-0.3233082707,2.4391135734,0.7451842768
