Instance,FV_avg_avg,FV_avg_sd,FV_sd_avg,FV_sd_sd,FV_r1_avg,FV_r1_sd,FV_kr_avg,FV_kr_sd,FV_sk_avg,FV_sk_sd,FD_avg_avg,FD_avg_sd,FD_sd_avg,FD_sd_sd,FD_r1_avg,FD_r1_sd,FD_kr_avg,FD_kr_sd,FD_sk_avg,FD_sk_sd,IN_avg_avg,IN_avg_sd,IN_sd_avg,IN_sd_sd,IN_r1_avg,IN_r1_sd,IN_kr_avg,IN_kr_sd,IN_sk_avg,IN_sk_sd
499,0.4930284950,0.2998347134,0.0003435717,0.0003330173,0.8023284274,0.1168474048,2.2812536970,0.6734958216,-0.0527066462,0.4440371937,-0.0000021964,0.0000131944,0.0000152244,0.0000092301,-0.0246379155,0.1935399168,2.6106543473,0.6817043232,0.0300175170,0.3996210687,0.4937600000,0.0231590673,0.0468707366,0.0067715619,-0.0380899735,0.2021957370,2.5423658250,0.7699338453,0.1123174532,0.4136989268
