Instance,INF_avg,INF_sd,INF_r1,INF_kr,INF_sk,SUP_avg,SUP_sd,SUP_r1,SUP_kr,SUP_sk,INC_avg,INC_sd,INC_r1,INC_kr,INC_sk,IND_avg,IND_sd,IND_r1,IND_kr,IND_sk
186,0.3950000000,0.0953327506,0.8514849183,1.9873488194,-0.0777412518,0.0989583333,0.0751939044,0.9112771262,3.0881572360,0.9701312169,0.5060416667,0.0430885514,0.3571038738,2.2561043262,-0.1719021579,0.0402916667,0.0130431309,0.2556170071,2.3612737248,0.2234891428
