Instance,INF_avg,INF_sd,INF_r1,INF_kr,INF_sk,SUP_avg,SUP_sd,SUP_r1,SUP_kr,SUP_sk,INC_avg,INC_sd,INC_r1,INC_kr,INC_sk,IND_avg,IND_sd,IND_r1,IND_kr,IND_sk
465,0.5448888889,0.1221405788,0.5666704800,2.0168021437,-0.0084315149,0.0728888889,0.0406951934,0.3634983333,2.7831580555,0.5506607354,0.3822222222,0.0948657271,0.4798362255,1.9308256206,-0.0617500678,0.1186666667,0.0403099106,-0.0607003451,3.8071309894,1.0682370454
