Instance,FV_avg_avg,FV_avg_sd,FV_sd_avg,FV_sd_sd,FV_r1_avg,FV_r1_sd,FV_kr_avg,FV_kr_sd,FV_sk_avg,FV_sk_sd,FD_avg_avg,FD_avg_sd,FD_sd_avg,FD_sd_sd,FD_r1_avg,FD_r1_sd,FD_kr_avg,FD_kr_sd,FD_sk_avg,FD_sk_sd,IN_avg_avg,IN_avg_sd,IN_sd_avg,IN_sd_sd,IN_r1_avg,IN_r1_sd,IN_kr_avg,IN_kr_sd,IN_sk_avg,IN_sk_sd
19,0.4901674872,0.2987147689,0.0016938263,0.0013563376,0.9251224605,0.0573535714,2.5225873404,0.9472341020,-0.0623750287,0.3689445807,0.0000044425,0.0000336867,0.0001137461,0.0000709875,0.0162447475,0.1268381121,2.9697140972,0.4338025751,0.1411824537,0.2321898673,0.4943250000,0.0268222273,0.1093652990,0.0082972210,0.0122151076,0.1190931896,2.8886861121,0.3108081541,0.0730411184,0.2233827449
