Instance,FV_avg_avg,FV_avg_sd,FV_sd_avg,FV_sd_sd,FV_r1_avg,FV_r1_sd,FV_kr_avg,FV_kr_sd,FV_sk_avg,FV_sk_sd,FD_avg_avg,FD_avg_sd,FD_sd_avg,FD_sd_sd,FD_r1_avg,FD_r1_sd,FD_kr_avg,FD_kr_sd,FD_sk_avg,FD_sk_sd,IN_avg_avg,IN_avg_sd,IN_sd_avg,IN_sd_sd,IN_r1_avg,IN_r1_sd,IN_kr_avg,IN_kr_sd,IN_sk_avg,IN_sk_sd
56,0.5007573609,0.3039036867,0.0003018109,0.0002319047,0.8047967959,0.1204508278,2.4511434141,0.6172094261,-0.1134159327,0.3704028168,0.0000003025,0.0000070171,0.0000103277,0.0000062410,0.0298254439,0.2334788704,2.8551312161,0.7713301982,-0.0846725466,0.4722397264,0.5018900000,0.0194906619,0.0331053147,0.0052564379,-0.0105270835,0.1934187019,2.7713886808,0.6297104189,-0.0575836996,0.2401448322
