Instance,FV_avg_avg,FV_avg_sd,FV_sd_avg,FV_sd_sd,FV_r1_avg,FV_r1_sd,FV_kr_avg,FV_kr_sd,FV_sk_avg,FV_sk_sd,FD_avg_avg,FD_avg_sd,FD_sd_avg,FD_sd_sd,FD_r1_avg,FD_r1_sd,FD_kr_avg,FD_kr_sd,FD_sk_avg,FD_sk_sd,IN_avg_avg,IN_avg_sd,IN_sd_avg,IN_sd_sd,IN_r1_avg,IN_r1_sd,IN_kr_avg,IN_kr_sd,IN_sk_avg,IN_sk_sd
216,0.4922393769,0.2988881982,0.0024805178,0.0018129990,0.9251874274,0.0548399161,2.5114691548,0.6652975151,0.0443380492,0.3341303350,-0.0000104008,0.0000663523,0.0000865406,0.0000591952,0.5198893234,0.1781654953,2.6753939621,0.3849345618,0.0542066325,0.2699147682,0.4932525000,0.0279036533,0.0466047655,0.0063277729,0.3502772147,0.1669836010,2.7550083043,0.2681050743,0.0376237714,0.1958288724
