Instance,FV_avg_avg,FV_avg_sd,FV_sd_avg,FV_sd_sd,FV_r1_avg,FV_r1_sd,FV_kr_avg,FV_kr_sd,FV_sk_avg,FV_sk_sd,FD_avg_avg,FD_avg_sd,FD_sd_avg,FD_sd_sd,FD_r1_avg,FD_r1_sd,FD_kr_avg,FD_kr_sd,FD_sk_avg,FD_sk_sd,IN_avg_avg,IN_avg_sd,IN_sd_avg,IN_sd_sd,IN_r1_avg,IN_r1_sd,IN_kr_avg,IN_kr_sd,IN_sk_avg,IN_sk_sd
466,0.4990495153,0.3043662913,0.0008922238,0.0007863613,0.9225284558,0.0536381192,2.3809319260,0.5831096911,0.0546093828,0.4333648903,-0.0000024729,0.0000093572,0.0000654975,0.0000401728,0.0147986109,0.1161836841,2.9121903291,0.3682638246,0.0060841087,0.2211419847,0.4982000000,0.0200414570,0.1587207835,0.0101396687,0.0073079052,0.0982388843,2.7107518567,0.3220988235,0.0004803939,0.1686118512
