Instance,FV_avg_avg,FV_avg_sd,FV_sd_avg,FV_sd_sd,FV_r1_avg,FV_r1_sd,FV_kr_avg,FV_kr_sd,FV_sk_avg,FV_sk_sd,FD_avg_avg,FD_avg_sd,FD_sd_avg,FD_sd_sd,FD_r1_avg,FD_r1_sd,FD_kr_avg,FD_kr_sd,FD_sk_avg,FD_sk_sd,IN_avg_avg,IN_avg_sd,IN_sd_avg,IN_sd_sd,IN_r1_avg,IN_r1_sd,IN_kr_avg,IN_kr_sd,IN_sk_avg,IN_sk_sd
477,0.4911029968,0.2987435216,0.0012218013,0.0010257520,0.7227219419,0.1927907412,2.3666442430,0.4936531146,0.0117338145,0.3994207451,0.0000054498,0.0000808473,0.0000780881,0.0000496184,0.0943656677,0.2367756854,2.5966128924,0.4764406937,0.0622798995,0.3772648389,0.5056000000,0.0327484961,0.0529635248,0.0106696317,0.0792486634,0.2299448410,2.5850914379,0.5895345842,-0.0076012292,0.3982153980
