Instance,FV_avg_avg,FV_avg_sd,FV_sd_avg,FV_sd_sd,FV_r1_avg,FV_r1_sd,FV_kr_avg,FV_kr_sd,FV_sk_avg,FV_sk_sd,FD_avg_avg,FD_avg_sd,FD_sd_avg,FD_sd_sd,FD_r1_avg,FD_r1_sd,FD_kr_avg,FD_kr_sd,FD_sk_avg,FD_sk_sd,IN_avg_avg,IN_avg_sd,IN_sd_avg,IN_sd_sd,IN_r1_avg,IN_r1_sd,IN_kr_avg,IN_kr_sd,IN_sk_avg,IN_sk_sd
238,0.5007150938,0.3047699235,0.0006236237,0.0003961083,0.1074009665,0.3534458406,1.9498919252,0.4331505441,-0.0535642042,0.5304542976,0.0000043386,0.0000673766,0.0000450569,0.0000346285,-0.1470168409,0.3145409768,2.2258792800,0.4571880970,0.1744053404,0.7490389920,0.4921000000,0.0344541725,0.0318364800,0.0095361701,-0.1132105132,0.3306471268,1.8775249819,0.4964245681,0.2239320225,0.5280587837
