Instance,FV_avg_avg,FV_avg_sd,FV_sd_avg,FV_sd_sd,FV_r1_avg,FV_r1_sd,FV_kr_avg,FV_kr_sd,FV_sk_avg,FV_sk_sd,FD_avg_avg,FD_avg_sd,FD_sd_avg,FD_sd_sd,FD_r1_avg,FD_r1_sd,FD_kr_avg,FD_kr_sd,FD_sk_avg,FD_sk_sd,IN_avg_avg,IN_avg_sd,IN_sd_avg,IN_sd_sd,IN_r1_avg,IN_r1_sd,IN_kr_avg,IN_kr_sd,IN_sk_avg,IN_sk_sd
295,0.4977681049,0.3027204345,0.0005796899,0.0004684692,0.9535000509,0.0301601981,2.3249547931,0.4635652890,0.1894967395,0.4471219309,0.0000003592,0.0000063496,0.0000314757,0.0000195612,0.0004115646,0.0954642470,2.9797941375,0.3832544358,0.0046767495,0.2041714625,0.5013000000,0.0196916226,0.1130227361,0.0069936485,-0.0093246066,0.0814207734,2.7500405355,0.3088754552,0.0440807744,0.2156814116
