Instance,INF_avg,INF_sd,INF_r1,INF_kr,INF_sk,SUP_avg,SUP_sd,SUP_r1,SUP_kr,SUP_sk,INC_avg,INC_sd,INC_r1,INC_kr,INC_sk,IND_avg,IND_sd,IND_r1,IND_kr,IND_sk
49,0.2592000000,0.0393873076,-0.1101869898,2.9083419365,-0.7573367479,0.1892000000,0.0292465383,-0.3987274735,2.5183805885,0.2227896122,0.5516000000,0.0467914522,-0.1334935279,2.5695442613,0.0769821084,0.0632000000,0.0191248529,0.3159074078,2.7744791416,-0.1178057881
