Instance,INF_avg,INF_sd,INF_r1,INF_kr,INF_sk,SUP_avg,SUP_sd,SUP_r1,SUP_kr,SUP_sk,INC_avg,INC_sd,INC_r1,INC_kr,INC_sk,IND_avg,IND_sd,IND_r1,IND_kr,IND_sk
55,0.2200000000,0.1400000000,0.0243902439,2.8517284465,0.0787172012,0.2400000000,0.0800000000,-0.7708333333,2.6640625000,0.3281250000,0.5400000000,0.1280624847,0.2892768080,3.0975609756,0.0799914390,0.3600000000,0.1280624847,-0.1822660099,2.0267697799,0.4913759825
