Instance,INF_avg,INF_sd,INF_r1,INF_kr,INF_sk,SUP_avg,SUP_sd,SUP_r1,SUP_kr,SUP_sk,INC_avg,INC_sd,INC_r1,INC_kr,INC_sk,IND_avg,IND_sd,IND_r1,IND_kr,IND_sk
272,0.2700000000,0.0748331477,-0.4502164502,2.1339285714,0.7301958931,0.2500000000,0.0547722558,-0.1666666667,2.5000000000,-0.9128709292,0.4800000000,0.0400000000,-0.7741935484,2.0781250000,0.8437500000,0.2400000000,0.0663324958,-0.6894977169,2.2169421488,0.3700366502
