Instance,FV_avg_avg,FV_avg_sd,FV_sd_avg,FV_sd_sd,FV_r1_avg,FV_r1_sd,FV_kr_avg,FV_kr_sd,FV_sk_avg,FV_sk_sd,FD_avg_avg,FD_avg_sd,FD_sd_avg,FD_sd_sd,FD_r1_avg,FD_r1_sd,FD_kr_avg,FD_kr_sd,FD_sk_avg,FD_sk_sd,IN_avg_avg,IN_avg_sd,IN_sd_avg,IN_sd_sd,IN_r1_avg,IN_r1_sd,IN_kr_avg,IN_kr_sd,IN_sk_avg,IN_sk_sd
494,0.4833026759,0.2928320733,0.0075108762,0.0049177044,0.9926494672,0.0030414066,1.8902854367,0.0658875900,0.2605490729,0.0621301528,-0.0000917953,0.0000606727,0.0000519325,0.0000322917,0.5221751941,0.1091334634,2.8643201391,0.4804898445,0.3669111410,0.2187385937,0.2851380450,0.0327422734,0.1357040673,0.0123216900,0.4710125752,0.1132441631,2.9812669613,0.4688408965,0.4905255050,0.2387310756
