Instance,FV_avg_avg,FV_avg_sd,FV_sd_avg,FV_sd_sd,FV_r1_avg,FV_r1_sd,FV_kr_avg,FV_kr_sd,FV_sk_avg,FV_sk_sd,FD_avg_avg,FD_avg_sd,FD_sd_avg,FD_sd_sd,FD_r1_avg,FD_r1_sd,FD_kr_avg,FD_kr_sd,FD_sk_avg,FD_sk_sd,IN_avg_avg,IN_avg_sd,IN_sd_avg,IN_sd_sd,IN_r1_avg,IN_r1_sd,IN_kr_avg,IN_kr_sd,IN_sk_avg,IN_sk_sd
88,0.4947762631,0.3004378724,0.0003897186,0.0002824304,0.2619220506,0.3581083574,1.8123218478,0.4504247110,0.1143032207,0.5070012791,-0.0000110103,0.0000566759,0.0000827707,0.0000581426,-0.1130953215,0.3927927385,1.9248619047,0.5441275582,0.0349940996,0.5752463473,0.5015000000,0.0633462706,0.0948539392,0.0369151760,-0.2303162525,0.3269365031,1.9322960802,0.4323563485,0.0656147616,0.5956073379
