Instance,FV_avg_avg,FV_avg_sd,FV_sd_avg,FV_sd_sd,FV_r1_avg,FV_r1_sd,FV_kr_avg,FV_kr_sd,FV_sk_avg,FV_sk_sd,FD_avg_avg,FD_avg_sd,FD_sd_avg,FD_sd_sd,FD_r1_avg,FD_r1_sd,FD_kr_avg,FD_kr_sd,FD_sk_avg,FD_sk_sd,IN_avg_avg,IN_avg_sd,IN_sd_avg,IN_sd_sd,IN_r1_avg,IN_r1_sd,IN_kr_avg,IN_kr_sd,IN_sk_avg,IN_sk_sd
468,0.4992014522,0.3033826469,0.0001424748,0.0001012310,0.3555539045,0.3442030086,1.8776397440,0.4069513414,-0.0825149033,0.4840033466,-0.0000072748,0.0000319620,0.0000382118,0.0000274418,-0.1881354318,0.3289701017,1.8306456535,0.4555875944,-0.1169318292,0.5144645859,0.4740000000,0.0905759350,0.1272199385,0.0541764454,-0.0137882685,0.4181063456,1.7622458063,0.4521977464,0.0566428689,0.4399310587
