Instance,INF_avg,INF_sd,INF_r1,INF_kr,INF_sk,SUP_avg,SUP_sd,SUP_r1,SUP_kr,SUP_sk,INC_avg,INC_sd,INC_r1,INC_kr,INC_sk,IND_avg,IND_sd,IND_r1,IND_kr,IND_sk
9,0.2176000000,0.0798638842,0.0099732628,2.7008624628,0.6800613632,0.2400000000,0.0722218803,-0.2883435583,3.1987466596,0.0305806072,0.5424000000,0.0599519808,0.2862105030,2.1214421707,-0.2493591113,0.1224000000,0.0290213714,-0.1273663289,1.7838850343,0.1833676454
