Instance,INF_avg,INF_sd,INF_r1,INF_kr,INF_sk,SUP_avg,SUP_sd,SUP_r1,SUP_kr,SUP_sk,INC_avg,INC_sd,INC_r1,INC_kr,INC_sk,IND_avg,IND_sd,IND_r1,IND_kr,IND_sk
248,0.2176000000,0.0396010101,0.4461003300,2.2928882398,-0.5517343450,0.2358000000,0.0354592724,0.5634256090,2.6511429438,0.4575931731,0.5466000000,0.0447598034,0.5398479018,2.7753053639,0.5478691909,0.0420000000,0.0118321596,-0.2604290822,2.7891836735,0.4418949389
