Instance,INF_avg,INF_sd,INF_r1,INF_kr,INF_sk,SUP_avg,SUP_sd,SUP_r1,SUP_kr,SUP_sk,INC_avg,INC_sd,INC_r1,INC_kr,INC_sk,IND_avg,IND_sd,IND_r1,IND_kr,IND_sk
229,0.2100000000,0.0663324958,0.4043887147,3.1466942149,0.6578429336,0.2850000000,0.0672681202,-0.1584327087,2.6805347822,-0.1823329287,0.5050000000,0.1035615759,0.1301826616,1.5756108693,0.0688756141,0.2200000000,0.0556776436,-0.0784313725,3.0353798127,-0.3997666400
