Instance,FV_avg_avg,FV_avg_sd,FV_sd_avg,FV_sd_sd,FV_r1_avg,FV_r1_sd,FV_kr_avg,FV_kr_sd,FV_sk_avg,FV_sk_sd,FD_avg_avg,FD_avg_sd,FD_sd_avg,FD_sd_sd,FD_r1_avg,FD_r1_sd,FD_kr_avg,FD_kr_sd,FD_sk_avg,FD_sk_sd,IN_avg_avg,IN_avg_sd,IN_sd_avg,IN_sd_sd,IN_r1_avg,IN_r1_sd,IN_kr_avg,IN_kr_sd,IN_sk_avg,IN_sk_sd
364,0.4955920802,0.3018537636,0.0001629610,0.0001572891,-0.0368028066,0.5443159455,1.9624882941,0.5308979691,0.1169829474,0.5910636921,0.0000094352,0.0000161256,0.0000375696,0.0000314746,-0.3179929166,0.3942353469,2.0421180600,0.4542199253,0.0188097038,0.6228379351,0.5210000000,0.0484664833,0.0933072406,0.0316821535,-0.3246050831,0.4514650788,2.0429505295,0.5377712847,-0.0619233353,0.6182690405
