Instance,INF_avg,INF_sd,INF_r1,INF_kr,INF_sk,SUP_avg,SUP_sd,SUP_r1,SUP_kr,SUP_sk,INC_avg,INC_sd,INC_r1,INC_kr,INC_sk,IND_avg,IND_sd,IND_r1,IND_kr,IND_sk
437,0.2440000000,0.1134195750,-0.1574653386,2.2907106260,0.5598022854,0.2480000000,0.1236769987,0.3162951414,2.6349678752,0.1727404203,0.5080000000,0.1647300823,-0.0148363053,3.1804342626,-0.4500501149,0.3480000000,0.1099818167,0.0829601194,2.3671159822,0.4116120522
