Instance,FV_avg_avg,FV_avg_sd,FV_sd_avg,FV_sd_sd,FV_r1_avg,FV_r1_sd,FV_kr_avg,FV_kr_sd,FV_sk_avg,FV_sk_sd,FD_avg_avg,FD_avg_sd,FD_sd_avg,FD_sd_sd,FD_r1_avg,FD_r1_sd,FD_kr_avg,FD_kr_sd,FD_sk_avg,FD_sk_sd,IN_avg_avg,IN_avg_sd,IN_sd_avg,IN_sd_sd,IN_r1_avg,IN_r1_sd,IN_kr_avg,IN_kr_sd,IN_sk_avg,IN_sk_sd
73,0.4963787241,0.3018398291,0.0010832674,0.0009081217,0.7418022243,0.2095989607,2.3611277859,0.5668250933,-0.1296012341,0.4505799560,0.0000270720,0.0000614451,0.0001702667,0.0001058069,-0.0268471126,0.1906063791,2.8652438864,0.5666456495,-0.2001701367,0.3634858183,0.5142000000,0.0509819576,0.1577839532,0.0168352046,0.0073899974,0.2238098479,2.4717641454,0.5302004964,-0.0481463289,0.2894521228
