Instance,INF_avg,INF_sd,INF_r1,INF_kr,INF_sk,SUP_avg,SUP_sd,SUP_r1,SUP_kr,SUP_sk,INC_avg,INC_sd,INC_r1,INC_kr,INC_sk,IND_avg,IND_sd,IND_r1,IND_kr,IND_sk
103,0.2336000000,0.0696781171,0.0229719952,2.3573883691,-0.2874488602,0.2860000000,0.0780000000,0.1158557734,3.2991621572,0.4697314520,0.4804000000,0.0687592903,-0.0452418856,2.4530704745,-0.1321308164,0.1308000000,0.0330357382,-0.0865702849,2.4281966523,0.2224510447
