Instance,FV_avg_avg,FV_avg_sd,FV_sd_avg,FV_sd_sd,FV_r1_avg,FV_r1_sd,FV_kr_avg,FV_kr_sd,FV_sk_avg,FV_sk_sd,FD_avg_avg,FD_avg_sd,FD_sd_avg,FD_sd_sd,FD_r1_avg,FD_r1_sd,FD_kr_avg,FD_kr_sd,FD_sk_avg,FD_sk_sd,IN_avg_avg,IN_avg_sd,IN_sd_avg,IN_sd_sd,IN_r1_avg,IN_r1_sd,IN_kr_avg,IN_kr_sd,IN_sk_avg,IN_sk_sd
225,0.5005783230,0.3047417283,0.0011163287,0.0009856936,0.8959293704,0.0802387656,2.5072793839,0.7808375580,-0.1849117873,0.5476415816,-0.0000025733,0.0000266769,0.0000382233,0.0000234384,0.0189640036,0.1616534473,2.9697255480,0.7616121681,0.0303625042,0.2939048106,0.4959400000,0.0233205575,0.0508281378,0.0046009134,0.0397300212,0.1268733185,2.9515764469,0.6265707835,0.0419549601,0.3528515578
