Instance,INF_avg,INF_sd,INF_r1,INF_kr,INF_sk,SUP_avg,SUP_sd,SUP_r1,SUP_kr,SUP_sk,INC_avg,INC_sd,INC_r1,INC_kr,INC_sk,IND_avg,IND_sd,IND_r1,IND_kr,IND_sk
385,0.2240000000,0.0344093011,0.0677966102,2.6519357195,-1.0179522960,0.2560000000,0.0527636238,-0.2119437939,2.1575505351,0.2169728883,0.5200000000,0.0309838668,-0.4166666667,2.9166666667,1.2909944487,0.1400000000,0.0334664011,-0.2307692308,2.5000000000,-0.7683612489
