Instance,FV_avg_avg,FV_avg_sd,FV_sd_avg,FV_sd_sd,FV_r1_avg,FV_r1_sd,FV_kr_avg,FV_kr_sd,FV_sk_avg,FV_sk_sd,FD_avg_avg,FD_avg_sd,FD_sd_avg,FD_sd_sd,FD_r1_avg,FD_r1_sd,FD_kr_avg,FD_kr_sd,FD_sk_avg,FD_sk_sd,IN_avg_avg,IN_avg_sd,IN_sd_avg,IN_sd_sd,IN_r1_avg,IN_r1_sd,IN_kr_avg,IN_kr_sd,IN_sk_avg,IN_sk_sd
139,0.4964578529,0.3008207827,0.0012526596,0.0010954061,0.8888851107,0.0777670928,2.5086186542,0.7508654980,0.0982400166,0.5515932207,-0.0000014769,0.0000163477,0.0000460200,0.0000300684,0.0260411033,0.1364684554,2.7469615677,0.4358052349,-0.0426271101,0.2955265613,0.4986400000,0.0269873748,0.0501114338,0.0045250642,-0.0083113119,0.1340284077,2.5306511073,0.2939674214,0.0073959263,0.2367899012
