Instance,FV_avg_avg,FV_avg_sd,FV_sd_avg,FV_sd_sd,FV_r1_avg,FV_r1_sd,FV_kr_avg,FV_kr_sd,FV_sk_avg,FV_sk_sd,FD_avg_avg,FD_avg_sd,FD_sd_avg,FD_sd_sd,FD_r1_avg,FD_r1_sd,FD_kr_avg,FD_kr_sd,FD_sk_avg,FD_sk_sd,IN_avg_avg,IN_avg_sd,IN_sd_avg,IN_sd_sd,IN_r1_avg,IN_r1_sd,IN_kr_avg,IN_kr_sd,IN_sk_avg,IN_sk_sd
140,0.4980169780,0.3026982395,0.0001823135,0.0001390713,0.1202296557,0.3967821667,2.0643030231,0.4581621640,0.0459194545,0.6814986978,-0.0000000690,0.0000142839,0.0000130614,0.0000085417,-0.2520855711,0.3596120087,1.9759026849,0.4408582032,-0.1517171999,0.5698702907,0.4985000000,0.0326642006,0.0256238372,0.0096290687,-0.0572114415,0.4069303580,1.9854044532,0.5537355214,-0.0465333446,0.6342907652
