Instance,INF_avg,INF_sd,INF_r1,INF_kr,INF_sk,SUP_avg,SUP_sd,SUP_r1,SUP_kr,SUP_sk,INC_avg,INC_sd,INC_r1,INC_kr,INC_sk,IND_avg,IND_sd,IND_r1,IND_kr,IND_sk
497,0.3180000000,0.1545186073,0.1519078868,2.9239027487,0.1531092897,0.2450000000,0.1299038106,-0.0393904327,2.6299983539,0.0277128129,0.4370000000,0.1647149052,0.0979764360,3.2084022226,-0.1593674444,0.3630000000,0.1163228267,0.1179507401,2.6337401671,0.3701443858
