Instance,INF_avg,INF_sd,INF_r1,INF_kr,INF_sk,SUP_avg,SUP_sd,SUP_r1,SUP_kr,SUP_sk,INC_avg,INC_sd,INC_r1,INC_kr,INC_sk,IND_avg,IND_sd,IND_r1,IND_kr,IND_sk
80,0.2610000000,0.1434538253,0.0818229570,2.3352901786,0.2564454789,0.2680000000,0.1420422472,0.1556779614,2.9492327942,0.1569045420,0.4710000000,0.1518519015,0.0808379480,2.4731884958,-0.0169861773,0.3700000000,0.1153256259,0.1272289519,2.9727514274,0.1330003262
