Instance,FV_avg_avg,FV_avg_sd,FV_sd_avg,FV_sd_sd,FV_r1_avg,FV_r1_sd,FV_kr_avg,FV_kr_sd,FV_sk_avg,FV_sk_sd,FD_avg_avg,FD_avg_sd,FD_sd_avg,FD_sd_sd,FD_r1_avg,FD_r1_sd,FD_kr_avg,FD_kr_sd,FD_sk_avg,FD_sk_sd,IN_avg_avg,IN_avg_sd,IN_sd_avg,IN_sd_sd,IN_r1_avg,IN_r1_sd,IN_kr_avg,IN_kr_sd,IN_sk_avg,IN_sk_sd
298,0.4900490889,0.2989005712,0.0022788546,0.0017153177,0.8856185382,0.0703811192,2.5448317487,0.7994847332,0.0784127242,0.5421188224,0.0000719394,0.0001133122,0.0003270152,0.0002009674,0.0018756949,0.1857433877,2.7436749407,0.4627997956,-0.0426623186,0.2277616118,0.5191000000,0.0423011820,0.1635011330,0.0168279380,0.0183430803,0.1736293458,2.6515169445,0.4540512613,-0.0392305800,0.2592682278
