Instance,FV_avg_avg,FV_avg_sd,FV_sd_avg,FV_sd_sd,FV_r1_avg,FV_r1_sd,FV_kr_avg,FV_kr_sd,FV_sk_avg,FV_sk_sd,FD_avg_avg,FD_avg_sd,FD_sd_avg,FD_sd_sd,FD_r1_avg,FD_r1_sd,FD_kr_avg,FD_kr_sd,FD_sk_avg,FD_sk_sd,IN_avg_avg,IN_avg_sd,IN_sd_avg,IN_sd_sd,IN_r1_avg,IN_r1_sd,IN_kr_avg,IN_kr_sd,IN_sk_avg,IN_sk_sd
46,0.4981344682,0.3015407728,0.0003246168,0.0002524809,0.4253812254,0.3241844881,2.3462389739,0.5464071140,0.0666259499,0.4956470896,-0.0000091424,0.0000265098,0.0000258845,0.0000176645,-0.0943466829,0.2994831180,2.4626327388,1.1990987874,0.2067562782,0.6590134748,0.5027500000,0.0250397184,0.0462888340,0.0123811891,-0.0918172361,0.2682193148,2.6754200323,1.1773238931,0.1556512493,0.7339996546
