Instance,INF_avg,INF_sd,INF_r1,INF_kr,INF_sk,SUP_avg,SUP_sd,SUP_r1,SUP_kr,SUP_sk,INC_avg,INC_sd,INC_r1,INC_kr,INC_sk,IND_avg,IND_sd,IND_r1,IND_kr,IND_sk
250,0.2400000000,0.0268328157,-0.0422535211,3.2175925926,0.6521864934,0.2810000000,0.0441474801,-0.0819248574,3.3422560042,-1.2104118749,0.4790000000,0.0476340215,-0.4130057603,2.2301887921,0.4451081624,0.0640000000,0.0195959179,0.2207112971,2.3873697917,-0.0095683193
