Instance,FV_avg_avg,FV_avg_sd,FV_sd_avg,FV_sd_sd,FV_r1_avg,FV_r1_sd,FV_kr_avg,FV_kr_sd,FV_sk_avg,FV_sk_sd,FD_avg_avg,FD_avg_sd,FD_sd_avg,FD_sd_sd,FD_r1_avg,FD_r1_sd,FD_kr_avg,FD_kr_sd,FD_sk_avg,FD_sk_sd,IN_avg_avg,IN_avg_sd,IN_sd_avg,IN_sd_sd,IN_r1_avg,IN_r1_sd,IN_kr_avg,IN_kr_sd,IN_sk_avg,IN_sk_sd
87,0.4908989249,0.2987703072,0.0017583307,0.0012674330,0.1458609098,0.4203105781,2.0456815327,0.4840154657,0.0311905148,0.6342300431,-0.0000318935,0.0003439979,0.0001706270,0.0001349948,-0.2262061740,0.3808565617,2.2083641182,0.5197454178,-0.0585592984,0.7234920369,0.5058000000,0.0768216115,0.0345867269,0.0152989647,-0.0216460906,0.4536437346,1.8585640760,0.3828888053,-0.1250094203,0.5128579961
