Instance,FV_avg_avg,FV_avg_sd,FV_sd_avg,FV_sd_sd,FV_r1_avg,FV_r1_sd,FV_kr_avg,FV_kr_sd,FV_sk_avg,FV_sk_sd,FD_avg_avg,FD_avg_sd,FD_sd_avg,FD_sd_sd,FD_r1_avg,FD_r1_sd,FD_kr_avg,FD_kr_sd,FD_sk_avg,FD_sk_sd,IN_avg_avg,IN_avg_sd,IN_sd_avg,IN_sd_sd,IN_r1_avg,IN_r1_sd,IN_kr_avg,IN_kr_sd,IN_sk_avg,IN_sk_sd
394,0.4980602695,0.3030717217,0.0003976388,0.0002925054,0.1594023138,0.4796635011,1.8792532478,0.5063499144,-0.0370219562,0.5619134195,0.0000074541,0.0000331189,0.0000248142,0.0000127815,-0.2926642137,0.4170037283,1.9800395627,0.5136346102,-0.0627994948,0.6321696470,0.5058500000,0.0378104152,0.0298112662,0.0093374734,-0.2658485289,0.3633722815,2.0177624061,0.5273865632,0.0834994327,0.6346923275
