Instance,FV_avg_avg,FV_avg_sd,FV_sd_avg,FV_sd_sd,FV_r1_avg,FV_r1_sd,FV_kr_avg,FV_kr_sd,FV_sk_avg,FV_sk_sd,FD_avg_avg,FD_avg_sd,FD_sd_avg,FD_sd_sd,FD_r1_avg,FD_r1_sd,FD_kr_avg,FD_kr_sd,FD_sk_avg,FD_sk_sd,IN_avg_avg,IN_avg_sd,IN_sd_avg,IN_sd_sd,IN_r1_avg,IN_r1_sd,IN_kr_avg,IN_kr_sd,IN_sk_avg,IN_sk_sd
495,0.4885920772,0.2968258274,0.0030868242,0.0019426830,0.8886562547,0.0697975265,2.3213899577,0.5354494752,-0.0525682014,0.3728696708,0.0000257420,0.0000901049,0.0004287398,0.0002629120,0.0145123635,0.1238882429,2.9929744928,0.6261951795,-0.0082813999,0.3209377982,0.5046000000,0.0330278670,0.1584110600,0.0124070973,0.0125517554,0.1358037727,2.8675469343,0.5143191819,-0.0111164167,0.2932869998
