Instance,INF_avg,INF_sd,INF_r1,INF_kr,INF_sk,SUP_avg,SUP_sd,SUP_r1,SUP_kr,SUP_sk,INC_avg,INC_sd,INC_r1,INC_kr,INC_sk,IND_avg,IND_sd,IND_r1,IND_kr,IND_sk
200,0.2465000000,0.0262726093,0.5399871800,1.8103263742,0.2524446466,0.2795000000,0.0260240274,0.0369554095,2.1000581712,-0.0834904392,0.4740000000,0.0316859590,0.2378292099,2.2946084189,-0.4978200081,0.0325000000,0.0090138782,0.3523809524,2.3065088757,0.2560154752
