Instance,FV_avg_avg,FV_avg_sd,FV_sd_avg,FV_sd_sd,FV_r1_avg,FV_r1_sd,FV_kr_avg,FV_kr_sd,FV_sk_avg,FV_sk_sd,FD_avg_avg,FD_avg_sd,FD_sd_avg,FD_sd_sd,FD_r1_avg,FD_r1_sd,FD_kr_avg,FD_kr_sd,FD_sk_avg,FD_sk_sd,IN_avg_avg,IN_avg_sd,IN_sd_avg,IN_sd_sd,IN_r1_avg,IN_r1_sd,IN_kr_avg,IN_kr_sd,IN_sk_avg,IN_sk_sd
442,0.4970264104,0.3022386503,0.0004159612,0.0003373451,0.8288180035,0.1187743833,2.1971022416,0.4603877228,-0.0889574930,0.4677540878,0.0000034480,0.0000096633,0.0000264788,0.0000158735,-0.0805474235,0.1890312680,2.5517756854,0.5772457158,0.0000529575,0.3726995419,0.5006800000,0.0245370251,0.0690974186,0.0073633377,-0.1146303099,0.1724916916,2.5119896474,0.4718722468,-0.0770095465,0.3615085613
