Instance,FV_avg_avg,FV_avg_sd,FV_sd_avg,FV_sd_sd,FV_r1_avg,FV_r1_sd,FV_kr_avg,FV_kr_sd,FV_sk_avg,FV_sk_sd,FD_avg_avg,FD_avg_sd,FD_sd_avg,FD_sd_sd,FD_r1_avg,FD_r1_sd,FD_kr_avg,FD_kr_sd,FD_sk_avg,FD_sk_sd,IN_avg_avg,IN_avg_sd,IN_sd_avg,IN_sd_sd,IN_r1_avg,IN_r1_sd,IN_kr_avg,IN_kr_sd,IN_sk_avg,IN_sk_sd
392,0.4980761544,0.3020715787,0.0009391738,0.0006924800,0.9542788365,0.0448001481,2.5380877966,0.7328318733,-0.0532968077,0.6405057616,-0.0000032258,0.0000108551,0.0000531559,0.0000323247,0.0352802044,0.0931601495,3.0832574465,0.5740141209,0.0006201325,0.2186203385,0.4955000000,0.0177714659,0.1134172664,0.0076124037,0.0589897162,0.0771281995,3.0329359396,0.6986846214,0.0892468519,0.2390370152
