Instance,INF_avg,INF_sd,INF_r1,INF_kr,INF_sk,SUP_avg,SUP_sd,SUP_r1,SUP_kr,SUP_sk,INC_avg,INC_sd,INC_r1,INC_kr,INC_sk,IND_avg,IND_sd,IND_r1,IND_kr,IND_sk
212,0.2960000000,0.0496386946,0.3520782396,1.7794737730,-0.1632576395,0.3000000000,0.0551361950,-0.2368421053,2.5000000000,-0.8591166120,0.4040000000,0.0915641851,0.0969455511,1.4246401725,-0.1290547595,0.1080000000,0.0299332591,0.1485507246,2.1339285714,0.7301958931
