Instance,FV_avg_avg,FV_avg_sd,FV_sd_avg,FV_sd_sd,FV_r1_avg,FV_r1_sd,FV_kr_avg,FV_kr_sd,FV_sk_avg,FV_sk_sd,FD_avg_avg,FD_avg_sd,FD_sd_avg,FD_sd_sd,FD_r1_avg,FD_r1_sd,FD_kr_avg,FD_kr_sd,FD_sk_avg,FD_sk_sd,IN_avg_avg,IN_avg_sd,IN_sd_avg,IN_sd_sd,IN_r1_avg,IN_r1_sd,IN_kr_avg,IN_kr_sd,IN_sk_avg,IN_sk_sd
256,0.4612303370,0.2792483544,0.0187496520,0.0115182438,0.9963901628,0.0011038219,1.9960266721,0.0914741324,0.4364284299,0.0869118024,-0.0000913637,0.0000581193,0.0000474916,0.0000289173,0.8659700168,0.0226536821,2.2673348923,0.1420110073,0.4031700942,0.1089972095,0.2401561747,0.0206755426,0.1396081445,0.0072358973,0.8250298335,0.0284340223,2.4530656837,0.2232422378,0.5593483955,0.1415630333
