Instance,INF_avg,INF_sd,INF_r1,INF_kr,INF_sk,SUP_avg,SUP_sd,SUP_r1,SUP_kr,SUP_sk,INC_avg,INC_sd,INC_r1,INC_kr,INC_sk,IND_avg,IND_sd,IND_r1,IND_kr,IND_sk
3,0.2344000000,0.0471660895,0.2584549991,2.2157751791,0.2450220486,0.2688000000,0.0579875849,0.2143511850,2.1496555853,-0.1453076089,0.4968000000,0.0626558856,0.3093931685,2.6951044646,0.4994067587,0.1112000000,0.0305050815,0.1520225937,3.0137428599,0.4948867679
