Instance,INF_avg,INF_sd,INF_r1,INF_kr,INF_sk,SUP_avg,SUP_sd,SUP_r1,SUP_kr,SUP_sk,INC_avg,INC_sd,INC_r1,INC_kr,INC_sk,IND_avg,IND_sd,IND_r1,IND_kr,IND_sk
201,0.3155000000,0.0300374766,0.5210555378,2.3127318399,-0.4562878516,0.2475000000,0.0257147817,-0.4331020813,2.6666035356,-1.0740183497,0.4370000000,0.0352987252,0.2305838888,1.7431073174,-0.4316290454,0.0295000000,0.0147394030,0.6632900556,1.5962384180,0.0744815500
