Instance,FV_avg_avg,FV_avg_sd,FV_sd_avg,FV_sd_sd,FV_r1_avg,FV_r1_sd,FV_kr_avg,FV_kr_sd,FV_sk_avg,FV_sk_sd,FD_avg_avg,FD_avg_sd,FD_sd_avg,FD_sd_sd,FD_r1_avg,FD_r1_sd,FD_kr_avg,FD_kr_sd,FD_sk_avg,FD_sk_sd,IN_avg_avg,IN_avg_sd,IN_sd_avg,IN_sd_sd,IN_r1_avg,IN_r1_sd,IN_kr_avg,IN_kr_sd,IN_sk_avg,IN_sk_sd
125,0.4962856662,0.3020902293,0.0008574895,0.0005492504,0.9550700563,0.0344500597,2.2877654596,0.5022818318,-0.0240168438,0.3484263835,-0.0000003307,0.0000071547,0.0000240668,0.0000144762,0.0163790455,0.1368896039,2.8827691104,0.5402683208,0.0693400408,0.2184622805,0.4984300000,0.0167676206,0.0504650341,0.0030597932,0.0414819584,0.1265184527,2.6869155704,0.2958481048,0.0275673706,0.1300460474
