Instance,INF_avg,INF_sd,INF_r1,INF_kr,INF_sk,SUP_avg,SUP_sd,SUP_r1,SUP_kr,SUP_sk,INC_avg,INC_sd,INC_r1,INC_kr,INC_sk,IND_avg,IND_sd,IND_r1,IND_kr,IND_sk
356,0.3076923077,0.0981485410,-0.0265616018,2.5518339984,-0.0077989011,0.1776923077,0.0894559493,-0.0063715712,5.1289725296,1.1047908470,0.5146153846,0.1101478297,-0.0417709565,3.0320215395,-0.2003778983,0.2353846154,0.0753060815,0.0690675820,2.2622843599,0.2608271559
