Instance,FV_avg_avg,FV_avg_sd,FV_sd_avg,FV_sd_sd,FV_r1_avg,FV_r1_sd,FV_kr_avg,FV_kr_sd,FV_sk_avg,FV_sk_sd,FD_avg_avg,FD_avg_sd,FD_sd_avg,FD_sd_sd,FD_r1_avg,FD_r1_sd,FD_kr_avg,FD_kr_sd,FD_sk_avg,FD_sk_sd,IN_avg_avg,IN_avg_sd,IN_sd_avg,IN_sd_sd,IN_r1_avg,IN_r1_sd,IN_kr_avg,IN_kr_sd,IN_sk_avg,IN_sk_sd
501,0.4123650869,0.2506691637,0.0315593235,0.0185681717,0.6179570551,0.3742219050,2.2409296596,0.5171623623,0.6848070850,0.2915425542,-0.0130592992,0.0079449519,0.0064872346,0.0036754864,0.6288950015,0.3778467726,2.1428843424,0.4915971698,0.6092674586,0.3098797107,0.1594082362,0.0471331807,0.1721215330,0.0466003732,0.5457891040,0.3650827068,2.5412099452,0.6984628277,0.9028686648,0.3627665182
