Instance,FV_avg_avg,FV_avg_sd,FV_sd_avg,FV_sd_sd,FV_r1_avg,FV_r1_sd,FV_kr_avg,FV_kr_sd,FV_sk_avg,FV_sk_sd,FD_avg_avg,FD_avg_sd,FD_sd_avg,FD_sd_sd,FD_r1_avg,FD_r1_sd,FD_kr_avg,FD_kr_sd,FD_sk_avg,FD_sk_sd,IN_avg_avg,IN_avg_sd,IN_sd_avg,IN_sd_sd,IN_r1_avg,IN_r1_sd,IN_kr_avg,IN_kr_sd,IN_sk_avg,IN_sk_sd
378,0.5003959357,0.3045046285,0.0001131217,0.0000918541,0.4777446803,0.3128598361,2.1169520017,0.6584486442,-0.0643995463,0.5664542680,0.0000014284,0.0000067968,0.0000118409,0.0000068688,-0.0447153384,0.2778735532,2.4724660815,0.7416596007,-0.0357139613,0.5121979150,0.5026000000,0.0217448845,0.0619764510,0.0130889084,-0.0580387458,0.3075167237,2.2534730058,0.6652839524,-0.0113027487,0.4479066717
