Instance,FV_avg_avg,FV_avg_sd,FV_sd_avg,FV_sd_sd,FV_r1_avg,FV_r1_sd,FV_kr_avg,FV_kr_sd,FV_sk_avg,FV_sk_sd,FD_avg_avg,FD_avg_sd,FD_sd_avg,FD_sd_sd,FD_r1_avg,FD_r1_sd,FD_kr_avg,FD_kr_sd,FD_sk_avg,FD_sk_sd,IN_avg_avg,IN_avg_sd,IN_sd_avg,IN_sd_sd,IN_r1_avg,IN_r1_sd,IN_kr_avg,IN_kr_sd,IN_sk_avg,IN_sk_sd
105,0.4971474798,0.3027139552,0.0008778886,0.0006054406,0.8168037120,0.1114867937,2.4998980239,0.7052637056,0.0283680248,0.5634671515,-0.0000047724,0.0000265482,0.0001009929,0.0000610591,-0.0328605054,0.1895472837,2.9072607530,0.9916473851,0.1063961881,0.4225337215,0.4875000000,0.0263808643,0.1072340059,0.0127932787,-0.0099696370,0.1933398010,2.5840499359,0.4624929730,-0.0866286523,0.4030423015
