Instance,FV_avg_avg,FV_avg_sd,FV_sd_avg,FV_sd_sd,FV_r1_avg,FV_r1_sd,FV_kr_avg,FV_kr_sd,FV_sk_avg,FV_sk_sd,FD_avg_avg,FD_avg_sd,FD_sd_avg,FD_sd_sd,FD_r1_avg,FD_r1_sd,FD_kr_avg,FD_kr_sd,FD_sk_avg,FD_sk_sd,IN_avg_avg,IN_avg_sd,IN_sd_avg,IN_sd_sd,IN_r1_avg,IN_r1_sd,IN_kr_avg,IN_kr_sd,IN_sk_avg,IN_sk_sd
135,0.4901158175,0.2981216106,0.0007095795,0.0004434369,0.6408474979,0.2865183466,2.2482850294,0.6808086164,0.0311961586,0.5291107148,-0.0000209012,0.0000667975,0.0000530900,0.0000378996,-0.0821183401,0.2846910191,2.5292481690,0.6263374755,0.0193699485,0.5735024629,0.4908500000,0.0317336966,0.0433072261,0.0107811951,-0.1024021363,0.2950733190,2.6529790120,0.8805564694,-0.1139270212,0.6722221389
