Instance,FV_avg_avg,FV_avg_sd,FV_sd_avg,FV_sd_sd,FV_r1_avg,FV_r1_sd,FV_kr_avg,FV_kr_sd,FV_sk_avg,FV_sk_sd,FD_avg_avg,FD_avg_sd,FD_sd_avg,FD_sd_sd,FD_r1_avg,FD_r1_sd,FD_kr_avg,FD_kr_sd,FD_sk_avg,FD_sk_sd,IN_avg_avg,IN_avg_sd,IN_sd_avg,IN_sd_sd,IN_r1_avg,IN_r1_sd,IN_kr_avg,IN_kr_sd,IN_sk_avg,IN_sk_sd
202,0.4639709529,0.2827992712,0.0181892410,0.0118931348,0.9689571000,0.0123375806,1.8913135867,0.1008875727,0.3150774654,0.1076878514,-0.0007100270,0.0004274571,0.0004776348,0.0003065579,0.6311579594,0.1014630167,2.5665868630,0.5378587420,0.2696227237,0.2073009877,0.2799115414,0.0344629169,0.1514620581,0.0126126822,0.5321016587,0.1329638380,2.7028512288,0.7107376981,0.3941433983,0.2823585002
