Instance,INF_avg,INF_sd,INF_r1,INF_kr,INF_sk,SUP_avg,SUP_sd,SUP_r1,SUP_kr,SUP_sk,INC_avg,INC_sd,INC_r1,INC_kr,INC_sk,IND_avg,IND_sd,IND_r1,IND_kr,IND_sk
H,0.2220000000,0.1269488086,0.0613809817,5.5525694486,1.0487749448,0.2700000000,0.1526433752,0.0327291470,2.2602184605,-0.0944724973,0.5080000000,0.1718604085,-0.1574177419,2.1816231165,0.2306162494,0.3760000000,0.1030727898,-0.0135239927,2.3045389389,0.1632370797
