Instance,INF_avg,INF_sd,INF_r1,INF_kr,INF_sk,SUP_avg,SUP_sd,SUP_r1,SUP_kr,SUP_sk,INC_avg,INC_sd,INC_r1,INC_kr,INC_sk,IND_avg,IND_sd,IND_r1,IND_kr,IND_sk
308,0.2755319149,0.1004629393,0.2262434734,3.5924981395,-0.0076872586,0.2191489362,0.1013489818,0.3474941167,2.3581012967,0.0702386010,0.5053191489,0.1247269539,0.2965551500,2.4467988878,0.1420043306,0.2329787234,0.0864652161,0.1291544031,2.3779259105,0.4830012507
