Instance,INF_avg,INF_sd,INF_r1,INF_kr,INF_sk,SUP_avg,SUP_sd,SUP_r1,SUP_kr,SUP_sk,INC_avg,INC_sd,INC_r1,INC_kr,INC_sk,IND_avg,IND_sd,IND_r1,IND_kr,IND_sk
431,0.3200000000,0.1208304597,-0.0792951542,2.8430287108,1.1427763503,0.2500000000,0.1816590212,0.2878787879,1.3980716253,0.1000876150,0.4300000000,0.1326649916,0.3561973526,1.8973398760,0.5627640721,0.2600000000,0.0969535971,-0.1453744493,1.8155273880,-0.6122692079
