Instance,INF_avg,INF_sd,INF_r1,INF_kr,INF_sk,SUP_avg,SUP_sd,SUP_r1,SUP_kr,SUP_sk,INC_avg,INC_sd,INC_r1,INC_kr,INC_sk,IND_avg,IND_sd,IND_r1,IND_kr,IND_sk
489,0.2520000000,0.1652150114,0.0872390010,5.6666568171,1.4282997126,0.2440000000,0.1551257554,0.1475226127,2.1270636459,0.2085130518,0.5040000000,0.1482700239,-0.3138804998,2.2777565899,-0.3631990267,0.3320000000,0.1047664068,-0.2098926517,2.4691285094,-0.0404064268
