Instance,INF_avg,INF_sd,INF_r1,INF_kr,INF_sk,SUP_avg,SUP_sd,SUP_r1,SUP_kr,SUP_sk,INC_avg,INC_sd,INC_r1,INC_kr,INC_sk,IND_avg,IND_sd,IND_r1,IND_kr,IND_sk
157,0.2600000000,0.0969535971,-0.1520737327,3.0377999095,1.3627927530,0.2500000000,0.1000000000,0.3157894737,2.0500000000,0.0000000000,0.4900000000,0.0860232527,-0.2059620596,1.9945215486,-0.3958703373,0.2200000000,0.0400000000,-0.5131578947,2.0781250000,-0.8437500000
