Instance,FV_avg_avg,FV_avg_sd,FV_sd_avg,FV_sd_sd,FV_r1_avg,FV_r1_sd,FV_kr_avg,FV_kr_sd,FV_sk_avg,FV_sk_sd,FD_avg_avg,FD_avg_sd,FD_sd_avg,FD_sd_sd,FD_r1_avg,FD_r1_sd,FD_kr_avg,FD_kr_sd,FD_sk_avg,FD_sk_sd,IN_avg_avg,IN_avg_sd,IN_sd_avg,IN_sd_sd,IN_r1_avg,IN_r1_sd,IN_kr_avg,IN_kr_sd,IN_sk_avg,IN_sk_sd
310,0.5011062362,0.3054056744,0.0005708573,0.0003713463,0.4828624077,0.3716398833,2.2615316982,0.6898377765,-0.0951235946,0.5974128961,0.0000119223,0.0000486406,0.0000492398,0.0000304062,-0.1070437250,0.2581157379,2.7032834059,0.8202103145,-0.0791248524,0.6893073530,0.5041500000,0.0304750308,0.0478515130,0.0090433790,-0.1009771328,0.2303994297,2.5132923795,0.7195730154,-0.1376106417,0.5846389757
