Instance,INF_avg,INF_sd,INF_r1,INF_kr,INF_sk,SUP_avg,SUP_sd,SUP_r1,SUP_kr,SUP_sk,INC_avg,INC_sd,INC_r1,INC_kr,INC_sk,IND_avg,IND_sd,IND_r1,IND_kr,IND_sk
272,0.2740000000,0.0742159013,-0.0961892228,2.9673091862,0.5659751695,0.2562000000,0.0635417973,0.1572586971,3.4092482019,0.3813743892,0.4698000000,0.0792209568,0.0602418904,3.4824125565,-0.0069479132,0.1142000000,0.0347902285,0.0083623128,2.4088157494,0.3470868409
