Instance,INF_avg,INF_sd,INF_r1,INF_kr,INF_sk,SUP_avg,SUP_sd,SUP_r1,SUP_kr,SUP_sk,INC_avg,INC_sd,INC_r1,INC_kr,INC_sk,IND_avg,IND_sd,IND_r1,IND_kr,IND_sk
465,0.2493000000,0.0291549310,-0.1893655663,2.9831066250,-0.4153072033,0.3020000000,0.0351852242,0.0895202914,2.4046419129,-0.0542019636,0.4487000000,0.0330576769,0.0983064696,4.1051690115,0.5701376547,0.0313000000,0.0098392073,0.2391724412,3.6115114930,1.0054699828
