Instance,FV_avg_avg,FV_avg_sd,FV_sd_avg,FV_sd_sd,FV_r1_avg,FV_r1_sd,FV_kr_avg,FV_kr_sd,FV_sk_avg,FV_sk_sd,FD_avg_avg,FD_avg_sd,FD_sd_avg,FD_sd_sd,FD_r1_avg,FD_r1_sd,FD_kr_avg,FD_kr_sd,FD_sk_avg,FD_sk_sd,IN_avg_avg,IN_avg_sd,IN_sd_avg,IN_sd_sd,IN_r1_avg,IN_r1_sd,IN_kr_avg,IN_kr_sd,IN_sk_avg,IN_sk_sd
298,0.4999876533,0.3040472128,0.0011279056,0.0008394731,0.5555280038,0.3894217890,2.3668234040,0.5180347544,0.0030626547,0.5777420715,0.0000474908,0.0001497882,0.0002061990,0.0001381638,-0.0079374811,0.3208483262,2.6037561061,0.6729708071,0.1065033176,0.6726609953,0.5157500000,0.0613244446,0.1034516208,0.0218291583,0.0223980016,0.2976759544,2.3858779944,0.5809197655,0.0930933078,0.4945774485
