Instance,INF_avg,INF_sd,INF_r1,INF_kr,INF_sk,SUP_avg,SUP_sd,SUP_r1,SUP_kr,SUP_sk,INC_avg,INC_sd,INC_r1,INC_kr,INC_sk,IND_avg,IND_sd,IND_r1,IND_kr,IND_sk
87,0.2780000000,0.0248193473,0.0418118467,1.3240850059,-0.0062791400,0.2660000000,0.0344093011,0.1729638959,1.4295562454,0.0459492356,0.4560000000,0.0355527777,0.0992998090,2.5890482295,-1.0318052965,0.0560000000,0.0135646600,-0.2443438914,2.3638941399,0.7500308204
