Instance,INF_avg,INF_sd,INF_r1,INF_kr,INF_sk,SUP_avg,SUP_sd,SUP_r1,SUP_kr,SUP_sk,INC_avg,INC_sd,INC_r1,INC_kr,INC_sk,IND_avg,IND_sd,IND_r1,IND_kr,IND_sk
G,0.2794000000,0.0277243575,0.0130524798,1.9742568446,-0.2553364238,0.2644000000,0.0252713276,0.1211993751,2.8583627987,-0.1750531549,0.4562000000,0.0332950447,0.1511175959,1.6965947042,0.4364034223,0.0390000000,0.0104880885,-0.0241404535,2.4973553719,0.1092148057
