Instance,FV_avg_avg,FV_avg_sd,FV_sd_avg,FV_sd_sd,FV_r1_avg,FV_r1_sd,FV_kr_avg,FV_kr_sd,FV_sk_avg,FV_sk_sd,FD_avg_avg,FD_avg_sd,FD_sd_avg,FD_sd_sd,FD_r1_avg,FD_r1_sd,FD_kr_avg,FD_kr_sd,FD_sk_avg,FD_sk_sd,IN_avg_avg,IN_avg_sd,IN_sd_avg,IN_sd_sd,IN_r1_avg,IN_r1_sd,IN_kr_avg,IN_kr_sd,IN_sk_avg,IN_sk_sd
144,0.4995249752,0.3035198264,0.0001765797,0.0001603756,0.1518948896,0.4197736566,1.9058737269,0.4518676462,-0.1022708004,0.5721221908,0.0000049960,0.0000140011,0.0000134879,0.0000086688,-0.1563868140,0.4057855911,1.9738286922,0.4245571422,-0.0175246652,0.5777950253,0.5048500000,0.0226898105,0.0312535393,0.0103496997,-0.2020276418,0.4798825282,1.9422434556,0.4929634340,-0.1772480356,0.5222853752
