Instance,INF_avg,INF_sd,INF_r1,INF_kr,INF_sk,SUP_avg,SUP_sd,SUP_r1,SUP_kr,SUP_sk,INC_avg,INC_sd,INC_r1,INC_kr,INC_sk,IND_avg,IND_sd,IND_r1,IND_kr,IND_sk
432,0.2330000000,0.0778524245,0.0827188446,2.1751400224,0.0350185984,0.2420000000,0.0934665716,-0.1264521310,2.4954489192,0.4900970640,0.5250000000,0.1110180166,-0.0153531218,2.6563573600,0.5645703889,0.2440000000,0.0645290632,0.0017486213,4.0488916941,0.5588706666
