Instance,FV_avg_avg,FV_avg_sd,FV_sd_avg,FV_sd_sd,FV_r1_avg,FV_r1_sd,FV_kr_avg,FV_kr_sd,FV_sk_avg,FV_sk_sd,FD_avg_avg,FD_avg_sd,FD_sd_avg,FD_sd_sd,FD_r1_avg,FD_r1_sd,FD_kr_avg,FD_kr_sd,FD_sk_avg,FD_sk_sd,IN_avg_avg,IN_avg_sd,IN_sd_avg,IN_sd_sd,IN_r1_avg,IN_r1_sd,IN_kr_avg,IN_kr_sd,IN_sk_avg,IN_sk_sd
128,0.4999229493,0.3038176532,0.0002698876,0.0002402326,0.7899764921,0.1308265464,2.3659885024,0.6783353329,-0.1064373363,0.5492694005,0.0000027260,0.0000061624,0.0000089530,0.0000057140,0.0120449239,0.2044626069,2.9250507465,0.9292123296,-0.2554681852,0.4118605216,0.5077100000,0.0141684826,0.0350089208,0.0043399848,-0.0265270292,0.1696169221,2.7227676523,0.5802080556,-0.0345688362,0.3084357022
