Instance,INF_avg,INF_sd,INF_r1,INF_kr,INF_sk,SUP_avg,SUP_sd,SUP_r1,SUP_kr,SUP_sk,INC_avg,INC_sd,INC_r1,INC_kr,INC_sk,IND_avg,IND_sd,IND_r1,IND_kr,IND_sk
457,0.4315555556,0.1274180443,0.7224331502,2.1948734727,-0.0380983551,0.1268888889,0.1010791158,0.9376304305,2.2523047323,0.6867380174,0.4415555556,0.0663979771,0.1012198114,2.1581287621,-0.0374252816,0.0637777778,0.0223396895,0.1478414297,2.6974915098,0.4306406998
