Instance,INF_avg,INF_sd,INF_r1,INF_kr,INF_sk,SUP_avg,SUP_sd,SUP_r1,SUP_kr,SUP_sk,INC_avg,INC_sd,INC_r1,INC_kr,INC_sk,IND_avg,IND_sd,IND_r1,IND_kr,IND_sk
155,0.2600000000,0.1280624847,-0.6209476309,3.0975609756,-0.0799914390,0.3000000000,0.1183215957,0.5384615385,1.9387755102,0.0000000000,0.4400000000,0.1428285686,-0.3142292490,3.6320645905,-1.1366979506,0.3100000000,0.0943398113,-0.4304291287,1.1535159702,-0.2000894875
