Instance,INF_avg,INF_sd,INF_r1,INF_kr,INF_sk,SUP_avg,SUP_sd,SUP_r1,SUP_kr,SUP_sk,INC_avg,INC_sd,INC_r1,INC_kr,INC_sk,IND_avg,IND_sd,IND_r1,IND_kr,IND_sk
265,0.2496000000,0.0705679814,0.1414793251,2.9962834278,0.2586551181,0.2764000000,0.0688987663,0.0247890591,2.6695654518,0.5105853150,0.4740000000,0.0626418391,0.1158118696,3.6687864533,-0.9244341762,0.1004000000,0.0369843210,0.0489288247,2.1713816279,0.1984344561
