Instance,INF_avg,INF_sd,INF_r1,INF_kr,INF_sk,SUP_avg,SUP_sd,SUP_r1,SUP_kr,SUP_sk,INC_avg,INC_sd,INC_r1,INC_kr,INC_sk,IND_avg,IND_sd,IND_r1,IND_kr,IND_sk
298,0.2308500000,0.0497697448,0.5143566121,2.6366295843,0.1599736496,0.2519000000,0.0595725608,0.7118584479,2.7449695915,0.0687598668,0.5172500000,0.0428215775,0.2758789823,2.9136409862,-0.5115170597,0.0373000000,0.0118831814,0.2820437726,3.1405530732,0.2464112486
