Instance,INF_avg,INF_sd,INF_r1,INF_kr,INF_sk,SUP_avg,SUP_sd,SUP_r1,SUP_kr,SUP_sk,INC_avg,INC_sd,INC_r1,INC_kr,INC_sk,IND_avg,IND_sd,IND_r1,IND_kr,IND_sk
31,0.2330000000,0.0276767050,-0.0936260249,1.6822699725,0.1723555960,0.3130000000,0.0128840987,-0.4868804665,2.3327768907,-0.8163607337,0.4540000000,0.0195959179,0.1436818473,1.2460123698,0.3293096562,0.0290000000,0.0086023253,-0.0593220339,2.6519357195,1.0179522960
