Instance,FV_avg_avg,FV_avg_sd,FV_sd_avg,FV_sd_sd,FV_r1_avg,FV_r1_sd,FV_kr_avg,FV_kr_sd,FV_sk_avg,FV_sk_sd,FD_avg_avg,FD_avg_sd,FD_sd_avg,FD_sd_sd,FD_r1_avg,FD_r1_sd,FD_kr_avg,FD_kr_sd,FD_sk_avg,FD_sk_sd,IN_avg_avg,IN_avg_sd,IN_sd_avg,IN_sd_sd,IN_r1_avg,IN_r1_sd,IN_kr_avg,IN_kr_sd,IN_sk_avg,IN_sk_sd
66,0.4955883732,0.3007144066,0.0005028765,0.0003908537,0.7784591637,0.1297136180,2.3703132468,0.5347119242,-0.0027680144,0.5340923988,-0.0000039378,0.0000169168,0.0000196502,0.0000123052,-0.0378362898,0.1840942142,2.5957893209,0.4855440287,-0.0676136960,0.3691837599,0.5032700000,0.0231964890,0.0333824181,0.0059660844,-0.0305336284,0.2104954625,2.4133012957,0.3484674123,-0.1535899806,0.2310664952
