Instance,INF_avg,INF_sd,INF_r1,INF_kr,INF_sk,SUP_avg,SUP_sd,SUP_r1,SUP_kr,SUP_sk,INC_avg,INC_sd,INC_r1,INC_kr,INC_sk,IND_avg,IND_sd,IND_r1,IND_kr,IND_sk
42,0.2613000000,0.0393803250,0.3894805091,3.7383907304,-0.3827135989,0.2292000000,0.0436160521,0.3544145708,2.2969179330,0.0667222725,0.5095000000,0.0412098289,0.1889434052,2.7889240899,0.1571060099,0.0475000000,0.0098107084,-0.3324572930,2.7810760668,0.2065063945
