Instance,FV_avg_avg,FV_avg_sd,FV_sd_avg,FV_sd_sd,FV_r1_avg,FV_r1_sd,FV_kr_avg,FV_kr_sd,FV_sk_avg,FV_sk_sd,FD_avg_avg,FD_avg_sd,FD_sd_avg,FD_sd_sd,FD_r1_avg,FD_r1_sd,FD_kr_avg,FD_kr_sd,FD_sk_avg,FD_sk_sd,IN_avg_avg,IN_avg_sd,IN_sd_avg,IN_sd_sd,IN_r1_avg,IN_r1_sd,IN_kr_avg,IN_kr_sd,IN_sk_avg,IN_sk_sd
263,0.4946682950,0.3001074330,0.0009357384,0.0006667461,0.8999506583,0.0774548744,2.3810290488,0.4326740492,0.0019777304,0.4370806092,-0.0000037856,0.0000345060,0.0000835515,0.0000501855,0.0674856992,0.1088946663,2.9284903483,0.6312923520,-0.1595086252,0.3870210538,0.4976500000,0.0355728478,0.1103332908,0.0115375450,0.0369879961,0.1411095015,2.5634683018,0.4138307541,-0.0606302356,0.3137500267
