Instance,INF_avg,INF_sd,INF_r1,INF_kr,INF_sk,SUP_avg,SUP_sd,SUP_r1,SUP_kr,SUP_sk,INC_avg,INC_sd,INC_r1,INC_kr,INC_sk,IND_avg,IND_sd,IND_r1,IND_kr,IND_sk
162,0.2200000000,0.1326649916,-0.2949640288,2.2169421488,-0.3700366502,0.2000000000,0.0774596669,-0.4166666667,2.9166666667,1.2909944487,0.5800000000,0.0979795897,-0.3141025641,2.4361979167,-1.0269996057,0.2200000000,0.0748331477,-0.4575645756,2.1339285714,0.7301958931
