Instance,INF_avg,INF_sd,INF_r1,INF_kr,INF_sk,SUP_avg,SUP_sd,SUP_r1,SUP_kr,SUP_sk,INC_avg,INC_sd,INC_r1,INC_kr,INC_sk,IND_avg,IND_sd,IND_r1,IND_kr,IND_sk
438,0.2360000000,0.0932952303,0.0944180523,2.5000278776,-0.2545288055,0.2800000000,0.1063014581,-0.0633727175,2.4344114653,0.1548443199,0.4840000000,0.1002197585,-0.1887780310,3.7070481280,0.3836729749,0.2370000000,0.0630951662,0.1293788748,3.2538012606,0.0197307244
