Instance,INF_avg,INF_sd,INF_r1,INF_kr,INF_sk,SUP_avg,SUP_sd,SUP_r1,SUP_kr,SUP_sk,INC_avg,INC_sd,INC_r1,INC_kr,INC_sk,IND_avg,IND_sd,IND_r1,IND_kr,IND_sk
184,0.2380000000,0.0817067929,0.0749333597,2.3483301927,0.3095726469,0.2820000000,0.0706823882,-0.0928961749,2.2662145729,0.6241794587,0.4800000000,0.0814861951,0.1773049645,4.1188851793,1.1355312432,0.1040000000,0.0355527777,0.1279069767,2.7122256049,0.6579627978
