Instance,FV_avg_avg,FV_avg_sd,FV_sd_avg,FV_sd_sd,FV_r1_avg,FV_r1_sd,FV_kr_avg,FV_kr_sd,FV_sk_avg,FV_sk_sd,FD_avg_avg,FD_avg_sd,FD_sd_avg,FD_sd_sd,FD_r1_avg,FD_r1_sd,FD_kr_avg,FD_kr_sd,FD_sk_avg,FD_sk_sd,IN_avg_avg,IN_avg_sd,IN_sd_avg,IN_sd_sd,IN_r1_avg,IN_r1_sd,IN_kr_avg,IN_kr_sd,IN_sk_avg,IN_sk_sd
376,0.4510968966,0.2734421383,0.0223534900,0.0140259916,0.9950578362,0.0020961011,1.9744451827,0.0678047525,0.4134169979,0.0745222177,-0.0001792065,0.0001125683,0.0000827874,0.0000506337,0.8685749405,0.0158645152,2.3985706276,0.2153602734,0.5295775439,0.1193760207,0.2140654084,0.0230953333,0.1323512807,0.0084316885,0.8237078133,0.0273823634,2.7179024883,0.3163470111,0.7041822472,0.1718145571
