Instance,INF_avg,INF_sd,INF_r1,INF_kr,INF_sk,SUP_avg,SUP_sd,SUP_r1,SUP_kr,SUP_sk,INC_avg,INC_sd,INC_r1,INC_kr,INC_sk,IND_avg,IND_sd,IND_r1,IND_kr,IND_sk
436,0.3204000000,0.0471894056,0.5823331220,2.3695781270,-0.1993397693,0.2036000000,0.0410004878,0.2728892039,3.1340534754,0.1067577280,0.4760000000,0.0432666153,0.3721683194,2.6888491672,0.1198590969,0.0339000000,0.0090713836,0.0611584413,2.8017298930,-0.2941951261
