Instance,FV_avg_avg,FV_avg_sd,FV_sd_avg,FV_sd_sd,FV_r1_avg,FV_r1_sd,FV_kr_avg,FV_kr_sd,FV_sk_avg,FV_sk_sd,FD_avg_avg,FD_avg_sd,FD_sd_avg,FD_sd_sd,FD_r1_avg,FD_r1_sd,FD_kr_avg,FD_kr_sd,FD_sk_avg,FD_sk_sd,IN_avg_avg,IN_avg_sd,IN_sd_avg,IN_sd_sd,IN_r1_avg,IN_r1_sd,IN_kr_avg,IN_kr_sd,IN_sk_avg,IN_sk_sd
332,0.4924722848,0.2996296203,0.0016768506,0.0010856259,0.8935325472,0.0784046419,2.4713695304,0.9239638496,-0.2019754515,0.4866555113,0.0000202894,0.0000721817,0.0002347623,0.0001456519,0.0107805773,0.1784377105,2.8313804177,0.7086423546,0.0731125831,0.3001674110,0.5087000000,0.0276353035,0.1548382120,0.0132562476,0.0100236469,0.1346170748,2.6327076053,0.4499619165,-0.0002045921,0.2636686878
