Instance,INF_avg,INF_sd,INF_r1,INF_kr,INF_sk,SUP_avg,SUP_sd,SUP_r1,SUP_kr,SUP_sk,INC_avg,INC_sd,INC_r1,INC_kr,INC_sk,IND_avg,IND_sd,IND_r1,IND_kr,IND_sk
505,0.3220000000,0.1652755275,-0.0329409379,3.3255275126,0.6570797920,0.2960000000,0.1535708306,-0.0861748463,2.1532073811,0.0671133218,0.3820000000,0.1728467529,-0.2369090332,2.6995074442,0.2089741198,0.3380000000,0.0977547953,0.1552536338,1.9887679351,0.0810837871
