Instance,FV_avg_avg,FV_avg_sd,FV_sd_avg,FV_sd_sd,FV_r1_avg,FV_r1_sd,FV_kr_avg,FV_kr_sd,FV_sk_avg,FV_sk_sd,FD_avg_avg,FD_avg_sd,FD_sd_avg,FD_sd_sd,FD_r1_avg,FD_r1_sd,FD_kr_avg,FD_kr_sd,FD_sk_avg,FD_sk_sd,IN_avg_avg,IN_avg_sd,IN_sd_avg,IN_sd_sd,IN_r1_avg,IN_r1_sd,IN_kr_avg,IN_kr_sd,IN_sk_avg,IN_sk_sd
24,0.4858604708,0.2963663851,0.0013466733,0.0009159815,0.8114538397,0.1177216476,2.1914409399,0.4384076519,-0.0649878808,0.3802872746,0.0000101120,0.0000749073,0.0000489342,0.0000306822,0.0754402156,0.1846945134,2.6105777655,0.4809231070,0.1193726912,0.2895979841,0.5023500000,0.0270545283,0.0362094522,0.0064927321,0.0122898100,0.1092632738,2.6054331484,0.4512656318,0.0174483114,0.4075101493
