Instance,INF_avg,INF_sd,INF_r1,INF_kr,INF_sk,SUP_avg,SUP_sd,SUP_r1,SUP_kr,SUP_sk,INC_avg,INC_sd,INC_r1,INC_kr,INC_sk,IND_avg,IND_sd,IND_r1,IND_kr,IND_sk
123,0.2571428571,0.0887555690,-0.2126596335,2.2000590620,0.3659031667,0.2400000000,0.0954687683,-0.0099464422,3.0090555321,-0.0334925465,0.5028571429,0.1027777471,-0.2416435784,3.1422435674,0.0810614123,0.2342857143,0.0704794079,-0.0625270480,4.0340219258,0.5677581750
