Instance,FV_avg_avg,FV_avg_sd,FV_sd_avg,FV_sd_sd,FV_r1_avg,FV_r1_sd,FV_kr_avg,FV_kr_sd,FV_sk_avg,FV_sk_sd,FD_avg_avg,FD_avg_sd,FD_sd_avg,FD_sd_sd,FD_r1_avg,FD_r1_sd,FD_kr_avg,FD_kr_sd,FD_sk_avg,FD_sk_sd,IN_avg_avg,IN_avg_sd,IN_sd_avg,IN_sd_sd,IN_r1_avg,IN_r1_sd,IN_kr_avg,IN_kr_sd,IN_sk_avg,IN_sk_sd
53,0.4971724646,0.3023919796,0.0004492311,0.0003211931,0.9462823052,0.0398250486,2.3303412387,0.4907877754,0.1350208547,0.3763993150,-0.0000009879,0.0000071601,0.0000131373,0.0000080402,0.0727865380,0.1190290352,2.8211853468,0.2185506793,-0.0331872117,0.1578612476,0.5015650000,0.0195250423,0.0521479315,0.0036560548,0.0322123404,0.1132731318,2.9090569700,0.3897093535,0.0163769668,0.1886763012
