Instance,FV_avg_avg,FV_avg_sd,FV_sd_avg,FV_sd_sd,FV_r1_avg,FV_r1_sd,FV_kr_avg,FV_kr_sd,FV_sk_avg,FV_sk_sd,FD_avg_avg,FD_avg_sd,FD_sd_avg,FD_sd_sd,FD_r1_avg,FD_r1_sd,FD_kr_avg,FD_kr_sd,FD_sk_avg,FD_sk_sd,IN_avg_avg,IN_avg_sd,IN_sd_avg,IN_sd_sd,IN_r1_avg,IN_r1_sd,IN_kr_avg,IN_kr_sd,IN_sk_avg,IN_sk_sd
291,0.4953062348,0.3018016421,0.0003104172,0.0002561468,0.1215936084,0.3384946492,1.9836228382,0.5278456109,0.1852075355,0.5389583371,0.0000117730,0.0000643797,0.0000635614,0.0000365165,-0.3059179526,0.4945627621,2.1268397860,0.6063577276,0.3674565898,0.6560943410,0.4975000000,0.0554864848,0.0818799632,0.0242006534,-0.2185315243,0.4469141882,2.0162513640,0.4723510611,0.1570695850,0.5224287000
