Instance,INF_avg,INF_sd,INF_r1,INF_kr,INF_sk,SUP_avg,SUP_sd,SUP_r1,SUP_kr,SUP_sk,INC_avg,INC_sd,INC_r1,INC_kr,INC_sk,IND_avg,IND_sd,IND_r1,IND_kr,IND_sk
145,0.3058571429,0.0860065256,0.4294377990,2.2401233446,0.1628298546,0.1472857143,0.0883567675,0.6930121387,2.1397416227,0.4417124339,0.5468571429,0.0749770033,0.1498337352,2.7650176900,0.1958506790,0.1297142857,0.0409519380,0.0662509721,2.7495156282,0.3849435792
