Instance,FV_avg_avg,FV_avg_sd,FV_sd_avg,FV_sd_sd,FV_r1_avg,FV_r1_sd,FV_kr_avg,FV_kr_sd,FV_sk_avg,FV_sk_sd,FD_avg_avg,FD_avg_sd,FD_sd_avg,FD_sd_sd,FD_r1_avg,FD_r1_sd,FD_kr_avg,FD_kr_sd,FD_sk_avg,FD_sk_sd,IN_avg_avg,IN_avg_sd,IN_sd_avg,IN_sd_sd,IN_r1_avg,IN_r1_sd,IN_kr_avg,IN_kr_sd,IN_sk_avg,IN_sk_sd
379,0.4976339408,0.3024294063,0.0003487390,0.0002779955,0.7554759546,0.1525582532,2.3701160384,0.6185427203,0.1812918052,0.5031723646,0.0000008426,0.0000094830,0.0000192881,0.0000117343,-0.0954278727,0.2110948375,2.4688995633,0.4406338075,-0.0174797026,0.3060653451,0.4987400000,0.0178142752,0.0488270605,0.0068979826,-0.1029685869,0.1844393913,2.5747454194,0.4279073931,-0.0029996678,0.3679746057
