Instance,FV_avg_avg,FV_avg_sd,FV_sd_avg,FV_sd_sd,FV_r1_avg,FV_r1_sd,FV_kr_avg,FV_kr_sd,FV_sk_avg,FV_sk_sd,FD_avg_avg,FD_avg_sd,FD_sd_avg,FD_sd_sd,FD_r1_avg,FD_r1_sd,FD_kr_avg,FD_kr_sd,FD_sk_avg,FD_sk_sd,IN_avg_avg,IN_avg_sd,IN_sd_avg,IN_sd_sd,IN_r1_avg,IN_r1_sd,IN_kr_avg,IN_kr_sd,IN_sk_avg,IN_sk_sd
166,0.4920832903,0.2980005997,0.0026811446,0.0017789472,0.9402542133,0.0497098292,2.3149261539,0.5639609350,0.1897237601,0.3041253697,0.0000021859,0.0000464859,0.0000918212,0.0000568664,0.1727897467,0.1495373110,2.8477169226,0.2912797242,0.1206302194,0.2040735429,0.5072950000,0.0223870604,0.0542270251,0.0046671454,0.1363015290,0.1507310818,2.9255537059,0.5011783535,0.1036386108,0.3275382646
