Instance,FV_avg_avg,FV_avg_sd,FV_sd_avg,FV_sd_sd,FV_r1_avg,FV_r1_sd,FV_kr_avg,FV_kr_sd,FV_sk_avg,FV_sk_sd,FD_avg_avg,FD_avg_sd,FD_sd_avg,FD_sd_sd,FD_r1_avg,FD_r1_sd,FD_kr_avg,FD_kr_sd,FD_sk_avg,FD_sk_sd,IN_avg_avg,IN_avg_sd,IN_sd_avg,IN_sd_sd,IN_r1_avg,IN_r1_sd,IN_kr_avg,IN_kr_sd,IN_sk_avg,IN_sk_sd
396,0.4608561228,0.2789229158,0.0187101183,0.0114460282,0.9958031921,0.0017171216,1.9780773409,0.1195998597,0.4359295768,0.0987043806,-0.0001013756,0.0000642658,0.0000524549,0.0000320538,0.8546955233,0.0192726853,2.2315194803,0.1434303552,0.3512365826,0.1357486124,0.2465707870,0.0202426418,0.1355007488,0.0066122648,0.8060912644,0.0265586706,2.3486883702,0.1438533848,0.4601850846,0.1179877114
