Instance,FV_avg_avg,FV_avg_sd,FV_sd_avg,FV_sd_sd,FV_r1_avg,FV_r1_sd,FV_kr_avg,FV_kr_sd,FV_sk_avg,FV_sk_sd,FD_avg_avg,FD_avg_sd,FD_sd_avg,FD_sd_sd,FD_r1_avg,FD_r1_sd,FD_kr_avg,FD_kr_sd,FD_sk_avg,FD_sk_sd,IN_avg_avg,IN_avg_sd,IN_sd_avg,IN_sd_sd,IN_r1_avg,IN_r1_sd,IN_kr_avg,IN_kr_sd,IN_sk_avg,IN_sk_sd
29,0.4761259286,0.2888956370,0.0117534867,0.0075388057,0.9946166410,0.0014239852,1.9145228074,0.0559702420,0.3208260263,0.0789888959,-0.0000801012,0.0000512544,0.0000552426,0.0000339505,0.5203228950,0.1027162896,2.9115390536,0.5415123449,0.2398983219,0.2319944108,0.3155969080,0.0328589856,0.1368960277,0.0072616578,0.4197502186,0.1143943523,2.9614768421,0.3759319204,0.3575793183,0.2201747182
