Instance,INF_avg,INF_sd,INF_r1,INF_kr,INF_sk,SUP_avg,SUP_sd,SUP_r1,SUP_kr,SUP_sk,INC_avg,INC_sd,INC_r1,INC_kr,INC_sk,IND_avg,IND_sd,IND_r1,IND_kr,IND_sk
314,0.2550000000,0.0488364618,-0.3608465608,2.1754809277,-0.6284612516,0.2650000000,0.0581807528,-0.2445447705,2.9596752551,-0.4143355041,0.4800000000,0.0634034699,0.3890274314,2.2725922626,0.1294717029,0.0750000000,0.0272946881,-0.6958525346,2.0550876087,-0.0000000000
