Instance,FV_avg_avg,FV_avg_sd,FV_sd_avg,FV_sd_sd,FV_r1_avg,FV_r1_sd,FV_kr_avg,FV_kr_sd,FV_sk_avg,FV_sk_sd,FD_avg_avg,FD_avg_sd,FD_sd_avg,FD_sd_sd,FD_r1_avg,FD_r1_sd,FD_kr_avg,FD_kr_sd,FD_sk_avg,FD_sk_sd,IN_avg_avg,IN_avg_sd,IN_sd_avg,IN_sd_sd,IN_r1_avg,IN_r1_sd,IN_kr_avg,IN_kr_sd,IN_sk_avg,IN_sk_sd
180,0.5000612401,0.3023886706,0.0012481868,0.0008097806,0.9155289890,0.0575926126,2.5398783675,0.6481568016,-0.0631632015,0.4204896268,-0.0000039105,0.0000307936,0.0001350329,0.0000822778,-0.0020434809,0.1155319325,2.9234184009,0.3274978029,-0.0326803869,0.1844615080,0.4983000000,0.0227883742,0.1577471153,0.0079779449,-0.0248035018,0.0795295417,2.7704849308,0.4137850237,0.0117729629,0.1929712127
