Instance,FV_avg_avg,FV_avg_sd,FV_sd_avg,FV_sd_sd,FV_r1_avg,FV_r1_sd,FV_kr_avg,FV_kr_sd,FV_sk_avg,FV_sk_sd,FD_avg_avg,FD_avg_sd,FD_sd_avg,FD_sd_sd,FD_r1_avg,FD_r1_sd,FD_kr_avg,FD_kr_sd,FD_sk_avg,FD_sk_sd,IN_avg_avg,IN_avg_sd,IN_sd_avg,IN_sd_sd,IN_r1_avg,IN_r1_sd,IN_kr_avg,IN_kr_sd,IN_sk_avg,IN_sk_sd
447,0.5002733184,0.3042000257,0.0001389645,0.0000773986,0.1780564870,0.5038075283,2.0583671360,0.5156211357,-0.0243243985,0.6788313619,-0.0000090351,0.0000272005,0.0000538464,0.0000336985,-0.3566195517,0.4213717536,1.9075375873,0.5215714970,-0.0324947300,0.5880998555,0.4700000000,0.0697137002,0.1322898382,0.0365977964,-0.3033470936,0.2959748373,1.9125073582,0.6151372564,-0.0085840074,0.6270642856
