Instance,FV_avg_avg,FV_avg_sd,FV_sd_avg,FV_sd_sd,FV_r1_avg,FV_r1_sd,FV_kr_avg,FV_kr_sd,FV_sk_avg,FV_sk_sd,FD_avg_avg,FD_avg_sd,FD_sd_avg,FD_sd_sd,FD_r1_avg,FD_r1_sd,FD_kr_avg,FD_kr_sd,FD_sk_avg,FD_sk_sd,IN_avg_avg,IN_avg_sd,IN_sd_avg,IN_sd_sd,IN_r1_avg,IN_r1_sd,IN_kr_avg,IN_kr_sd,IN_sk_avg,IN_sk_sd
8,0.4978307231,0.3018439056,0.0004374345,0.0003182663,0.8134935971,0.1231805087,2.5753181630,0.6960977773,0.1094405018,0.4513281462,-0.0000042906,0.0000190017,0.0000501697,0.0000309186,-0.0834293638,0.1693859301,2.7701323651,0.7688832153,-0.0309862839,0.3778197313,0.4894000000,0.0399154106,0.1080029234,0.0197425564,-0.0760193288,0.1495232539,2.7578580581,0.7538936134,-0.0779388925,0.4084309381
