Instance,INF_avg,INF_sd,INF_r1,INF_kr,INF_sk,SUP_avg,SUP_sd,SUP_r1,SUP_kr,SUP_sk,INC_avg,INC_sd,INC_r1,INC_kr,INC_sk,IND_avg,IND_sd,IND_r1,IND_kr,IND_sk
442,0.2420000000,0.1031309847,-0.1533178878,2.2103657549,0.3243464546,0.2530000000,0.0879829529,0.1228161492,2.4194893617,-0.0032243096,0.5050000000,0.1175797602,0.1754919565,1.8419372877,-0.0922770175,0.2270000000,0.0743034320,0.2179625251,2.2596758795,0.3062092736
