Instance,FV_avg_avg,FV_avg_sd,FV_sd_avg,FV_sd_sd,FV_r1_avg,FV_r1_sd,FV_kr_avg,FV_kr_sd,FV_sk_avg,FV_sk_sd,FD_avg_avg,FD_avg_sd,FD_sd_avg,FD_sd_sd,FD_r1_avg,FD_r1_sd,FD_kr_avg,FD_kr_sd,FD_sk_avg,FD_sk_sd,IN_avg_avg,IN_avg_sd,IN_sd_avg,IN_sd_sd,IN_r1_avg,IN_r1_sd,IN_kr_avg,IN_kr_sd,IN_sk_avg,IN_sk_sd
80,0.4989730167,0.3027649043,0.0003979559,0.0002761330,-0.0027657589,0.3665757531,2.0732226603,0.5139609803,0.0995808653,0.6136033522,0.0000060257,0.0000449036,0.0000457092,0.0000293421,-0.1352148573,0.3978113334,2.1122712420,0.5402755894,0.0502239823,0.7160855156,0.5069000000,0.0317394077,0.0490867582,0.0163245266,-0.0274644385,0.4558532663,1.9221646051,0.4512862005,-0.1153391659,0.5135356138
