Instance,FV_avg_avg,FV_avg_sd,FV_sd_avg,FV_sd_sd,FV_r1_avg,FV_r1_sd,FV_kr_avg,FV_kr_sd,FV_sk_avg,FV_sk_sd,FD_avg_avg,FD_avg_sd,FD_sd_avg,FD_sd_sd,FD_r1_avg,FD_r1_sd,FD_kr_avg,FD_kr_sd,FD_sk_avg,FD_sk_sd,IN_avg_avg,IN_avg_sd,IN_sd_avg,IN_sd_sd,IN_r1_avg,IN_r1_sd,IN_kr_avg,IN_kr_sd,IN_sk_avg,IN_sk_sd
303,0.4949422791,0.3008786670,0.0022128765,0.0017518020,0.9248114900,0.0565053426,2.4245178409,0.5110721331,0.0652195600,0.4004326925,0.0000022399,0.0000518726,0.0000740734,0.0000478714,0.1253397720,0.1352132592,3.0357108749,0.4613739940,0.0615663123,0.2521714011,0.5019450000,0.0289049905,0.0527787436,0.0042394249,0.0702828537,0.1170810931,2.9828713162,0.5971162258,0.0679496600,0.2260724555
