Instance,INF_avg,INF_sd,INF_r1,INF_kr,INF_sk,SUP_avg,SUP_sd,SUP_r1,SUP_kr,SUP_sk,INC_avg,INC_sd,INC_r1,INC_kr,INC_sk,IND_avg,IND_sd,IND_r1,IND_kr,IND_sk
452,0.3020408163,0.0941986523,-0.0786033691,3.8364435608,0.6735708188,0.1632653061,0.0855805565,-0.1920355036,2.1502178096,0.2679248130,0.5346938776,0.0887579152,-0.2728821715,3.1910383969,0.3364080204,0.2367346939,0.0690869832,-0.1702112626,2.8013252332,0.3432842922
