Instance,FV_avg_avg,FV_avg_sd,FV_sd_avg,FV_sd_sd,FV_r1_avg,FV_r1_sd,FV_kr_avg,FV_kr_sd,FV_sk_avg,FV_sk_sd,FD_avg_avg,FD_avg_sd,FD_sd_avg,FD_sd_sd,FD_r1_avg,FD_r1_sd,FD_kr_avg,FD_kr_sd,FD_sk_avg,FD_sk_sd,IN_avg_avg,IN_avg_sd,IN_sd_avg,IN_sd_sd,IN_r1_avg,IN_r1_sd,IN_kr_avg,IN_kr_sd,IN_sk_avg,IN_sk_sd
473,0.4996122570,0.3035179461,0.0015204728,0.0009253674,0.9466907014,0.0392842733,2.2196602565,0.5889239283,-0.0164011799,0.3742720499,0.0000067412,0.0000280493,0.0000492880,0.0000298860,0.0798867044,0.1091203220,3.0090548916,0.4477616655,0.0736237975,0.2292870374,0.5046700000,0.0228178461,0.0517235866,0.0037023762,0.0723628081,0.1142939911,3.1172870493,0.3854678557,0.0078965038,0.3110956155
