Instance,FV_avg_avg,FV_avg_sd,FV_sd_avg,FV_sd_sd,FV_r1_avg,FV_r1_sd,FV_kr_avg,FV_kr_sd,FV_sk_avg,FV_sk_sd,FD_avg_avg,FD_avg_sd,FD_sd_avg,FD_sd_sd,FD_r1_avg,FD_r1_sd,FD_kr_avg,FD_kr_sd,FD_sk_avg,FD_sk_sd,IN_avg_avg,IN_avg_sd,IN_sd_avg,IN_sd_sd,IN_r1_avg,IN_r1_sd,IN_kr_avg,IN_kr_sd,IN_sk_avg,IN_sk_sd
321,0.5018320232,0.3046310405,0.0001477765,0.0001365438,0.0874257527,0.4653499195,1.7720380302,0.3045167099,0.0102879068,0.2949367421,-0.0000027983,0.0000468953,0.0000554781,0.0000431550,-0.2382828946,0.4348471392,2.0496159563,0.5254508138,-0.0336062666,0.6669575080,0.4870000000,0.0721872565,0.1450988698,0.0535380050,-0.4389889339,0.3485333401,2.2295809567,0.5163208223,0.1258917436,0.7369088407
