Instance,INF_avg,INF_sd,INF_r1,INF_kr,INF_sk,SUP_avg,SUP_sd,SUP_r1,SUP_kr,SUP_sk,INC_avg,INC_sd,INC_r1,INC_kr,INC_sk,IND_avg,IND_sd,IND_r1,IND_kr,IND_sk
344,0.2450000000,0.0364965752,0.1105162524,2.1509685361,-0.0308556658,0.2564000000,0.0386916012,0.2565535782,3.4876531189,-0.0629338931,0.4986000000,0.0455964911,0.2838673355,2.7513279407,-0.3663123735,0.0406000000,0.0106602064,0.0580365342,2.7518750741,0.1776683233
