Instance,FV_avg_avg,FV_avg_sd,FV_sd_avg,FV_sd_sd,FV_r1_avg,FV_r1_sd,FV_kr_avg,FV_kr_sd,FV_sk_avg,FV_sk_sd,FD_avg_avg,FD_avg_sd,FD_sd_avg,FD_sd_sd,FD_r1_avg,FD_r1_sd,FD_kr_avg,FD_kr_sd,FD_sk_avg,FD_sk_sd,IN_avg_avg,IN_avg_sd,IN_sd_avg,IN_sd_sd,IN_r1_avg,IN_r1_sd,IN_kr_avg,IN_kr_sd,IN_sk_avg,IN_sk_sd
106,0.4979740882,0.3034829076,0.0002286985,0.0001716353,0.2727132319,0.3960068618,1.8052975976,0.3622047053,0.2130202788,0.4084534115,0.0000046475,0.0000293526,0.0000241853,0.0000177431,-0.2760004499,0.2895017810,2.0278752949,0.4828876611,-0.1322806696,0.6072156066,0.5003000000,0.0341776243,0.0397833238,0.0144943832,-0.2980721616,0.3481307025,2.1165023288,0.4006994737,-0.0447724487,0.5630289819
