Instance,INF_avg,INF_sd,INF_r1,INF_kr,INF_sk,SUP_avg,SUP_sd,SUP_r1,SUP_kr,SUP_sk,INC_avg,INC_sd,INC_r1,INC_kr,INC_sk,IND_avg,IND_sd,IND_r1,IND_kr,IND_sk
34,0.4964925373,0.1119918538,0.7554618398,2.5581120396,-0.5913780615,0.1113432836,0.0726244793,0.8285183507,3.1617781084,0.9695604073,0.3921641791,0.0611257810,0.2077046778,2.4937004308,0.2816955358,0.0627611940,0.0181367850,0.0232782046,2.8903701724,0.2239723001
