Instance,INF_avg,INF_sd,INF_r1,INF_kr,INF_sk,SUP_avg,SUP_sd,SUP_r1,SUP_kr,SUP_sk,INC_avg,INC_sd,INC_r1,INC_kr,INC_sk,IND_avg,IND_sd,IND_r1,IND_kr,IND_sk
310,0.2254000000,0.0301635542,0.0370822217,2.7460875662,0.4404651079,0.2406000000,0.0266578319,0.2455462180,2.9745959928,-0.0936632499,0.5340000000,0.0292916370,-0.1710889606,1.7506235024,-0.1241434076,0.0376000000,0.0098101988,-0.2502916375,3.1456655535,-0.2046829117
