Instance,INF_avg,INF_sd,INF_r1,INF_kr,INF_sk,SUP_avg,SUP_sd,SUP_r1,SUP_kr,SUP_sk,INC_avg,INC_sd,INC_r1,INC_kr,INC_sk,IND_avg,IND_sd,IND_r1,IND_kr,IND_sk
66,0.2600000000,0.1743559577,0.0161725067,3.0422437673,1.3040473294,0.2000000000,0.0632455532,-1.0000000000,2.5000000000,-0.0000000000,0.5400000000,0.1743559577,-0.0284810127,3.0422437673,-1.3040473294,0.3400000000,0.0800000000,-0.5131578947,2.0781250000,-0.8437500000
