Instance,INF_avg,INF_sd,INF_r1,INF_kr,INF_sk,SUP_avg,SUP_sd,SUP_r1,SUP_kr,SUP_sk,INC_avg,INC_sd,INC_r1,INC_kr,INC_sk,IND_avg,IND_sd,IND_r1,IND_kr,IND_sk
134,0.1700000000,0.0600000000,-0.4044943820,2.5555555556,-0.1111111111,0.3300000000,0.1486606875,-0.1858246252,2.3694641797,0.3679915873,0.5000000000,0.1565247584,-0.3608247423,2.3885880883,-0.1760170128,0.2400000000,0.0700000000,-0.3502109705,2.4144106622,-0.2973760933
