Instance,INF_avg,INF_sd,INF_r1,INF_kr,INF_sk,SUP_avg,SUP_sd,SUP_r1,SUP_kr,SUP_sk,INC_avg,INC_sd,INC_r1,INC_kr,INC_sk,IND_avg,IND_sd,IND_r1,IND_kr,IND_sk
122,0.2800000000,0.2227105745,0.0259740260,1.2989073881,0.4692912730,0.2800000000,0.1166190379,-0.0946745562,2.6660899654,1.1500493357,0.4400000000,0.1854723699,-0.4207650273,1.5091941590,0.1579875514,0.2800000000,0.0400000000,-0.0526315789,3.2500000000,-1.5000000000
