Instance,FV_avg_avg,FV_avg_sd,FV_sd_avg,FV_sd_sd,FV_r1_avg,FV_r1_sd,FV_kr_avg,FV_kr_sd,FV_sk_avg,FV_sk_sd,FD_avg_avg,FD_avg_sd,FD_sd_avg,FD_sd_sd,FD_r1_avg,FD_r1_sd,FD_kr_avg,FD_kr_sd,FD_sk_avg,FD_sk_sd,IN_avg_avg,IN_avg_sd,IN_sd_avg,IN_sd_sd,IN_r1_avg,IN_r1_sd,IN_kr_avg,IN_kr_sd,IN_sk_avg,IN_sk_sd
414,0.5010934665,0.3042897692,0.0005927197,0.0004333888,0.8994398568,0.0619851209,2.5500326629,0.5309359074,-0.0698155409,0.5330006319,-0.0000015596,0.0000184064,0.0000506507,0.0000307871,0.0124761841,0.1312738844,2.9299659677,0.4693162406,0.0303343550,0.2947571789,0.4965500000,0.0205656874,0.1090677727,0.0131099568,-0.0380689776,0.1172823310,2.9452230425,0.7372405682,0.0114950956,0.3175296949
