Instance,FV_avg_avg,FV_avg_sd,FV_sd_avg,FV_sd_sd,FV_r1_avg,FV_r1_sd,FV_kr_avg,FV_kr_sd,FV_sk_avg,FV_sk_sd,FD_avg_avg,FD_avg_sd,FD_sd_avg,FD_sd_sd,FD_r1_avg,FD_r1_sd,FD_kr_avg,FD_kr_sd,FD_sk_avg,FD_sk_sd,IN_avg_avg,IN_avg_sd,IN_sd_avg,IN_sd_sd,IN_r1_avg,IN_r1_sd,IN_kr_avg,IN_kr_sd,IN_sk_avg,IN_sk_sd
110,0.5010441575,0.3045729076,0.0001107935,0.0000887611,0.4223056182,0.3088005184,2.3149394800,0.7871018613,0.0673920571,0.6858796692,0.0000017868,0.0000080083,0.0000063980,0.0000042262,-0.2167701170,0.2632232273,2.5720208693,0.9122393092,0.1647903474,0.7702441305,0.5083750000,0.0233430263,0.0338420213,0.0078775058,-0.2194181334,0.2877667586,2.2626264830,0.4422575974,0.0201567561,0.5075807554
