Instance,FV_avg_avg,FV_avg_sd,FV_sd_avg,FV_sd_sd,FV_r1_avg,FV_r1_sd,FV_kr_avg,FV_kr_sd,FV_sk_avg,FV_sk_sd,FD_avg_avg,FD_avg_sd,FD_sd_avg,FD_sd_sd,FD_r1_avg,FD_r1_sd,FD_kr_avg,FD_kr_sd,FD_sk_avg,FD_sk_sd,IN_avg_avg,IN_avg_sd,IN_sd_avg,IN_sd_sd,IN_r1_avg,IN_r1_sd,IN_kr_avg,IN_kr_sd,IN_sk_avg,IN_sk_sd
382,0.4962732141,0.3013357322,0.0007235981,0.0004916889,0.5965781577,0.2648062606,2.1662859660,0.7546256029,0.0539898154,0.5708668547,0.0000222569,0.0000793005,0.0001495518,0.0000972582,-0.2710996013,0.2587047075,2.6081864068,0.7394488617,0.0152140167,0.6201955691,0.5180000000,0.0442266888,0.1119789976,0.0207534116,-0.3193184000,0.2992585080,2.4697701444,0.5973919838,0.2298346486,0.4655507040
