Instance,INF_avg,INF_sd,INF_r1,INF_kr,INF_sk,SUP_avg,SUP_sd,SUP_r1,SUP_kr,SUP_sk,INC_avg,INC_sd,INC_r1,INC_kr,INC_sk,IND_avg,IND_sd,IND_r1,IND_kr,IND_sk
42,0.3010000000,0.0335261092,0.4748633390,1.9689878548,0.4365854259,0.2205000000,0.0233933751,0.0609381448,2.3713686586,-0.7251587412,0.4785000000,0.0319413525,0.2390409421,3.6897770527,1.1248562206,0.0350000000,0.0083666003,-0.0370370370,1.8877551020,0.2561204163
