Instance,FV_avg_avg,FV_avg_sd,FV_sd_avg,FV_sd_sd,FV_r1_avg,FV_r1_sd,FV_kr_avg,FV_kr_sd,FV_sk_avg,FV_sk_sd,FD_avg_avg,FD_avg_sd,FD_sd_avg,FD_sd_sd,FD_r1_avg,FD_r1_sd,FD_kr_avg,FD_kr_sd,FD_sk_avg,FD_sk_sd,IN_avg_avg,IN_avg_sd,IN_sd_avg,IN_sd_sd,IN_r1_avg,IN_r1_sd,IN_kr_avg,IN_kr_sd,IN_sk_avg,IN_sk_sd
95,0.4924787654,0.2990414601,0.0007025555,0.0005808818,0.1416466427,0.4659784603,1.9106894770,0.5730306050,-0.0479111092,0.6358279409,0.0000552281,0.0001427338,0.0000772211,0.0000508652,-0.0682944083,0.3549391526,1.9866199030,0.5613539764,-0.1857417869,0.6450960155,0.5050000000,0.0785073245,0.0432991675,0.0152571982,-0.1940332718,0.4243459713,1.9225020839,0.4436117961,-0.0101434756,0.5462811741
