Instance,FV_avg_avg,FV_avg_sd,FV_sd_avg,FV_sd_sd,FV_r1_avg,FV_r1_sd,FV_kr_avg,FV_kr_sd,FV_sk_avg,FV_sk_sd,FD_avg_avg,FD_avg_sd,FD_sd_avg,FD_sd_sd,FD_r1_avg,FD_r1_sd,FD_kr_avg,FD_kr_sd,FD_sk_avg,FD_sk_sd,IN_avg_avg,IN_avg_sd,IN_sd_avg,IN_sd_sd,IN_r1_avg,IN_r1_sd,IN_kr_avg,IN_kr_sd,IN_sk_avg,IN_sk_sd
381,0.4949947838,0.3008270686,0.0003796495,0.0002430241,0.1058061382,0.4756059218,2.0479304810,0.5188258858,-0.1468661130,0.6039424441,-0.0000132694,0.0000831647,0.0000885630,0.0000652115,-0.3298806660,0.3658068806,1.9594228121,0.5407682834,0.1631179088,0.5882686914,0.4930000000,0.0517783739,0.1005475192,0.0419546944,-0.1831529288,0.3330498399,2.0205945664,0.5467423805,0.1954081672,0.6515074220
