Instance,FV_avg_avg,FV_avg_sd,FV_sd_avg,FV_sd_sd,FV_r1_avg,FV_r1_sd,FV_kr_avg,FV_kr_sd,FV_sk_avg,FV_sk_sd,FD_avg_avg,FD_avg_sd,FD_sd_avg,FD_sd_sd,FD_r1_avg,FD_r1_sd,FD_kr_avg,FD_kr_sd,FD_sk_avg,FD_sk_sd,IN_avg_avg,IN_avg_sd,IN_sd_avg,IN_sd_sd,IN_r1_avg,IN_r1_sd,IN_kr_avg,IN_kr_sd,IN_sk_avg,IN_sk_sd
190,0.4451441621,0.2960666463,0.0253789285,0.0156226704,0.9938045592,0.0032218628,2.1740192608,0.1603712989,0.5972896362,0.1566213490,-0.0002277469,0.0001372642,0.0000906996,0.0000565972,0.9671884453,0.0067792810,2.8010162595,0.1825945800,0.8939692750,0.1046885375,0.1500860239,0.0297119157,0.1320440157,0.0063776573,0.9571220480,0.0105956265,3.1157077285,0.3064728787,1.0671613251,0.1373182965
