Instance,INF_avg,INF_sd,INF_r1,INF_kr,INF_sk,SUP_avg,SUP_sd,SUP_r1,SUP_kr,SUP_sk,INC_avg,INC_sd,INC_r1,INC_kr,INC_sk,IND_avg,IND_sd,IND_r1,IND_kr,IND_sk
360,0.2614500000,0.0301520729,0.0839719899,3.2192369578,0.1696627058,0.2453500000,0.0317037458,0.0982186210,2.7671014379,0.1163712907,0.4932000000,0.0334329179,-0.0369587756,2.6431415113,-0.4167319517,0.0399500000,0.0102833603,-0.0427757999,2.7435719757,-0.0555320473
