Instance,INF_avg,INF_sd,INF_r1,INF_kr,INF_sk,SUP_avg,SUP_sd,SUP_r1,SUP_kr,SUP_sk,INC_avg,INC_sd,INC_r1,INC_kr,INC_sk,IND_avg,IND_sd,IND_r1,IND_kr,IND_sk
14,0.2140000000,0.0680000000,-0.5291317162,1.6605793752,0.3932424181,0.3060000000,0.0440908154,-0.6591591592,2.7721129909,1.1922642118,0.4800000000,0.0460434577,-0.6285714286,1.7666429334,-0.1475226485,0.0720000000,0.0172046505,-0.5868263473,1.9945215486,0.3958703373
