Instance,FV_avg_avg,FV_avg_sd,FV_sd_avg,FV_sd_sd,FV_r1_avg,FV_r1_sd,FV_kr_avg,FV_kr_sd,FV_sk_avg,FV_sk_sd,FD_avg_avg,FD_avg_sd,FD_sd_avg,FD_sd_sd,FD_r1_avg,FD_r1_sd,FD_kr_avg,FD_kr_sd,FD_sk_avg,FD_sk_sd,IN_avg_avg,IN_avg_sd,IN_sd_avg,IN_sd_sd,IN_r1_avg,IN_r1_sd,IN_kr_avg,IN_kr_sd,IN_sk_avg,IN_sk_sd
218,0.4661460420,0.2837183870,0.0166259313,0.0099323623,0.9816664367,0.0093066532,2.0756596014,0.1222415625,0.5063091812,0.1092000798,-0.0004178095,0.0002477028,0.0002078952,0.0001253304,0.8595615092,0.0374311771,2.3889216002,0.3300253821,0.4930569482,0.1810754011,0.2151735088,0.0270207299,0.1424066549,0.0117029922,0.8292595800,0.0413884970,2.4591129250,0.3608403296,0.6328394082,0.2174825465
