Instance,INF_avg,INF_sd,INF_r1,INF_kr,INF_sk,SUP_avg,SUP_sd,SUP_r1,SUP_kr,SUP_sk,INC_avg,INC_sd,INC_r1,INC_kr,INC_sk,IND_avg,IND_sd,IND_r1,IND_kr,IND_sk
361,0.2230000000,0.0928493403,-0.0896050091,2.0014032925,-0.0681063358,0.2540000000,0.0811418511,-0.1770676646,4.1314125041,0.2076378147,0.5230000000,0.1091833321,-0.0517186255,2.3446007456,-0.1476795987,0.2640000000,0.0741889480,-0.0881092142,4.0198682142,0.0638885671
