Instance,INF_avg,INF_sd,INF_r1,INF_kr,INF_sk,SUP_avg,SUP_sd,SUP_r1,SUP_kr,SUP_sk,INC_avg,INC_sd,INC_r1,INC_kr,INC_sk,IND_avg,IND_sd,IND_r1,IND_kr,IND_sk
463,0.2880000000,0.0530659966,0.1403559127,2.7054251679,-0.9241279883,0.2360000000,0.0300665928,-0.1545293073,2.5084579842,0.7841001948,0.4760000000,0.0257681975,0.3994778068,1.9843954130,0.7265891066,0.0500000000,0.0126491106,0.0000000000,1.5625000000,-0.5929270613
