Instance,INF_avg,INF_sd,INF_r1,INF_kr,INF_sk,SUP_avg,SUP_sd,SUP_r1,SUP_kr,SUP_sk,INC_avg,INC_sd,INC_r1,INC_kr,INC_sk,IND_avg,IND_sd,IND_r1,IND_kr,IND_sk
209,0.2100000000,0.1044030651,-0.1202938476,2.9675111523,-0.2003526542,0.2500000000,0.1204159458,0.5151515152,2.5980975030,0.6872729367,0.5400000000,0.1562049935,-0.1587982833,3.5170653050,0.7367368009,0.4100000000,0.0700000000,-0.4914425428,2.0395668471,-0.1399416910
