Instance,FV_avg_avg,FV_avg_sd,FV_sd_avg,FV_sd_sd,FV_r1_avg,FV_r1_sd,FV_kr_avg,FV_kr_sd,FV_sk_avg,FV_sk_sd,FD_avg_avg,FD_avg_sd,FD_sd_avg,FD_sd_sd,FD_r1_avg,FD_r1_sd,FD_kr_avg,FD_kr_sd,FD_sk_avg,FD_sk_sd,IN_avg_avg,IN_avg_sd,IN_sd_avg,IN_sd_sd,IN_r1_avg,IN_r1_sd,IN_kr_avg,IN_kr_sd,IN_sk_avg,IN_sk_sd
219,0.4974080125,0.3017575762,0.0004655629,0.0004418234,0.9350242634,0.0566820881,2.5264216298,0.7604077960,-0.1225993743,0.5189608197,0.0000007715,0.0000079392,0.0000401055,0.0000241836,0.0157052946,0.0824017670,2.9718139220,0.5049929891,-0.0593478245,0.2445439555,0.5003000000,0.0205307087,0.1583705385,0.0087847899,0.0033465669,0.0927715387,2.8364881122,0.3018347353,-0.0362869652,0.1889642778
