Instance,FV_avg_avg,FV_avg_sd,FV_sd_avg,FV_sd_sd,FV_r1_avg,FV_r1_sd,FV_kr_avg,FV_kr_sd,FV_sk_avg,FV_sk_sd,FD_avg_avg,FD_avg_sd,FD_sd_avg,FD_sd_sd,FD_r1_avg,FD_r1_sd,FD_kr_avg,FD_kr_sd,FD_sk_avg,FD_sk_sd,IN_avg_avg,IN_avg_sd,IN_sd_avg,IN_sd_sd,IN_r1_avg,IN_r1_sd,IN_kr_avg,IN_kr_sd,IN_sk_avg,IN_sk_sd
103,0.4947158261,0.3002242214,0.0009087537,0.0006022345,0.8009455151,0.1699014332,2.2245991831,0.5097655800,-0.1074683724,0.4084859554,0.0000279412,0.0000724392,0.0001152298,0.0000753301,0.1030719531,0.2337329030,2.8479012194,0.5507206999,-0.0281686912,0.4445089093,0.5057000000,0.0432725086,0.1185497609,0.0172033194,0.0243387769,0.2106502244,2.6312383059,0.4126982028,-0.0180735639,0.3963613515
