Instance,INF_avg,INF_sd,INF_r1,INF_kr,INF_sk,SUP_avg,SUP_sd,SUP_r1,SUP_kr,SUP_sk,INC_avg,INC_sd,INC_r1,INC_kr,INC_sk,IND_avg,IND_sd,IND_r1,IND_kr,IND_sk
468,0.2794000000,0.0741056003,0.2223931999,2.5635545004,0.1546220028,0.2470000000,0.0681982404,0.2018020074,2.3178558734,0.0024780099,0.4736000000,0.0665059396,-0.1542022396,3.8225375608,0.1340247562,0.1114000000,0.0325275268,-0.1026077985,3.1072779455,0.0701280905
