Instance,FV_avg_avg,FV_avg_sd,FV_sd_avg,FV_sd_sd,FV_r1_avg,FV_r1_sd,FV_kr_avg,FV_kr_sd,FV_sk_avg,FV_sk_sd,FD_avg_avg,FD_avg_sd,FD_sd_avg,FD_sd_sd,FD_r1_avg,FD_r1_sd,FD_kr_avg,FD_kr_sd,FD_sk_avg,FD_sk_sd,IN_avg_avg,IN_avg_sd,IN_sd_avg,IN_sd_sd,IN_r1_avg,IN_r1_sd,IN_kr_avg,IN_kr_sd,IN_sk_avg,IN_sk_sd
381,0.4972046290,0.3023585535,0.0005983574,0.0005446554,0.4802685730,0.3682573704,2.2234286416,0.8481027352,-0.0807793931,0.6427083778,0.0000067603,0.0000446588,0.0000287809,0.0000180592,-0.0860682372,0.2801600450,2.5308194729,1.0322245343,-0.0453399529,0.6902773736,0.5040250000,0.0343185354,0.0306422520,0.0067427660,-0.0506665614,0.3177596714,2.2922372634,0.5833222163,-0.0342946940,0.5593345582
