Instance,FV_avg_avg,FV_avg_sd,FV_sd_avg,FV_sd_sd,FV_r1_avg,FV_r1_sd,FV_kr_avg,FV_kr_sd,FV_sk_avg,FV_sk_sd,FD_avg_avg,FD_avg_sd,FD_sd_avg,FD_sd_sd,FD_r1_avg,FD_r1_sd,FD_kr_avg,FD_kr_sd,FD_sk_avg,FD_sk_sd,IN_avg_avg,IN_avg_sd,IN_sd_avg,IN_sd_sd,IN_r1_avg,IN_r1_sd,IN_kr_avg,IN_kr_sd,IN_sk_avg,IN_sk_sd
404,0.5015758916,0.3043031557,0.0002558358,0.0001984567,0.5764398613,0.4203658859,2.2154423216,0.5873004815,0.0709000798,0.4950598317,0.0000026975,0.0000182915,0.0000524061,0.0000342744,-0.1134187023,0.3215720509,2.4406024658,0.7138316365,0.0156150511,0.5725508787,0.5022500000,0.0275442825,0.1153992002,0.0288405028,-0.0814589281,0.3066387879,2.3407315434,0.5535516449,-0.2052840403,0.4912992593
