Instance,INF_avg,INF_sd,INF_r1,INF_kr,INF_sk,SUP_avg,SUP_sd,SUP_r1,SUP_kr,SUP_sk,INC_avg,INC_sd,INC_r1,INC_kr,INC_sk,IND_avg,IND_sd,IND_r1,IND_kr,IND_sk
452,0.2250000000,0.0873212460,-0.7345132743,1.5331900027,0.5632114764,0.2950000000,0.1128051417,-0.1219804352,2.8008885252,-0.6593772088,0.4800000000,0.0812403840,0.6027131783,1.8553719008,0.1007112199,0.2000000000,0.0670820393,0.0000000000,1.6666666667,0.2484519975
