Instance,INF_avg,INF_sd,INF_r1,INF_kr,INF_sk,SUP_avg,SUP_sd,SUP_r1,SUP_kr,SUP_sk,INC_avg,INC_sd,INC_r1,INC_kr,INC_sk,IND_avg,IND_sd,IND_r1,IND_kr,IND_sk
190,0.3000000000,0.0447213595,-0.9722222222,2.4020000000,0.8049844719,0.2440000000,0.0241660919,-0.2358276644,1.8297053856,0.1224403232,0.4560000000,0.0344093011,-1.0136698212,1.4295562454,0.0459492356,0.0600000000,0.0109544512,-0.8000000000,2.5000000000,0.9128709292
