Instance,FV_avg_avg,FV_avg_sd,FV_sd_avg,FV_sd_sd,FV_r1_avg,FV_r1_sd,FV_kr_avg,FV_kr_sd,FV_sk_avg,FV_sk_sd,FD_avg_avg,FD_avg_sd,FD_sd_avg,FD_sd_sd,FD_r1_avg,FD_r1_sd,FD_kr_avg,FD_kr_sd,FD_sk_avg,FD_sk_sd,IN_avg_avg,IN_avg_sd,IN_sd_avg,IN_sd_sd,IN_r1_avg,IN_r1_sd,IN_kr_avg,IN_kr_sd,IN_sk_avg,IN_sk_sd
351,0.4970443173,0.3026807902,0.0002159577,0.0002057449,0.6571144630,0.3024560927,2.0688831100,0.5555162362,0.2521966977,0.4794622205,0.0000045219,0.0000139113,0.0000352213,0.0000215257,-0.1011820721,0.3251764543,2.3953841072,0.7224451667,0.1190093417,0.4722696586,0.5057500000,0.0434532795,0.1014887317,0.0227219570,-0.1345268913,0.3320955937,2.2217000496,0.5888015737,-0.0357453663,0.4581428250
