Instance,FV_avg_avg,FV_avg_sd,FV_sd_avg,FV_sd_sd,FV_r1_avg,FV_r1_sd,FV_kr_avg,FV_kr_sd,FV_sk_avg,FV_sk_sd,FD_avg_avg,FD_avg_sd,FD_sd_avg,FD_sd_sd,FD_r1_avg,FD_r1_sd,FD_kr_avg,FD_kr_sd,FD_sk_avg,FD_sk_sd,IN_avg_avg,IN_avg_sd,IN_sd_avg,IN_sd_sd,IN_r1_avg,IN_r1_sd,IN_kr_avg,IN_kr_sd,IN_sk_avg,IN_sk_sd
172,0.4944999041,0.3016580540,0.0004700738,0.0003446360,-0.1310000715,0.3532793635,2.3100830207,0.5467845201,0.0218718001,0.8066553841,-0.0000008119,0.0000771171,0.0000426313,0.0000299199,-0.2626542969,0.3403512274,1.9693953788,0.4909198068,0.0773638315,0.6491110579,0.4994000000,0.0474872614,0.0349223908,0.0130394257,-0.2892629392,0.3860713272,1.8811679072,0.4265452354,-0.0622804006,0.4936243908
