Instance,INF_avg,INF_sd,INF_r1,INF_kr,INF_sk,SUP_avg,SUP_sd,SUP_r1,SUP_kr,SUP_sk,INC_avg,INC_sd,INC_r1,INC_kr,INC_sk,IND_avg,IND_sd,IND_r1,IND_kr,IND_sk
337,0.1200000000,0.0979795897,-0.7261904762,2.7291666667,0.8675276172,0.2400000000,0.0489897949,-0.9230769231,1.1666666667,0.4082482905,0.6400000000,0.1356465997,-0.8674698795,2.3638941399,-0.7500308204,0.3800000000,0.0979795897,0.5238095238,1.1666666667,0.4082482905
