Instance,FV_avg_avg,FV_avg_sd,FV_sd_avg,FV_sd_sd,FV_r1_avg,FV_r1_sd,FV_kr_avg,FV_kr_sd,FV_sk_avg,FV_sk_sd,FD_avg_avg,FD_avg_sd,FD_sd_avg,FD_sd_sd,FD_r1_avg,FD_r1_sd,FD_kr_avg,FD_kr_sd,FD_sk_avg,FD_sk_sd,IN_avg_avg,IN_avg_sd,IN_sd_avg,IN_sd_sd,IN_r1_avg,IN_r1_sd,IN_kr_avg,IN_kr_sd,IN_sk_avg,IN_sk_sd
165,0.4988113428,0.3039472050,0.0009862143,0.0007296731,0.8008656384,0.1098196330,2.4791447995,0.5315089398,-0.0558749155,0.5304660041,-0.0000124509,0.0000572087,0.0000769643,0.0000457282,-0.0630694797,0.2488296328,2.5388655162,0.4738887138,0.0487513443,0.3405339649,0.4861200000,0.0363109019,0.0668137735,0.0092078049,-0.0298859311,0.1445748675,2.8660098244,0.9979649560,0.0278064231,0.5162842895
