Instance,FV_avg_avg,FV_avg_sd,FV_sd_avg,FV_sd_sd,FV_r1_avg,FV_r1_sd,FV_kr_avg,FV_kr_sd,FV_sk_avg,FV_sk_sd,FD_avg_avg,FD_avg_sd,FD_sd_avg,FD_sd_sd,FD_r1_avg,FD_r1_sd,FD_kr_avg,FD_kr_sd,FD_sk_avg,FD_sk_sd,IN_avg_avg,IN_avg_sd,IN_sd_avg,IN_sd_sd,IN_r1_avg,IN_r1_sd,IN_kr_avg,IN_kr_sd,IN_sk_avg,IN_sk_sd
219,0.4983616058,0.3032797637,0.0003283576,0.0002303597,0.8870043121,0.0744813367,2.4169905436,0.6593884226,-0.1264967732,0.5015079176,0.0000026518,0.0000050632,0.0000087235,0.0000052804,-0.0165065238,0.1154918523,2.8455763068,0.5047598140,-0.0397576291,0.2881358147,0.5063900000,0.0157399460,0.0349767149,0.0026365529,-0.0279860589,0.1423228431,2.7945239551,0.5758244017,0.0443390779,0.3038445052
