Instance,FV_avg_avg,FV_avg_sd,FV_sd_avg,FV_sd_sd,FV_r1_avg,FV_r1_sd,FV_kr_avg,FV_kr_sd,FV_sk_avg,FV_sk_sd,FD_avg_avg,FD_avg_sd,FD_sd_avg,FD_sd_sd,FD_r1_avg,FD_r1_sd,FD_kr_avg,FD_kr_sd,FD_sk_avg,FD_sk_sd,IN_avg_avg,IN_avg_sd,IN_sd_avg,IN_sd_sd,IN_r1_avg,IN_r1_sd,IN_kr_avg,IN_kr_sd,IN_sk_avg,IN_sk_sd
100,0.5011237932,0.3048289841,0.0001454640,0.0001235115,0.0827776731,0.4698930074,1.8864140404,0.4943363111,0.0103846529,0.5918435241,-0.0000016749,0.0000166392,0.0000150544,0.0000106133,-0.3804097338,0.3983003057,2.0745402460,0.4823566808,0.0799090547,0.6133321906,0.4978000000,0.0320181199,0.0475114624,0.0158953118,-0.4523383457,0.3417283926,2.0732159685,0.4066487557,0.2002719477,0.5231964423
