Instance,FV_avg_avg,FV_avg_sd,FV_sd_avg,FV_sd_sd,FV_r1_avg,FV_r1_sd,FV_kr_avg,FV_kr_sd,FV_sk_avg,FV_sk_sd,FD_avg_avg,FD_avg_sd,FD_sd_avg,FD_sd_sd,FD_r1_avg,FD_r1_sd,FD_kr_avg,FD_kr_sd,FD_sk_avg,FD_sk_sd,IN_avg_avg,IN_avg_sd,IN_sd_avg,IN_sd_sd,IN_r1_avg,IN_r1_sd,IN_kr_avg,IN_kr_sd,IN_sk_avg,IN_sk_sd
341,0.4969501658,0.3013117667,0.0007086978,0.0005865345,-0.0550872287,0.4972578357,1.8609795881,0.4925763627,-0.0740194552,0.5005947827,0.0000138405,0.0001155729,0.0000953189,0.0000703592,-0.2818834537,0.3938323564,1.7527481224,0.2606143398,-0.2597560352,0.3499816906,0.5049000000,0.0387580959,0.0494686546,0.0158003864,-0.2683822479,0.3554834996,2.0949303735,0.5185192353,-0.3435666950,0.6322283188
