Instance,FV_avg_avg,FV_avg_sd,FV_sd_avg,FV_sd_sd,FV_r1_avg,FV_r1_sd,FV_kr_avg,FV_kr_sd,FV_sk_avg,FV_sk_sd,FD_avg_avg,FD_avg_sd,FD_sd_avg,FD_sd_sd,FD_r1_avg,FD_r1_sd,FD_kr_avg,FD_kr_sd,FD_sk_avg,FD_sk_sd,IN_avg_avg,IN_avg_sd,IN_sd_avg,IN_sd_sd,IN_r1_avg,IN_r1_sd,IN_kr_avg,IN_kr_sd,IN_sk_avg,IN_sk_sd
13,0.4970606546,0.3022475007,0.0002716640,0.0002370180,0.5780678519,0.3186601065,2.0302613686,0.5668853984,0.0304844203,0.4190543480,0.0000043593,0.0000276045,0.0000359755,0.0000248223,-0.1518435094,0.3730588099,2.3669407735,0.5022829083,0.1057076490,0.4160450024,0.5107500000,0.0449798566,0.1049812928,0.0374523451,-0.1730413101,0.2960517721,2.3409612978,0.7135010195,0.1341939976,0.4757936144
