Instance,INF_avg,INF_sd,INF_r1,INF_kr,INF_sk,SUP_avg,SUP_sd,SUP_r1,SUP_kr,SUP_sk,INC_avg,INC_sd,INC_r1,INC_kr,INC_sk,IND_avg,IND_sd,IND_r1,IND_kr,IND_sk
396,0.2909090909,0.1198828629,0.0300883568,3.3030515313,0.3492875799,0.1963636364,0.0943179080,-0.0345200637,2.3618020264,0.2511565229,0.5127272727,0.1301112048,-0.0163634586,2.3394432072,-0.2118457714,0.2227272727,0.0755694634,-0.2710500763,2.2508487249,0.1185577752
