Instance,FV_avg_avg,FV_avg_sd,FV_sd_avg,FV_sd_sd,FV_r1_avg,FV_r1_sd,FV_kr_avg,FV_kr_sd,FV_sk_avg,FV_sk_sd,FD_avg_avg,FD_avg_sd,FD_sd_avg,FD_sd_sd,FD_r1_avg,FD_r1_sd,FD_kr_avg,FD_kr_sd,FD_sk_avg,FD_sk_sd,IN_avg_avg,IN_avg_sd,IN_sd_avg,IN_sd_sd,IN_r1_avg,IN_r1_sd,IN_kr_avg,IN_kr_sd,IN_sk_avg,IN_sk_sd
328,0.4988476429,0.3023273575,0.0006518404,0.0004533958,0.0325598366,0.4749154241,1.8362657282,0.4341996552,-0.1442141947,0.5312052316,0.0000388130,0.0001075866,0.0001641410,0.0001473211,-0.2246076752,0.3476433978,2.1076668552,0.4663837861,0.1578522470,0.6157730846,0.5070000000,0.0554166040,0.1022844173,0.0383131568,-0.2377052983,0.3642067815,1.9278946926,0.3815644815,0.0731910078,0.4599815535
