Instance,INF_avg,INF_sd,INF_r1,INF_kr,INF_sk,SUP_avg,SUP_sd,SUP_r1,SUP_kr,SUP_sk,INC_avg,INC_sd,INC_r1,INC_kr,INC_sk,IND_avg,IND_sd,IND_r1,IND_kr,IND_sk
398,0.2545000000,0.0900263850,0.0092546479,2.4782076409,-0.0729882571,0.2335000000,0.0935561329,0.0199745087,2.3588759323,0.2918683617,0.5120000000,0.1072660244,0.0654461644,2.3866838843,0.0032863317,0.2310000000,0.0709859141,-0.1301011441,3.3513327933,0.5845209860
