Instance,INF_avg,INF_sd,INF_r1,INF_kr,INF_sk,SUP_avg,SUP_sd,SUP_r1,SUP_kr,SUP_sk,INC_avg,INC_sd,INC_r1,INC_kr,INC_sk,IND_avg,IND_sd,IND_r1,IND_kr,IND_sk
213,0.2380000000,0.1412657071,-0.0299454351,2.6429014548,0.3512271804,0.2240000000,0.1407977273,-0.0891297485,2.7540252527,0.4510101966,0.5380000000,0.1672004785,-0.0948815727,2.8864960843,0.2220982060,0.3840000000,0.1083697375,0.0333612029,3.0231347772,0.0375644048
