Instance,INF_avg,INF_sd,INF_r1,INF_kr,INF_sk,SUP_avg,SUP_sd,SUP_r1,SUP_kr,SUP_sk,INC_avg,INC_sd,INC_r1,INC_kr,INC_sk,IND_avg,IND_sd,IND_r1,IND_kr,IND_sk
98,0.2640000000,0.0549909083,-0.1686232657,2.0726463425,-0.3533051556,0.2740000000,0.0626418391,0.1067538126,2.2542652913,0.5518485386,0.4620000000,0.0845931439,-0.2122894688,1.9563492944,0.4457861597,0.0900000000,0.0184390889,-0.0909090909,2.1626297578,-0.3828184550
