Instance,FV_avg_avg,FV_avg_sd,FV_sd_avg,FV_sd_sd,FV_r1_avg,FV_r1_sd,FV_kr_avg,FV_kr_sd,FV_sk_avg,FV_sk_sd,FD_avg_avg,FD_avg_sd,FD_sd_avg,FD_sd_sd,FD_r1_avg,FD_r1_sd,FD_kr_avg,FD_kr_sd,FD_sk_avg,FD_sk_sd,IN_avg_avg,IN_avg_sd,IN_sd_avg,IN_sd_sd,IN_r1_avg,IN_r1_sd,IN_kr_avg,IN_kr_sd,IN_sk_avg,IN_sk_sd
272,0.4976763540,0.3029592872,0.0006571335,0.0003788629,0.4546680232,0.3422565837,2.3702929995,0.6809593226,-0.0611708367,0.5076056999,0.0000117304,0.0000823069,0.0000735150,0.0000412269,-0.0754327906,0.3284990022,2.4965489076,0.6815693712,-0.0086152199,0.4511479071,0.5006500000,0.0464438101,0.0504597136,0.0124043259,-0.0541043167,0.2915987164,2.5662570048,0.8337166827,-0.1522464563,0.6466905366
