Instance,FV_avg_avg,FV_avg_sd,FV_sd_avg,FV_sd_sd,FV_r1_avg,FV_r1_sd,FV_kr_avg,FV_kr_sd,FV_sk_avg,FV_sk_sd,FD_avg_avg,FD_avg_sd,FD_sd_avg,FD_sd_sd,FD_r1_avg,FD_r1_sd,FD_kr_avg,FD_kr_sd,FD_sk_avg,FD_sk_sd,IN_avg_avg,IN_avg_sd,IN_sd_avg,IN_sd_sd,IN_r1_avg,IN_r1_sd,IN_kr_avg,IN_kr_sd,IN_sk_avg,IN_sk_sd
67,0.5007462610,0.3041864941,0.0005799970,0.0004487498,0.8917414234,0.0824696686,2.3284637531,0.5535703109,0.0051661959,0.4498807397,0.0000004900,0.0000137546,0.0000221317,0.0000135126,0.0116788952,0.0939305483,2.9829151678,0.6060067874,-0.0685434501,0.3048916825,0.5015300000,0.0231024912,0.0514476382,0.0044016507,0.0144149020,0.1159517218,2.8285323866,0.4919209479,-0.0425082929,0.2584873526
