Instance,FV_avg_avg,FV_avg_sd,FV_sd_avg,FV_sd_sd,FV_r1_avg,FV_r1_sd,FV_kr_avg,FV_kr_sd,FV_sk_avg,FV_sk_sd,FD_avg_avg,FD_avg_sd,FD_sd_avg,FD_sd_sd,FD_r1_avg,FD_r1_sd,FD_kr_avg,FD_kr_sd,FD_sk_avg,FD_sk_sd,IN_avg_avg,IN_avg_sd,IN_sd_avg,IN_sd_sd,IN_r1_avg,IN_r1_sd,IN_kr_avg,IN_kr_sd,IN_sk_avg,IN_sk_sd
472,0.4955873447,0.3018689788,0.0001040622,0.0000788264,0.0373389251,0.3506885144,2.0366228614,0.3897982797,0.2551874991,0.5395147115,0.0000008213,0.0000110983,0.0000129744,0.0000086612,-0.2165900549,0.4342106512,2.0647194797,0.3459790496,0.0636420837,0.5511921323,0.4975000000,0.0292292662,0.0413574206,0.0153611120,-0.1950998913,0.3529868010,2.1204943641,0.4236185813,0.1010195830,0.6575267127
