Instance,INF_avg,INF_sd,INF_r1,INF_kr,INF_sk,SUP_avg,SUP_sd,SUP_r1,SUP_kr,SUP_sk,INC_avg,INC_sd,INC_r1,INC_kr,INC_sk,IND_avg,IND_sd,IND_r1,IND_kr,IND_sk
298,0.2562000000,0.0625424656,0.4594026629,2.7842721091,0.3864747977,0.2392000000,0.0534729838,0.4382477489,2.1110279669,-0.0788563860,0.5046000000,0.0573832728,0.3725123908,2.1828233056,0.1450166774,0.0630000000,0.0183575598,0.2874532391,2.4302494519,-0.1357795718
