Instance,INF_avg,INF_sd,INF_r1,INF_kr,INF_sk,SUP_avg,SUP_sd,SUP_r1,SUP_kr,SUP_sk,INC_avg,INC_sd,INC_r1,INC_kr,INC_sk,IND_avg,IND_sd,IND_r1,IND_kr,IND_sk
193,0.2100000000,0.0652686755,0.4014598540,5.0119024003,1.4501272872,0.2540000000,0.0490306027,0.3028150487,2.0833192599,-0.3844249236,0.5360000000,0.0496386946,0.3299406277,1.9818687806,0.0722101098,0.1080000000,0.0222710575,0.2528735632,2.8792924037,-0.8342955965
