Instance,FV_avg_avg,FV_avg_sd,FV_sd_avg,FV_sd_sd,FV_r1_avg,FV_r1_sd,FV_kr_avg,FV_kr_sd,FV_sk_avg,FV_sk_sd,FD_avg_avg,FD_avg_sd,FD_sd_avg,FD_sd_sd,FD_r1_avg,FD_r1_sd,FD_kr_avg,FD_kr_sd,FD_sk_avg,FD_sk_sd,IN_avg_avg,IN_avg_sd,IN_sd_avg,IN_sd_sd,IN_r1_avg,IN_r1_sd,IN_kr_avg,IN_kr_sd,IN_sk_avg,IN_sk_sd
349,0.4989419093,0.3032412904,0.0001742869,0.0001343438,0.7485624332,0.1994640877,2.4672111052,1.2538479848,0.2177074738,0.5148109907,0.0000012356,0.0000032922,0.0000106160,0.0000067288,-0.0018181687,0.2321811105,2.5276046955,0.4721314149,0.0131219817,0.3556607529,0.5009400000,0.0120587064,0.0517932253,0.0063060142,0.0624137849,0.1728734000,2.5064210025,0.4553539372,-0.1340350209,0.3351665923
