Instance,FV_avg_avg,FV_avg_sd,FV_sd_avg,FV_sd_sd,FV_r1_avg,FV_r1_sd,FV_kr_avg,FV_kr_sd,FV_sk_avg,FV_sk_sd,FD_avg_avg,FD_avg_sd,FD_sd_avg,FD_sd_sd,FD_r1_avg,FD_r1_sd,FD_kr_avg,FD_kr_sd,FD_sk_avg,FD_sk_sd,IN_avg_avg,IN_avg_sd,IN_sd_avg,IN_sd_sd,IN_r1_avg,IN_r1_sd,IN_kr_avg,IN_kr_sd,IN_sk_avg,IN_sk_sd
357,0.4705365786,0.2844430116,0.0178999695,0.0108085328,0.9692056386,0.0152597400,2.0292999248,0.1244926581,0.4945847418,0.1126800967,-0.0007616648,0.0005069793,0.0003837263,0.0002298754,0.8815370153,0.0441883055,2.2034685893,0.2778999870,0.4278492182,0.1574162390,0.2056194377,0.0370510630,0.1454706999,0.0176689728,0.8308088875,0.0654337538,2.5579341837,0.4055267321,0.7009987042,0.2002258035
