Instance,INF_avg,INF_sd,INF_r1,INF_kr,INF_sk,SUP_avg,SUP_sd,SUP_r1,SUP_kr,SUP_sk,INC_avg,INC_sd,INC_r1,INC_kr,INC_sk,IND_avg,IND_sd,IND_r1,IND_kr,IND_sk
89,0.2430000000,0.0888875694,0.1900669815,2.7391734549,0.4040491567,0.2520000000,0.0894203556,0.0188374711,2.2164651610,0.1916293853,0.5050000000,0.1025914226,0.0241816713,2.6008034258,0.2403279077,0.2390000000,0.0743572458,-0.1470023052,2.2039034158,0.0152947594
