Instance,INF_avg,INF_sd,INF_r1,INF_kr,INF_sk,SUP_avg,SUP_sd,SUP_r1,SUP_kr,SUP_sk,INC_avg,INC_sd,INC_r1,INC_kr,INC_sk,IND_avg,IND_sd,IND_r1,IND_kr,IND_sk
172,0.2500000000,0.0524785671,0.5228758170,2.7543814266,-0.6679768179,0.2780000000,0.0436348485,0.1555520391,4.3326146635,0.7122227346,0.4720000000,0.0356370594,0.0056718100,2.9974319549,0.0665502032,0.0354000000,0.0105754433,0.1152361539,3.7290335059,0.5544060886
