Instance,INF_avg,INF_sd,INF_r1,INF_kr,INF_sk,SUP_avg,SUP_sd,SUP_r1,SUP_kr,SUP_sk,INC_avg,INC_sd,INC_r1,INC_kr,INC_sk,IND_avg,IND_sd,IND_r1,IND_kr,IND_sk
467,0.1974000000,0.0452464363,-0.1269573154,2.2664631002,0.3239333498,0.3226000000,0.0526425683,0.0596836307,2.4843472866,-0.3176007631,0.4800000000,0.0511468474,-0.0426045016,2.8466318772,0.2941700676,0.0706000000,0.0185913959,0.0105791385,3.1280516056,0.0618792916
