Instance,FV_avg_avg,FV_avg_sd,FV_sd_avg,FV_sd_sd,FV_r1_avg,FV_r1_sd,FV_kr_avg,FV_kr_sd,FV_sk_avg,FV_sk_sd,FD_avg_avg,FD_avg_sd,FD_sd_avg,FD_sd_sd,FD_r1_avg,FD_r1_sd,FD_kr_avg,FD_kr_sd,FD_sk_avg,FD_sk_sd,IN_avg_avg,IN_avg_sd,IN_sd_avg,IN_sd_sd,IN_r1_avg,IN_r1_sd,IN_kr_avg,IN_kr_sd,IN_sk_avg,IN_sk_sd
127,0.4942776464,0.3004599941,0.0009068218,0.0007287429,0.8629777334,0.1128224973,2.2244833815,0.4953877030,-0.1826673536,0.3540996357,0.0000034058,0.0000148922,0.0000817374,0.0000536280,0.0070425029,0.1293385545,2.6350602669,0.4376821066,-0.0382225387,0.2675708007,0.4986500000,0.0225372469,0.1141243023,0.0096640372,-0.0066211873,0.1454836384,2.6702505154,0.4577581659,0.0694616380,0.2342548297
