Instance,FV_avg_avg,FV_avg_sd,FV_sd_avg,FV_sd_sd,FV_r1_avg,FV_r1_sd,FV_kr_avg,FV_kr_sd,FV_sk_avg,FV_sk_sd,FD_avg_avg,FD_avg_sd,FD_sd_avg,FD_sd_sd,FD_r1_avg,FD_r1_sd,FD_kr_avg,FD_kr_sd,FD_sk_avg,FD_sk_sd,IN_avg_avg,IN_avg_sd,IN_sd_avg,IN_sd_sd,IN_r1_avg,IN_r1_sd,IN_kr_avg,IN_kr_sd,IN_sk_avg,IN_sk_sd
147,0.4806165786,0.2926941586,0.0083070441,0.0055692180,0.9787959991,0.0081932804,1.9412442807,0.1111437774,0.2983577053,0.1338606331,-0.0002734760,0.0001714547,0.0001594570,0.0000989965,0.5546314879,0.1527907454,3.0226296557,0.5799013605,0.3805609369,0.3683065445,0.2764747382,0.0329676378,0.1386605338,0.0124045366,0.4094653685,0.2252242097,3.2006082635,0.8215812124,0.5012620239,0.3086998739
