Instance,FV_avg_avg,FV_avg_sd,FV_sd_avg,FV_sd_sd,FV_r1_avg,FV_r1_sd,FV_kr_avg,FV_kr_sd,FV_sk_avg,FV_sk_sd,FD_avg_avg,FD_avg_sd,FD_sd_avg,FD_sd_sd,FD_r1_avg,FD_r1_sd,FD_kr_avg,FD_kr_sd,FD_sk_avg,FD_sk_sd,IN_avg_avg,IN_avg_sd,IN_sd_avg,IN_sd_sd,IN_r1_avg,IN_r1_sd,IN_kr_avg,IN_kr_sd,IN_sk_avg,IN_sk_sd
415,0.4498438884,0.2798483717,0.0239660265,0.0157771449,0.9829559294,0.0325963420,1.9542417580,0.1746803812,0.3995361031,0.1599990710,-0.0003705673,0.0002506720,0.0001882853,0.0001202892,0.9567864200,0.0777033403,2.0592770496,0.4312682751,0.3198035278,0.4159657222,0.1999997684,0.0755308790,0.1407526045,0.0255260453,0.9144522467,0.1905082630,2.1869213410,0.1969904136,0.6052544475,0.1866850427
