Instance,INF_avg,INF_sd,INF_r1,INF_kr,INF_sk,SUP_avg,SUP_sd,SUP_r1,SUP_kr,SUP_sk,INC_avg,INC_sd,INC_r1,INC_kr,INC_sk,IND_avg,IND_sd,IND_r1,IND_kr,IND_sk
106,0.2560000000,0.1283121195,0.1263728774,2.4186605921,0.1791368020,0.2380000000,0.1309809146,-0.1784225006,2.7167448533,0.5025765173,0.5060000000,0.1573658159,-0.1020585484,2.3988573145,-0.1760243153,0.3670000000,0.1095947079,0.0027591414,2.7102902252,-0.1861020868
