Instance,FV_avg_avg,FV_avg_sd,FV_sd_avg,FV_sd_sd,FV_r1_avg,FV_r1_sd,FV_kr_avg,FV_kr_sd,FV_sk_avg,FV_sk_sd,FD_avg_avg,FD_avg_sd,FD_sd_avg,FD_sd_sd,FD_r1_avg,FD_r1_sd,FD_kr_avg,FD_kr_sd,FD_sk_avg,FD_sk_sd,IN_avg_avg,IN_avg_sd,IN_sd_avg,IN_sd_sd,IN_r1_avg,IN_r1_sd,IN_kr_avg,IN_kr_sd,IN_sk_avg,IN_sk_sd
53,0.4987256116,0.3035235552,0.0002691412,0.0002598324,0.8197835165,0.0947539760,2.2747894528,0.5342759652,0.2016473811,0.4021213597,0.0000007183,0.0000074986,0.0000118830,0.0000071249,0.0126309217,0.1717934876,2.6893991566,0.4807096133,0.0728812976,0.3866632715,0.4971000000,0.0216447222,0.0482202018,0.0059756287,0.0084768574,0.1917624136,3.0484550731,0.8421429659,0.1195931457,0.4906437350
