Instance,FV_avg_avg,FV_avg_sd,FV_sd_avg,FV_sd_sd,FV_r1_avg,FV_r1_sd,FV_kr_avg,FV_kr_sd,FV_sk_avg,FV_sk_sd,FD_avg_avg,FD_avg_sd,FD_sd_avg,FD_sd_sd,FD_r1_avg,FD_r1_sd,FD_kr_avg,FD_kr_sd,FD_sk_avg,FD_sk_sd,IN_avg_avg,IN_avg_sd,IN_sd_avg,IN_sd_sd,IN_r1_avg,IN_r1_sd,IN_kr_avg,IN_kr_sd,IN_sk_avg,IN_sk_sd
196,0.5025146228,0.3042976873,0.0003211356,0.0002364643,0.0947688440,0.4095846589,1.9475834004,0.5192275992,-0.1489308322,0.6055072699,-0.0000080145,0.0000819720,0.0000396872,0.0000303853,-0.2594175529,0.4032300522,2.0935721255,0.4845186501,-0.3811645531,0.5610891355,0.5000000000,0.0591405107,0.0508919341,0.0198093676,-0.2723514775,0.3419577297,2.1282028133,0.4892237773,0.0988996660,0.7108296703
