Instance,INF_avg,INF_sd,INF_r1,INF_kr,INF_sk,SUP_avg,SUP_sd,SUP_r1,SUP_kr,SUP_sk,INC_avg,INC_sd,INC_r1,INC_kr,INC_sk,IND_avg,IND_sd,IND_r1,IND_kr,IND_sk
241,0.5681690141,0.1369672507,0.8545703991,2.4055557884,-0.4906025174,0.0800704225,0.0708051928,0.8397133928,5.7918423648,1.6661175390,0.3517605634,0.0830602979,0.6533131751,2.3655986520,0.1159624911,0.0723239437,0.0198467897,0.0469838377,2.9942147861,0.3416487127
