Instance,FV_avg_avg,FV_avg_sd,FV_sd_avg,FV_sd_sd,FV_r1_avg,FV_r1_sd,FV_kr_avg,FV_kr_sd,FV_sk_avg,FV_sk_sd,FD_avg_avg,FD_avg_sd,FD_sd_avg,FD_sd_sd,FD_r1_avg,FD_r1_sd,FD_kr_avg,FD_kr_sd,FD_sk_avg,FD_sk_sd,IN_avg_avg,IN_avg_sd,IN_sd_avg,IN_sd_sd,IN_r1_avg,IN_r1_sd,IN_kr_avg,IN_kr_sd,IN_sk_avg,IN_sk_sd
29,0.4987670001,0.3032382893,0.0006348335,0.0004522526,0.9328768109,0.0589091760,2.5508519133,0.6956196733,0.0925646169,0.5117334856,0.0000001584,0.0000093019,0.0000543484,0.0000326050,0.0119191427,0.0631901482,2.8492875360,0.2729528444,-0.0438648874,0.1679530017,0.5026500000,0.0162427676,0.1529304763,0.0081498108,0.0463061950,0.0977820772,2.8036405879,0.3053508906,0.0052914586,0.2107404590
