Instance,FV_avg_avg,FV_avg_sd,FV_sd_avg,FV_sd_sd,FV_r1_avg,FV_r1_sd,FV_kr_avg,FV_kr_sd,FV_sk_avg,FV_sk_sd,FD_avg_avg,FD_avg_sd,FD_sd_avg,FD_sd_sd,FD_r1_avg,FD_r1_sd,FD_kr_avg,FD_kr_sd,FD_sk_avg,FD_sk_sd,IN_avg_avg,IN_avg_sd,IN_sd_avg,IN_sd_sd,IN_r1_avg,IN_r1_sd,IN_kr_avg,IN_kr_sd,IN_sk_avg,IN_sk_sd
124,0.4822489155,0.2932316768,0.0088908780,0.0057724877,0.9657685690,0.0837406646,1.8815587968,0.0965302131,0.1891749382,0.1122961302,-0.0001969355,0.0001221377,0.0001878261,0.0001130378,0.2331403089,0.1516821844,2.7868263463,0.4415354477,0.0553295760,0.3403946456,0.3609162273,0.0401437862,0.1707874481,0.0152152679,0.1222622534,0.2462502472,2.8430616618,0.5800852976,0.1794717878,0.4622306950
