Instance,INF_avg,INF_sd,INF_r1,INF_kr,INF_sk,SUP_avg,SUP_sd,SUP_r1,SUP_kr,SUP_sk,INC_avg,INC_sd,INC_r1,INC_kr,INC_sk,IND_avg,IND_sd,IND_r1,IND_kr,IND_sk
499,0.2190000000,0.1230406437,-0.3002262394,2.4220240043,0.2470687496,0.2810000000,0.1622929450,0.1045889201,2.3398887223,0.1399375986,0.5000000000,0.1655294536,0.0879120879,2.4428579040,-0.1058316076,0.3510000000,0.1144508628,-0.0784066996,3.6548822986,0.6758321149
