Instance,FV_avg_avg,FV_avg_sd,FV_sd_avg,FV_sd_sd,FV_r1_avg,FV_r1_sd,FV_kr_avg,FV_kr_sd,FV_sk_avg,FV_sk_sd,FD_avg_avg,FD_avg_sd,FD_sd_avg,FD_sd_sd,FD_r1_avg,FD_r1_sd,FD_kr_avg,FD_kr_sd,FD_sk_avg,FD_sk_sd,IN_avg_avg,IN_avg_sd,IN_sd_avg,IN_sd_sd,IN_r1_avg,IN_r1_sd,IN_kr_avg,IN_kr_sd,IN_sk_avg,IN_sk_sd
280,0.4980158925,0.3016695319,0.0003748007,0.0002283956,0.2002473789,0.3868497665,1.8443548544,0.4816887950,-0.0963428114,0.5499484169,-0.0000100559,0.0000515442,0.0000801509,0.0000618602,-0.1819968749,0.3669973716,2.0969772534,0.4496732123,0.0180085539,0.6459209618,0.5050000000,0.0594558660,0.0869993315,0.0327279134,-0.1995251224,0.3464434547,2.0710774574,0.4039583364,0.1064402488,0.6060996429
