Instance,INF_avg,INF_sd,INF_r1,INF_kr,INF_sk,SUP_avg,SUP_sd,SUP_r1,SUP_kr,SUP_sk,INC_avg,INC_sd,INC_r1,INC_kr,INC_sk,IND_avg,IND_sd,IND_r1,IND_kr,IND_sk
133,0.2292500000,0.0421270400,0.4047360341,3.9764202253,0.6457425538,0.2698000000,0.0454528327,0.4998708590,2.9392638833,0.1478863872,0.5009500000,0.0419922314,0.2713234283,3.0315763265,-0.1239774820,0.0410500000,0.0104951179,-0.0761833907,2.9375524582,0.2341048225
