Instance,INF_avg,INF_sd,INF_r1,INF_kr,INF_sk,SUP_avg,SUP_sd,SUP_r1,SUP_kr,SUP_sk,INC_avg,INC_sd,INC_r1,INC_kr,INC_sk,IND_avg,IND_sd,IND_r1,IND_kr,IND_sk
174,0.2840000000,0.0334365070,0.0332807910,2.9972750343,0.2728584869,0.2454000000,0.0312704333,0.4591853131,2.9642653968,-0.3215919636,0.4706000000,0.0374518357,-0.2001339190,2.9249507498,0.3045800976,0.0308000000,0.0099679486,-0.3732906298,2.8307953511,0.7481951691
