Instance,INF_avg,INF_sd,INF_r1,INF_kr,INF_sk,SUP_avg,SUP_sd,SUP_r1,SUP_kr,SUP_sk,INC_avg,INC_sd,INC_r1,INC_kr,INC_sk,IND_avg,IND_sd,IND_r1,IND_kr,IND_sk
124,0.2464000000,0.0656585105,0.0428273316,2.6994750879,0.0752001478,0.2534000000,0.0718918632,0.2198409935,3.5869764388,0.6075392206,0.5002000000,0.0793218759,0.0171825279,2.9912580277,0.1580172010,0.1110000000,0.0380919939,-0.0604127735,5.0860757642,1.1084558708
