Instance,FV_avg_avg,FV_avg_sd,FV_sd_avg,FV_sd_sd,FV_r1_avg,FV_r1_sd,FV_kr_avg,FV_kr_sd,FV_sk_avg,FV_sk_sd,FD_avg_avg,FD_avg_sd,FD_sd_avg,FD_sd_sd,FD_r1_avg,FD_r1_sd,FD_kr_avg,FD_kr_sd,FD_sk_avg,FD_sk_sd,IN_avg_avg,IN_avg_sd,IN_sd_avg,IN_sd_sd,IN_r1_avg,IN_r1_sd,IN_kr_avg,IN_kr_sd,IN_sk_avg,IN_sk_sd
68,0.5003024292,0.3033461612,0.0004962225,0.0004820988,0.8093398621,0.1259857803,2.3430681248,0.6439426555,0.0592990055,0.3718811164,0.0000009937,0.0000191045,0.0000746120,0.0000461949,-0.0034950175,0.2375569668,3.1644396045,1.3783274771,0.0375432877,0.6942840695,0.5000000000,0.0294210809,0.1605749596,0.0197505023,-0.0197497104,0.2224163336,2.5253267527,0.4717062546,-0.0503403601,0.3798886719
