Instance,FV_avg_avg,FV_avg_sd,FV_sd_avg,FV_sd_sd,FV_r1_avg,FV_r1_sd,FV_kr_avg,FV_kr_sd,FV_sk_avg,FV_sk_sd,FD_avg_avg,FD_avg_sd,FD_sd_avg,FD_sd_sd,FD_r1_avg,FD_r1_sd,FD_kr_avg,FD_kr_sd,FD_sk_avg,FD_sk_sd,IN_avg_avg,IN_avg_sd,IN_sd_avg,IN_sd_sd,IN_r1_avg,IN_r1_sd,IN_kr_avg,IN_kr_sd,IN_sk_avg,IN_sk_sd
141,0.5013527866,0.3037103733,0.0005836176,0.0004272534,0.0802828979,0.4162928858,1.9326790086,0.5288120427,-0.1808636797,0.6149673571,0.0000051159,0.0000681477,0.0000500258,0.0000342372,-0.3954071883,0.2858444847,2.2281829350,0.5696578174,-0.1383754258,0.7834940125,0.5136500000,0.0422472188,0.0323261236,0.0106123387,-0.3339194643,0.3632448199,1.8306980993,0.4009854398,-0.1057491961,0.4739842254
