Instance,INF_avg,INF_sd,INF_r1,INF_kr,INF_sk,SUP_avg,SUP_sd,SUP_r1,SUP_kr,SUP_sk,INC_avg,INC_sd,INC_r1,INC_kr,INC_sk,IND_avg,IND_sd,IND_r1,IND_kr,IND_sk
295,0.2558823529,0.0783700741,-0.0106776302,2.0943344574,-0.0117345233,0.2313725490,0.1120052451,0.0501609952,2.3214975267,0.1878051827,0.5127450980,0.1051810471,0.0882178732,2.3007507543,-0.4895717692,0.2343137255,0.0652973561,0.2252278963,3.2266139976,0.3824103517
