Instance,FV_avg_avg,FV_avg_sd,FV_sd_avg,FV_sd_sd,FV_r1_avg,FV_r1_sd,FV_kr_avg,FV_kr_sd,FV_sk_avg,FV_sk_sd,FD_avg_avg,FD_avg_sd,FD_sd_avg,FD_sd_sd,FD_r1_avg,FD_r1_sd,FD_kr_avg,FD_kr_sd,FD_sk_avg,FD_sk_sd,IN_avg_avg,IN_avg_sd,IN_sd_avg,IN_sd_sd,IN_r1_avg,IN_r1_sd,IN_kr_avg,IN_kr_sd,IN_sk_avg,IN_sk_sd
39,0.4961193781,0.3025669998,0.0002457328,0.0001934324,0.5183135946,0.1954130704,2.2608229389,0.5807592663,-0.0855193068,0.6056510760,0.0000015909,0.0000129930,0.0000156268,0.0000105322,-0.0938244124,0.3016111972,2.6638032802,0.7483483553,0.2888480568,0.5333299793,0.5042750000,0.0181076469,0.0356186443,0.0053642036,-0.0845061098,0.3416871131,2.6619660195,0.8510878932,0.1961628509,0.5936621418
