Instance,INF_avg,INF_sd,INF_r1,INF_kr,INF_sk,SUP_avg,SUP_sd,SUP_r1,SUP_kr,SUP_sk,INC_avg,INC_sd,INC_r1,INC_kr,INC_sk,IND_avg,IND_sd,IND_r1,IND_kr,IND_sk
27,0.2150000000,0.0300000000,0.2621951220,1.5314814815,-0.3888888889,0.3150000000,0.0460434577,0.6428571429,2.1511213955,0.7376132424,0.4700000000,0.0611555394,0.8477011494,1.8380923103,-0.5233433946,0.0260000000,0.0058309519,-0.7415730337,1.6280276817,0.3631734744
