Instance,INF_avg,INF_sd,INF_r1,INF_kr,INF_sk,SUP_avg,SUP_sd,SUP_r1,SUP_kr,SUP_sk,INC_avg,INC_sd,INC_r1,INC_kr,INC_sk,IND_avg,IND_sd,IND_r1,IND_kr,IND_sk
423,0.3140000000,0.0332264955,0.0449210846,1.6451638311,0.2532028540,0.2140000000,0.0149666295,0.5953237410,1.9904336735,0.1932871482,0.4720000000,0.0302654919,-0.3322965267,1.6156633169,0.1549605190,0.0710000000,0.0104403065,-0.4344685243,1.7554919620,0.3268911726
