Instance,FV_avg_avg,FV_avg_sd,FV_sd_avg,FV_sd_sd,FV_r1_avg,FV_r1_sd,FV_kr_avg,FV_kr_sd,FV_sk_avg,FV_sk_sd,FD_avg_avg,FD_avg_sd,FD_sd_avg,FD_sd_sd,FD_r1_avg,FD_r1_sd,FD_kr_avg,FD_kr_sd,FD_sk_avg,FD_sk_sd,IN_avg_avg,IN_avg_sd,IN_sd_avg,IN_sd_sd,IN_r1_avg,IN_r1_sd,IN_kr_avg,IN_kr_sd,IN_sk_avg,IN_sk_sd
203,0.4916579661,0.2983971275,0.0026380090,0.0023040436,0.7844982797,0.1800502945,2.3531902667,0.6112935732,0.1146308291,0.4599113387,0.0000448474,0.0001953167,0.0001140387,0.0000812198,0.2510293621,0.2388681779,2.8856960700,0.7240050842,0.0358186833,0.4618059222,0.5113700000,0.0475948432,0.0423550948,0.0090027741,0.1820381906,0.2874104833,2.8339178888,0.7831122348,0.0796336325,0.3882417126
