Instance,INF_avg,INF_sd,INF_r1,INF_kr,INF_sk,SUP_avg,SUP_sd,SUP_r1,SUP_kr,SUP_sk,INC_avg,INC_sd,INC_r1,INC_kr,INC_sk,IND_avg,IND_sd,IND_r1,IND_kr,IND_sk
491,0.2192000000,0.0804944719,0.2865393046,1.9816637582,0.3605215542,0.3088000000,0.0823805802,0.4947298885,2.6040600395,-0.3085183237,0.4720000000,0.0606630036,-0.1603227504,3.8275614367,0.0309622135,0.1072000000,0.0387318990,0.3534039490,3.0366712192,0.6420085833
