Instance,INF_avg,INF_sd,INF_r1,INF_kr,INF_sk,SUP_avg,SUP_sd,SUP_r1,SUP_kr,SUP_sk,INC_avg,INC_sd,INC_r1,INC_kr,INC_sk,IND_avg,IND_sd,IND_r1,IND_kr,IND_sk
341,0.3240000000,0.0366606056,-0.2986330179,1.6316964286,-0.0769607738,0.1800000000,0.0296647939,0.0571428571,1.2913223140,-0.2758090346,0.4960000000,0.0149666295,-0.9117647059,1.8469387755,0.3436215967,0.0840000000,0.0120000000,-1.0258620690,1.3981481481,-0.1111111111
