Instance,FV_avg_avg,FV_avg_sd,FV_sd_avg,FV_sd_sd,FV_r1_avg,FV_r1_sd,FV_kr_avg,FV_kr_sd,FV_sk_avg,FV_sk_sd,FD_avg_avg,FD_avg_sd,FD_sd_avg,FD_sd_sd,FD_r1_avg,FD_r1_sd,FD_kr_avg,FD_kr_sd,FD_sk_avg,FD_sk_sd,IN_avg_avg,IN_avg_sd,IN_sd_avg,IN_sd_sd,IN_r1_avg,IN_r1_sd,IN_kr_avg,IN_kr_sd,IN_sk_avg,IN_sk_sd
327,0.4988985994,0.3032958315,0.0000819051,0.0000888776,0.1123287559,0.4169697229,1.7809412701,0.4754831689,0.2098695165,0.3903083634,0.0000028120,0.0000142136,0.0000201850,0.0000126781,-0.1821816248,0.2857626954,2.0019004824,0.5151080670,0.1829207464,0.5870156065,0.5105000000,0.0601227910,0.0892251482,0.0329980745,-0.1387569234,0.3654487689,1.9351143158,0.3969856579,-0.2065646144,0.4918011232
