Instance,INF_avg,INF_sd,INF_r1,INF_kr,INF_sk,SUP_avg,SUP_sd,SUP_r1,SUP_kr,SUP_sk,INC_avg,INC_sd,INC_r1,INC_kr,INC_sk,IND_avg,IND_sd,IND_r1,IND_kr,IND_sk
481,0.2430000000,0.0943451112,0.0378025487,2.1465835837,0.0771214990,0.2700000000,0.1135781669,-0.0456096804,2.3765999639,0.3808462060,0.4870000000,0.1080786750,-0.0850594011,2.4952421717,-0.0195997202,0.2310000000,0.0823953882,0.0200682559,2.3736103352,0.2437188347
