Instance,INF_avg,INF_sd,INF_r1,INF_kr,INF_sk,SUP_avg,SUP_sd,SUP_r1,SUP_kr,SUP_sk,INC_avg,INC_sd,INC_r1,INC_kr,INC_sk,IND_avg,IND_sd,IND_r1,IND_kr,IND_sk
481,0.1880000000,0.1274990196,-0.1114225346,1.7929002108,-0.1220945007,0.3040000000,0.1427725464,-0.0416000512,2.1484034019,-0.4001930284,0.5080000000,0.1230284520,-0.0250421695,2.1108148698,-0.0235082011,0.3640000000,0.1438888460,-0.0586090858,2.4682591631,-0.2407834916
