Instance,INF_avg,INF_sd,INF_r1,INF_kr,INF_sk,SUP_avg,SUP_sd,SUP_r1,SUP_kr,SUP_sk,INC_avg,INC_sd,INC_r1,INC_kr,INC_sk,IND_avg,IND_sd,IND_r1,IND_kr,IND_sk
260,0.2576000000,0.0687767403,0.0160767006,3.2591666180,0.4057152863,0.2660000000,0.0563205114,-0.0476163785,2.8847386256,-0.4954529129,0.4764000000,0.0634589631,-0.1213540516,2.7242702804,0.3713481743,0.1084000000,0.0364614865,0.0567674436,4.8991396242,0.9503242457
