Instance,FV_avg_avg,FV_avg_sd,FV_sd_avg,FV_sd_sd,FV_r1_avg,FV_r1_sd,FV_kr_avg,FV_kr_sd,FV_sk_avg,FV_sk_sd,FD_avg_avg,FD_avg_sd,FD_sd_avg,FD_sd_sd,FD_r1_avg,FD_r1_sd,FD_kr_avg,FD_kr_sd,FD_sk_avg,FD_sk_sd,IN_avg_avg,IN_avg_sd,IN_sd_avg,IN_sd_sd,IN_r1_avg,IN_r1_sd,IN_kr_avg,IN_kr_sd,IN_sk_avg,IN_sk_sd
310,0.4934890883,0.2995164269,0.0009482649,0.0007479722,0.7959411716,0.1360247701,2.5591480137,0.6658215598,-0.0205468317,0.5619658576,-0.0000001547,0.0000436149,0.0000367813,0.0000234630,0.0115687743,0.1972283376,2.7562020205,0.6890240002,0.0009270854,0.3609486713,0.4983000000,0.0218141697,0.0351129997,0.0045966567,-0.0391263717,0.2232960680,2.6641332847,0.3455362043,0.0003623814,0.3027400750
