Instance,FV_avg_avg,FV_avg_sd,FV_sd_avg,FV_sd_sd,FV_r1_avg,FV_r1_sd,FV_kr_avg,FV_kr_sd,FV_sk_avg,FV_sk_sd,FD_avg_avg,FD_avg_sd,FD_sd_avg,FD_sd_sd,FD_r1_avg,FD_r1_sd,FD_kr_avg,FD_kr_sd,FD_sk_avg,FD_sk_sd,IN_avg_avg,IN_avg_sd,IN_sd_avg,IN_sd_sd,IN_r1_avg,IN_r1_sd,IN_kr_avg,IN_kr_sd,IN_sk_avg,IN_sk_sd
131,0.4983007117,0.3027978271,0.0003833107,0.0002774071,0.5511035998,0.2811333766,2.1729775751,0.5869081038,-0.1340339618,0.5309953852,0.0000050723,0.0000348075,0.0000662940,0.0000454859,-0.0781373866,0.3347957580,2.2646616271,0.3823651608,0.0768935319,0.3574326785,0.5050000000,0.0379802580,0.1104611172,0.0270340820,-0.1008042470,0.3421243942,2.5991531659,0.7877681799,0.0563567604,0.5683711372
