Instance,FV_avg_avg,FV_avg_sd,FV_sd_avg,FV_sd_sd,FV_r1_avg,FV_r1_sd,FV_kr_avg,FV_kr_sd,FV_sk_avg,FV_sk_sd,FD_avg_avg,FD_avg_sd,FD_sd_avg,FD_sd_sd,FD_r1_avg,FD_r1_sd,FD_kr_avg,FD_kr_sd,FD_sk_avg,FD_sk_sd,IN_avg_avg,IN_avg_sd,IN_sd_avg,IN_sd_sd,IN_r1_avg,IN_r1_sd,IN_kr_avg,IN_kr_sd,IN_sk_avg,IN_sk_sd
173,0.4994426232,0.3042176127,0.0002138433,0.0002368484,-0.1853176661,0.4775736309,1.9866443717,0.4517677170,0.0300866501,0.5961119031,0.0000047829,0.0000202223,0.0000224066,0.0000151446,-0.2644855009,0.4229973417,1.9008667579,0.4284338605,-0.0722973971,0.5153869795,0.5029000000,0.0269924063,0.0418046434,0.0131290439,-0.2497680280,0.4427891424,2.1180013796,0.6318001045,0.0385603901,0.7654927895
