Instance,FV_avg_avg,FV_avg_sd,FV_sd_avg,FV_sd_sd,FV_r1_avg,FV_r1_sd,FV_kr_avg,FV_kr_sd,FV_sk_avg,FV_sk_sd,FD_avg_avg,FD_avg_sd,FD_sd_avg,FD_sd_sd,FD_r1_avg,FD_r1_sd,FD_kr_avg,FD_kr_sd,FD_sk_avg,FD_sk_sd,IN_avg_avg,IN_avg_sd,IN_sd_avg,IN_sd_sd,IN_r1_avg,IN_r1_sd,IN_kr_avg,IN_kr_sd,IN_sk_avg,IN_sk_sd
298,0.4928449820,0.3001637055,0.0021625896,0.0015741634,0.8740773926,0.0792393263,2.6955537541,0.7287480881,0.2173715514,0.5604744999,-0.0000078018,0.0000920526,0.0000993854,0.0000678105,0.3638381689,0.1705266871,2.4700567902,0.3291532018,-0.0084134097,0.2159800058,0.4916600000,0.0410300061,0.0439777683,0.0060612619,0.2936072743,0.1740097161,2.7798534337,0.5698251918,-0.0785264673,0.3321093837
