Instance,FV_avg_avg,FV_avg_sd,FV_sd_avg,FV_sd_sd,FV_r1_avg,FV_r1_sd,FV_kr_avg,FV_kr_sd,FV_sk_avg,FV_sk_sd,FD_avg_avg,FD_avg_sd,FD_sd_avg,FD_sd_sd,FD_r1_avg,FD_r1_sd,FD_kr_avg,FD_kr_sd,FD_sk_avg,FD_sk_sd,IN_avg_avg,IN_avg_sd,IN_sd_avg,IN_sd_sd,IN_r1_avg,IN_r1_sd,IN_kr_avg,IN_kr_sd,IN_sk_avg,IN_sk_sd
240,0.4992977239,0.3025672300,0.0020666358,0.0016352805,0.8985870214,0.0775306445,2.2553273060,0.5274215129,0.1025938466,0.4046007684,-0.0000193823,0.0000799132,0.0001054571,0.0000648865,0.0414014555,0.1351481848,2.7122668336,0.4792054790,-0.0331548131,0.3215041189,0.4869200000,0.0401519315,0.0682897671,0.0074594710,0.0275625878,0.1186810775,2.8145395435,0.8051932290,-0.0212147835,0.4122729904
