Instance,INF_avg,INF_sd,INF_r1,INF_kr,INF_sk,SUP_avg,SUP_sd,SUP_r1,SUP_kr,SUP_sk,INC_avg,INC_sd,INC_r1,INC_kr,INC_sk,IND_avg,IND_sd,IND_r1,IND_kr,IND_sk
182,0.2777777778,0.1169309177,-0.4190461249,4.4227333642,1.1937918054,0.1722222222,0.0785674201,-0.0197044335,2.5809000000,-0.5847773080,0.5500000000,0.0986013297,-0.5072463768,2.3289795918,-0.1303952279,0.2416666667,0.0583333333,-0.3484676504,3.9321116202,0.7463556851
