Instance,FV_avg_avg,FV_avg_sd,FV_sd_avg,FV_sd_sd,FV_r1_avg,FV_r1_sd,FV_kr_avg,FV_kr_sd,FV_sk_avg,FV_sk_sd,FD_avg_avg,FD_avg_sd,FD_sd_avg,FD_sd_sd,FD_r1_avg,FD_r1_sd,FD_kr_avg,FD_kr_sd,FD_sk_avg,FD_sk_sd,IN_avg_avg,IN_avg_sd,IN_sd_avg,IN_sd_sd,IN_r1_avg,IN_r1_sd,IN_kr_avg,IN_kr_sd,IN_sk_avg,IN_sk_sd
160,0.4961448257,0.3017447780,0.0005243332,0.0003754071,0.8721517811,0.1244447491,2.3634445900,0.6243389740,-0.0344413957,0.4317978550,-0.0000056254,0.0000185065,0.0000753873,0.0000460911,0.0183794675,0.1052863717,2.8066805130,0.5057565602,-0.0412113818,0.2552860531,0.4919000000,0.0346379849,0.1584702276,0.0158677965,0.0116843060,0.1506025295,2.7992365242,0.4433403065,-0.0231871534,0.2734971722
