Instance,FV_avg_avg,FV_avg_sd,FV_sd_avg,FV_sd_sd,FV_r1_avg,FV_r1_sd,FV_kr_avg,FV_kr_sd,FV_sk_avg,FV_sk_sd,FD_avg_avg,FD_avg_sd,FD_sd_avg,FD_sd_sd,FD_r1_avg,FD_r1_sd,FD_kr_avg,FD_kr_sd,FD_sk_avg,FD_sk_sd,IN_avg_avg,IN_avg_sd,IN_sd_avg,IN_sd_sd,IN_r1_avg,IN_r1_sd,IN_kr_avg,IN_kr_sd,IN_sk_avg,IN_sk_sd
483,0.5005973664,0.3039198467,0.0000816542,0.0000818685,0.0323791629,0.4224264153,1.9252570747,0.4581439327,-0.0263096985,0.5050990650,-0.0000020630,0.0000129032,0.0000150149,0.0000102731,-0.2025517412,0.3364006031,2.0113545126,0.5944412111,0.3325378203,0.6065821652,0.5014000000,0.0457344509,0.0548173313,0.0155389895,-0.2369851833,0.4600263717,2.0430970298,0.5718521093,-0.0279433383,0.6973639492
