Instance,INF_avg,INF_sd,INF_r1,INF_kr,INF_sk,SUP_avg,SUP_sd,SUP_r1,SUP_kr,SUP_sk,INC_avg,INC_sd,INC_r1,INC_kr,INC_sk,IND_avg,IND_sd,IND_r1,IND_kr,IND_sk
27,0.2460000000,0.0971287805,0.2806895173,2.7931509847,0.1618137184,0.2215000000,0.0967613042,0.1290417012,2.5592154803,0.0357792174,0.5325000000,0.1005919977,0.0774792267,2.5075869052,0.0789335798,0.2360000000,0.0656048779,-0.0170028711,3.0077467489,-0.1380773882
