Instance,INF_avg,INF_sd,INF_r1,INF_kr,INF_sk,SUP_avg,SUP_sd,SUP_r1,SUP_kr,SUP_sk,INC_avg,INC_sd,INC_r1,INC_kr,INC_sk,IND_avg,IND_sd,IND_r1,IND_kr,IND_sk
24,0.2440000000,0.0598665182,-0.2258237822,2.9721779337,-0.0411630038,0.2520000000,0.0574108004,-0.0833657209,2.4291167876,0.2617822102,0.5040000000,0.0582408791,-0.2500000000,2.2445710217,-0.2857358901,0.1064000000,0.0369735040,-0.3217600874,2.6120597147,0.4378477094
